model,class,window,validation_FPR_target,threshold,positives,negatives,TP,FP,recall,FPR
global_raw,benign,full_test,0.001,0.9854108095169067,2652203,390270,1534309,302,0.5785036062473348,0.0007738232505701181
global_raw,benign,time_quartile_1,0.001,0.9854108095169067,420631,339986,228933,0,0.5442608842429588,0.0
global_raw,benign,time_quartile_2,0.001,0.9854108095169067,752591,8028,440212,302,0.5849285999965452,0.03761833582461385
global_raw,benign,time_quartile_3,0.001,0.9854108095169067,759904,714,431191,0,0.5674282540952541,0.0
global_raw,benign,time_quartile_4,0.001,0.9854108095169067,719077,41542,433973,0,0.6035139491320123,0.0
global_raw,benign,full_test,0.01,0.8613750338554382,2652203,390270,2364833,2885,0.8916485653624553,0.007392318138724473
global_raw,benign,time_quartile_1,0.01,0.8613750338554382,420631,339986,379404,1,0.9019877279610871,2.9412975828416463e-06
global_raw,benign,time_quartile_2,0.01,0.8613750338554382,752591,8028,671285,2699,0.8919652241390078,0.33619830592924765
global_raw,benign,time_quartile_3,0.01,0.8613750338554382,759904,714,676466,185,0.8901992883311576,0.25910364145658266
global_raw,benign,time_quartile_4,0.01,0.8613750338554382,719077,41542,637678,0,0.8868007181428414,0.0
global_raw,bot,full_test,0.001,0.007707914337515831,41542,3000931,41542,10678,1.0,0.0035582290962371346
global_raw,bot,time_quartile_1,0.001,0.007707914337515831,0,760617,0,10037,,0.01319586598774416
global_raw,bot,time_quartile_2,0.001,0.007707914337515831,0,760619,0,204,,0.00026820260866478485
global_raw,bot,time_quartile_3,0.001,0.007707914337515831,0,760618,0,103,,0.00013541620103652555
global_raw,bot,time_quartile_4,0.001,0.007707914337515831,41542,719077,41542,334,1.0,0.000464484331997825
global_raw,bot,full_test,0.01,0.004519665613770485,41542,3000931,41542,39311,1.0,0.013099601423691515
global_raw,bot,time_quartile_1,0.01,0.004519665613770485,0,760617,0,38494,,0.050608913553075986
global_raw,bot,time_quartile_2,0.01,0.004519665613770485,0,760619,0,272,,0.00035760347821971314
global_raw,bot,time_quartile_3,0.01,0.004519665613770485,0,760618,0,140,,0.00018406085577780173
global_raw,bot,time_quartile_4,0.01,0.004519665613770485,41542,719077,41542,405,1.0,0.00056322201933868
global_raw,brute_force,full_test,0.001,0.00024307305284310132,37696,3004777,37696,4568,1.0,0.001520245928400011
global_raw,brute_force,time_quartile_1,0.001,0.00024307305284310132,37696,722921,37696,519,1.0,0.0007179207686593694
global_raw,brute_force,time_quartile_2,0.001,0.00024307305284310132,0,760619,0,361,,0.0004746134398430752
global_raw,brute_force,time_quartile_3,0.001,0.00024307305284310132,0,760618,0,361,,0.0004746140638270459
global_raw,brute_force,time_quartile_4,0.001,0.00024307305284310132,0,760619,0,3327,,0.004374069014841859
global_raw,brute_force,full_test,0.01,6.554932042490691e-05,37696,3004777,37696,37676,1.0,0.012538700875306221
global_raw,brute_force,time_quartile_1,0.01,6.554932042490691e-05,37696,722921,37696,32592,1.0,0.045083764339395316
global_raw,brute_force,time_quartile_2,0.01,6.554932042490691e-05,0,760619,0,676,,0.0008887498208695812
global_raw,brute_force,time_quartile_3,0.01,6.554932042490691e-05,0,760618,0,694,,0.0009124159564985315
global_raw,brute_force,time_quartile_4,0.01,6.554932042490691e-05,0,760619,0,3714,,0.004882865140102995
global_raw,ddos,full_test,0.001,0.0008653695113025606,262680,2779793,262680,4768,1.0,0.0017152356308545278
global_raw,ddos,time_quartile_1,0.001,0.0008653695113025606,262680,497937,262680,646,1.0,0.0012973528779745228
global_raw,ddos,time_quartile_2,0.001,0.0008653695113025606,0,760619,0,424,,0.0005574407160483764
global_raw,ddos,time_quartile_3,0.001,0.0008653695113025606,0,760618,0,342,,0.00044963437625720136
global_raw,ddos,time_quartile_4,0.001,0.0008653695113025606,0,760619,0,3356,,0.0044121958562696965
global_raw,ddos,full_test,0.01,9.432059596292675e-05,262680,2779793,262680,15488,1.0,0.005571637888144908
global_raw,ddos,time_quartile_1,0.01,9.432059596292675e-05,262680,497937,262680,3480,1.0,0.006988835937076377
global_raw,ddos,time_quartile_2,0.01,9.432059596292675e-05,0,760619,0,1165,,0.0015316472504631096
global_raw,ddos,time_quartile_3,0.01,9.432059596292675e-05,0,760618,0,1482,,0.0019484156304478727
global_raw,ddos,time_quartile_4,0.01,9.432059596292675e-05,0,760619,0,9361,,0.012307081469171819
global_raw,dos,full_test,0.001,0.002057695761322975,39483,3002990,39483,16290,1.0,0.005424593488489805
global_raw,dos,time_quartile_1,0.001,0.002057695761322975,39483,721134,39483,11822,1.0,0.016393624485879183
global_raw,dos,time_quartile_2,0.001,0.002057695761322975,0,760619,0,380,,0.0004995930945716581
global_raw,dos,time_quartile_3,0.001,0.002057695761322975,0,760618,0,649,,0.0008532535385699523
global_raw,dos,time_quartile_4,0.001,0.002057695761322975,0,760619,0,3439,,0.004521317505873506
global_raw,dos,full_test,0.01,0.0007066716789267957,39483,3002990,39483,49761,1.0,0.01657048475019897
global_raw,dos,time_quartile_1,0.01,0.0007066716789267957,39483,721134,39483,44568,1.0,0.06180266080922547
global_raw,dos,time_quartile_2,0.01,0.0007066716789267957,0,760619,0,597,,0.0007848870459454734
global_raw,dos,time_quartile_3,0.01,0.0007066716789267957,0,760618,0,919,,0.001208228046141427
global_raw,dos,time_quartile_4,0.01,0.0007066716789267957,0,760619,0,3677,,0.0048342205493157545
global_raw,infiltration,full_test,0.001,0.9979010820388794,8742,3033731,869,48,0.09940517044154655,1.58221015640477e-05
global_raw,infiltration,time_quartile_1,0.001,0.9979010820388794,0,760617,0,35,,4.6015274441670384e-05
global_raw,infiltration,time_quartile_2,0.001,0.9979010820388794,8028,752591,869,7,0.10824613851519681,9.301200785021347e-06
global_raw,infiltration,time_quartile_3,0.001,0.9979010820388794,714,759904,0,2,0.0,2.6319113993346527e-06
global_raw,infiltration,time_quartile_4,0.001,0.9979010820388794,0,760619,0,4,,5.258874679701664e-06
global_raw,infiltration,full_test,0.01,0.4508017897605896,8742,3033731,2947,15293,0.33710821322351864,0.005040987483728781
global_raw,infiltration,time_quartile_1,0.01,0.4508017897605896,0,760617,0,2258,,0.002968642562551192
global_raw,infiltration,time_quartile_2,0.01,0.4508017897605896,8028,752591,2855,4453,0.35563029397110113,0.005916892442242865
global_raw,infiltration,time_quartile_3,0.01,0.4508017897605896,714,759904,92,4975,0.12885154061624648,0.006546879605844949
global_raw,infiltration,time_quartile_4,0.01,0.4508017897605896,0,760619,0,3607,,0.004742190242420976
global_raw,web_attacks,full_test,0.001,0.5574499368667603,127,3042346,105,315,0.8267716535433071,0.00010353851928741833
global_raw,web_attacks,time_quartile_1,0.001,0.5574499368667603,127,760490,105,97,0.8267716535433071,0.00012754934318662966
global_raw,web_attacks,time_quartile_2,0.001,0.5574499368667603,0,760619,0,166,,0.00021824329920761907
global_raw,web_attacks,time_quartile_3,0.001,0.5574499368667603,0,760618,0,25,,3.2868009960321736e-05
global_raw,web_attacks,time_quartile_4,0.001,0.5574499368667603,0,760619,0,27,,3.549740408798623e-05
global_raw,web_attacks,full_test,0.01,0.005107160657644272,127,3042346,127,29682,1.0,0.009756286760283018
global_raw,web_attacks,time_quartile_1,0.01,0.005107160657644272,127,760490,127,15703,1.0,0.020648529237728308
global_raw,web_attacks,time_quartile_2,0.01,0.005107160657644272,0,760619,0,3985,,0.005239153899652783
global_raw,web_attacks,time_quartile_3,0.01,0.005107160657644272,0,760618,0,3819,,0.005020917201538749
global_raw,web_attacks,time_quartile_4,0.01,0.005107160657644272,0,760619,0,6175,,0.008118387786789444
global_calibrated,benign,full_test,0.001,0.9661617875099182,2652203,390270,1532346,304,0.5777634668236179,0.0007789479078586619
global_calibrated,benign,time_quartile_1,0.001,0.9661617875099182,420631,339986,228625,0,0.543528651002898,0.0
global_calibrated,benign,time_quartile_2,0.001,0.9661617875099182,752591,8028,439595,304,0.5841087655844941,0.037867463876432486
global_calibrated,benign,time_quartile_3,0.001,0.9661617875099182,759904,714,430628,0,0.5666873710363415,0.0
global_calibrated,benign,time_quartile_4,0.001,0.9661617875099182,719077,41542,433498,0,0.6028533800969854,0.0
global_calibrated,benign,full_test,0.01,0.8112075924873352,2652203,390270,2364028,2891,0.8913450441010737,0.007407692110590104
global_calibrated,benign,time_quartile_1,0.01,0.8112075924873352,420631,339986,379254,1,0.9016311208636548,2.9412975828416463e-06
global_calibrated,benign,time_quartile_2,0.01,0.8112075924873352,752591,8028,671258,2705,0.891929348078837,0.33694569008470354
global_calibrated,benign,time_quartile_3,0.01,0.8112075924873352,759904,714,676199,185,0.8898479281593464,0.25910364145658266
global_calibrated,benign,time_quartile_4,0.01,0.8112075924873352,719077,41542,637317,0,0.886298685676221,0.0
global_calibrated,bot,full_test,0.001,0.0182636808604002,41542,3000931,41542,9504,1.0,0.0031670171690052185
global_calibrated,bot,time_quartile_1,0.001,0.0182636808604002,0,760617,0,8882,,0.011677361931169038
global_calibrated,bot,time_quartile_2,0.001,0.0182636808604002,0,760619,0,198,,0.00026031429664523235
global_calibrated,bot,time_quartile_3,0.001,0.0182636808604002,0,760618,0,100,,0.00013147203984128694
global_calibrated,bot,time_quartile_4,0.001,0.0182636808604002,41542,719077,41542,324,1.0,0.000450577615470944
global_calibrated,bot,full_test,0.01,0.012649906799197197,41542,3000931,41542,38812,1.0,0.0129333196931219
global_calibrated,bot,time_quartile_1,0.01,0.012649906799197197,0,760617,0,38028,,0.04999625304193832
global_calibrated,bot,time_quartile_2,0.01,0.012649906799197197,0,760619,0,264,,0.00034708572886030985
global_calibrated,bot,time_quartile_3,0.01,0.012649906799197197,0,760618,0,129,,0.00016959893139526018
global_calibrated,bot,time_quartile_4,0.01,0.012649906799197197,41542,719077,41542,391,1.0,0.0005437526162010467
global_calibrated,brute_force,full_test,0.001,0.0011595486430451274,37696,3004777,37696,4562,1.0,0.0015182491080036888
global_calibrated,brute_force,time_quartile_1,0.001,0.0011595486430451274,37696,722921,37696,521,1.0,0.0007206873226811781
global_calibrated,brute_force,time_quartile_2,0.001,0.0011595486430451274,0,760619,0,350,,0.0004601515344738956
global_calibrated,brute_force,time_quartile_3,0.001,0.0011595486430451274,0,760618,0,359,,0.0004719846230302202
global_calibrated,brute_force,time_quartile_4,0.001,0.0011595486430451274,0,760619,0,3332,,0.0043806426081914865
global_calibrated,brute_force,full_test,0.01,0.0004215863882564008,37696,3004777,37696,36588,1.0,0.012176610776773119
global_calibrated,brute_force,time_quartile_1,0.01,0.0004215863882564008,37696,722921,37696,31498,1.0,0.04357045928946593
global_calibrated,brute_force,time_quartile_2,0.01,0.0004215863882564008,0,760619,0,667,,0.0008769173528402525
global_calibrated,brute_force,time_quartile_3,0.01,0.0004215863882564008,0,760618,0,698,,0.0009176748380921829
global_calibrated,brute_force,time_quartile_4,0.01,0.0004215863882564008,0,760619,0,3725,,0.004897327045472175
global_calibrated,ddos,full_test,0.001,0.003020839300006628,262680,2779793,262680,4813,1.0,0.0017314238865987503
global_calibrated,ddos,time_quartile_1,0.001,0.003020839300006628,262680,497937,262680,653,1.0,0.0013114108812962283
global_calibrated,ddos,time_quartile_2,0.001,0.003020839300006628,0,760619,0,434,,0.0005705879027476306
global_calibrated,ddos,time_quartile_3,0.001,0.003020839300006628,0,760618,0,358,,0.0004706699026318073
global_calibrated,ddos,time_quartile_4,0.001,0.003020839300006628,0,760619,0,3368,,0.004427972480308801
global_calibrated,ddos,full_test,0.01,0.0005935310618951917,262680,2779793,262680,15400,1.0,0.0055399808546895395
global_calibrated,ddos,time_quartile_1,0.01,0.0005935310618951917,262680,497937,262680,3373,1.0,0.006773949314873167
global_calibrated,ddos,time_quartile_2,0.01,0.0005935310618951917,0,760619,0,1116,,0.0014672260356367642
global_calibrated,ddos,time_quartile_3,0.01,0.0005935310618951917,0,760618,0,1431,,0.0018813648901288163
global_calibrated,ddos,time_quartile_4,0.01,0.0005935310618951917,0,760619,0,9480,,0.012463532990892943
global_calibrated,dos,full_test,0.001,0.006411777343600988,39483,3002990,39483,16185,1.0,0.0053896283370907
global_calibrated,dos,time_quartile_1,0.001,0.006411777343600988,39483,721134,39483,11755,1.0,0.016300715262350687
global_calibrated,dos,time_quartile_2,0.001,0.006411777343600988,0,760619,0,364,,0.00047855759585285144
global_calibrated,dos,time_quartile_3,0.001,0.006411777343600988,0,760618,0,658,,0.0008650860221556682
global_calibrated,dos,time_quartile_4,0.001,0.006411777343600988,0,760619,0,3408,,0.004480561227105818
global_calibrated,dos,full_test,0.01,0.0028690851759165525,39483,3002990,39483,50173,1.0,0.01670768134426022
global_calibrated,dos,time_quartile_1,0.01,0.0028690851759165525,39483,721134,39483,45032,1.0,0.06244609184978104
global_calibrated,dos,time_quartile_2,0.01,0.0028690851759165525,0,760619,0,569,,0.0007480749231875617
global_calibrated,dos,time_quartile_3,0.01,0.0028690851759165525,0,760618,0,916,,0.0012042838849461886
global_calibrated,dos,time_quartile_4,0.01,0.0028690851759165525,0,760619,0,3656,,0.004806611457247321
global_calibrated,infiltration,full_test,0.001,0.9923984408378601,8742,3033731,850,39,0.09723175474719743,1.2855457520788758e-05
global_calibrated,infiltration,time_quartile_1,0.001,0.9923984408378601,0,760617,0,33,,4.338583018786064e-05
global_calibrated,infiltration,time_quartile_2,0.001,0.9923984408378601,8028,752591,850,6,0.10587942202291978,7.972457815732582e-06
global_calibrated,infiltration,time_quartile_3,0.001,0.9923984408378601,714,759904,0,0,0.0,0.0
global_calibrated,infiltration,time_quartile_4,0.001,0.9923984408378601,0,760619,0,0,,0.0
global_calibrated,infiltration,full_test,0.01,0.4602990448474884,8742,3033731,2947,15246,0.33710821322351864,0.005025495009280651
global_calibrated,infiltration,time_quartile_1,0.01,0.4602990448474884,0,760617,0,2246,,0.0029528658970283334
global_calibrated,infiltration,time_quartile_2,0.01,0.4602990448474884,8028,752591,2855,4449,0.35563029397110113,0.00591157747036571
global_calibrated,infiltration,time_quartile_3,0.01,0.4602990448474884,714,759904,92,4967,0.12885154061624648,0.00653635196024761
global_calibrated,infiltration,time_quartile_4,0.01,0.4602990448474884,0,760619,0,3584,,0.004711951713012691
global_calibrated,web_attacks,full_test,0.001,0.5121873617172241,127,3042346,106,316,0.8346456692913385,0.00010386721299944188
global_calibrated,web_attacks,time_quartile_1,0.001,0.5121873617172241,127,760490,106,97,0.8346456692913385,0.00012754934318662966
global_calibrated,web_attacks,time_quartile_2,0.001,0.5121873617172241,0,760619,0,166,,0.00021824329920761907
global_calibrated,web_attacks,time_quartile_3,0.001,0.5121873617172241,0,760618,0,25,,3.2868009960321736e-05
global_calibrated,web_attacks,time_quartile_4,0.001,0.5121873617172241,0,760619,0,28,,3.681212275791165e-05
global_calibrated,web_attacks,full_test,0.01,0.013668975792825222,127,3042346,127,29574,1.0,0.009720787839384475
global_calibrated,web_attacks,time_quartile_1,0.01,0.013668975792825222,127,760490,127,15467,1.0,0.020338203000696917
global_calibrated,web_attacks,time_quartile_2,0.01,0.013668975792825222,0,760619,0,4019,,0.005283854334430247
global_calibrated,web_attacks,time_quartile_3,0.01,0.013668975792825222,0,760618,0,3876,,0.005095856264248282
global_calibrated,web_attacks,time_quartile_4,0.01,0.013668975792825222,0,760619,0,6212,,0.008167032377576685
designed_e1_raw,benign,full_test,0.001,0.994164764881134,2652203,390270,643225,235,0.24252479919523506,0.0006021472314038999
designed_e1_raw,benign,time_quartile_1,0.001,0.994164764881134,420631,339986,89547,0,0.21288730502506947,0.0
designed_e1_raw,benign,time_quartile_2,0.001,0.994164764881134,752591,8028,193797,228,0.25750640121925455,0.028400597907324365
designed_e1_raw,benign,time_quartile_3,0.001,0.994164764881134,759904,714,184290,7,0.2425174758916916,0.00980392156862745
designed_e1_raw,benign,time_quartile_4,0.001,0.994164764881134,719077,41542,175591,0,0.24418942616715594,0.0
designed_e1_raw,benign,full_test,0.01,0.9901576042175293,2652203,390270,1767654,2493,0.6664851823182464,0.006387885310169882
designed_e1_raw,benign,time_quartile_1,0.01,0.9901576042175293,420631,339986,271962,1,0.6465571962123572,2.9412975828416463e-06
designed_e1_raw,benign,time_quartile_2,0.01,0.9901576042175293,752591,8028,497104,2140,0.6605234450053216,0.2665670154459392
designed_e1_raw,benign,time_quartile_3,0.01,0.9901576042175293,759904,714,518580,352,0.6824283067334821,0.49299719887955185
designed_e1_raw,benign,time_quartile_4,0.01,0.9901576042175293,719077,41542,480008,0,0.667533518663509,0.0
designed_e1_raw,bot,full_test,0.001,0.026223860681056976,41542,3000931,41422,519,0.9971113571806846,0.000172946328989237
designed_e1_raw,bot,time_quartile_1,0.001,0.026223860681056976,0,760617,0,292,,0.00038389886105622147
designed_e1_raw,bot,time_quartile_2,0.001,0.026223860681056976,0,760619,0,73,,9.597446290455537e-05
designed_e1_raw,bot,time_quartile_3,0.001,0.026223860681056976,0,760618,0,4,,5.258881593651478e-06
designed_e1_raw,bot,time_quartile_4,0.001,0.026223860681056976,41542,719077,41422,150,0.9971113571806846,0.0002086007479032148
designed_e1_raw,bot,full_test,0.01,0.019794153049588203,41542,3000931,41422,5067,0.9971113571806846,0.0016884760096116838
designed_e1_raw,bot,time_quartile_1,0.01,0.019794153049588203,0,760617,0,4778,,0.00628174232235146
designed_e1_raw,bot,time_quartile_2,0.01,0.019794153049588203,0,760619,0,85,,0.00011175108694366035
designed_e1_raw,bot,time_quartile_3,0.01,0.019794153049588203,0,760618,0,11,,1.4461924382541565e-05
designed_e1_raw,bot,time_quartile_4,0.01,0.019794153049588203,41542,719077,41422,193,0.9971113571806846,0.00026839962896880304
designed_e1_raw,brute_force,full_test,0.001,0.0015384388389065862,37696,3004777,37676,359,0.9994694397283531,0.00011947642037994833
designed_e1_raw,brute_force,time_quartile_1,0.001,0.0015384388389065862,37696,722921,37676,42,0.9994694397283531,5.809763445798365e-05
designed_e1_raw,brute_force,time_quartile_2,0.001,0.0015384388389065862,0,760619,0,87,,0.00011438052428351119
designed_e1_raw,brute_force,time_quartile_3,0.001,0.0015384388389065862,0,760618,0,85,,0.00011175123386509391
designed_e1_raw,brute_force,time_quartile_4,0.001,0.0015384388389065862,0,760619,0,145,,0.00019063420713918533
designed_e1_raw,brute_force,full_test,0.01,0.0002826102136168629,37696,3004777,37696,11935,1.0,0.003972008571684354
designed_e1_raw,brute_force,time_quartile_1,0.01,0.0002826102136168629,37696,722921,37696,10520,1.0,0.014552074154714
designed_e1_raw,brute_force,time_quartile_2,0.01,0.0002826102136168629,0,760619,0,381,,0.0005009078132415835
designed_e1_raw,brute_force,time_quartile_3,0.01,0.0002826102136168629,0,760618,0,306,,0.00040230444191433805
designed_e1_raw,brute_force,time_quartile_4,0.01,0.0002826102136168629,0,760619,0,728,,0.0009571151917057029
designed_e1_raw,ddos,full_test,0.001,0.0032632688526064157,262680,2779793,262680,638,1.0,0.00022951349255142378
designed_e1_raw,ddos,time_quartile_1,0.001,0.0032632688526064157,262680,497937,262680,49,1.0,9.840602325193749e-05
designed_e1_raw,ddos,time_quartile_2,0.001,0.0032632688526064157,0,760619,0,135,,0.00017748702043993115
designed_e1_raw,ddos,time_quartile_3,0.001,0.0032632688526064157,0,760618,0,92,,0.000120954276653984
designed_e1_raw,ddos,time_quartile_4,0.001,0.0032632688526064157,0,760619,0,362,,0.0004759281585130006
designed_e1_raw,ddos,full_test,0.01,0.0009920039447024465,262680,2779793,262680,2519,1.0,0.0009061825826599319
designed_e1_raw,ddos,time_quartile_1,0.01,0.0009920039447024465,262680,497937,262680,575,1.0,0.0011547645585686542
designed_e1_raw,ddos,time_quartile_2,0.01,0.0009920039447024465,0,760619,0,303,,0.000398359756987401
designed_e1_raw,ddos,time_quartile_3,0.01,0.0009920039447024465,0,760618,0,172,,0.00022613190852701357
designed_e1_raw,ddos,time_quartile_4,0.01,0.0009920039447024465,0,760619,0,1469,,0.001931321726120436
designed_e1_raw,dos,full_test,0.001,0.005681298673152924,39483,3002990,39483,5158,1.0,0.0017176214373008235
designed_e1_raw,dos,time_quartile_1,0.001,0.005681298673152924,39483,721134,39483,1775,1.0,0.0024614010710908097
designed_e1_raw,dos,time_quartile_2,0.001,0.005681298673152924,0,760619,0,1140,,0.0014987792837149743
designed_e1_raw,dos,time_quartile_3,0.001,0.005681298673152924,0,760618,0,1315,,0.0017288573239129235
designed_e1_raw,dos,time_quartile_4,0.001,0.005681298673152924,0,760619,0,928,,0.001220058925690786
designed_e1_raw,dos,full_test,0.01,0.0030131738167256117,39483,3002990,39483,33629,1.0,0.01119850548952877
designed_e1_raw,dos,time_quartile_1,0.01,0.0030131738167256117,39483,721134,39483,23496,1.0,0.0325820166570984
designed_e1_raw,dos,time_quartile_2,0.01,0.0030131738167256117,0,760619,0,2938,,0.003862643452240872
designed_e1_raw,dos,time_quartile_3,0.01,0.0030131738167256117,0,760618,0,3851,,0.0050629882542879605
designed_e1_raw,dos,time_quartile_4,0.01,0.0030131738167256117,0,760619,0,3344,,0.004396419232230591
designed_e1_raw,infiltration,full_test,0.001,0.9412671327590942,8742,3033731,1005,119,0.11496225120109815,3.9225626794201595e-05
designed_e1_raw,infiltration,time_quartile_1,0.001,0.9412671327590942,0,760617,0,68,,8.940110462953103e-05
designed_e1_raw,infiltration,time_quartile_2,0.001,0.9412671327590942,8028,752591,1005,29,0.12518684603886399,3.853354610937415e-05
designed_e1_raw,infiltration,time_quartile_3,0.001,0.9412671327590942,714,759904,0,11,0.0,1.447551269634059e-05
designed_e1_raw,infiltration,time_quartile_4,0.001,0.9412671327590942,0,760619,0,11,,1.4461905369179576e-05
designed_e1_raw,infiltration,full_test,0.01,0.11933241784572601,8742,3033731,2557,6729,0.2924959963395104,0.0022180608630099374
designed_e1_raw,infiltration,time_quartile_1,0.01,0.11933241784572601,0,760617,0,1126,,0.0014803771148948813
designed_e1_raw,infiltration,time_quartile_2,0.01,0.11933241784572601,8028,752591,2489,1785,0.31003986048829096,0.002371806200180443
designed_e1_raw,infiltration,time_quartile_3,0.01,0.11933241784572601,714,759904,68,2193,0.09523809523809523,0.0028858908493704467
designed_e1_raw,infiltration,time_quartile_4,0.01,0.11933241784572601,0,760619,0,1625,,0.002136417838628801
designed_e1_raw,web_attacks,full_test,0.001,0.5998360514640808,127,3042346,112,346,0.8818897637795275,0.00011372802436014839
designed_e1_raw,web_attacks,time_quartile_1,0.001,0.5998360514640808,127,760490,112,108,0.8818897637795275,0.00014201370169232994
designed_e1_raw,web_attacks,time_quartile_2,0.001,0.5998360514640808,0,760619,0,185,,0.00024322295393620197
designed_e1_raw,web_attacks,time_quartile_3,0.001,0.5998360514640808,0,760618,0,32,,4.207105274921182e-05
designed_e1_raw,web_attacks,time_quartile_4,0.001,0.5998360514640808,0,760619,0,21,,2.7609092068433738e-05
designed_e1_raw,web_attacks,full_test,0.01,0.06422441452741623,127,3042346,120,42974,0.9448818897637795,0.014125283580500048
designed_e1_raw,web_attacks,time_quartile_1,0.01,0.06422441452741623,127,760490,120,41328,0.9448818897637795,0.05434390984759826
designed_e1_raw,web_attacks,time_quartile_2,0.01,0.06422441452741623,0,760619,0,621,,0.0008164402940236833
designed_e1_raw,web_attacks,time_quartile_3,0.01,0.06422441452741623,0,760618,0,404,,0.0005311470409587993
designed_e1_raw,web_attacks,time_quartile_4,0.01,0.06422441452741623,0,760619,0,621,,0.0008164402940236833
designed_e1_calibrated,benign,full_test,0.001,0.9828231334686279,2652203,390270,561788,213,0.2118193818497302,0.0005457760012299177
designed_e1_calibrated,benign,time_quartile_1,0.001,0.9828231334686279,420631,339986,76104,0,0.18092817695319652,0.0
designed_e1_calibrated,benign,time_quartile_2,0.001,0.9828231334686279,752591,8028,170934,206,0.22712735071240556,0.02566018933731938
designed_e1_calibrated,benign,time_quartile_3,0.001,0.9828231334686279,759904,714,160615,7,0.21136222470206764,0.00980392156862745
designed_e1_calibrated,benign,time_quartile_4,0.001,0.9828231334686279,719077,41542,154135,0,0.2143511751870801,0.0
designed_e1_calibrated,benign,full_test,0.01,0.9743841886520386,2652203,390270,1668249,2476,0.6290050196006867,0.00634432572321726
designed_e1_calibrated,benign,time_quartile_1,0.01,0.9743841886520386,420631,339986,247782,1,0.589072132106288,2.9412975828416463e-06
designed_e1_calibrated,benign,time_quartile_2,0.01,0.9743841886520386,752591,8028,472345,2145,0.6276250978287011,0.2671898355754858
designed_e1_calibrated,benign,time_quartile_3,0.01,0.9743841886520386,759904,714,492266,330,0.6478002484524361,0.46218487394957986
designed_e1_calibrated,benign,time_quartile_4,0.01,0.9743841886520386,719077,41542,455856,0,0.633946016907786,0.0
designed_e1_calibrated,bot,full_test,0.001,0.047937292605638504,41542,3000931,41422,607,0.9971113571806846,0.00020227056203558162
designed_e1_calibrated,bot,time_quartile_1,0.001,0.047937292605638504,0,760617,0,389,,0.0005114269073659937
designed_e1_calibrated,bot,time_quartile_2,0.001,0.047937292605638504,0,760619,0,71,,9.334502556470454e-05
designed_e1_calibrated,bot,time_quartile_3,0.001,0.047937292605638504,0,760618,0,4,,5.258881593651478e-06
designed_e1_calibrated,bot,time_quartile_4,0.001,0.047937292605638504,41542,719077,41422,143,0.9971113571806846,0.0001988660463343981
designed_e1_calibrated,bot,full_test,0.01,0.03839338570833206,41542,3000931,41422,6074,0.9971113571806846,0.002024038540039741
designed_e1_calibrated,bot,time_quartile_1,0.01,0.03839338570833206,0,760617,0,5802,,0.007628017780302044
designed_e1_calibrated,bot,time_quartile_2,0.01,0.03839338570833206,0,760619,0,82,,0.00010780693093388412
designed_e1_calibrated,bot,time_quartile_3,0.01,0.03839338570833206,0,760618,0,7,,9.203042788890086e-06
designed_e1_calibrated,bot,time_quartile_4,0.01,0.03839338570833206,41542,719077,41422,183,0.9971113571806846,0.0002544929124419221
designed_e1_calibrated,brute_force,full_test,0.001,0.0047058286145329475,37696,3004777,37676,411,0.9994694397283531,0.00013678219714807454
designed_e1_calibrated,brute_force,time_quartile_1,0.001,0.0047058286145329475,37696,722921,37676,47,0.9994694397283531,6.501401951250551e-05
designed_e1_calibrated,brute_force,time_quartile_2,0.001,0.0047058286145329475,0,760619,0,93,,0.0001222688363030637
designed_e1_calibrated,brute_force,time_quartile_3,0.001,0.0047058286145329475,0,760618,0,104,,0.00013673092143493844
designed_e1_calibrated,brute_force,time_quartile_4,0.001,0.0047058286145329475,0,760619,0,167,,0.00021955801787754448
designed_e1_calibrated,brute_force,full_test,0.01,0.0013633529888466,37696,3004777,37696,12960,1.0,0.004313132056056074
designed_e1_calibrated,brute_force,time_quartile_1,0.01,0.0013633529888466,37696,722921,37696,11613,1.0,0.01606399592763248
designed_e1_calibrated,brute_force,time_quartile_2,0.01,0.0013633529888466,0,760619,0,343,,0.00045094850378441767
designed_e1_calibrated,brute_force,time_quartile_3,0.01,0.0013633529888466,0,760618,0,294,,0.00038652779713338367
designed_e1_calibrated,brute_force,time_quartile_4,0.01,0.0013633529888466,0,760619,0,710,,0.0009334502556470454
designed_e1_calibrated,ddos,full_test,0.001,0.008682976476848125,262680,2779793,262680,656,1.0,0.00023598879484911287
designed_e1_calibrated,ddos,time_quartile_1,0.001,0.008682976476848125,262680,497937,262680,52,1.0,0.00010443088181838265
designed_e1_calibrated,ddos,time_quartile_2,0.001,0.008682976476848125,0,760619,0,138,,0.0001814311764497074
designed_e1_calibrated,ddos,time_quartile_3,0.001,0.008682976476848125,0,760618,0,92,,0.000120954276653984
designed_e1_calibrated,ddos,time_quartile_4,0.001,0.008682976476848125,0,760619,0,374,,0.0004917047825521056
designed_e1_calibrated,ddos,full_test,0.01,0.0037042952608317137,262680,2779793,262680,2510,1.0,0.0009029449315110874
designed_e1_calibrated,ddos,time_quartile_1,0.01,0.0037042952608317137,262680,497937,262680,569,1.0,0.001142714841435764
designed_e1_calibrated,ddos,time_quartile_2,0.01,0.0037042952608317137,0,760619,0,293,,0.0003852125702881469
designed_e1_calibrated,ddos,time_quartile_3,0.01,0.0037042952608317137,0,760618,0,175,,0.00023007606972225218
designed_e1_calibrated,ddos,time_quartile_4,0.01,0.0037042952608317137,0,760619,0,1473,,0.0019365806008001378
designed_e1_calibrated,dos,full_test,0.001,0.014893237501382828,39483,3002990,39483,4623,1.0,0.0015394656658863333
designed_e1_calibrated,dos,time_quartile_1,0.001,0.014893237501382828,39483,721134,39483,1238,1.0,0.0017167405780340408
designed_e1_calibrated,dos,time_quartile_2,0.001,0.014893237501382828,0,760619,0,1141,,0.0015000940023848996
designed_e1_calibrated,dos,time_quartile_3,0.001,0.014893237501382828,0,760618,0,1324,,0.0017406898074986393
designed_e1_calibrated,dos,time_quartile_4,0.001,0.014893237501382828,0,760619,0,920,,0.0012095411763313828
designed_e1_calibrated,dos,full_test,0.01,0.009154346771538258,39483,3002990,39483,35150,1.0,0.011705000682652955
designed_e1_calibrated,dos,time_quartile_1,0.01,0.009154346771538258,39483,721134,39483,25062,1.0,0.03475359641897345
designed_e1_calibrated,dos,time_quartile_2,0.01,0.009154346771538258,0,760619,0,2923,,0.003842922672191991
designed_e1_calibrated,dos,time_quartile_3,0.01,0.009154346771538258,0,760618,0,3873,,0.005091912103053044
designed_e1_calibrated,dos,time_quartile_4,0.01,0.009154346771538258,0,760619,0,3292,,0.00432805386139447
designed_e1_calibrated,infiltration,full_test,0.001,0.9000183939933777,8742,3033731,1005,119,0.11496225120109815,3.9225626794201595e-05
designed_e1_calibrated,infiltration,time_quartile_1,0.001,0.9000183939933777,0,760617,0,68,,8.940110462953103e-05
designed_e1_calibrated,infiltration,time_quartile_2,0.001,0.9000183939933777,8028,752591,1005,29,0.12518684603886399,3.853354610937415e-05
designed_e1_calibrated,infiltration,time_quartile_3,0.001,0.9000183939933777,714,759904,0,11,0.0,1.447551269634059e-05
designed_e1_calibrated,infiltration,time_quartile_4,0.001,0.9000183939933777,0,760619,0,11,,1.4461905369179576e-05
designed_e1_calibrated,infiltration,full_test,0.01,0.15789981186389923,8742,3033731,2572,7274,0.2942118508350492,0.0023977076411850623
designed_e1_calibrated,infiltration,time_quartile_1,0.01,0.15789981186389923,0,760617,0,1213,,0.0015947579399356049
designed_e1_calibrated,infiltration,time_quartile_2,0.01,0.15789981186389923,8028,752591,2498,1945,0.3111609367214748,0.0025844050752666455
designed_e1_calibrated,infiltration,time_quartile_3,0.01,0.15789981186389923,714,759904,74,2354,0.10364145658263306,0.0030977597170168862
designed_e1_calibrated,infiltration,time_quartile_4,0.01,0.15789981186389923,0,760619,0,1762,,0.002316534296408583
designed_e1_calibrated,web_attacks,full_test,0.001,0.5364627242088318,127,3042346,112,347,0.8818897637795275,0.00011405671807217193
designed_e1_calibrated,web_attacks,time_quartile_1,0.001,0.5364627242088318,127,760490,112,108,0.8818897637795275,0.00014201370169232994
designed_e1_calibrated,web_attacks,time_quartile_2,0.001,0.5364627242088318,0,760619,0,186,,0.0002445376726061274
designed_e1_calibrated,web_attacks,time_quartile_3,0.001,0.5364627242088318,0,760618,0,32,,4.207105274921182e-05
designed_e1_calibrated,web_attacks,time_quartile_4,0.001,0.5364627242088318,0,760619,0,21,,2.7609092068433738e-05
designed_e1_calibrated,web_attacks,full_test,0.01,0.0941421315073967,127,3042346,120,42800,0.9448818897637795,0.01406809087460795
designed_e1_calibrated,web_attacks,time_quartile_1,0.01,0.0941421315073967,127,760490,120,41074,0.9448818897637795,0.05400991466028482
designed_e1_calibrated,web_attacks,time_quartile_2,0.01,0.0941421315073967,0,760619,0,658,,0.0008650848848109238
designed_e1_calibrated,web_attacks,time_quartile_3,0.01,0.0941421315073967,0,760618,0,425,,0.0005587561693254695
designed_e1_calibrated,web_attacks,time_quartile_4,0.01,0.0941421315073967,0,760619,0,643,,0.0008453641047620425
designed_e2_raw,benign,full_test,0.001,0.8951737284660339,2652203,390270,1527057,473,0.5757692755795842,0.0012119814487406154
designed_e2_raw,benign,time_quartile_1,0.001,0.8951737284660339,420631,339986,227638,122,0.5411821763017942,0.00035883830510668086
designed_e2_raw,benign,time_quartile_2,0.001,0.8951737284660339,752591,8028,438369,349,0.582479726704146,0.04347284504235177
designed_e2_raw,benign,time_quartile_3,0.001,0.8951737284660339,759904,714,426540,2,0.5613077441361014,0.0028011204481792717
designed_e2_raw,benign,time_quartile_4,0.001,0.8951737284660339,719077,41542,434510,0,0.6042607398095058,0.0
designed_e2_raw,benign,full_test,0.01,0.42135635018348694,2652203,390270,2326031,3874,0.8770184635188182,0.009926461167909396
designed_e2_raw,benign,time_quartile_1,0.01,0.42135635018348694,420631,339986,372240,850,0.8849561729877256,0.0025001029454153993
designed_e2_raw,benign,time_quartile_2,0.01,0.42135635018348694,752591,8028,660188,2697,0.8772201634088104,0.335949177877429
designed_e2_raw,benign,time_quartile_3,0.01,0.42135635018348694,759904,714,663054,202,0.8725496904872194,0.28291316526610644
designed_e2_raw,benign,time_quartile_4,0.01,0.42135635018348694,719077,41542,630549,125,0.876886619930828,0.003009002936786866
designed_e2_raw,bot,full_test,0.001,0.023722950369119644,41542,3000931,41422,1148,0.9971113571806846,0.0003825479492864048
designed_e2_raw,bot,time_quartile_1,0.001,0.023722950369119644,0,760617,0,162,,0.00021298498455858862
designed_e2_raw,bot,time_quartile_2,0.001,0.023722950369119644,0,760619,0,365,,0.00047987231452277686
designed_e2_raw,bot,time_quartile_3,0.001,0.023722950369119644,0,760618,0,445,,0.000585050577293727
designed_e2_raw,bot,time_quartile_4,0.001,0.023722950369119644,41542,719077,41422,176,0.9971113571806846,0.00024475821087310536
designed_e2_raw,bot,full_test,0.01,0.007507862523198128,41542,3000931,41422,25117,0.9971113571806846,0.00836973592528452
designed_e2_raw,bot,time_quartile_1,0.01,0.007507862523198128,0,760617,0,22022,,0.028952810678699002
designed_e2_raw,bot,time_quartile_2,0.01,0.007507862523198128,0,760619,0,950,,0.0012489827364291451
designed_e2_raw,bot,time_quartile_3,0.01,0.007507862523198128,0,760618,0,1315,,0.0017288573239129235
designed_e2_raw,bot,time_quartile_4,0.01,0.007507862523198128,41542,719077,41422,830,0.9971113571806846,0.001154257471731122
designed_e2_raw,brute_force,full_test,0.001,0.003230706788599491,37696,3004777,37696,2809,1.0,0.0009348447488782029
designed_e2_raw,brute_force,time_quartile_1,0.001,0.003230706788599491,37696,722921,37696,1726,1.0,0.0023875361208209474
designed_e2_raw,brute_force,time_quartile_2,0.001,0.003230706788599491,0,760619,0,237,,0.0003115883247723236
designed_e2_raw,brute_force,time_quartile_3,0.001,0.003230706788599491,0,760618,0,463,,0.0006087155444651586
designed_e2_raw,brute_force,time_quartile_4,0.001,0.003230706788599491,0,760619,0,383,,0.0005035372505814344
designed_e2_raw,brute_force,full_test,0.01,0.0005174967227503657,37696,3004777,37696,33909,1.0,0.011285030469815232
designed_e2_raw,brute_force,time_quartile_1,0.01,0.0005174967227503657,37696,722921,37696,23873,1.0,0.03302297208132009
designed_e2_raw,brute_force,time_quartile_2,0.01,0.0005174967227503657,0,760619,0,1635,,0.002149565025328055
designed_e2_raw,brute_force,time_quartile_3,0.01,0.0005174967227503657,0,760618,0,2283,,0.003001506669576581
designed_e2_raw,brute_force,time_quartile_4,0.01,0.0005174967227503657,0,760619,0,6118,,0.008043448822603695
designed_e2_raw,ddos,full_test,0.001,0.014969871379435062,262680,2779793,262680,1423,1.0,0.000511908620533975
designed_e2_raw,ddos,time_quartile_1,0.001,0.014969871379435062,262680,497937,262680,560,1.0,0.0011246402657364284
designed_e2_raw,ddos,time_quartile_2,0.001,0.014969871379435062,0,760619,0,259,,0.00034051213551068276
designed_e2_raw,ddos,time_quartile_3,0.001,0.014969871379435062,0,760618,0,373,,0.0004903907086080003
designed_e2_raw,ddos,time_quartile_4,0.001,0.014969871379435062,0,760619,0,231,,0.0003037000127527711
designed_e2_raw,ddos,full_test,0.01,0.003315679496154189,262680,2779793,262680,41738,1.0,0.015014787072274806
designed_e2_raw,ddos,time_quartile_1,0.01,0.003315679496154189,262680,497937,262680,24404,1.0,0.0490102161518425
designed_e2_raw,ddos,time_quartile_2,0.01,0.003315679496154189,0,760619,0,5056,,0.006647217595142903
designed_e2_raw,ddos,time_quartile_3,0.01,0.003315679496154189,0,760618,0,5045,,0.006632764409992927
designed_e2_raw,ddos,time_quartile_4,0.01,0.003315679496154189,0,760619,0,7233,,0.009509360139570534
designed_e2_raw,dos,full_test,0.001,0.08636888116598129,39483,3002990,39478,2919,0.9998733632196135,0.0009720312088951345
designed_e2_raw,dos,time_quartile_1,0.001,0.08636888116598129,39483,721134,39478,681,0.9998733632196135,0.0009443459884016008
designed_e2_raw,dos,time_quartile_2,0.001,0.08636888116598129,0,760619,0,884,,0.0011622113042140678
designed_e2_raw,dos,time_quartile_3,0.001,0.08636888116598129,0,760618,0,724,,0.0009518575684509176
designed_e2_raw,dos,time_quartile_4,0.001,0.08636888116598129,0,760619,0,630,,0.0008282727620530121
designed_e2_raw,dos,full_test,0.01,0.01263714861124754,39483,3002990,39483,86592,1.0,0.02883526085667951
designed_e2_raw,dos,time_quartile_1,0.01,0.01263714861124754,39483,721134,39483,16343,1.0,0.022662917016809635
designed_e2_raw,dos,time_quartile_2,0.01,0.01263714861124754,0,760619,0,21456,,0.028208603781919726
designed_e2_raw,dos,time_quartile_3,0.01,0.01263714861124754,0,760618,0,24569,,0.03230136546860579
designed_e2_raw,dos,time_quartile_4,0.01,0.01263714861124754,0,760619,0,24224,,0.031847745060273276
designed_e2_raw,infiltration,full_test,0.001,0.9114716649055481,8742,3033731,724,196,0.0828185769846717,6.460691471986144e-05
designed_e2_raw,infiltration,time_quartile_1,0.001,0.9114716649055481,0,760617,0,52,,6.836555059905314e-05
designed_e2_raw,infiltration,time_quartile_2,0.001,0.9114716649055481,8028,752591,724,47,0.09018435475834578,6.245091955657189e-05
designed_e2_raw,infiltration,time_quartile_3,0.001,0.9114716649055481,714,759904,0,45,0.0,5.921800648502969e-05
designed_e2_raw,infiltration,time_quartile_4,0.001,0.9114716649055481,0,760619,0,52,,6.836537083612163e-05
designed_e2_raw,infiltration,full_test,0.01,0.7715898752212524,8742,3033731,2692,13510,0.30793868679935943,0.004453262336047593
designed_e2_raw,infiltration,time_quartile_1,0.01,0.7715898752212524,0,760617,0,2456,,0.003228957543678356
designed_e2_raw,infiltration,time_quartile_2,0.01,0.7715898752212524,8028,752591,2572,3601,0.32037867463876435,0.004784803432408839
designed_e2_raw,infiltration,time_quartile_3,0.01,0.7715898752212524,714,759904,120,4298,0.16806722689075632,0.005655977597170169
designed_e2_raw,infiltration,time_quartile_4,0.01,0.7715898752212524,0,760619,0,3155,,0.004147937403614688
designed_e2_raw,web_attacks,full_test,0.001,0.11408103257417679,127,3042346,22,1340,0.1732283464566929,0.0004404495741115573
designed_e2_raw,web_attacks,time_quartile_1,0.001,0.11408103257417679,127,760490,22,256,0.1732283464566929,0.00033662507067811544
designed_e2_raw,web_attacks,time_quartile_2,0.001,0.11408103257417679,0,760619,0,424,,0.0005574407160483764
designed_e2_raw,web_attacks,time_quartile_3,0.001,0.11408103257417679,0,760618,0,305,,0.0004009897215159252
designed_e2_raw,web_attacks,time_quartile_4,0.001,0.11408103257417679,0,760619,0,355,,0.0004667251278235227
designed_e2_raw,web_attacks,full_test,0.01,0.04204702004790306,127,3042346,38,32938,0.2992125984251969,0.010826513486631698
designed_e2_raw,web_attacks,time_quartile_1,0.01,0.04204702004790306,127,760490,38,9182,0.2992125984251969,0.012073794527212718
designed_e2_raw,web_attacks,time_quartile_2,0.01,0.04204702004790306,0,760619,0,8345,,0.010971327300527597
designed_e2_raw,web_attacks,time_quartile_3,0.01,0.04204702004790306,0,760618,0,8693,,0.011428864423403075
designed_e2_raw,web_attacks,time_quartile_4,0.01,0.04204702004790306,0,760619,0,6718,,0.008832280024558945
designed_e2_calibrated,benign,full_test,0.001,0.8366286754608154,2652203,390270,1541373,474,0.5811670524465887,0.0012145437773848874
designed_e2_calibrated,benign,time_quartile_1,0.001,0.8366286754608154,420631,339986,229245,122,0.5450026270056177,0.00035883830510668086
designed_e2_calibrated,benign,time_quartile_2,0.001,0.8366286754608154,752591,8028,442345,350,0.5877628087500382,0.04359740906826109
designed_e2_calibrated,benign,time_quartile_3,0.001,0.8366286754608154,759904,714,430749,2,0.5668466016760012,0.0028011204481792717
designed_e2_calibrated,benign,time_quartile_4,0.001,0.8366286754608154,719077,41542,439034,0,0.6105521383662668,0.0
designed_e2_calibrated,benign,full_test,0.01,0.4348161220550537,2652203,390270,2324391,3761,0.8764001096446992,0.00963691803110667
designed_e2_calibrated,benign,time_quartile_1,0.01,0.4348161220550537,420631,339986,372005,762,0.8843974885350818,0.0022412687581253345
designed_e2_calibrated,benign,time_quartile_2,0.01,0.4348161220550537,752591,8028,659703,2674,0.8765757230687053,0.3330842052815147
designed_e2_calibrated,benign,time_quartile_3,0.01,0.4348161220550537,759904,714,662540,200,0.8718732892575904,0.2801120448179272
designed_e2_calibrated,benign,time_quartile_4,0.01,0.4348161220550537,719077,41542,630143,125,0.8763220072398367,0.003009002936786866
designed_e2_calibrated,bot,full_test,0.001,0.04409962520003319,41542,3000931,41422,1105,0.9971113571806846,0.00036821906268421365
designed_e2_calibrated,bot,time_quartile_1,0.001,0.04409962520003319,0,760617,0,151,,0.00019852304116263508
designed_e2_calibrated,bot,time_quartile_2,0.001,0.04409962520003319,0,760619,0,351,,0.000461466253143821
designed_e2_calibrated,bot,time_quartile_3,0.001,0.04409962520003319,0,760618,0,434,,0.0005705886529111854
designed_e2_calibrated,bot,time_quartile_4,0.001,0.04409962520003319,41542,719077,41422,169,0.9971113571806846,0.0002350235093042887
designed_e2_calibrated,bot,full_test,0.01,0.017095794901251793,41542,3000931,41422,25048,0.9971113571806846,0.008346743060736819
designed_e2_calibrated,bot,time_quartile_1,0.01,0.017095794901251793,0,760617,0,21951,,0.02885946540768876
designed_e2_calibrated,bot,time_quartile_2,0.01,0.017095794901251793,0,760619,0,951,,0.0012502974550990707
designed_e2_calibrated,bot,time_quartile_3,0.01,0.017095794901251793,0,760618,0,1316,,0.0017301720443113364
designed_e2_calibrated,bot,time_quartile_4,0.01,0.017095794901251793,41542,719077,41422,830,0.9971113571806846,0.001154257471731122
designed_e2_calibrated,brute_force,full_test,0.001,0.008291332051157951,37696,3004777,37696,2843,1.0,0.0009461600644573624
designed_e2_calibrated,brute_force,time_quartile_1,0.001,0.008291332051157951,37696,722921,37696,1693,1.0,0.002341887979461103
designed_e2_calibrated,brute_force,time_quartile_2,0.001,0.008291332051157951,0,760619,0,237,,0.0003115883247723236
designed_e2_calibrated,brute_force,time_quartile_3,0.001,0.008291332051157951,0,760618,0,479,,0.0006297510708397645
designed_e2_calibrated,brute_force,time_quartile_4,0.001,0.008291332051157951,0,760619,0,434,,0.0005705879027476306
designed_e2_calibrated,brute_force,full_test,0.01,0.002101874677464366,37696,3004777,37696,34616,1.0,0.01152032247318187
designed_e2_calibrated,brute_force,time_quartile_1,0.01,0.002101874677464366,37696,722921,37696,24367,1.0,0.03370631092470685
designed_e2_calibrated,brute_force,time_quartile_2,0.01,0.002101874677464366,0,760619,0,1760,,0.0023139048590687323
designed_e2_calibrated,brute_force,time_quartile_3,0.01,0.002101874677464366,0,760618,0,2388,,0.0031395523114099324
designed_e2_calibrated,brute_force,time_quartile_4,0.01,0.002101874677464366,0,760619,0,6101,,0.008021098605214962
designed_e2_calibrated,ddos,full_test,0.001,0.029165353626012802,262680,2779793,262680,1353,1.0,0.0004867268893762953
designed_e2_calibrated,ddos,time_quartile_1,0.001,0.029165353626012802,262680,497937,262680,519,1.0,0.0010423005319950113
designed_e2_calibrated,ddos,time_quartile_2,0.001,0.029165353626012802,0,760619,0,257,,0.0003378826981708319
designed_e2_calibrated,ddos,time_quartile_3,0.001,0.029165353626012802,0,760618,0,353,,0.00046409630063974297
designed_e2_calibrated,ddos,time_quartile_4,0.001,0.029165353626012802,0,760619,0,224,,0.0002944969820632932
designed_e2_calibrated,ddos,full_test,0.01,0.008988925255835056,262680,2779793,262680,41799,1.0,0.015036731152283642
designed_e2_calibrated,ddos,time_quartile_1,0.01,0.008988925255835056,262680,497937,262680,24249,1.0,0.04869893179257617
designed_e2_calibrated,ddos,time_quartile_2,0.01,0.008988925255835056,0,760619,0,5105,,0.006711638809969249
designed_e2_calibrated,ddos,time_quartile_3,0.01,0.008988925255835056,0,760618,0,5116,,0.006726109558280241
designed_e2_calibrated,ddos,time_quartile_4,0.01,0.008988925255835056,0,760619,0,7329,,0.009635573131883374
designed_e2_calibrated,dos,full_test,0.001,0.11641368269920349,39483,3002990,39478,2972,0.9998733632196135,0.0009896802853156354
designed_e2_calibrated,dos,time_quartile_1,0.001,0.11641368269920349,39483,721134,39478,693,0.9998733632196135,0.0009609864463470035
designed_e2_calibrated,dos,time_quartile_2,0.001,0.11641368269920349,0,760619,0,901,,0.0011845615216027998
designed_e2_calibrated,dos,time_quartile_3,0.001,0.11641368269920349,0,760618,0,730,,0.0009597458908413948
designed_e2_calibrated,dos,time_quartile_4,0.001,0.11641368269920349,0,760619,0,648,,0.0008519376981116696
designed_e2_calibrated,dos,full_test,0.01,0.026214590296149254,39483,3002990,39483,91334,1.0,0.030414353694151495
designed_e2_calibrated,dos,time_quartile_1,0.01,0.026214590296149254,39483,721134,39483,19676,1.0,0.027284804211145226
designed_e2_calibrated,dos,time_quartile_2,0.01,0.026214590296149254,0,760619,0,21890,,0.028779191684667357
designed_e2_calibrated,dos,time_quartile_3,0.01,0.026214590296149254,0,760618,0,25094,,0.032991593677772546
designed_e2_calibrated,dos,time_quartile_4,0.01,0.026214590296149254,0,760619,0,24674,,0.03243936846173971
designed_e2_calibrated,infiltration,full_test,0.001,0.8629381060600281,8742,3033731,716,196,0.08190345458705102,6.460691471986144e-05
designed_e2_calibrated,infiltration,time_quartile_1,0.001,0.8629381060600281,0,760617,0,52,,6.836555059905314e-05
designed_e2_calibrated,infiltration,time_quartile_2,0.001,0.8629381060600281,8028,752591,716,47,0.08918784255107125,6.245091955657189e-05
designed_e2_calibrated,infiltration,time_quartile_3,0.001,0.8629381060600281,714,759904,0,45,0.0,5.921800648502969e-05
designed_e2_calibrated,infiltration,time_quartile_4,0.001,0.8629381060600281,0,760619,0,52,,6.836537083612163e-05
designed_e2_calibrated,infiltration,full_test,0.01,0.7219117879867554,8742,3033731,2680,13660,0.30656600320292837,0.004502706403435242
designed_e2_calibrated,infiltration,time_quartile_1,0.01,0.7219117879867554,0,760617,0,2480,,0.0032605108747240726
designed_e2_calibrated,infiltration,time_quartile_2,0.01,0.7219117879867554,8028,752591,2560,3677,0.3188839063278525,0.004885787898074785
designed_e2_calibrated,infiltration,time_quartile_3,0.01,0.7219117879867554,714,759904,120,4326,0.16806722689075632,0.005692824356760854
designed_e2_calibrated,infiltration,time_quartile_4,0.01,0.7219117879867554,0,760619,0,3177,,0.004176861214353047
designed_e2_calibrated,web_attacks,full_test,0.001,0.15173637866973877,127,3042346,22,1407,0.1732283464566929,0.0004624720528171352
designed_e2_calibrated,web_attacks,time_quartile_1,0.001,0.15173637866973877,127,760490,22,209,0.1732283464566929,0.00027482281160830517
designed_e2_calibrated,web_attacks,time_quartile_2,0.001,0.15173637866973877,0,760619,0,472,,0.0006205472122047963
designed_e2_calibrated,web_attacks,time_quartile_3,0.001,0.15173637866973877,0,760618,0,354,,0.0004654110210381558
designed_e2_calibrated,web_attacks,time_quartile_4,0.001,0.15173637866973877,0,760619,0,372,,0.0004890753452122548
designed_e2_calibrated,web_attacks,full_test,0.01,0.07097137719392776,127,3042346,39,33282,0.30708661417322836,0.010939584123567799
designed_e2_calibrated,web_attacks,time_quartile_1,0.01,0.07097137719392776,127,760490,39,8936,0.30708661417322836,0.011750318873357967
designed_e2_calibrated,web_attacks,time_quartile_2,0.01,0.07097137719392776,0,760619,0,8493,,0.011165905663676558
designed_e2_calibrated,web_attacks,time_quartile_3,0.01,0.07097137719392776,0,760618,0,8895,,0.011694437943882474
designed_e2_calibrated,web_attacks,time_quartile_4,0.01,0.07097137719392776,0,760619,0,6958,,0.009147812505341045
designed_e3_raw,benign,full_test,0.001,0.723804235458374,2652203,390270,1490335,550,0.5619234274299516,0.0014092807543495528
designed_e3_raw,benign,time_quartile_1,0.001,0.723804235458374,420631,339986,219347,237,0.5214713133363922,0.0006970875271334702
designed_e3_raw,benign,time_quartile_2,0.001,0.723804235458374,752591,8028,427787,307,0.5684189686031323,0.03824115595416044
designed_e3_raw,benign,time_quartile_3,0.001,0.723804235458374,759904,714,419131,2,0.5515578283572662,0.0028011204481792717
designed_e3_raw,benign,time_quartile_4,0.001,0.723804235458374,719077,41542,424070,4,0.589742127755442,9.628809397717973e-05
designed_e3_raw,benign,full_test,0.01,0.4749174416065216,2652203,390270,1918670,7700,0.7234250168633396,0.01972993056089374
designed_e3_raw,benign,time_quartile_1,0.01,0.4749174416065216,420631,339986,303167,4756,0.7207433593815007,0.013988811303994871
designed_e3_raw,benign,time_quartile_2,0.01,0.4749174416065216,752591,8028,541926,2736,0.7200803623747826,0.34080717488789236
designed_e3_raw,benign,time_quartile_3,0.01,0.4749174416065216,759904,714,537599,83,0.707456468185455,0.11624649859943978
designed_e3_raw,benign,time_quartile_4,0.01,0.4749174416065216,719077,41542,535978,125,0.7453694110644618,0.003009002936786866
designed_e3_raw,bot,full_test,0.001,0.024770870804786682,41542,3000931,41422,1598,0.9971113571806846,0.0005325014137279397
designed_e3_raw,bot,time_quartile_1,0.001,0.024770870804786682,0,760617,0,228,,0.00029975664493430993
designed_e3_raw,bot,time_quartile_2,0.001,0.024770870804786682,0,760619,0,375,,0.000493019501222031
designed_e3_raw,bot,time_quartile_3,0.001,0.024770870804786682,0,760618,0,621,,0.000816441367414392
designed_e3_raw,bot,time_quartile_4,0.001,0.024770870804786682,41542,719077,41422,374,0.9971113571806846,0.0005201111981053489
designed_e3_raw,bot,full_test,0.01,0.010834003798663616,41542,3000931,41542,11412,1.0,0.003802819858237327
designed_e3_raw,bot,time_quartile_1,0.01,0.010834003798663616,0,760617,0,5884,,0.007735824994708243
designed_e3_raw,bot,time_quartile_2,0.01,0.010834003798663616,0,760619,0,947,,0.001245038580419369
designed_e3_raw,bot,time_quartile_3,0.01,0.010834003798663616,0,760618,0,1144,,0.0015040401357843227
designed_e3_raw,bot,time_quartile_4,0.01,0.010834003798663616,41542,719077,41542,3437,1.0,0.004779738470288996
designed_e3_raw,brute_force,full_test,0.001,0.007266842760145664,37696,3004777,37696,2195,1.0,0.0007305034616545587
designed_e3_raw,brute_force,time_quartile_1,0.001,0.007266842760145664,37696,722921,37696,1852,1.0,0.002561829024194898
designed_e3_raw,brute_force,time_quartile_2,0.001,0.007266842760145664,0,760619,0,101,,0.000132786585662467
designed_e3_raw,brute_force,time_quartile_3,0.001,0.007266842760145664,0,760618,0,122,,0.00016039588860637007
designed_e3_raw,brute_force,time_quartile_4,0.001,0.007266842760145664,0,760619,0,120,,0.00015776624039104991
designed_e3_raw,brute_force,full_test,0.01,0.0016492325812578201,37696,3004777,37696,27230,1.0,0.009062236565309172
designed_e3_raw,brute_force,time_quartile_1,0.01,0.0016492325812578201,37696,722921,37696,22294,1.0,0.030838777681102086
designed_e3_raw,brute_force,time_quartile_2,0.01,0.0016492325812578201,0,760619,0,692,,0.0009097853195883878
designed_e3_raw,brute_force,time_quartile_3,0.01,0.0016492325812578201,0,760618,0,855,,0.0011240859406430035
designed_e3_raw,brute_force,time_quartile_4,0.01,0.0016492325812578201,0,760619,0,3389,,0.004455581572377235
designed_e3_raw,ddos,full_test,0.001,0.024466076865792274,262680,2779793,262680,5326,1.0,0.001915970002082889
designed_e3_raw,ddos,time_quartile_1,0.001,0.024466076865792274,262680,497937,262680,2040,1.0,0.004096903825182704
designed_e3_raw,ddos,time_quartile_2,0.001,0.024466076865792274,0,760619,0,194,,0.00025505542196553073
designed_e3_raw,ddos,time_quartile_3,0.001,0.024466076865792274,0,760618,0,323,,0.0004246546886873569
designed_e3_raw,ddos,time_quartile_4,0.001,0.024466076865792274,0,760619,0,2769,,0.003640455997023477
designed_e3_raw,ddos,full_test,0.01,0.005142753943800926,262680,2779793,262680,33112,1.0,0.011911678315615588
designed_e3_raw,ddos,time_quartile_1,0.01,0.005142753943800926,262680,497937,262680,24321,1.0,0.048843528398170855
designed_e3_raw,ddos,time_quartile_2,0.01,0.005142753943800926,0,760619,0,1812,,0.002382270229904854
designed_e3_raw,ddos,time_quartile_3,0.01,0.005142753943800926,0,760618,0,2601,,0.0034195877562718737
designed_e3_raw,ddos,time_quartile_4,0.01,0.005142753943800926,0,760619,0,4378,,0.005755838336933472
designed_e3_raw,dos,full_test,0.001,0.03159549832344055,39483,3002990,39483,5704,1.0,0.0018994402245761724
designed_e3_raw,dos,time_quartile_1,0.001,0.03159549832344055,39483,721134,39483,2133,1.0,0.0029578413997953224
designed_e3_raw,dos,time_quartile_2,0.001,0.03159549832344055,0,760619,0,338,,0.0004443749104347906
designed_e3_raw,dos,time_quartile_3,0.001,0.03159549832344055,0,760618,0,282,,0.00037075115235242923
designed_e3_raw,dos,time_quartile_4,0.001,0.03159549832344055,0,760619,0,2951,,0.0038797347949499025
designed_e3_raw,dos,full_test,0.01,0.021844180300831795,39483,3002990,39483,31159,1.0,0.010375991928045048
designed_e3_raw,dos,time_quartile_1,0.01,0.021844180300831795,39483,721134,39483,27285,1.0,0.03783624125335929
designed_e3_raw,dos,time_quartile_2,0.01,0.021844180300831795,0,760619,0,420,,0.0005521818413686747
designed_e3_raw,dos,time_quartile_3,0.01,0.021844180300831795,0,760618,0,454,,0.0005968830608794427
designed_e3_raw,dos,time_quartile_4,0.01,0.021844180300831795,0,760619,0,3000,,0.003944156009776248
designed_e3_raw,infiltration,full_test,0.001,0.9314257502555847,8742,3033731,920,841,0.1052390757263784,0.00027721640448675247
designed_e3_raw,infiltration,time_quartile_1,0.001,0.9314257502555847,0,760617,0,165,,0.00021692915093930322
designed_e3_raw,infiltration,time_quartile_2,0.001,0.9314257502555847,8028,752591,914,273,0.11385151968111609,0.0003627468306158325
designed_e3_raw,infiltration,time_quartile_3,0.001,0.9314257502555847,714,759904,6,216,0.008403361344537815,0.0002842464311281425
designed_e3_raw,infiltration,time_quartile_4,0.001,0.9314257502555847,0,760619,0,187,,0.0002458523912760528
designed_e3_raw,infiltration,full_test,0.01,0.8853575587272644,8742,3033731,1343,17952,0.15362617250057195,0.005917465984953841
designed_e3_raw,infiltration,time_quartile_1,0.01,0.8853575587272644,0,760617,0,2933,,0.003856079998211978
designed_e3_raw,infiltration,time_quartile_2,0.01,0.8853575587272644,8028,752591,1265,5230,0.1575734927752865,0.006949325729380234
designed_e3_raw,infiltration,time_quartile_3,0.01,0.8853575587272644,714,759904,78,5320,0.1092436974789916,0.007000884322230176
designed_e3_raw,infiltration,time_quartile_4,0.01,0.8853575587272644,0,760619,0,4469,,0.005875477735896684
designed_e3_raw,web_attacks,full_test,0.001,0.9422058463096619,127,3042346,40,267,0.31496062992125984,8.776122111028792e-05
designed_e3_raw,web_attacks,time_quartile_1,0.001,0.9422058463096619,127,760490,40,104,0.31496062992125984,0.0001367539349629844
designed_e3_raw,web_attacks,time_quartile_2,0.001,0.9422058463096619,0,760619,0,120,,0.00015776624039104991
designed_e3_raw,web_attacks,time_quartile_3,0.001,0.9422058463096619,0,760618,0,26,,3.418273035873461e-05
designed_e3_raw,web_attacks,time_quartile_4,0.001,0.9422058463096619,0,760619,0,17,,2.235021738873207e-05
designed_e3_raw,web_attacks,full_test,0.01,0.22710025310516357,127,3042346,126,11067,0.9921259842519685,0.0036376533109646306
designed_e3_raw,web_attacks,time_quartile_1,0.01,0.22710025310516357,127,760490,126,1949,0.9921259842519685,0.002562821338873621
designed_e3_raw,web_attacks,time_quartile_2,0.01,0.22710025310516357,0,760619,0,2354,,0.003094847749004429
designed_e3_raw,web_attacks,time_quartile_3,0.01,0.22710025310516357,0,760618,0,2109,,0.002772745320252742
designed_e3_raw,web_attacks,time_quartile_4,0.01,0.22710025310516357,0,760619,0,4655,,0.006120015408502812
designed_e3_calibrated,benign,full_test,0.001,0.723804235458374,2652203,390270,1490335,550,0.5619234274299516,0.0014092807543495528
designed_e3_calibrated,benign,time_quartile_1,0.001,0.723804235458374,420631,339986,219347,237,0.5214713133363922,0.0006970875271334702
designed_e3_calibrated,benign,time_quartile_2,0.001,0.723804235458374,752591,8028,427787,307,0.5684189686031323,0.03824115595416044
designed_e3_calibrated,benign,time_quartile_3,0.001,0.723804235458374,759904,714,419131,2,0.5515578283572662,0.0028011204481792717
designed_e3_calibrated,benign,time_quartile_4,0.001,0.723804235458374,719077,41542,424070,4,0.589742127755442,9.628809397717973e-05
designed_e3_calibrated,benign,full_test,0.01,0.474917471408844,2652203,390270,1918670,7700,0.7234250168633396,0.01972993056089374
designed_e3_calibrated,benign,time_quartile_1,0.01,0.474917471408844,420631,339986,303167,4756,0.7207433593815007,0.013988811303994871
designed_e3_calibrated,benign,time_quartile_2,0.01,0.474917471408844,752591,8028,541926,2736,0.7200803623747826,0.34080717488789236
designed_e3_calibrated,benign,time_quartile_3,0.01,0.474917471408844,759904,714,537599,83,0.707456468185455,0.11624649859943978
designed_e3_calibrated,benign,time_quartile_4,0.01,0.474917471408844,719077,41542,535978,125,0.7453694110644618,0.003009002936786866
designed_e3_calibrated,bot,full_test,0.001,0.024770868942141533,41542,3000931,41422,1598,0.9971113571806846,0.0005325014137279397
designed_e3_calibrated,bot,time_quartile_1,0.001,0.024770868942141533,0,760617,0,228,,0.00029975664493430993
designed_e3_calibrated,bot,time_quartile_2,0.001,0.024770868942141533,0,760619,0,375,,0.000493019501222031
designed_e3_calibrated,bot,time_quartile_3,0.001,0.024770868942141533,0,760618,0,621,,0.000816441367414392
designed_e3_calibrated,bot,time_quartile_4,0.001,0.024770868942141533,41542,719077,41422,374,0.9971113571806846,0.0005201111981053489
designed_e3_calibrated,bot,full_test,0.01,0.010834005661308765,41542,3000931,41542,11412,1.0,0.003802819858237327
designed_e3_calibrated,bot,time_quartile_1,0.01,0.010834005661308765,0,760617,0,5884,,0.007735824994708243
designed_e3_calibrated,bot,time_quartile_2,0.01,0.010834005661308765,0,760619,0,947,,0.001245038580419369
designed_e3_calibrated,bot,time_quartile_3,0.01,0.010834005661308765,0,760618,0,1144,,0.0015040401357843227
designed_e3_calibrated,bot,time_quartile_4,0.01,0.010834005661308765,41542,719077,41542,3437,1.0,0.004779738470288996
designed_e3_calibrated,brute_force,full_test,0.001,0.007266844157129526,37696,3004777,37696,2195,1.0,0.0007305034616545587
designed_e3_calibrated,brute_force,time_quartile_1,0.001,0.007266844157129526,37696,722921,37696,1852,1.0,0.002561829024194898
designed_e3_calibrated,brute_force,time_quartile_2,0.001,0.007266844157129526,0,760619,0,101,,0.000132786585662467
designed_e3_calibrated,brute_force,time_quartile_3,0.001,0.007266844157129526,0,760618,0,122,,0.00016039588860637007
designed_e3_calibrated,brute_force,time_quartile_4,0.001,0.007266844157129526,0,760619,0,120,,0.00015776624039104991
designed_e3_calibrated,brute_force,full_test,0.01,0.0016492322320118546,37696,3004777,37696,27230,1.0,0.009062236565309172
designed_e3_calibrated,brute_force,time_quartile_1,0.01,0.0016492322320118546,37696,722921,37696,22294,1.0,0.030838777681102086
designed_e3_calibrated,brute_force,time_quartile_2,0.01,0.0016492322320118546,0,760619,0,692,,0.0009097853195883878
designed_e3_calibrated,brute_force,time_quartile_3,0.01,0.0016492322320118546,0,760618,0,855,,0.0011240859406430035
designed_e3_calibrated,brute_force,time_quartile_4,0.01,0.0016492322320118546,0,760619,0,3389,,0.004455581572377235
designed_e3_calibrated,ddos,full_test,0.001,0.024466075003147125,262680,2779793,262680,5326,1.0,0.001915970002082889
designed_e3_calibrated,ddos,time_quartile_1,0.001,0.024466075003147125,262680,497937,262680,2040,1.0,0.004096903825182704
designed_e3_calibrated,ddos,time_quartile_2,0.001,0.024466075003147125,0,760619,0,194,,0.00025505542196553073
designed_e3_calibrated,ddos,time_quartile_3,0.001,0.024466075003147125,0,760618,0,323,,0.0004246546886873569
designed_e3_calibrated,ddos,time_quartile_4,0.001,0.024466075003147125,0,760619,0,2769,,0.003640455997023477
designed_e3_calibrated,ddos,full_test,0.01,0.005142754875123501,262680,2779793,262680,33112,1.0,0.011911678315615588
designed_e3_calibrated,ddos,time_quartile_1,0.01,0.005142754875123501,262680,497937,262680,24321,1.0,0.048843528398170855
designed_e3_calibrated,ddos,time_quartile_2,0.01,0.005142754875123501,0,760619,0,1812,,0.002382270229904854
designed_e3_calibrated,ddos,time_quartile_3,0.01,0.005142754875123501,0,760618,0,2601,,0.0034195877562718737
designed_e3_calibrated,ddos,time_quartile_4,0.01,0.005142754875123501,0,760619,0,4378,,0.005755838336933472
designed_e3_calibrated,dos,full_test,0.001,0.03159549832344055,39483,3002990,39483,5704,1.0,0.0018994402245761724
designed_e3_calibrated,dos,time_quartile_1,0.001,0.03159549832344055,39483,721134,39483,2133,1.0,0.0029578413997953224
designed_e3_calibrated,dos,time_quartile_2,0.001,0.03159549832344055,0,760619,0,338,,0.0004443749104347906
designed_e3_calibrated,dos,time_quartile_3,0.001,0.03159549832344055,0,760618,0,282,,0.00037075115235242923
designed_e3_calibrated,dos,time_quartile_4,0.001,0.03159549832344055,0,760619,0,2951,,0.0038797347949499025
designed_e3_calibrated,dos,full_test,0.01,0.021844178438186646,39483,3002990,39483,31159,1.0,0.010375991928045048
designed_e3_calibrated,dos,time_quartile_1,0.01,0.021844178438186646,39483,721134,39483,27285,1.0,0.03783624125335929
designed_e3_calibrated,dos,time_quartile_2,0.01,0.021844178438186646,0,760619,0,420,,0.0005521818413686747
designed_e3_calibrated,dos,time_quartile_3,0.01,0.021844178438186646,0,760618,0,454,,0.0005968830608794427
designed_e3_calibrated,dos,time_quartile_4,0.01,0.021844178438186646,0,760619,0,3000,,0.003944156009776248
designed_e3_calibrated,infiltration,full_test,0.001,0.9314257502555847,8742,3033731,920,841,0.1052390757263784,0.00027721640448675247
designed_e3_calibrated,infiltration,time_quartile_1,0.001,0.9314257502555847,0,760617,0,165,,0.00021692915093930322
designed_e3_calibrated,infiltration,time_quartile_2,0.001,0.9314257502555847,8028,752591,914,273,0.11385151968111609,0.0003627468306158325
designed_e3_calibrated,infiltration,time_quartile_3,0.001,0.9314257502555847,714,759904,6,216,0.008403361344537815,0.0002842464311281425
designed_e3_calibrated,infiltration,time_quartile_4,0.001,0.9314257502555847,0,760619,0,187,,0.0002458523912760528
designed_e3_calibrated,infiltration,full_test,0.01,0.8853576183319092,8742,3033731,1343,17952,0.15362617250057195,0.005917465984953841
designed_e3_calibrated,infiltration,time_quartile_1,0.01,0.8853576183319092,0,760617,0,2933,,0.003856079998211978
designed_e3_calibrated,infiltration,time_quartile_2,0.01,0.8853576183319092,8028,752591,1265,5230,0.1575734927752865,0.006949325729380234
designed_e3_calibrated,infiltration,time_quartile_3,0.01,0.8853576183319092,714,759904,78,5320,0.1092436974789916,0.007000884322230176
designed_e3_calibrated,infiltration,time_quartile_4,0.01,0.8853576183319092,0,760619,0,4469,,0.005875477735896684
designed_e3_calibrated,web_attacks,full_test,0.001,0.9422058463096619,127,3042346,40,267,0.31496062992125984,8.776122111028792e-05
designed_e3_calibrated,web_attacks,time_quartile_1,0.001,0.9422058463096619,127,760490,40,104,0.31496062992125984,0.0001367539349629844
designed_e3_calibrated,web_attacks,time_quartile_2,0.001,0.9422058463096619,0,760619,0,120,,0.00015776624039104991
designed_e3_calibrated,web_attacks,time_quartile_3,0.001,0.9422058463096619,0,760618,0,26,,3.418273035873461e-05
designed_e3_calibrated,web_attacks,time_quartile_4,0.001,0.9422058463096619,0,760619,0,17,,2.235021738873207e-05
designed_e3_calibrated,web_attacks,full_test,0.01,0.22710025310516357,127,3042346,126,11067,0.9921259842519685,0.0036376533109646306
designed_e3_calibrated,web_attacks,time_quartile_1,0.01,0.22710025310516357,127,760490,126,1949,0.9921259842519685,0.002562821338873621
designed_e3_calibrated,web_attacks,time_quartile_2,0.01,0.22710025310516357,0,760619,0,2354,,0.003094847749004429
designed_e3_calibrated,web_attacks,time_quartile_3,0.01,0.22710025310516357,0,760618,0,2109,,0.002772745320252742
designed_e3_calibrated,web_attacks,time_quartile_4,0.01,0.22710025310516357,0,760619,0,4655,,0.006120015408502812
designed_e4_raw,benign,full_test,0.001,0.8673614263534546,2652203,390270,1658580,272,0.625359371058701,0.0006969533912419606
designed_e4_raw,benign,time_quartile_1,0.001,0.8673614263534546,420631,339986,246520,1,0.5860718777265584,2.9412975828416463e-06
designed_e4_raw,benign,time_quartile_2,0.001,0.8673614263534546,752591,8028,476251,267,0.6328151678667431,0.033258594917787744
designed_e4_raw,benign,time_quartile_3,0.001,0.8673614263534546,759904,714,465295,4,0.6123076072767086,0.0056022408963585435
designed_e4_raw,benign,time_quartile_4,0.001,0.8673614263534546,719077,41542,470514,0,0.6543304819928881,0.0
designed_e4_raw,benign,full_test,0.01,0.3821640610694885,2652203,390270,2359545,3152,0.8896547511634667,0.008076459886745074
designed_e4_raw,benign,time_quartile_1,0.01,0.3821640610694885,420631,339986,375482,5,0.89266364105356,1.4706487914208232e-05
designed_e4_raw,benign,time_quartile_2,0.01,0.3821640610694885,752591,8028,669444,2832,0.8895190083325472,0.35276532137518685
designed_e4_raw,benign,time_quartile_3,0.01,0.3821640610694885,759904,714,672518,195,0.885003895228871,0.27310924369747897
designed_e4_raw,benign,time_quartile_4,0.01,0.3821640610694885,719077,41542,642101,120,0.8929516588626809,0.002888642819315392
designed_e4_raw,bot,full_test,0.001,0.047006066888570786,41542,3000931,41422,1215,0.9971113571806846,0.00040487435399214446
designed_e4_raw,bot,time_quartile_1,0.001,0.047006066888570786,0,760617,0,206,,0.0002708327581424028
designed_e4_raw,bot,time_quartile_2,0.001,0.047006066888570786,0,760619,0,329,,0.0004325424424054619
designed_e4_raw,bot,time_quartile_3,0.001,0.047006066888570786,0,760618,0,485,,0.0006376393932302417
designed_e4_raw,bot,time_quartile_4,0.001,0.047006066888570786,41542,719077,41422,195,0.9971113571806846,0.00027118097227417923
designed_e4_raw,bot,full_test,0.01,0.015100342221558094,41542,3000931,41422,12114,0.9971113571806846,0.004036747262766122
designed_e4_raw,bot,time_quartile_1,0.01,0.015100342221558094,0,760617,0,6729,,0.008846765191942857
designed_e4_raw,bot,time_quartile_2,0.01,0.015100342221558094,0,760619,0,966,,0.0012700182351479518
designed_e4_raw,bot,time_quartile_3,0.01,0.015100342221558094,0,760618,0,1090,,0.0014330452342700278
designed_e4_raw,bot,time_quartile_4,0.01,0.015100342221558094,41542,719077,41422,3329,0.9971113571806846,0.00462954593179868
designed_e4_raw,brute_force,full_test,0.001,0.004149218555539846,37696,3004777,37696,4518,1.0,0.0015036057584306589
designed_e4_raw,brute_force,time_quartile_1,0.001,0.004149218555539846,37696,722921,37696,1726,1.0,0.0023875361208209474
designed_e4_raw,brute_force,time_quartile_2,0.001,0.004149218555539846,0,760619,0,35,,4.601515344738956e-05
designed_e4_raw,brute_force,time_quartile_3,0.001,0.004149218555539846,0,760618,0,93,,0.00012226899705239686
designed_e4_raw,brute_force,time_quartile_4,0.001,0.004149218555539846,0,760619,0,2664,,0.0035024105366813084
designed_e4_raw,brute_force,full_test,0.01,0.0012940781889483333,37696,3004777,37696,26670,1.0,0.008875866661652429
designed_e4_raw,brute_force,time_quartile_1,0.01,0.0012940781889483333,37696,722921,37696,22191,1.0,0.030696300148978933
designed_e4_raw,brute_force,time_quartile_2,0.01,0.0012940781889483333,0,760619,0,520,,0.0006836537083612164
designed_e4_raw,brute_force,time_quartile_3,0.01,0.0012940781889483333,0,760618,0,796,,0.0010465174371366442
designed_e4_raw,brute_force,time_quartile_4,0.01,0.0012940781889483333,0,760619,0,3163,,0.004158455152974091
designed_e4_raw,ddos,full_test,0.001,0.017510823905467987,262680,2779793,262680,4461,1.0,0.0016047957527772752
designed_e4_raw,ddos,time_quartile_1,0.001,0.017510823905467987,262680,497937,262680,686,1.0,0.001377684325527125
designed_e4_raw,ddos,time_quartile_2,0.001,0.017510823905467987,0,760619,0,428,,0.000562699590728078
designed_e4_raw,ddos,time_quartile_3,0.001,0.017510823905467987,0,760618,0,417,,0.0005482384061381665
designed_e4_raw,ddos,time_quartile_4,0.001,0.017510823905467987,0,760619,0,2930,,0.003852125702881469
designed_e4_raw,ddos,full_test,0.01,0.00812456477433443,262680,2779793,262680,18694,1.0,0.0067249611751666405
designed_e4_raw,ddos,time_quartile_1,0.01,0.00812456477433443,262680,497937,262680,13668,1.0,0.027449255628724117
designed_e4_raw,ddos,time_quartile_2,0.01,0.00812456477433443,0,760619,0,759,,0.0009978714704733907
designed_e4_raw,ddos,time_quartile_3,0.01,0.00812456477433443,0,760618,0,968,,0.0012726493456636577
designed_e4_raw,ddos,time_quartile_4,0.01,0.00812456477433443,0,760619,0,3299,,0.004337256892083948
designed_e4_raw,dos,full_test,0.001,0.021884707733988762,39483,3002990,39483,6251,1.0,0.0020815920132934177
designed_e4_raw,dos,time_quartile_1,0.001,0.021884707733988762,39483,721134,39483,669,1.0,0.0009277055304561982
designed_e4_raw,dos,time_quartile_2,0.001,0.021884707733988762,0,760619,0,978,,0.0012857948591870568
designed_e4_raw,dos,time_quartile_3,0.001,0.021884707733988762,0,760618,0,1002,,0.0013173498392096952
designed_e4_raw,dos,time_quartile_4,0.001,0.021884707733988762,0,760619,0,3602,,0.0047356166490713485
designed_e4_raw,dos,full_test,0.01,0.003154806327074766,39483,3002990,39483,37183,1.0,0.012381992614028019
designed_e4_raw,dos,time_quartile_1,0.01,0.003154806327074766,39483,721134,39483,26199,1.0,0.03633027980930035
designed_e4_raw,dos,time_quartile_2,0.01,0.003154806327074766,0,760619,0,2850,,0.0037469482092874354
designed_e4_raw,dos,time_quartile_3,0.01,0.003154806327074766,0,760618,0,3269,,0.00429782098241167
designed_e4_raw,dos,time_quartile_4,0.01,0.003154806327074766,0,760619,0,4865,,0.006396106329187149
designed_e4_raw,infiltration,full_test,0.001,0.9933730959892273,8742,3033731,605,1,0.06920613132006406,3.2962711591766044e-07
designed_e4_raw,infiltration,time_quartile_1,0.001,0.9933730959892273,0,760617,0,1,,1.314722126904868e-06
designed_e4_raw,infiltration,time_quartile_2,0.001,0.9933730959892273,8028,752591,605,0,0.07536123567513701,0.0
designed_e4_raw,infiltration,time_quartile_3,0.001,0.9933730959892273,714,759904,0,0,0.0,0.0
designed_e4_raw,infiltration,time_quartile_4,0.001,0.9933730959892273,0,760619,0,0,,0.0
designed_e4_raw,infiltration,full_test,0.01,0.8087360858917236,8742,3033731,1510,12876,0.1727293525509037,0.004244278744555796
designed_e4_raw,infiltration,time_quartile_1,0.01,0.8087360858917236,0,760617,0,2400,,0.003155333104571683
designed_e4_raw,infiltration,time_quartile_2,0.01,0.8087360858917236,8028,752591,1442,3642,0.17962132536123568,0.004839281894149678
designed_e4_raw,infiltration,time_quartile_3,0.01,0.8087360858917236,714,759904,68,3978,0.09523809523809523,0.0052348717732766245
designed_e4_raw,infiltration,time_quartile_4,0.01,0.8087360858917236,0,760619,0,2856,,0.003754836521306988
designed_e4_raw,web_attacks,full_test,0.001,0.9126103520393372,127,3042346,92,464,0.7244094488188977,0.0001525138823789273
designed_e4_raw,web_attacks,time_quartile_1,0.001,0.9126103520393372,127,760490,92,124,0.7244094488188977,0.00016305276860971215
designed_e4_raw,web_attacks,time_quartile_2,0.001,0.9126103520393372,0,760619,0,236,,0.00031027360610239816
designed_e4_raw,web_attacks,time_quartile_3,0.001,0.9126103520393372,0,760618,0,51,,6.705074031905635e-05
designed_e4_raw,web_attacks,time_quartile_4,0.001,0.9126103520393372,0,760619,0,53,,6.968008950604705e-05
designed_e4_raw,web_attacks,full_test,0.01,0.3665430545806885,127,3042346,125,4649,0.984251968503937,0.0015280970671974852
designed_e4_raw,web_attacks,time_quartile_1,0.01,0.3665430545806885,127,760490,125,1278,0.984251968503937,0.0016804954700259044
designed_e4_raw,web_attacks,time_quartile_2,0.01,0.3665430545806885,0,760619,0,1266,,0.0016644338361255766
designed_e4_raw,web_attacks,time_quartile_3,0.01,0.3665430545806885,0,760618,0,1045,,0.0013738828163414487
designed_e4_raw,web_attacks,time_quartile_4,0.01,0.3665430545806885,0,760619,0,1060,,0.001393601790120941
designed_e4_calibrated,benign,full_test,0.001,0.8033777475357056,2652203,390270,1677160,284,0.6323648679984148,0.0007277013349732236
designed_e4_calibrated,benign,time_quartile_1,0.001,0.8033777475357056,420631,339986,249498,1,0.5931517173009122,2.9412975828416463e-06
designed_e4_calibrated,benign,time_quartile_2,0.001,0.8033777475357056,752591,8028,481195,279,0.6393844731069067,0.034753363228699555
designed_e4_calibrated,benign,time_quartile_3,0.001,0.8033777475357056,759904,714,470951,4,0.6197506527140271,0.0056022408963585435
designed_e4_calibrated,benign,time_quartile_4,0.001,0.8033777475357056,719077,41542,475516,0,0.661286621599634,0.0
designed_e4_calibrated,benign,full_test,0.01,0.4045751988887787,2652203,390270,2358053,3138,0.8890921999560365,0.008040587285725266
designed_e4_calibrated,benign,time_quartile_1,0.01,0.4045751988887787,420631,339986,375245,5,0.8921002018396171,1.4706487914208232e-05
designed_e4_calibrated,benign,time_quartile_2,0.01,0.4045751988887787,752591,8028,668978,2818,0.8888998141088585,0.3510214250124564
designed_e4_calibrated,benign,time_quartile_3,0.01,0.4045751988887787,759904,714,672129,195,0.8844919884617004,0.27310924369747897
designed_e4_calibrated,benign,time_quartile_4,0.01,0.4045751988887787,719077,41542,641701,120,0.8923953902016056,0.002888642819315392
designed_e4_calibrated,bot,full_test,0.001,0.06788434088230133,41542,3000931,41422,1218,0.9971113571806846,0.000405874043755088
designed_e4_calibrated,bot,time_quartile_1,0.001,0.06788434088230133,0,760617,0,209,,0.0002747769245231174
designed_e4_calibrated,bot,time_quartile_2,0.001,0.06788434088230133,0,760619,0,328,,0.00043122772373553646
designed_e4_calibrated,bot,time_quartile_3,0.001,0.06788434088230133,0,760618,0,479,,0.0006297510708397645
designed_e4_calibrated,bot,time_quartile_4,0.001,0.06788434088230133,41542,719077,41422,202,0.9971113571806846,0.00028091567384299596
designed_e4_calibrated,bot,full_test,0.01,0.028070541098713875,41542,3000931,41422,12437,0.9971113571806846,0.004144380527243046
designed_e4_calibrated,bot,time_quartile_1,0.01,0.028070541098713875,0,760617,0,6986,,0.009184648778557408
designed_e4_calibrated,bot,time_quartile_2,0.01,0.028070541098713875,0,760619,0,984,,0.0012936831712066093
designed_e4_calibrated,bot,time_quartile_3,0.01,0.028070541098713875,0,760618,0,1133,,0.0014895782114017811
designed_e4_calibrated,bot,time_quartile_4,0.01,0.028070541098713875,41542,719077,41422,3334,0.9971113571806846,0.0046364992900621215
designed_e4_calibrated,brute_force,full_test,0.001,0.009883029386401176,37696,3004777,37696,4531,1.0,0.0015079322026226906
designed_e4_calibrated,brute_force,time_quartile_1,0.001,0.009883029386401176,37696,722921,37696,1745,1.0,0.0024138183840281303
designed_e4_calibrated,brute_force,time_quartile_2,0.001,0.009883029386401176,0,760619,0,32,,4.2070997437613314e-05
designed_e4_calibrated,brute_force,time_quartile_3,0.001,0.009883029386401176,0,760618,0,88,,0.00011569539506033252
designed_e4_calibrated,brute_force,time_quartile_4,0.001,0.009883029386401176,0,760619,0,2666,,0.003505039974021159
designed_e4_calibrated,brute_force,full_test,0.01,0.0038607262540608644,37696,3004777,37696,26922,1.0,0.008959733118297963
designed_e4_calibrated,brute_force,time_quartile_1,0.01,0.0038607262540608644,37696,722921,37696,22316,1.0,0.03086920977534198
designed_e4_calibrated,brute_force,time_quartile_2,0.01,0.0038607262540608644,0,760619,0,535,,0.0007033744884100975
designed_e4_calibrated,brute_force,time_quartile_3,0.01,0.0038607262540608644,0,760618,0,872,,0.0011464361874160222
designed_e4_calibrated,brute_force,time_quartile_4,0.01,0.0038607262540608644,0,760619,0,3199,,0.004205785025091406
designed_e4_calibrated,ddos,full_test,0.001,0.031206516548991203,262680,2779793,262680,4464,1.0,0.00160587496982689
designed_e4_calibrated,ddos,time_quartile_1,0.001,0.031206516548991203,262680,497937,262680,685,1.0,0.00137567603933831
designed_e4_calibrated,ddos,time_quartile_2,0.001,0.031206516548991203,0,760619,0,431,,0.0005666437467378543
designed_e4_calibrated,ddos,time_quartile_3,0.001,0.031206516548991203,0,760618,0,420,,0.0005521825673334052
designed_e4_calibrated,ddos,time_quartile_4,0.001,0.031206516548991203,0,760619,0,2928,,0.003849496265541618
designed_e4_calibrated,ddos,full_test,0.01,0.016826853156089783,262680,2779793,262680,19648,1.0,0.007068152196944161
designed_e4_calibrated,ddos,time_quartile_1,0.01,0.016826853156089783,262680,497937,262680,14515,1.0,0.029150274030650465
designed_e4_calibrated,ddos,time_quartile_2,0.01,0.016826853156089783,0,760619,0,780,,0.0010254805625418246
designed_e4_calibrated,ddos,time_quartile_3,0.01,0.016826853156089783,0,760618,0,1004,,0.001319979280006521
designed_e4_calibrated,ddos,time_quartile_4,0.01,0.016826853156089783,0,760619,0,3349,,0.0044029928255802184
designed_e4_calibrated,dos,full_test,0.001,0.03903261199593544,39483,3002990,39483,6269,1.0,0.00208758603924755
designed_e4_calibrated,dos,time_quartile_1,0.001,0.03903261199593544,39483,721134,39483,643,1.0,0.0008916512049078258
designed_e4_calibrated,dos,time_quartile_2,0.001,0.03903261199593544,0,760619,0,982,,0.0012910537338667585
designed_e4_calibrated,dos,time_quartile_3,0.001,0.03903261199593544,0,760618,0,1015,,0.0013344412043890625
designed_e4_calibrated,dos,time_quartile_4,0.001,0.03903261199593544,0,760619,0,3629,,0.0047711140531593345
designed_e4_calibrated,dos,full_test,0.01,0.00825644563883543,39483,3002990,39483,37596,1.0,0.012519522209531167
designed_e4_calibrated,dos,time_quartile_1,0.01,0.00825644563883543,39483,721134,39483,26439,1.0,0.036663088968208406
designed_e4_calibrated,dos,time_quartile_2,0.01,0.00825644563883543,0,760619,0,2897,,0.00380873998677393
designed_e4_calibrated,dos,time_quartile_3,0.01,0.00825644563883543,0,760618,0,3356,,0.00441220165707359
designed_e4_calibrated,dos,time_quartile_4,0.01,0.00825644563883543,0,760619,0,4904,,0.00644738035731424
designed_e4_calibrated,infiltration,full_test,0.001,0.9812350869178772,8742,3033731,588,1,0.06726149622512011,3.2962711591766044e-07
designed_e4_calibrated,infiltration,time_quartile_1,0.001,0.9812350869178772,0,760617,0,1,,1.314722126904868e-06
designed_e4_calibrated,infiltration,time_quartile_2,0.001,0.9812350869178772,8028,752591,588,0,0.07324364723467862,0.0
designed_e4_calibrated,infiltration,time_quartile_3,0.001,0.9812350869178772,714,759904,0,0,0.0,0.0
designed_e4_calibrated,infiltration,time_quartile_4,0.001,0.9812350869178772,0,760619,0,0,,0.0
designed_e4_calibrated,infiltration,full_test,0.01,0.7589567303657532,8742,3033731,1510,12865,0.1727293525509037,0.004240652846280702
designed_e4_calibrated,infiltration,time_quartile_1,0.01,0.7589567303657532,0,760617,0,2397,,0.0031513889381909687
designed_e4_calibrated,infiltration,time_quartile_2,0.01,0.7589567303657532,8028,752591,1442,3627,0.17962132536123568,0.004819350749610346
designed_e4_calibrated,infiltration,time_quartile_3,0.01,0.7589567303657532,714,759904,68,3985,0.09523809523809523,0.005244083463174296
designed_e4_calibrated,infiltration,time_quartile_4,0.01,0.7589567303657532,0,760619,0,2856,,0.003754836521306988
designed_e4_calibrated,web_attacks,full_test,0.001,0.8608384728431702,127,3042346,87,367,0.6850393700787402,0.00012063059231264295
designed_e4_calibrated,web_attacks,time_quartile_1,0.001,0.8608384728431702,127,760490,87,92,0.6850393700787402,0.00012097463477494773
designed_e4_calibrated,web_attacks,time_quartile_2,0.001,0.8608384728431702,0,760619,0,223,,0.0002931822633933678
designed_e4_calibrated,web_attacks,time_quartile_3,0.001,0.8608384728431702,0,760618,0,30,,3.944161195238609e-05
designed_e4_calibrated,web_attacks,time_quartile_4,0.001,0.8608384728431702,0,760619,0,22,,2.8923810738359152e-05
designed_e4_calibrated,web_attacks,full_test,0.01,0.36848604679107666,127,3042346,125,4667,0.984251968503937,0.001534013554013909
designed_e4_calibrated,web_attacks,time_quartile_1,0.01,0.36848604679107666,127,760490,125,1243,0.984251968503937,0.0016344725111441308
designed_e4_calibrated,web_attacks,time_quartile_2,0.01,0.36848604679107666,0,760619,0,1363,,0.001791961547108342
designed_e4_calibrated,web_attacks,time_quartile_3,0.01,0.36848604679107666,0,760618,0,1030,,0.0013541620103652556
designed_e4_calibrated,web_attacks,time_quartile_4,0.01,0.36848604679107666,0,760619,0,1031,,0.0013554749486931039
matched_random_e1_raw,benign,full_test,0.001,0.9965017437934875,2652203,390270,1479043,324,0.5576658347796153,0.0008301944807441003
matched_random_e1_raw,benign,time_quartile_1,0.001,0.9965017437934875,420631,339986,210623,0,0.5007310445497359,0.0
matched_random_e1_raw,benign,time_quartile_2,0.001,0.9965017437934875,752591,8028,430853,324,0.5724928945469717,0.04035874439461883
matched_random_e1_raw,benign,time_quartile_3,0.001,0.9965017437934875,759904,714,416052,0,0.5475060007579905,0.0
matched_random_e1_raw,benign,time_quartile_4,0.001,0.9965017437934875,719077,41542,421515,0,0.586188961682824,0.0
matched_random_e1_raw,benign,full_test,0.01,0.9575369358062744,2652203,390270,2333902,3051,0.8799861850695441,0.00781766469367361
matched_random_e1_raw,benign,time_quartile_1,0.01,0.9575369358062744,420631,339986,374143,50,0.8894803283638153,0.00014706487914208232
matched_random_e1_raw,benign,time_quartile_2,0.01,0.9575369358062744,752591,8028,661553,2845,0.8790338975618895,0.35438465371200795
matched_random_e1_raw,benign,time_quartile_3,0.01,0.9575369358062744,759904,714,667466,156,0.8783556870341517,0.2184873949579832
matched_random_e1_raw,benign,time_quartile_4,0.01,0.9575369358062744,719077,41542,630740,0,0.8771522382164915,0.0
matched_random_e1_raw,bot,full_test,0.001,0.01811322011053562,41542,3000931,41422,667,0.9971113571806846,0.00022226435729445296
matched_random_e1_raw,bot,time_quartile_1,0.001,0.01811322011053562,0,760617,0,141,,0.0001853758198935864
matched_random_e1_raw,bot,time_quartile_2,0.001,0.01811322011053562,0,760619,0,200,,0.0002629437339850832
matched_random_e1_raw,bot,time_quartile_3,0.001,0.01811322011053562,0,760618,0,104,,0.00013673092143493844
matched_random_e1_raw,bot,time_quartile_4,0.001,0.01811322011053562,41542,719077,41422,222,0.9971113571806846,0.00030872910689675793
matched_random_e1_raw,bot,full_test,0.01,0.004369932226836681,41542,3000931,41542,3836,1.0,0.0012782699768838404
matched_random_e1_raw,bot,time_quartile_1,0.01,0.004369932226836681,0,760617,0,2876,,0.0037811408369784003
matched_random_e1_raw,bot,time_quartile_2,0.01,0.004369932226836681,0,760619,0,338,,0.0004443749104347906
matched_random_e1_raw,bot,time_quartile_3,0.01,0.004369932226836681,0,760618,0,161,,0.000211669984144472
matched_random_e1_raw,bot,time_quartile_4,0.01,0.004369932226836681,41542,719077,41542,461,1.0,0.0006410996318892135
matched_random_e1_raw,brute_force,full_test,0.001,0.0020737703889608383,37696,3004777,37676,312,0.9994694397283531,0.00010383466060875732
matched_random_e1_raw,brute_force,time_quartile_1,0.001,0.0020737703889608383,37696,722921,37676,34,0.9994694397283531,4.703141837074867e-05
matched_random_e1_raw,brute_force,time_quartile_2,0.001,0.0020737703889608383,0,760619,0,80,,0.00010517749359403328
matched_random_e1_raw,brute_force,time_quartile_3,0.001,0.0020737703889608383,0,760618,0,23,,3.0238569163496e-05
matched_random_e1_raw,brute_force,time_quartile_4,0.001,0.0020737703889608383,0,760619,0,175,,0.0002300757672369478
matched_random_e1_raw,brute_force,full_test,0.01,0.0003423680900596082,37696,3004777,37696,1827,1.0,0.000608031810680127
matched_random_e1_raw,brute_force,time_quartile_1,0.01,0.0003423680900596082,37696,722921,37696,446,1.0,0.0006169415468633503
matched_random_e1_raw,brute_force,time_quartile_2,0.01,0.0003423680900596082,0,760619,0,301,,0.00039573031964755024
matched_random_e1_raw,brute_force,time_quartile_3,0.01,0.0003423680900596082,0,760618,0,192,,0.00025242631649527095
matched_random_e1_raw,brute_force,time_quartile_4,0.01,0.0003423680900596082,0,760619,0,888,,0.0011674701788937695
matched_random_e1_raw,ddos,full_test,0.001,0.006239213049411774,262680,2779793,262680,586,1.0,0.00021080706369143315
matched_random_e1_raw,ddos,time_quartile_1,0.001,0.006239213049411774,262680,497937,262680,24,1.0,4.819886853156122e-05
matched_random_e1_raw,ddos,time_quartile_2,0.001,0.006239213049411774,0,760619,0,179,,0.00023533464191664947
matched_random_e1_raw,ddos,time_quartile_3,0.001,0.006239213049411774,0,760618,0,53,,6.968018111588208e-05
matched_random_e1_raw,ddos,time_quartile_4,0.001,0.006239213049411774,0,760619,0,330,,0.0004338571610753873
matched_random_e1_raw,ddos,full_test,0.01,0.0013934450689703226,262680,2779793,262680,1737,1.0,0.0006248666717269955
matched_random_e1_raw,ddos,time_quartile_1,0.01,0.0013934450689703226,262680,497937,262680,460,1.0,0.0009238116468549234
matched_random_e1_raw,ddos,time_quartile_2,0.01,0.0013934450689703226,0,760619,0,321,,0.00042202469304605854
matched_random_e1_raw,ddos,time_quartile_3,0.01,0.0013934450689703226,0,760618,0,137,,0.00018011669458256312
matched_random_e1_raw,ddos,time_quartile_4,0.01,0.0013934450689703226,0,760619,0,819,,0.0010767545906689158
matched_random_e1_raw,dos,full_test,0.001,0.0016848861705511808,39483,3002990,39483,5581,1.0,0.0018584810472229345
matched_random_e1_raw,dos,time_quartile_1,0.001,0.0016848861705511808,39483,721134,39483,4466,1.0,0.0061930237653473556
matched_random_e1_raw,dos,time_quartile_2,0.001,0.0016848861705511808,0,760619,0,361,,0.0004746134398430752
matched_random_e1_raw,dos,time_quartile_3,0.001,0.0016848861705511808,0,760618,0,344,,0.00045226381705402714
matched_random_e1_raw,dos,time_quartile_4,0.001,0.0016848861705511808,0,760619,0,410,,0.0005390346546694205
matched_random_e1_raw,dos,full_test,0.01,0.000780585512984544,39483,3002990,39483,21082,1.0,0.007020336398056604
matched_random_e1_raw,dos,time_quartile_1,0.01,0.000780585512984544,39483,721134,39483,18905,1.0,0.026215654788153103
matched_random_e1_raw,dos,time_quartile_2,0.01,0.000780585512984544,0,760619,0,648,,0.0008519376981116696
matched_random_e1_raw,dos,time_quartile_3,0.01,0.000780585512984544,0,760618,0,702,,0.0009229337196858344
matched_random_e1_raw,dos,time_quartile_4,0.01,0.000780585512984544,0,760619,0,827,,0.001087272340028319
matched_random_e1_raw,infiltration,full_test,0.001,0.9986461400985718,8742,3033731,619,3,0.07080759551590025,9.888813477529813e-07
matched_random_e1_raw,infiltration,time_quartile_1,0.001,0.9986461400985718,0,760617,0,3,,3.944166380714604e-06
matched_random_e1_raw,infiltration,time_quartile_2,0.001,0.9986461400985718,8028,752591,619,0,0.07710513203786747,0.0
matched_random_e1_raw,infiltration,time_quartile_3,0.001,0.9986461400985718,714,759904,0,0,0.0,0.0
matched_random_e1_raw,infiltration,time_quartile_4,0.001,0.9986461400985718,0,760619,0,0,,0.0
matched_random_e1_raw,infiltration,full_test,0.01,0.219191312789917,8742,3033731,2834,13660,0.3241821093571265,0.004502706403435242
matched_random_e1_raw,infiltration,time_quartile_1,0.01,0.219191312789917,0,760617,0,1873,,0.002462474543692818
matched_random_e1_raw,infiltration,time_quartile_2,0.01,0.219191312789917,8028,752591,2730,3762,0.3400597907324365,0.004998731050464329
matched_random_e1_raw,infiltration,time_quartile_3,0.01,0.219191312789917,714,759904,104,4373,0.14565826330532214,0.0057546742746452184
matched_random_e1_raw,infiltration,time_quartile_4,0.01,0.219191312789917,0,760619,0,3652,,0.004801352582567619
matched_random_e1_raw,web_attacks,full_test,0.001,0.2565383017063141,127,3042346,80,362,0.6299212598425197,0.00011898712375252519
matched_random_e1_raw,web_attacks,time_quartile_1,0.001,0.2565383017063141,127,760490,80,107,0.6299212598425197,0.00014069876000999355
matched_random_e1_raw,web_attacks,time_quartile_2,0.001,0.2565383017063141,0,760619,0,189,,0.00024848182861590364
matched_random_e1_raw,web_attacks,time_quartile_3,0.001,0.2565383017063141,0,760618,0,32,,4.207105274921182e-05
matched_random_e1_raw,web_attacks,time_quartile_4,0.001,0.2565383017063141,0,760619,0,34,,4.470043477746414e-05
matched_random_e1_raw,web_attacks,full_test,0.01,0.038986463099718094,127,3042346,95,10380,0.7480314960629921,0.0034118407308044514
matched_random_e1_raw,web_attacks,time_quartile_1,0.01,0.038986463099718094,127,760490,95,8629,0.7480314960629921,0.011346631776880695
matched_random_e1_raw,web_attacks,time_quartile_2,0.01,0.038986463099718094,0,760619,0,688,,0.0009045264449086862
matched_random_e1_raw,web_attacks,time_quartile_3,0.01,0.038986463099718094,0,760618,0,361,,0.0004746140638270459
matched_random_e1_raw,web_attacks,time_quartile_4,0.01,0.038986463099718094,0,760619,0,702,,0.000922932506287642
matched_random_e1_calibrated,benign,full_test,0.001,0.9882126450538635,2652203,390270,1494013,343,0.563310199106177,0.0008788787249852666
matched_random_e1_calibrated,benign,time_quartile_1,0.001,0.9882126450538635,420631,339986,212981,0,0.50633690812137,0.0
matched_random_e1_calibrated,benign,time_quartile_2,0.001,0.9882126450538635,752591,8028,435195,343,0.5782622965196236,0.04272546088689586
matched_random_e1_calibrated,benign,time_quartile_3,0.001,0.9882126450538635,759904,714,420585,0,0.5534712279445825,0.0
matched_random_e1_calibrated,benign,time_quartile_4,0.001,0.9882126450538635,719077,41542,425252,0,0.5913859016489194,0.0
matched_random_e1_calibrated,benign,full_test,0.01,0.9229709506034851,2652203,390270,2334142,3042,0.8800766758803907,0.0077946037358751635
matched_random_e1_calibrated,benign,time_quartile_1,0.01,0.9229709506034851,420631,339986,374180,40,0.8895682914478485,0.00011765190331366585
matched_random_e1_calibrated,benign,time_quartile_2,0.01,0.9229709506034851,752591,8028,661625,2844,0.8791295670556784,0.3542600896860987
matched_random_e1_calibrated,benign,time_quartile_3,0.01,0.9229709506034851,759904,714,667537,158,0.878449119888828,0.22128851540616246
matched_random_e1_calibrated,benign,time_quartile_4,0.01,0.9229709506034851,719077,41542,630800,0,0.8772356785156527,0.0
matched_random_e1_calibrated,bot,full_test,0.001,0.03455154225230217,41542,3000931,41422,677,0.9971113571806846,0.00022559665650426485
matched_random_e1_calibrated,bot,time_quartile_1,0.001,0.03455154225230217,0,760617,0,152,,0.00019983776328953994
matched_random_e1_calibrated,bot,time_quartile_2,0.001,0.03455154225230217,0,760619,0,200,,0.0002629437339850832
matched_random_e1_calibrated,bot,time_quartile_3,0.001,0.03455154225230217,0,760618,0,105,,0.0001380456418333513
matched_random_e1_calibrated,bot,time_quartile_4,0.001,0.03455154225230217,41542,719077,41422,220,0.9971113571806846,0.00030594776359138174
matched_random_e1_calibrated,bot,full_test,0.01,0.011347556486725807,41542,3000931,41542,3250,1.0,0.0010829972431888636
matched_random_e1_calibrated,bot,time_quartile_1,0.01,0.011347556486725807,0,760617,0,2284,,0.0030028253378507185
matched_random_e1_calibrated,bot,time_quartile_2,0.01,0.011347556486725807,0,760619,0,343,,0.00045094850378441767
matched_random_e1_calibrated,bot,time_quartile_3,0.01,0.011347556486725807,0,760618,0,161,,0.000211669984144472
matched_random_e1_calibrated,bot,time_quartile_4,0.01,0.011347556486725807,41542,719077,41542,462,1.0,0.0006424903035419016
matched_random_e1_calibrated,brute_force,full_test,0.001,0.006109567824751139,37696,3004777,37676,306,0.9994694397283531,0.00010183784021243506
matched_random_e1_calibrated,brute_force,time_quartile_1,0.001,0.006109567824751139,37696,722921,37676,34,0.9994694397283531,4.703141837074867e-05
matched_random_e1_calibrated,brute_force,time_quartile_2,0.001,0.006109567824751139,0,760619,0,73,,9.597446290455537e-05
matched_random_e1_calibrated,brute_force,time_quartile_3,0.001,0.006109567824751139,0,760618,0,23,,3.0238569163496e-05
matched_random_e1_calibrated,brute_force,time_quartile_4,0.001,0.006109567824751139,0,760619,0,176,,0.00023139048590687321
matched_random_e1_calibrated,brute_force,full_test,0.01,0.001528983935713768,37696,3004777,37696,1920,1.0,0.000638982526823122
matched_random_e1_calibrated,brute_force,time_quartile_1,0.01,0.001528983935713768,37696,722921,37696,459,1.0,0.000634924148005107
matched_random_e1_calibrated,brute_force,time_quartile_2,0.01,0.001528983935713768,0,760619,0,304,,0.00039967447565732644
matched_random_e1_calibrated,brute_force,time_quartile_3,0.01,0.001528983935713768,0,760618,0,196,,0.00025768519808892245
matched_random_e1_calibrated,brute_force,time_quartile_4,0.01,0.001528983935713768,0,760619,0,961,,0.0012634446417983248
matched_random_e1_calibrated,ddos,full_test,0.001,0.014834200963377953,262680,2779793,262680,552,1.0,0.00019857593712913155
matched_random_e1_calibrated,ddos,time_quartile_1,0.001,0.014834200963377953,262680,497937,262680,20,1.0,4.016572377630102e-05
matched_random_e1_calibrated,ddos,time_quartile_2,0.001,0.014834200963377953,0,760619,0,147,,0.00019326364447903616
matched_random_e1_calibrated,ddos,time_quartile_3,0.001,0.014834200963377953,0,760618,0,38,,4.995937513968904e-05
matched_random_e1_calibrated,ddos,time_quartile_4,0.001,0.014834200963377953,0,760619,0,347,,0.00045620737846411934
matched_random_e1_calibrated,ddos,full_test,0.01,0.005113392602652311,262680,2779793,262680,1684,1.0,0.0006058005038504665
matched_random_e1_calibrated,ddos,time_quartile_1,0.01,0.005113392602652311,262680,497937,262680,433,1.0,0.000869587919756917
matched_random_e1_calibrated,ddos,time_quartile_2,0.01,0.005113392602652311,0,760619,0,280,,0.0003681212275791165
matched_random_e1_calibrated,ddos,time_quartile_3,0.01,0.005113392602652311,0,760618,0,124,,0.00016302532940319582
matched_random_e1_calibrated,ddos,time_quartile_4,0.01,0.005113392602652311,0,760619,0,847,,0.0011135667134268275
matched_random_e1_calibrated,dos,full_test,0.001,0.005187868140637875,39483,3002990,39483,5769,1.0,0.0019210853182994282
matched_random_e1_calibrated,dos,time_quartile_1,0.001,0.005187868140637875,39483,721134,39483,4475,1.0,0.006205504108806408
matched_random_e1_calibrated,dos,time_quartile_2,0.001,0.005187868140637875,0,760619,0,452,,0.0005942528388062881
matched_random_e1_calibrated,dos,time_quartile_3,0.001,0.005187868140637875,0,760618,0,392,,0.0005153703961778449
matched_random_e1_calibrated,dos,time_quartile_4,0.001,0.005187868140637875,0,760619,0,450,,0.0005916234014664372
matched_random_e1_calibrated,dos,full_test,0.01,0.002960779005661607,39483,3002990,39483,19838,1.0,0.006606082604337676
matched_random_e1_calibrated,dos,time_quartile_1,0.01,0.002960779005661607,39483,721134,39483,17523,1.0,0.024299228714774232
matched_random_e1_calibrated,dos,time_quartile_2,0.01,0.002960779005661607,0,760619,0,669,,0.0008795467901801034
matched_random_e1_calibrated,dos,time_quartile_3,0.01,0.002960779005661607,0,760618,0,756,,0.0009939286212001294
matched_random_e1_calibrated,dos,time_quartile_4,0.01,0.002960779005661607,0,760619,0,890,,0.0011700996162336203
matched_random_e1_calibrated,infiltration,full_test,0.001,0.9944778084754944,8742,3033731,603,3,0.06897735072065889,9.888813477529813e-07
matched_random_e1_calibrated,infiltration,time_quartile_1,0.001,0.9944778084754944,0,760617,0,3,,3.944166380714604e-06
matched_random_e1_calibrated,infiltration,time_quartile_2,0.001,0.9944778084754944,8028,752591,603,0,0.07511210762331838,0.0
matched_random_e1_calibrated,infiltration,time_quartile_3,0.001,0.9944778084754944,714,759904,0,0,0.0,0.0
matched_random_e1_calibrated,infiltration,time_quartile_4,0.001,0.9944778084754944,0,760619,0,0,,0.0
matched_random_e1_calibrated,infiltration,full_test,0.01,0.26515164971351624,8742,3033731,2838,13743,0.32463967055593684,0.004530065454056408
matched_random_e1_calibrated,infiltration,time_quartile_1,0.01,0.26515164971351624,0,760617,0,1879,,0.002470362876454247
matched_random_e1_calibrated,infiltration,time_quartile_2,0.01,0.26515164971351624,8028,752591,2734,3794,0.34055804683607377,0.00504125082548157
matched_random_e1_calibrated,infiltration,time_quartile_3,0.01,0.26515164971351624,714,759904,104,4396,0.14565826330532214,0.005784941255737567
matched_random_e1_calibrated,infiltration,time_quartile_4,0.01,0.26515164971351624,0,760619,0,3674,,0.004830276393305979
matched_random_e1_calibrated,web_attacks,full_test,0.001,0.2971046268939972,127,3042346,80,356,0.6299212598425197,0.00011701496148038389
matched_random_e1_calibrated,web_attacks,time_quartile_1,0.001,0.2971046268939972,127,760490,80,107,0.6299212598425197,0.00014069876000999355
matched_random_e1_calibrated,web_attacks,time_quartile_2,0.001,0.2971046268939972,0,760619,0,186,,0.0002445376726061274
matched_random_e1_calibrated,web_attacks,time_quartile_3,0.001,0.2971046268939972,0,760618,0,29,,3.812689155397322e-05
matched_random_e1_calibrated,web_attacks,time_quartile_4,0.001,0.2971046268939972,0,760619,0,34,,4.470043477746414e-05
matched_random_e1_calibrated,web_attacks,full_test,0.01,0.06579530239105225,127,3042346,95,10082,0.7480314960629921,0.0033138900046214338
matched_random_e1_calibrated,web_attacks,time_quartile_1,0.01,0.06579530239105225,127,760490,95,8271,0.7480314960629921,0.010875882654604268
matched_random_e1_calibrated,web_attacks,time_quartile_2,0.01,0.06579530239105225,0,760619,0,722,,0.0009492268796861504
matched_random_e1_calibrated,web_attacks,time_quartile_3,0.01,0.06579530239105225,0,760618,0,376,,0.0004943348698032389
matched_random_e1_calibrated,web_attacks,time_quartile_4,0.01,0.06579530239105225,0,760619,0,713,,0.0009373944116568216
matched_random_e2_raw,benign,full_test,0.001,0.9556907415390015,2652203,390270,1538492,321,0.5800807856713833,0.0008225074948112845
matched_random_e2_raw,benign,time_quartile_1,0.001,0.9556907415390015,420631,339986,227788,0,0.5415387833992265,0.0
matched_random_e2_raw,benign,time_quartile_2,0.001,0.9556907415390015,752591,8028,440789,321,0.5856952846898249,0.03998505231689088
matched_random_e2_raw,benign,time_quartile_3,0.001,0.9556907415390015,759904,714,432159,0,0.5687020992125321,0.0
matched_random_e2_raw,benign,time_quartile_4,0.001,0.9556907415390015,719077,41542,437756,0,0.6087748599941314,0.0
matched_random_e2_raw,benign,full_test,0.01,0.6748427748680115,2652203,390270,2159375,3057,0.8141816444668828,0.007833038665539242
matched_random_e2_raw,benign,time_quartile_1,0.01,0.6748427748680115,420631,339986,343414,5,0.8164257983838566,1.4706487914208232e-05
matched_random_e2_raw,benign,time_quartile_2,0.01,0.6748427748680115,752591,8028,612371,2785,0.8136836608463296,0.34691081215744896
matched_random_e2_raw,benign,time_quartile_3,0.01,0.6748427748680115,759904,714,612825,147,0.8064505516486293,0.20588235294117646
matched_random_e2_raw,benign,time_quartile_4,0.01,0.6748427748680115,719077,41542,590765,120,0.8215601389002847,0.002888642819315392
matched_random_e2_raw,bot,full_test,0.001,0.05214405432343483,41542,3000931,41422,470,0.9971113571806846,0.00015661806286115877
matched_random_e2_raw,bot,time_quartile_1,0.001,0.05214405432343483,0,760617,0,89,,0.00011701026929453325
matched_random_e2_raw,bot,time_quartile_2,0.001,0.05214405432343483,0,760619,0,69,,9.07155882248537e-05
matched_random_e2_raw,bot,time_quartile_3,0.001,0.05214405432343483,0,760618,0,237,,0.0003115887344238501
matched_random_e2_raw,bot,time_quartile_4,0.001,0.05214405432343483,41542,719077,41422,75,0.9971113571806846,0.0001043003739516074
matched_random_e2_raw,bot,full_test,0.01,0.007278053555637598,41542,3000931,41422,6008,0.9971113571806846,0.0020020453652549825
matched_random_e2_raw,bot,time_quartile_1,0.01,0.007278053555637598,0,760617,0,885,,0.0011635290823108083
matched_random_e2_raw,bot,time_quartile_2,0.01,0.007278053555637598,0,760619,0,813,,0.0010688662786493633
matched_random_e2_raw,bot,time_quartile_3,0.01,0.007278053555637598,0,760618,0,931,,0.0012240046909223815
matched_random_e2_raw,bot,time_quartile_4,0.01,0.007278053555637598,41542,719077,41422,3379,0.9971113571806846,0.004699079514433086
matched_random_e2_raw,brute_force,full_test,0.001,0.003281477838754654,37696,3004777,37696,3212,1.0,0.001068964518831181
matched_random_e2_raw,brute_force,time_quartile_1,0.001,0.003281477838754654,37696,722921,37696,44,1.0,6.08641884797924e-05
matched_random_e2_raw,brute_force,time_quartile_2,0.001,0.003281477838754654,0,760619,0,163,,0.00021429914319784281
matched_random_e2_raw,brute_force,time_quartile_3,0.001,0.003281477838754654,0,760618,0,151,,0.0001985227801603433
matched_random_e2_raw,brute_force,time_quartile_4,0.001,0.003281477838754654,0,760619,0,2854,,0.003752207083967137
matched_random_e2_raw,brute_force,full_test,0.01,0.0004211599880363792,37696,3004777,37696,8673,1.0,0.0028864038828838212
matched_random_e2_raw,brute_force,time_quartile_1,0.01,0.0004211599880363792,37696,722921,37696,2525,1.0,0.003492774452533541
matched_random_e2_raw,brute_force,time_quartile_2,0.01,0.0004211599880363792,0,760619,0,977,,0.0012844801405171315
matched_random_e2_raw,brute_force,time_quartile_3,0.01,0.0004211599880363792,0,760618,0,1282,,0.0016854715507652988
matched_random_e2_raw,brute_force,time_quartile_4,0.01,0.0004211599880363792,0,760619,0,3889,,0.005112940907339943
matched_random_e2_raw,ddos,full_test,0.001,0.011371420696377754,262680,2779793,262680,3850,1.0,0.0013849952136723849
matched_random_e2_raw,ddos,time_quartile_1,0.001,0.011371420696377754,262680,497937,262680,249,1.0,0.0005000632610149476
matched_random_e2_raw,ddos,time_quartile_2,0.001,0.011371420696377754,0,760619,0,373,,0.0004903900638821802
matched_random_e2_raw,ddos,time_quartile_3,0.001,0.011371420696377754,0,760618,0,277,,0.00036417755036036485
matched_random_e2_raw,ddos,time_quartile_4,0.001,0.011371420696377754,0,760619,0,2951,,0.0038797347949499025
matched_random_e2_raw,ddos,full_test,0.01,0.0022467421367764473,262680,2779793,262680,8158,1.0,0.002934750896919303
matched_random_e2_raw,ddos,time_quartile_1,0.01,0.0022467421367764473,262680,497937,262680,1859,1.0,0.0037334040250071795
matched_random_e2_raw,ddos,time_quartile_2,0.01,0.0022467421367764473,0,760619,0,1057,,0.0013896576341111647
matched_random_e2_raw,ddos,time_quartile_3,0.01,0.0022467421367764473,0,760618,0,1338,,0.0017590958930764195
matched_random_e2_raw,ddos,time_quartile_4,0.01,0.0022467421367764473,0,760619,0,3904,,0.005132661687388824
matched_random_e2_raw,dos,full_test,0.001,0.0067886002361774445,39483,3002990,39483,8918,1.0,0.0029697068588306987
matched_random_e2_raw,dos,time_quartile_1,0.001,0.0067886002361774445,39483,721134,39483,4223,1.0,0.005856054491952952
matched_random_e2_raw,dos,time_quartile_2,0.001,0.0067886002361774445,0,760619,0,742,,0.0009755212530846587
matched_random_e2_raw,dos,time_quartile_3,0.001,0.0067886002361774445,0,760618,0,752,,0.0009886697396064778
matched_random_e2_raw,dos,time_quartile_4,0.001,0.0067886002361774445,0,760619,0,3201,,0.004208414462431257
matched_random_e2_raw,dos,full_test,0.01,0.0022080575581640005,39483,3002990,39483,23974,1.0,0.007983376568020539
matched_random_e2_raw,dos,time_quartile_1,0.01,0.0022080575581640005,39483,721134,39483,15663,1.0,0.02171995773323682
matched_random_e2_raw,dos,time_quartile_2,0.01,0.0022080575581640005,0,760619,0,1899,,0.002496650754188365
matched_random_e2_raw,dos,time_quartile_3,0.01,0.0022080575581640005,0,760618,0,2067,,0.0027175270635194015
matched_random_e2_raw,dos,time_quartile_4,0.01,0.0022080575581640005,0,760619,0,4345,,0.005712452620825932
matched_random_e2_raw,infiltration,full_test,0.001,0.9904404878616333,8742,3033731,782,6,0.08945321436742164,1.9777626955059627e-06
matched_random_e2_raw,infiltration,time_quartile_1,0.001,0.9904404878616333,0,760617,0,0,,0.0
matched_random_e2_raw,infiltration,time_quartile_2,0.001,0.9904404878616333,8028,752591,782,5,0.0974090682610862,6.6437148464438185e-06
matched_random_e2_raw,infiltration,time_quartile_3,0.001,0.9904404878616333,714,759904,0,1,0.0,1.3159556996673263e-06
matched_random_e2_raw,infiltration,time_quartile_4,0.001,0.9904404878616333,0,760619,0,0,,0.0
matched_random_e2_raw,infiltration,full_test,0.01,0.626176655292511,8742,3033731,1347,16022,0.1540837336993823,0.005281285651232756
matched_random_e2_raw,infiltration,time_quartile_1,0.01,0.626176655292511,0,760617,0,2720,,0.003576044185181241
matched_random_e2_raw,infiltration,time_quartile_2,0.01,0.626176655292511,8028,752591,1313,4248,0.16355256601893373,0.005644500133538668
matched_random_e2_raw,infiltration,time_quartile_3,0.01,0.626176655292511,714,759904,34,5199,0.047619047619047616,0.00684165368257043
matched_random_e2_raw,infiltration,time_quartile_4,0.01,0.626176655292511,0,760619,0,3855,,0.005068240472562479
matched_random_e2_raw,web_attacks,full_test,0.001,0.834810733795166,127,3042346,99,404,0.7795275590551181,0.0001327922596575143
matched_random_e2_raw,web_attacks,time_quartile_1,0.001,0.834810733795166,127,760490,99,145,0.7795275590551181,0.00019066654393877632
matched_random_e2_raw,web_attacks,time_quartile_2,0.001,0.834810733795166,0,760619,0,223,,0.0002931822633933678
matched_random_e2_raw,web_attacks,time_quartile_3,0.001,0.834810733795166,0,760618,0,22,,2.892384876508313e-05
matched_random_e2_raw,web_attacks,time_quartile_4,0.001,0.834810733795166,0,760619,0,14,,1.8406061378955825e-05
matched_random_e2_raw,web_attacks,full_test,0.01,0.26010680198669434,127,3042346,124,4130,0.9763779527559056,0.0013575050306572625
matched_random_e2_raw,web_attacks,time_quartile_1,0.01,0.26010680198669434,127,760490,124,1265,0.9763779527559056,0.0016634012281555313
matched_random_e2_raw,web_attacks,time_quartile_2,0.01,0.26010680198669434,0,760619,0,1170,,0.0015382208438127368
matched_random_e2_raw,web_attacks,time_quartile_3,0.01,0.26010680198669434,0,760618,0,763,,0.0010031316639890194
matched_random_e2_raw,web_attacks,time_quartile_4,0.01,0.26010680198669434,0,760619,0,932,,0.0012253178003704876
matched_random_e2_calibrated,benign,full_test,0.001,0.9194274544715881,2652203,390270,1538712,324,0.5801637355813262,0.0008301944807441003
matched_random_e2_calibrated,benign,time_quartile_1,0.001,0.9194274544715881,420631,339986,227727,0,0.541393763179604,0.0
matched_random_e2_calibrated,benign,time_quartile_2,0.001,0.9194274544715881,752591,8028,440917,324,0.5858653637898938,0.04035874439461883
matched_random_e2_calibrated,benign,time_quartile_3,0.001,0.9194274544715881,759904,714,432154,0,0.5686955194340337,0.0
matched_random_e2_calibrated,benign,time_quartile_4,0.001,0.9194274544715881,719077,41542,437914,0,0.608994586115256,0.0
matched_random_e2_calibrated,benign,full_test,0.01,0.6407839059829712,2652203,390270,2159039,3058,0.8140549573316974,0.007835600994183513
matched_random_e2_calibrated,benign,time_quartile_1,0.01,0.6407839059829712,420631,339986,343377,4,0.8163378352998234,1.1765190331366585e-05
matched_random_e2_calibrated,benign,time_quartile_2,0.01,0.6407839059829712,752591,8028,612342,2787,0.8136451273002202,0.34715994020926755
matched_random_e2_calibrated,benign,time_quartile_3,0.01,0.6407839059829712,759904,714,612678,147,0.8062571061607782,0.20588235294117646
matched_random_e2_calibrated,benign,time_quartile_4,0.01,0.6407839059829712,719077,41542,590642,120,0.821389086287004,0.002888642819315392
matched_random_e2_calibrated,bot,full_test,0.001,0.07293959707021713,41542,3000931,41422,546,0.9971113571806846,0.00018194353685572912
matched_random_e2_calibrated,bot,time_quartile_1,0.001,0.07293959707021713,0,760617,0,112,,0.00014724887821334522
matched_random_e2_calibrated,bot,time_quartile_2,0.001,0.07293959707021713,0,760619,0,88,,0.00011569524295343661
matched_random_e2_calibrated,bot,time_quartile_3,0.001,0.07293959707021713,0,760618,0,260,,0.0003418273035873461
matched_random_e2_calibrated,bot,time_quartile_4,0.001,0.07293959707021713,41542,719077,41422,86,0.9971113571806846,0.0001195977621311765
matched_random_e2_calibrated,bot,full_test,0.01,0.01609884575009346,41542,3000931,41422,6514,0.9971113571806846,0.002170659705271464
matched_random_e2_calibrated,bot,time_quartile_1,0.01,0.01609884575009346,0,760617,0,1257,,0.001652605713519419
matched_random_e2_calibrated,bot,time_quartile_2,0.01,0.01609884575009346,0,760619,0,851,,0.0011188255881065291
matched_random_e2_calibrated,bot,time_quartile_3,0.01,0.01609884575009346,0,760618,0,979,,0.0012871112700461992
matched_random_e2_calibrated,bot,time_quartile_4,0.01,0.01609884575009346,41542,719077,41422,3427,0.9971113571806846,0.004765831753762114
matched_random_e2_calibrated,brute_force,full_test,0.001,0.007959322072565556,37696,3004777,37696,3262,1.0,0.0010856046888005333
matched_random_e2_calibrated,brute_force,time_quartile_1,0.001,0.007959322072565556,37696,722921,37696,48,1.0,6.639729652340989e-05
matched_random_e2_calibrated,brute_force,time_quartile_2,0.001,0.007959322072565556,0,760619,0,171,,0.00022481689255724613
matched_random_e2_calibrated,brute_force,time_quartile_3,0.001,0.007959322072565556,0,760618,0,166,,0.00021824358613653635
matched_random_e2_calibrated,brute_force,time_quartile_4,0.001,0.007959322072565556,0,760619,0,2877,,0.003782445613375422
matched_random_e2_calibrated,brute_force,full_test,0.01,0.0016848209779709578,37696,3004777,37696,8850,1.0,0.0029453100845753277
matched_random_e2_calibrated,brute_force,time_quartile_1,0.01,0.0016848209779709578,37696,722921,37696,2633,1.0,0.0036421683697112133
matched_random_e2_calibrated,brute_force,time_quartile_2,0.01,0.0016848209779709578,0,760619,0,1007,,0.0013239217006148938
matched_random_e2_calibrated,brute_force,time_quartile_3,0.01,0.0016848209779709578,0,760618,0,1292,,0.0016986187547494275
matched_random_e2_calibrated,brute_force,time_quartile_4,0.01,0.0016848209779709578,0,760619,0,3918,,0.00515106774876778
matched_random_e2_calibrated,ddos,full_test,0.001,0.021439652889966965,262680,2779793,262680,3984,1.0,0.0014332002418885148
matched_random_e2_calibrated,ddos,time_quartile_1,0.001,0.021439652889966965,262680,497937,262680,301,1.0,0.0006044941428333304
matched_random_e2_calibrated,ddos,time_quartile_2,0.001,0.021439652889966965,0,760619,0,389,,0.0005114255626009869
matched_random_e2_calibrated,ddos,time_quartile_3,0.001,0.021439652889966965,0,760618,0,298,,0.0003917866787270351
matched_random_e2_calibrated,ddos,time_quartile_4,0.001,0.021439652889966965,0,760619,0,2996,,0.003938897135096546
matched_random_e2_calibrated,ddos,full_test,0.01,0.006269771605730057,262680,2779793,262680,8453,1.0,0.003040873906798096
matched_random_e2_calibrated,ddos,time_quartile_1,0.01,0.006269771605730057,262680,497937,262680,2021,1.0,0.004058746387595218
matched_random_e2_calibrated,ddos,time_quartile_2,0.01,0.006269771605730057,0,760619,0,1115,,0.001465911316966839
matched_random_e2_calibrated,ddos,time_quartile_3,0.01,0.006269771605730057,0,760618,0,1381,,0.0018156288702081728
matched_random_e2_calibrated,ddos,time_quartile_4,0.01,0.006269771605730057,0,760619,0,3936,,0.005174732684826437
matched_random_e2_calibrated,dos,full_test,0.001,0.015564452856779099,39483,3002990,39483,9308,1.0,0.0030995774211702337
matched_random_e2_calibrated,dos,time_quartile_1,0.001,0.015564452856779099,39483,721134,39483,4622,1.0,0.00640934971863759
matched_random_e2_calibrated,dos,time_quartile_2,0.001,0.015564452856779099,0,760619,0,743,,0.000976835971754584
matched_random_e2_calibrated,dos,time_quartile_3,0.001,0.015564452856779099,0,760618,0,747,,0.0009820961376144136
matched_random_e2_calibrated,dos,time_quartile_4,0.001,0.015564452856779099,0,760619,0,3196,,0.00420184086908163
matched_random_e2_calibrated,dos,full_test,0.01,0.006293747574090958,39483,3002990,39483,26368,1.0,0.008780582019920146
matched_random_e2_calibrated,dos,time_quartile_1,0.01,0.006293747574090958,39483,721134,39483,17926,1.0,0.024858070760774002
matched_random_e2_calibrated,dos,time_quartile_2,0.01,0.006293747574090958,0,760619,0,1926,,0.0025321481582763514
matched_random_e2_calibrated,dos,time_quartile_3,0.01,0.006293747574090958,0,760618,0,2149,,0.0028253341361892566
matched_random_e2_calibrated,dos,time_quartile_4,0.01,0.006293747574090958,0,760619,0,4367,,0.0057413764315642915
matched_random_e2_calibrated,infiltration,full_test,0.001,0.9754216074943542,8742,3033731,765,6,0.0875085792724777,1.9777626955059627e-06
matched_random_e2_calibrated,infiltration,time_quartile_1,0.001,0.9754216074943542,0,760617,0,0,,0.0
matched_random_e2_calibrated,infiltration,time_quartile_2,0.001,0.9754216074943542,8028,752591,765,5,0.0952914798206278,6.6437148464438185e-06
matched_random_e2_calibrated,infiltration,time_quartile_3,0.001,0.9754216074943542,714,759904,0,1,0.0,1.3159556996673263e-06
matched_random_e2_calibrated,infiltration,time_quartile_4,0.001,0.9754216074943542,0,760619,0,0,,0.0
matched_random_e2_calibrated,infiltration,full_test,0.01,0.6007851958274841,8742,3033731,1347,15940,0.1540837336993823,0.0052542562277275075
matched_random_e2_calibrated,infiltration,time_quartile_1,0.01,0.6007851958274841,0,760617,0,2705,,0.003556323353277668
matched_random_e2_calibrated,infiltration,time_quartile_2,0.01,0.6007851958274841,8028,752591,1311,4232,0.1633034379671151,0.005623240246030049
matched_random_e2_calibrated,infiltration,time_quartile_3,0.01,0.6007851958274841,714,759904,36,5170,0.05042016806722689,0.006803490967280078
matched_random_e2_calibrated,infiltration,time_quartile_4,0.01,0.6007851958274841,0,760619,0,3833,,0.005039316661824119
matched_random_e2_calibrated,web_attacks,full_test,0.001,0.7792292833328247,127,3042346,97,382,0.7637795275590551,0.0001255609979929962
matched_random_e2_calibrated,web_attacks,time_quartile_1,0.001,0.7792292833328247,127,760490,97,125,0.7637795275590551,0.00016436771029204855
matched_random_e2_calibrated,web_attacks,time_quartile_2,0.001,0.7792292833328247,0,760619,0,221,,0.00029055282605351695
matched_random_e2_calibrated,web_attacks,time_quartile_3,0.001,0.7792292833328247,0,760618,0,22,,2.892384876508313e-05
matched_random_e2_calibrated,web_attacks,time_quartile_4,0.001,0.7792292833328247,0,760619,0,14,,1.8406061378955825e-05
matched_random_e2_calibrated,web_attacks,full_test,0.01,0.26809361577033997,127,3042346,124,4210,0.9763779527559056,0.0013838005276191466
matched_random_e2_calibrated,web_attacks,time_quartile_1,0.01,0.26809361577033997,127,760490,124,1262,0.9763779527559056,0.0016594564031085222
matched_random_e2_calibrated,web_attacks,time_quartile_2,0.01,0.26809361577033997,0,760619,0,1205,,0.0015842359972601263
matched_random_e2_calibrated,web_attacks,time_quartile_3,0.01,0.26809361577033997,0,760618,0,781,,0.0010267966311604511
matched_random_e2_calibrated,web_attacks,time_quartile_4,0.01,0.26809361577033997,0,760619,0,962,,0.0012647593604682501
matched_random_e3_raw,benign,full_test,0.001,0.808950662612915,2652203,390270,1690403,333,0.6373580755319257,0.0008532554385425475
matched_random_e3_raw,benign,time_quartile_1,0.001,0.808950662612915,420631,339986,269581,6,0.6408966528857835,1.764778549704988e-05
matched_random_e3_raw,benign,time_quartile_2,0.001,0.808950662612915,752591,8028,477068,325,0.633900750872652,0.04048330842052815
matched_random_e3_raw,benign,time_quartile_3,0.001,0.808950662612915,759904,714,472370,2,0.621617993851855,0.0028011204481792717
matched_random_e3_raw,benign,time_quartile_4,0.001,0.808950662612915,719077,41542,471384,0,0.6555403663307268,0.0
matched_random_e3_raw,benign,full_test,0.01,0.293730765581131,2652203,390270,2368196,3925,0.8929165678494444,0.010057139928767264
matched_random_e3_raw,benign,time_quartile_1,0.01,0.293730765581131,420631,339986,376834,679,0.8958778596917488,0.001997141058749478
matched_random_e3_raw,benign,time_quartile_2,0.01,0.293730765581131,752591,8028,671549,2936,0.8923160122829,0.36571998006975587
matched_random_e3_raw,benign,time_quartile_3,0.01,0.293730765581131,759904,714,674594,186,0.8877358192613803,0.2605042016806723
matched_random_e3_raw,benign,time_quartile_4,0.01,0.293730765581131,719077,41542,645219,124,0.8972877730757624,0.0029849309132925716
matched_random_e3_raw,bot,full_test,0.001,0.030209988355636597,41542,3000931,41422,366,0.9971113571806846,0.00012196215107911512
matched_random_e3_raw,bot,time_quartile_1,0.001,0.030209988355636597,0,760617,0,102,,0.00013410165694429654
matched_random_e3_raw,bot,time_quartile_2,0.001,0.030209988355636597,0,760619,0,71,,9.334502556470454e-05
matched_random_e3_raw,bot,time_quartile_3,0.001,0.030209988355636597,0,760618,0,121,,0.0001590811682079572
matched_random_e3_raw,bot,time_quartile_4,0.001,0.030209988355636597,41542,719077,41422,72,0.9971113571806846,0.00010012835899354312
matched_random_e3_raw,bot,full_test,0.01,0.004024047404527664,41542,3000931,41422,20059,0.9971113571806846,0.006684258984961667
matched_random_e3_raw,bot,time_quartile_1,0.01,0.004024047404527664,0,760617,0,14610,,0.01920809027408012
matched_random_e3_raw,bot,time_quartile_2,0.01,0.004024047404527664,0,760619,0,941,,0.0012371502683998165
matched_random_e3_raw,bot,time_quartile_3,0.01,0.004024047404527664,0,760618,0,1085,,0.0014264716322779634
matched_random_e3_raw,bot,time_quartile_4,0.01,0.004024047404527664,41542,719077,41422,3423,0.9971113571806846,0.004760269067151362
matched_random_e3_raw,brute_force,full_test,0.001,0.0029065434355288744,37696,3004777,37696,3811,1.0,0.0012683137550640196
matched_random_e3_raw,brute_force,time_quartile_1,0.001,0.0029065434355288744,37696,722921,37696,276,1.0,0.00038178445500960684
matched_random_e3_raw,brute_force,time_quartile_2,0.001,0.0029065434355288744,0,760619,0,307,,0.0004036186316671027
matched_random_e3_raw,brute_force,time_quartile_3,0.001,0.0029065434355288744,0,760618,0,277,,0.00036417755036036485
matched_random_e3_raw,brute_force,time_quartile_4,0.001,0.0029065434355288744,0,760619,0,2951,,0.0038797347949499025
matched_random_e3_raw,brute_force,full_test,0.01,0.0004332904645707458,37696,3004777,37696,9893,1.0,0.0032924240301360134
matched_random_e3_raw,brute_force,time_quartile_1,0.01,0.0004332904645707458,37696,722921,37696,2587,1.0,0.003578537627209612
matched_random_e3_raw,brute_force,time_quartile_2,0.01,0.0004332904645707458,0,760619,0,1279,,0.0016815251788346072
matched_random_e3_raw,brute_force,time_quartile_3,0.01,0.0004332904645707458,0,760618,0,1994,,0.002621552474435262
matched_random_e3_raw,brute_force,time_quartile_4,0.01,0.0004332904645707458,0,760619,0,4033,,0.005302260395809203
matched_random_e3_raw,ddos,full_test,0.001,0.007948058657348156,262680,2779793,262680,4682,1.0,0.0016842980754322354
matched_random_e3_raw,ddos,time_quartile_1,0.001,0.007948058657348156,262680,497937,262680,561,1.0,0.0011266485519252436
matched_random_e3_raw,ddos,time_quartile_2,0.001,0.007948058657348156,0,760619,0,518,,0.0006810242710213655
matched_random_e3_raw,ddos,time_quartile_3,0.001,0.007948058657348156,0,760618,0,404,,0.0005311470409587993
matched_random_e3_raw,ddos,time_quartile_4,0.001,0.007948058657348156,0,760619,0,3199,,0.004205785025091406
matched_random_e3_raw,ddos,full_test,0.01,0.0017991041531786323,262680,2779793,262680,8654,1.0,0.0031131814491222906
matched_random_e3_raw,ddos,time_quartile_1,0.01,0.0017991041531786323,262680,497937,262680,2014,1.0,0.004044688384273513
matched_random_e3_raw,ddos,time_quartile_2,0.01,0.0017991041531786323,0,760619,0,1301,,0.0017104489895729662
matched_random_e3_raw,ddos,time_quartile_3,0.01,0.0017991041531786323,0,760618,0,1385,,0.0018208877518018243
matched_random_e3_raw,ddos,time_quartile_4,0.01,0.0017991041531786323,0,760619,0,3954,,0.005198397620885095
matched_random_e3_raw,dos,full_test,0.001,0.0041391272097826,39483,3002990,39483,7107,1.0,0.002366641247556602
matched_random_e3_raw,dos,time_quartile_1,0.001,0.0041391272097826,39483,721134,39483,2716,1.0,0.003766290314976135
matched_random_e3_raw,dos,time_quartile_2,0.001,0.0041391272097826,0,760619,0,526,,0.0006915420203807689
matched_random_e3_raw,dos,time_quartile_3,0.001,0.0041391272097826,0,760618,0,804,,0.001057035200323947
matched_random_e3_raw,dos,time_quartile_4,0.001,0.0041391272097826,0,760619,0,3061,,0.004024353848641698
matched_random_e3_raw,dos,full_test,0.01,0.0007312345551326871,39483,3002990,39483,43541,1.0,0.014499215781604334
matched_random_e3_raw,dos,time_quartile_1,0.01,0.0007312345551326871,39483,721134,39483,34989,1.0,0.0485194152543078
matched_random_e3_raw,dos,time_quartile_2,0.01,0.0007312345551326871,0,760619,0,1711,,0.002249483644242387
matched_random_e3_raw,dos,time_quartile_3,0.01,0.0007312345551326871,0,760618,0,2516,,0.00330783652240678
matched_random_e3_raw,dos,time_quartile_4,0.01,0.0007312345551326871,0,760619,0,4325,,0.005686158247427424
matched_random_e3_raw,infiltration,full_test,0.001,0.9961367845535278,8742,3033731,957,10,0.10947151681537405,3.2962711591766044e-06
matched_random_e3_raw,infiltration,time_quartile_1,0.001,0.9961367845535278,0,760617,0,3,,3.944166380714604e-06
matched_random_e3_raw,infiltration,time_quartile_2,0.001,0.9961367845535278,8028,752591,957,7,0.11920777279521674,9.301200785021347e-06
matched_random_e3_raw,infiltration,time_quartile_3,0.001,0.9961367845535278,714,759904,0,0,0.0,0.0
matched_random_e3_raw,infiltration,time_quartile_4,0.001,0.9961367845535278,0,760619,0,0,,0.0
matched_random_e3_raw,infiltration,full_test,0.01,0.8789061903953552,8742,3033731,1672,14435,0.19126058110272248,0.0047581674182714286
matched_random_e3_raw,infiltration,time_quartile_1,0.01,0.8789061903953552,0,760617,0,2519,,0.0033117850376733625
matched_random_e3_raw,infiltration,time_quartile_2,0.01,0.8789061903953552,8028,752591,1586,4184,0.19755854509217738,0.005559460583504187
matched_random_e3_raw,infiltration,time_quartile_3,0.01,0.8789061903953552,714,759904,86,4472,0.12044817927170869,0.005884953888912283
matched_random_e3_raw,infiltration,time_quartile_4,0.01,0.8789061903953552,0,760619,0,3260,,0.004285982863956856
matched_random_e3_raw,web_attacks,full_test,0.001,0.6932394504547119,127,3042346,74,349,0.5826771653543307,0.00011471410549621903
matched_random_e3_raw,web_attacks,time_quartile_1,0.001,0.6932394504547119,127,760490,74,102,0.5826771653543307,0.00013412405159831162
matched_random_e3_raw,web_attacks,time_quartile_2,0.001,0.6932394504547119,0,760619,0,176,,0.00023139048590687321
matched_random_e3_raw,web_attacks,time_quartile_3,0.001,0.6932394504547119,0,760618,0,41,,5.390353633492765e-05
matched_random_e3_raw,web_attacks,time_quartile_4,0.001,0.6932394504547119,0,760619,0,30,,3.944156009776248e-05
matched_random_e3_raw,web_attacks,full_test,0.01,0.1700896918773651,127,3042346,96,4252,0.7559055118110236,0.0013976056635241357
matched_random_e3_raw,web_attacks,time_quartile_1,0.01,0.1700896918773651,127,760490,96,1233,0.7559055118110236,0.001621323094320767
matched_random_e3_raw,web_attacks,time_quartile_2,0.01,0.1700896918773651,0,760619,0,1216,,0.0015986979026293058
matched_random_e3_raw,web_attacks,time_quartile_3,0.01,0.1700896918773651,0,760618,0,826,,0.0010859590490890302
matched_random_e3_raw,web_attacks,time_quartile_4,0.01,0.1700896918773651,0,760619,0,977,,0.0012844801405171315
matched_random_e3_calibrated,benign,full_test,0.001,0.8586967587471008,2652203,390270,1691589,334,0.6378052509555264,0.0008558177671868194
matched_random_e3_calibrated,benign,time_quartile_1,0.001,0.8586967587471008,420631,339986,269877,7,0.6416003575580497,2.0589083079891523e-05
matched_random_e3_calibrated,benign,time_quartile_2,0.001,0.8586967587471008,752591,8028,477352,325,0.6342781138759299,0.04048330842052815
matched_random_e3_calibrated,benign,time_quartile_3,0.001,0.8586967587471008,759904,714,472712,2,0.6220680507011412,0.0028011204481792717
matched_random_e3_calibrated,benign,time_quartile_4,0.001,0.8586967587471008,719077,41542,471648,0,0.6559075036470364,0.0
matched_random_e3_calibrated,benign,full_test,0.01,0.25043565034866333,2652203,390270,2368318,4014,0.8929625673449582,0.010285187178107464
matched_random_e3_calibrated,benign,time_quartile_1,0.01,0.25043565034866333,420631,339986,376840,742,0.8958921239756461,0.0021824428064685015
matched_random_e3_calibrated,benign,time_quartile_2,0.01,0.25043565034866333,752591,8028,671586,2962,0.8923651757727636,0.3689586447433981
matched_random_e3_calibrated,benign,time_quartile_3,0.01,0.25043565034866333,759904,714,674625,186,0.88777661388807,0.2605042016806723
matched_random_e3_calibrated,benign,time_quartile_4,0.01,0.25043565034866333,719077,41542,645267,124,0.8973545253150914,0.0029849309132925716
matched_random_e3_calibrated,bot,full_test,0.001,0.015304330736398697,41542,3000931,41422,381,0.9971113571806846,0.00012696059989383295
matched_random_e3_calibrated,bot,time_quartile_1,0.001,0.015304330736398697,0,760617,0,102,,0.00013410165694429654
matched_random_e3_calibrated,bot,time_quartile_2,0.001,0.015304330736398697,0,760619,0,77,,0.00010123333758425703
matched_random_e3_calibrated,bot,time_quartile_3,0.001,0.015304330736398697,0,760618,0,122,,0.00016039588860637007
matched_random_e3_calibrated,bot,time_quartile_4,0.001,0.015304330736398697,41542,719077,41422,80,0.9971113571806846,0.0001112537322150479
matched_random_e3_calibrated,bot,full_test,0.01,0.0011847513960674405,41542,3000931,41422,19589,0.9971113571806846,0.006527640922100508
matched_random_e3_calibrated,bot,time_quartile_1,0.01,0.0011847513960674405,0,760617,0,14168,,0.01862698309398817
matched_random_e3_calibrated,bot,time_quartile_2,0.01,0.0011847513960674405,0,760619,0,937,,0.0012318913937201148
matched_random_e3_calibrated,bot,time_quartile_3,0.01,0.0011847513960674405,0,760618,0,1052,,0.0013830858591303387
matched_random_e3_calibrated,bot,time_quartile_4,0.01,0.0011847513960674405,41542,719077,41422,3432,0.9971113571806846,0.004772785112025555
matched_random_e3_calibrated,brute_force,full_test,0.001,0.0008921769331209362,37696,3004777,37696,3704,1.0,0.0012327037913296061
matched_random_e3_calibrated,brute_force,time_quartile_1,0.001,0.0008921769331209362,37696,722921,37696,270,1.0,0.00037348479294418063
matched_random_e3_calibrated,brute_force,time_quartile_2,0.001,0.0008921769331209362,0,760619,0,296,,0.00038915672629792316
matched_random_e3_calibrated,brute_force,time_quartile_3,0.001,0.0008921769331209362,0,760618,0,210,,0.0002760912836667026
matched_random_e3_calibrated,brute_force,time_quartile_4,0.001,0.0008921769331209362,0,760619,0,2928,,0.003849496265541618
matched_random_e3_calibrated,brute_force,full_test,0.01,7.697869295952842e-05,37696,3004777,37696,9590,1.0,0.0031915846001217395
matched_random_e3_calibrated,brute_force,time_quartile_1,0.01,7.697869295952842e-05,37696,722921,37696,2467,1.0,0.0034125443859010876
matched_random_e3_calibrated,brute_force,time_quartile_2,0.01,7.697869295952842e-05,0,760619,0,1253,,0.0016473424934165463
matched_random_e3_calibrated,brute_force,time_quartile_3,0.01,7.697869295952842e-05,0,760618,0,1900,,0.0024979687569844523
matched_random_e3_calibrated,brute_force,time_quartile_4,0.01,7.697869295952842e-05,0,760619,0,3970,,0.005219433119603901
matched_random_e3_calibrated,ddos,full_test,0.001,0.003112911246716976,262680,2779793,262680,4551,1.0,0.0016371722642657205
matched_random_e3_calibrated,ddos,time_quartile_1,0.001,0.003112911246716976,262680,497937,262680,539,1.0,0.0010824662557713124
matched_random_e3_calibrated,ddos,time_quartile_2,0.001,0.003112911246716976,0,760619,0,502,,0.0006599887723025588
matched_random_e3_calibrated,ddos,time_quartile_3,0.001,0.003112911246716976,0,760618,0,345,,0.00045357853745244
matched_random_e3_calibrated,ddos,time_quartile_4,0.001,0.003112911246716976,0,760619,0,3165,,0.004161084590313942
matched_random_e3_calibrated,ddos,full_test,0.01,0.0004603417473845184,262680,2779793,262680,8384,1.0,0.003016051914656955
matched_random_e3_calibrated,ddos,time_quartile_1,0.01,0.0004603417473845184,262680,497937,262680,1884,1.0,0.003783611179727556
matched_random_e3_calibrated,ddos,time_quartile_2,0.01,0.0004603417473845184,0,760619,0,1264,,0.0016618043987857258
matched_random_e3_calibrated,ddos,time_quartile_3,0.01,0.0004603417473845184,0,760618,0,1324,,0.0017406898074986393
matched_random_e3_calibrated,ddos,time_quartile_4,0.01,0.0004603417473845184,0,760619,0,3912,,0.005143179436748227
matched_random_e3_calibrated,dos,full_test,0.001,0.0012293149484321475,39483,3002990,39483,7182,1.0,0.0023916163556988203
matched_random_e3_calibrated,dos,time_quartile_1,0.001,0.0012293149484321475,39483,721134,39483,2719,1.0,0.0037704504294624854
matched_random_e3_calibrated,dos,time_quartile_2,0.001,0.0012293149484321475,0,760619,0,555,,0.0007296688618086059
matched_random_e3_calibrated,dos,time_quartile_3,0.001,0.0012293149484321475,0,760618,0,813,,0.0010688676839096629
matched_random_e3_calibrated,dos,time_quartile_4,0.001,0.0012293149484321475,0,760619,0,3095,,0.004069054283419162
matched_random_e3_calibrated,dos,full_test,0.01,0.0001450581767130643,39483,3002990,39483,38921,1.0,0.012960749120043689
matched_random_e3_calibrated,dos,time_quartile_1,0.01,0.0001450581767130643,39483,721134,39483,30488,1.0,0.04227785681995302
matched_random_e3_calibrated,dos,time_quartile_2,0.01,0.0001450581767130643,0,760619,0,1685,,0.002215300958824326
matched_random_e3_calibrated,dos,time_quartile_3,0.01,0.0001450581767130643,0,760618,0,2440,,0.0032079177721274017
matched_random_e3_calibrated,dos,time_quartile_4,0.01,0.0001450581767130643,0,760619,0,4308,,0.005663808030038692
matched_random_e3_calibrated,infiltration,full_test,0.001,0.9990614056587219,8742,3033731,957,10,0.10947151681537405,3.2962711591766044e-06
matched_random_e3_calibrated,infiltration,time_quartile_1,0.001,0.9990614056587219,0,760617,0,3,,3.944166380714604e-06
matched_random_e3_calibrated,infiltration,time_quartile_2,0.001,0.9990614056587219,8028,752591,957,7,0.11920777279521674,9.301200785021347e-06
matched_random_e3_calibrated,infiltration,time_quartile_3,0.001,0.9990614056587219,714,759904,0,0,0.0,0.0
matched_random_e3_calibrated,infiltration,time_quartile_4,0.001,0.9990614056587219,0,760619,0,0,,0.0
matched_random_e3_calibrated,infiltration,full_test,0.01,0.9227457642555237,8742,3033731,1672,14354,0.19126058110272248,0.004731467621882098
matched_random_e3_calibrated,infiltration,time_quartile_1,0.01,0.9227457642555237,0,760617,0,2508,,0.003297323094277409
matched_random_e3_calibrated,infiltration,time_quartile_2,0.01,0.9227457642555237,8028,752591,1586,4166,0.19755854509217738,0.00553554321005699
matched_random_e3_calibrated,infiltration,time_quartile_3,0.01,0.9227457642555237,714,759904,86,4439,0.12044817927170869,0.005841527350823262
matched_random_e3_calibrated,infiltration,time_quartile_4,0.01,0.9227457642555237,0,760619,0,3241,,0.004261003209228273
matched_random_e3_calibrated,web_attacks,full_test,0.001,0.7622328400611877,127,3042346,74,349,0.5826771653543307,0.00011471410549621903
matched_random_e3_calibrated,web_attacks,time_quartile_1,0.001,0.7622328400611877,127,760490,74,102,0.5826771653543307,0.00013412405159831162
matched_random_e3_calibrated,web_attacks,time_quartile_2,0.001,0.7622328400611877,0,760619,0,176,,0.00023139048590687321
matched_random_e3_calibrated,web_attacks,time_quartile_3,0.001,0.7622328400611877,0,760618,0,41,,5.390353633492765e-05
matched_random_e3_calibrated,web_attacks,time_quartile_4,0.001,0.7622328400611877,0,760619,0,30,,3.944156009776248e-05
matched_random_e3_calibrated,web_attacks,full_test,0.01,0.1345268189907074,127,3042346,96,4263,0.7559055118110236,0.0014012212943563947
matched_random_e3_calibrated,web_attacks,time_quartile_1,0.01,0.1345268189907074,127,760490,96,1241,0.7559055118110236,0.001631842627779458
matched_random_e3_calibrated,web_attacks,time_quartile_2,0.01,0.1345268189907074,0,760619,0,1218,,0.0016013273399691566
matched_random_e3_calibrated,web_attacks,time_quartile_3,0.01,0.1345268189907074,0,760618,0,821,,0.001079385447096966
matched_random_e3_calibrated,web_attacks,time_quartile_4,0.01,0.1345268189907074,0,760619,0,983,,0.001292368452536684
matched_random_e4_raw,benign,full_test,0.001,0.8832208514213562,2652203,390270,1641460,258,0.6189043598849711,0.0006610807902221539
matched_random_e4_raw,benign,time_quartile_1,0.001,0.8832208514213562,420631,339986,243684,1,0.5793296262044405,2.9412975828416463e-06
matched_random_e4_raw,benign,time_quartile_2,0.001,0.8832208514213562,752591,8028,471694,255,0.6267600861556941,0.03176382660687593
matched_random_e4_raw,benign,time_quartile_3,0.001,0.8832208514213562,759904,714,459604,2,0.6048185033899018,0.0028011204481792717
matched_random_e4_raw,benign,time_quartile_4,0.001,0.8832208514213562,719077,41542,466478,0,0.648717731202639,0.0
matched_random_e4_raw,benign,full_test,0.01,0.39589837193489075,2652203,390270,2360347,3146,0.8899571412897127,0.008061085914879442
matched_random_e4_raw,benign,time_quartile_1,0.01,0.39589837193489075,420631,339986,375859,5,0.8935599135584396,1.4706487914208232e-05
matched_random_e4_raw,benign,time_quartile_2,0.01,0.39589837193489075,752591,8028,670228,2851,0.8905607428204696,0.3551320378674639
matched_random_e4_raw,benign,time_quartile_3,0.01,0.39589837193489075,759904,714,673138,170,0.8858197877626648,0.23809523809523808
matched_random_e4_raw,benign,time_quartile_4,0.01,0.39589837193489075,719077,41542,641122,120,0.8915901913146993,0.002888642819315392
matched_random_e4_raw,bot,full_test,0.001,0.043290335685014725,41542,3000931,41422,1166,0.9971113571806846,0.0003885460878640662
matched_random_e4_raw,bot,time_quartile_1,0.001,0.043290335685014725,0,760617,0,211,,0.00027740636877692713
matched_random_e4_raw,bot,time_quartile_2,0.001,0.043290335685014725,0,760619,0,300,,0.0003944156009776248
matched_random_e4_raw,bot,time_quartile_3,0.001,0.043290335685014725,0,760618,0,455,,0.0005981977812778556
matched_random_e4_raw,bot,time_quartile_4,0.001,0.043290335685014725,41542,719077,41422,200,0.9971113571806846,0.00027813433053761977
matched_random_e4_raw,bot,full_test,0.01,0.013495764695107937,41542,3000931,41422,12053,0.9971113571806846,0.004016420237586269
matched_random_e4_raw,bot,time_quartile_1,0.01,0.013495764695107937,0,760617,0,6942,,0.009126801004973593
matched_random_e4_raw,bot,time_quartile_2,0.01,0.013495764695107937,0,760619,0,853,,0.00112145502544638
matched_random_e4_raw,bot,time_quartile_3,0.01,0.013495764695107937,0,760618,0,988,,0.001298943753631915
matched_random_e4_raw,bot,time_quartile_4,0.01,0.013495764695107937,41542,719077,41422,3270,0.9971113571806846,0.004547496304290083
matched_random_e4_raw,brute_force,full_test,0.001,0.004549148492515087,37696,3004777,37696,4433,1.0,0.0014753174694827603
matched_random_e4_raw,brute_force,time_quartile_1,0.001,0.004549148492515087,37696,722921,37696,1640,1.0,0.002268574297883171
matched_random_e4_raw,brute_force,time_quartile_2,0.001,0.004549148492515087,0,760619,0,33,,4.338571610753873e-05
matched_random_e4_raw,brute_force,time_quartile_3,0.001,0.004549148492515087,0,760618,0,94,,0.00012358371745080973
matched_random_e4_raw,brute_force,time_quartile_4,0.001,0.004549148492515087,0,760619,0,2666,,0.003505039974021159
matched_random_e4_raw,brute_force,full_test,0.01,0.0014733949210494757,37696,3004777,37696,26306,1.0,0.008754726224275545
matched_random_e4_raw,brute_force,time_quartile_1,0.01,0.0014733949210494757,37696,722921,37696,22017,1.0,0.030455609949081572
matched_random_e4_raw,brute_force,time_quartile_2,0.01,0.0014733949210494757,0,760619,0,487,,0.0006402679922536776
matched_random_e4_raw,brute_force,time_quartile_3,0.01,0.0014733949210494757,0,760618,0,668,,0.0008782332261397968
matched_random_e4_raw,brute_force,time_quartile_4,0.01,0.0014733949210494757,0,760619,0,3134,,0.0041203283115462536
matched_random_e4_raw,ddos,full_test,0.001,0.016892552375793457,262680,2779793,262680,4968,1.0,0.001787183434162184
matched_random_e4_raw,ddos,time_quartile_1,0.001,0.016892552375793457,262680,497937,262680,1111,1.0,0.0022312059557735215
matched_random_e4_raw,ddos,time_quartile_2,0.001,0.016892552375793457,0,760619,0,480,,0.0006310649615641997
matched_random_e4_raw,ddos,time_quartile_3,0.001,0.016892552375793457,0,760618,0,418,,0.0005495531265365794
matched_random_e4_raw,ddos,time_quartile_4,0.001,0.016892552375793457,0,760619,0,2959,,0.003890252544309306
matched_random_e4_raw,ddos,full_test,0.01,0.009672434069216251,262680,2779793,262680,13798,1.0,0.0049636789501952125
matched_random_e4_raw,ddos,time_quartile_1,0.01,0.009672434069216251,262680,497937,262680,9116,1.0,0.018307536897238005
matched_random_e4_raw,ddos,time_quartile_2,0.01,0.009672434069216251,0,760619,0,660,,0.0008677143221507746
matched_random_e4_raw,ddos,time_quartile_3,0.01,0.009672434069216251,0,760618,0,800,,0.0010517763187302956
matched_random_e4_raw,ddos,time_quartile_4,0.01,0.009672434069216251,0,760619,0,3222,,0.00423602355449969
matched_random_e4_raw,dos,full_test,0.001,0.018662642687559128,39483,3002990,39483,6165,1.0,0.0020529538892903407
matched_random_e4_raw,dos,time_quartile_1,0.001,0.018662642687559128,39483,721134,39483,678,1.0,0.0009401858739152501
matched_random_e4_raw,dos,time_quartile_2,0.001,0.018662642687559128,0,760619,0,929,,0.0012213736443607115
matched_random_e4_raw,dos,time_quartile_3,0.001,0.018662642687559128,0,760618,0,967,,0.0012713346252652448
matched_random_e4_raw,dos,time_quartile_4,0.001,0.018662642687559128,0,760619,0,3591,,0.004721154743702169
matched_random_e4_raw,dos,full_test,0.01,0.002775913570076227,39483,3002990,39483,37163,1.0,0.012375332585190094
matched_random_e4_raw,dos,time_quartile_1,0.01,0.002775913570076227,39483,721134,39483,26542,1.0,0.03680591956557311
matched_random_e4_raw,dos,time_quartile_2,0.01,0.002775913570076227,0,760619,0,2665,,0.0035037252553512337
matched_random_e4_raw,dos,time_quartile_3,0.01,0.002775913570076227,0,760618,0,3099,,0.004074318514681483
matched_random_e4_raw,dos,time_quartile_4,0.01,0.002775913570076227,0,760619,0,4857,,0.006385588579827746
matched_random_e4_raw,infiltration,full_test,0.001,0.9881851077079773,8742,3033731,748,9,0.08556394417753374,2.9666440432589442e-06
matched_random_e4_raw,infiltration,time_quartile_1,0.001,0.9881851077079773,0,760617,0,0,,0.0
matched_random_e4_raw,infiltration,time_quartile_2,0.001,0.9881851077079773,8028,752591,748,5,0.0931738913801694,6.6437148464438185e-06
matched_random_e4_raw,infiltration,time_quartile_3,0.001,0.9881851077079773,714,759904,0,4,0.0,5.263822798669305e-06
matched_random_e4_raw,infiltration,time_quartile_4,0.001,0.9881851077079773,0,760619,0,0,,0.0
matched_random_e4_raw,infiltration,full_test,0.01,0.7896373271942139,8742,3033731,1483,13896,0.1696408144589339,0.00458049840279181
matched_random_e4_raw,infiltration,time_quartile_1,0.01,0.7896373271942139,0,760617,0,2639,,0.0034695516929019467
matched_random_e4_raw,infiltration,time_quartile_2,0.01,0.7896373271942139,8028,752591,1413,3668,0.17600896860986548,0.004873829211351185
matched_random_e4_raw,infiltration,time_quartile_3,0.01,0.7896373271942139,714,759904,70,4290,0.09803921568627451,0.00564544995157283
matched_random_e4_raw,infiltration,time_quartile_4,0.01,0.7896373271942139,0,760619,0,3299,,0.004337256892083948
matched_random_e4_raw,web_attacks,full_test,0.001,0.9151738286018372,127,3042346,78,440,0.6141732283464567,0.0001446252332903621
matched_random_e4_raw,web_attacks,time_quartile_1,0.001,0.9151738286018372,127,760490,78,116,0.6141732283464567,0.00015253323515102105
matched_random_e4_raw,web_attacks,time_quartile_2,0.001,0.9151738286018372,0,760619,0,217,,0.0002852939513738153
matched_random_e4_raw,web_attacks,time_quartile_3,0.001,0.9151738286018372,0,760618,0,51,,6.705074031905635e-05
matched_random_e4_raw,web_attacks,time_quartile_4,0.001,0.9151738286018372,0,760619,0,56,,7.36242455158233e-05
matched_random_e4_raw,web_attacks,full_test,0.01,0.33445489406585693,127,3042346,125,4910,0.984251968503937,0.0016138861260356317
matched_random_e4_raw,web_attacks,time_quartile_1,0.01,0.33445489406585693,127,760490,125,1347,0.984251968503937,0.001771226446107115
matched_random_e4_raw,web_attacks,time_quartile_2,0.01,0.33445489406585693,0,760619,0,1309,,0.0017209667389323695
matched_random_e4_raw,web_attacks,time_quartile_3,0.01,0.33445489406585693,0,760618,0,1135,,0.001492207652198607
matched_random_e4_raw,web_attacks,time_quartile_4,0.01,0.33445489406585693,0,760619,0,1119,,0.0014711701916465406
matched_random_e4_calibrated,benign,full_test,0.001,0.8220723867416382,2652203,390270,1655160,267,0.6240698770041359,0.0006841417480206012
matched_random_e4_calibrated,benign,time_quartile_1,0.001,0.8220723867416382,420631,339986,245825,1,0.5844195981751226,2.9412975828416463e-06
matched_random_e4_calibrated,benign,time_quartile_2,0.001,0.8220723867416382,752591,8028,475642,264,0.6320059633984462,0.03288490284005979
matched_random_e4_calibrated,benign,time_quartile_3,0.001,0.8220723867416382,759904,714,463854,2,0.610411315113488,0.0028011204481792717
matched_random_e4_calibrated,benign,time_quartile_4,0.001,0.8220723867416382,719077,41542,469839,0,0.6533917786273237,0.0
matched_random_e4_calibrated,benign,full_test,0.01,0.415584534406662,2652203,390270,2359684,3150,0.8897071604247487,0.00807133522945653
matched_random_e4_calibrated,benign,time_quartile_1,0.01,0.415584534406662,420631,339986,375737,5,0.8932698731191947,1.4706487914208232e-05
matched_random_e4_calibrated,benign,time_quartile_2,0.01,0.415584534406662,752591,8028,669980,2853,0.8902312145640859,0.35538116591928254
matched_random_e4_calibrated,benign,time_quartile_3,0.01,0.415584534406662,759904,714,672994,172,0.8856302901419126,0.24089635854341737
matched_random_e4_calibrated,benign,time_quartile_4,0.01,0.415584534406662,719077,41542,640973,120,0.8913829812384487,0.002888642819315392
matched_random_e4_calibrated,bot,full_test,0.001,0.06654895097017288,41542,3000931,41422,1153,0.9971113571806846,0.00038421409889131074
matched_random_e4_calibrated,bot,time_quartile_1,0.001,0.06654895097017288,0,760617,0,211,,0.00027740636877692713
matched_random_e4_calibrated,bot,time_quartile_2,0.001,0.06654895097017288,0,760619,0,294,,0.0003865272889580723
matched_random_e4_calibrated,bot,time_quartile_3,0.001,0.06654895097017288,0,760618,0,454,,0.0005968830608794427
matched_random_e4_calibrated,bot,time_quartile_4,0.001,0.06654895097017288,41542,719077,41422,194,0.9971113571806846,0.00026979030062149114
matched_random_e4_calibrated,bot,full_test,0.01,0.026219576597213745,41542,3000931,41422,11387,0.9971113571806846,0.0037944891102127975
matched_random_e4_calibrated,bot,time_quartile_1,0.01,0.026219576597213745,0,760617,0,6253,,0.00822095745953614
matched_random_e4_calibrated,bot,time_quartile_2,0.01,0.026219576597213745,0,760619,0,850,,0.0011175108694366036
matched_random_e4_calibrated,bot,time_quartile_3,0.01,0.026219576597213745,0,760618,0,1016,,0.0013357559247874754
matched_random_e4_calibrated,bot,time_quartile_4,0.01,0.026219576597213745,41542,719077,41422,3268,0.9971113571806846,0.004544714960984707
matched_random_e4_calibrated,brute_force,full_test,0.001,0.010648311115801334,37696,3004777,37696,4348,1.0,0.0014470291805348616
matched_random_e4_calibrated,brute_force,time_quartile_1,0.001,0.010648311115801334,37696,722921,37696,1563,1.0,0.0021620619680435345
matched_random_e4_calibrated,brute_force,time_quartile_2,0.001,0.010648311115801334,0,760619,0,30,,3.944156009776248e-05
matched_random_e4_calibrated,brute_force,time_quartile_3,0.001,0.010648311115801334,0,760618,0,91,,0.00011963955625557113
matched_random_e4_calibrated,brute_force,time_quartile_4,0.001,0.010648311115801334,0,760619,0,2664,,0.0035024105366813084
matched_random_e4_calibrated,brute_force,full_test,0.01,0.0042366585694253445,37696,3004777,37696,26513,1.0,0.008823616527948663
matched_random_e4_calibrated,brute_force,time_quartile_1,0.01,0.0042366585694253445,37696,722921,37696,22126,1.0,0.03060638714327015
matched_random_e4_calibrated,brute_force,time_quartile_2,0.01,0.0042366585694253445,0,760619,0,507,,0.0006665623656521859
matched_random_e4_calibrated,brute_force,time_quartile_3,0.01,0.0042366585694253445,0,760618,0,709,,0.0009321367624747245
matched_random_e4_calibrated,brute_force,time_quartile_4,0.01,0.0042366585694253445,0,760619,0,3171,,0.004168972902333494
matched_random_e4_calibrated,ddos,full_test,0.001,0.030776115134358406,262680,2779793,262680,4880,1.0,0.0017555264007068153
matched_random_e4_calibrated,ddos,time_quartile_1,0.001,0.030776115134358406,262680,497937,262680,1026,1.0,0.002060501629724242
matched_random_e4_calibrated,ddos,time_quartile_2,0.001,0.030776115134358406,0,760619,0,479,,0.0006297502428942742
matched_random_e4_calibrated,ddos,time_quartile_3,0.001,0.030776115134358406,0,760618,0,420,,0.0005521825673334052
matched_random_e4_calibrated,ddos,time_quartile_4,0.001,0.030776115134358406,0,760619,0,2955,,0.003884993669629604
matched_random_e4_calibrated,ddos,full_test,0.01,0.019666925072669983,262680,2779793,262680,14136,1.0,0.005085270737785152
matched_random_e4_calibrated,ddos,time_quartile_1,0.01,0.019666925072669983,262680,497937,262680,9381,1.0,0.018839732737273993
matched_random_e4_calibrated,ddos,time_quartile_2,0.01,0.019666925072669983,0,760619,0,669,,0.0008795467901801034
matched_random_e4_calibrated,ddos,time_quartile_3,0.01,0.019666925072669983,0,760618,0,843,,0.001108309295862049
matched_random_e4_calibrated,ddos,time_quartile_4,0.01,0.019666925072669983,0,760619,0,3243,,0.004263632646568124
matched_random_e4_calibrated,dos,full_test,0.001,0.0331144854426384,39483,3002990,39483,6348,1.0,0.002113893153157353
matched_random_e4_calibrated,dos,time_quartile_1,0.001,0.0331144854426384,39483,721134,39483,705,1.0,0.000977626904292406
matched_random_e4_calibrated,dos,time_quartile_2,0.001,0.0331144854426384,0,760619,0,979,,0.0012871095778569824
matched_random_e4_calibrated,dos,time_quartile_3,0.001,0.0331144854426384,0,760618,0,1037,,0.0013633650531541456
matched_random_e4_calibrated,dos,time_quartile_4,0.001,0.0331144854426384,0,760619,0,3627,,0.004768484615819484
matched_random_e4_calibrated,dos,full_test,0.01,0.007696389686316252,39483,3002990,39483,37711,1.0,0.012557817375349235
matched_random_e4_calibrated,dos,time_quartile_1,0.01,0.007696389686316252,39483,721134,39483,26747,1.0,0.03709019405547374
matched_random_e4_calibrated,dos,time_quartile_2,0.01,0.007696389686316252,0,760619,0,2813,,0.003698303618500195
matched_random_e4_calibrated,dos,time_quartile_3,0.01,0.007696389686316252,0,760618,0,3288,,0.004322800669981515
matched_random_e4_calibrated,dos,time_quartile_4,0.01,0.007696389686316252,0,760619,0,4863,,0.006393476891847298
matched_random_e4_calibrated,infiltration,full_test,0.001,0.9712727665901184,8742,3033731,742,9,0.08487760237931824,2.9666440432589442e-06
matched_random_e4_calibrated,infiltration,time_quartile_1,0.001,0.9712727665901184,0,760617,0,0,,0.0
matched_random_e4_calibrated,infiltration,time_quartile_2,0.001,0.9712727665901184,8028,752591,742,5,0.0924265072247135,6.6437148464438185e-06
matched_random_e4_calibrated,infiltration,time_quartile_3,0.001,0.9712727665901184,714,759904,0,4,0.0,5.263822798669305e-06
matched_random_e4_calibrated,infiltration,time_quartile_4,0.001,0.9712727665901184,0,760619,0,0,,0.0
matched_random_e4_calibrated,infiltration,full_test,0.01,0.7411108613014221,8742,3033731,1484,14045,0.16975520475863648,0.004629612843063541
matched_random_e4_calibrated,infiltration,time_quartile_1,0.01,0.7411108613014221,0,760617,0,2661,,0.0034984755796938537
matched_random_e4_calibrated,infiltration,time_quartile_2,0.01,0.7411108613014221,8028,752591,1414,3706,0.17613353263577478,0.004924321444184159
matched_random_e4_calibrated,infiltration,time_quartile_3,0.01,0.7411108613014221,714,759904,70,4345,0.09803921568627451,0.005717827515054533
matched_random_e4_calibrated,infiltration,time_quartile_4,0.01,0.7411108613014221,0,760619,0,3333,,0.004381957326861412
matched_random_e4_calibrated,web_attacks,full_test,0.001,0.853366494178772,127,3042346,82,469,0.6456692913385826,0.00015415735093904506
matched_random_e4_calibrated,web_attacks,time_quartile_1,0.001,0.853366494178772,127,760490,82,115,0.6456692913385826,0.00015121829346868466
matched_random_e4_calibrated,web_attacks,time_quartile_2,0.001,0.853366494178772,0,760619,0,225,,0.0002958117007332186
matched_random_e4_calibrated,web_attacks,time_quartile_3,0.001,0.853366494178772,0,760618,0,60,,7.888322390477217e-05
matched_random_e4_calibrated,web_attacks,time_quartile_4,0.001,0.853366494178772,0,760619,0,69,,9.07155882248537e-05
matched_random_e4_calibrated,web_attacks,full_test,0.01,0.3312203586101532,127,3042346,125,5162,0.984251968503937,0.0016967169414655663
matched_random_e4_calibrated,web_attacks,time_quartile_1,0.01,0.3312203586101532,127,760490,125,1361,0.984251968503937,0.0017896356296598246
matched_random_e4_calibrated,web_attacks,time_quartile_2,0.01,0.3312203586101532,0,760619,0,1463,,0.0019234334141008836
matched_random_e4_calibrated,web_attacks,time_quartile_3,0.01,0.3312203586101532,0,760618,0,1182,,0.0015539995109240118
matched_random_e4_calibrated,web_attacks,time_quartile_4,0.01,0.3312203586101532,0,760619,0,1156,,0.001519814782433781
