expert,auc
Benign,0.9791437548940315
DoS,0.8588343056623686
DDoS_Scan,0.6628768732098859
BruteForce,0.24521084814888805
WebBot,0.5468502807679378
Tail,0.4739699617956584
