Expert,Epoch,Accuracy,F1_Score
0,1,0.5289250864783933,0.47141983050850494
1,1,1.0,1.0
2,1,0.26138094432222037,0.11239903818887784
