epoch,pid,elapsed_seconds,phase,rss_bytes,gpu_used_mib
1790751826.969318,3129175,0.315,starting,524374016,0
1790751828.098948,3129175,1.444,starting,822173696,0
1790751829.1236062,3129175,2.469,residual_clustering,1746911232,0
1790751830.1506617,3129175,3.496,residual_clustering,1767489536,0
1790751831.1745574,3129175,4.52,residual_clustering,1863561216,0
1790751832.196315,3129175,5.542,starting,3811610624,0
1790751833.217188,3129175,6.563,starting,8104710144,0
1790751834.2380521,3129175,7.584,starting,12403605504,0
1790751835.4268005,3129175,8.772,starting,16012894208,0
1790751836.8266919,3129175,10.172,starting,20053532672,0
1790751837.9730368,3129175,11.319,starting,23114084352,0
1790751839.1720047,3129175,12.518,starting,26039222272,0
1790751842.2010944,3129175,15.547,block3_selection,1588838400,0
1790751843.2241864,3129175,16.57,block7_selection,1844695040,0
1790751844.2478063,3129175,17.593,block7_selection,1844695040,0
1790751845.2777104,3129175,18.623,block7_selection,1852919808,0
1790751846.306338,3129175,19.652,block7_selection,1852919808,0
1790751847.334489,3129175,20.68,block7_selection,1852919808,0
1790751848.3573856,3129175,21.703,block7_selection,1853120512,0
1790751849.3786006,3129175,22.724,block7_selection,1853120512,0
1790751850.4026613,3129175,23.748,block7_selection,1853120512,0
1790751851.4303465,3129175,24.776,block7_selection,1853374464,0
1790751852.4545279,3129175,25.8,block7_selection,1860751360,0
1790751853.4827743,3129175,26.828,starting,1410240512,0
1790751854.5097578,3129175,27.855,input_loading,1340588032,0
1790751855.5358183,3129175,28.881,input_loading,5609926656,0
1790751856.5624774,3129175,29.908,input_loading,9940414464,0
1790751857.716832,3129175,31.062,input_loading,14246948864,0
1790751858.8322096,3129175,32.178,input_loading,17361129472,0
1790751859.9938798,3129175,33.339,input_loading,20473024512,0
1790751861.2264528,3129175,34.572,input_loading,23442710528,0
1790751862.4608386,3129175,35.806,input_loading,26549981184,0
1790751863.7669497,3129175,37.113,input_loading,23304855552,0
1790751865.0615714,3129175,38.407,starting,1021960192,0
1790751866.0828834,3129175,39.428,starting,1194094592,0
1790751867.1038935,3129175,40.449,starting,1157406720,0
1790751868.1257536,3129175,41.471,starting,1157406720,0
1790751869.1451106,3129175,42.491,starting,1201532928,0
1790751870.1680484,3129175,43.514,starting,1157406720,0
1790751871.221001,3129175,44.567,starting,1157513216,0
1790751872.2453024,3129175,45.591,starting,1201639424,0
1790751873.2728071,3129175,46.618,starting,1200918528,0
1790751874.2953515,3129175,47.641,starting,1157513216,0
1790751875.3193538,3129175,48.665,starting,1201725440,0
1790751876.3459485,3129175,49.692,starting,1202974720,0
1790751877.369138,3129175,50.715,starting,1158848512,0
1790751878.3937588,3129175,51.739,starting,1158848512,0
1790751879.4147725,3129175,52.76,starting,1158848512,0
1790751880.4369648,3129175,53.783,starting,1158848512,0
1790751881.462497,3129175,54.808,starting,1158848512,0
1790751882.4890747,3129175,55.835,starting,1158848512,0
1790751883.5152862,3129175,56.861,starting,1158848512,0
1790751884.5492785,3129175,57.895,starting,4458676224,0
1790751885.5738444,3129175,58.919,starting,4938387456,1664
1790751886.5959547,3129175,59.942,starting,4976238592,2764
1790751887.6197271,3129175,60.965,affinity1_route,5025603584,2764
1790751888.6458871,3129175,61.991,affinity1_eval,5270540288,2764
1790751889.6718278,3129175,63.017,affinity1_eval,5270540288,2764
1790751890.6990597,3129175,64.045,affinity1_eval,5270540288,2764
1790751891.7208061,3129175,65.066,starting,4982390784,2764
1790751892.74172,3129175,66.087,starting,4982435840,2764
1790751893.7656686,3129175,67.111,affinity2_route,5015130112,2764
1790751894.7900662,3129175,68.136,affinity2_eval,5270585344,2764
1790751895.8153412,3129175,69.161,affinity2_eval,5270585344,2764
1790751896.840985,3129175,70.187,affinity2_eval,5270585344,2764
1790751897.8657749,3129175,71.211,affinity2_eval,5270585344,2764
1790751898.89446,3129175,72.24,starting,4982435840,2764
1790751899.917122,3129175,73.263,starting,4982435840,2764
1790751900.9395704,3129175,74.285,affinity3_eval,5271023616,2764
1790751901.9642327,3129175,75.31,affinity3_eval,5271023616,2764
1790751902.9926305,3129175,76.338,affinity3_eval,5271023616,2764
1790751904.0261302,3129175,77.372,affinity3_eval,5271023616,2764
1790751905.0547469,3129175,78.4,affinity4_route,5027192832,2766
1790751906.0830886,3129175,79.429,affinity4_eval,5272129536,2766
1790751907.1126277,3129175,80.458,affinity4_eval,5272129536,2766
1790751908.138039,3129175,81.484,affinity4_eval,5272129536,2766
1790751909.159032,3129175,82.505,affinity4_eval,5272129536,2766
1790751910.1811748,3129175,83.527,affinity4_eval,5272129536,2766
1790751911.2098584,3129175,84.555,affinity4_eval,5272129536,2766
1790751912.2360594,3129175,85.582,affinity5_route,5027241984,2768
1790751913.2624958,3129175,86.608,affinity5_eval,5272178688,2768
1790751914.2904842,3129175,87.636,affinity5_eval,5272178688,2768
1790751915.3218272,3129175,88.667,affinity5_eval,5272178688,2768
1790751916.3442678,3129175,89.69,starting,4991668224,2788
1790751917.3735118,3129175,90.719,affinity6_cal,5046226944,2788
1790751918.4003334,3129175,91.746,affinity6_eval,5272330240,2788
1790751919.4232962,3129175,92.769,affinity6_eval,5272330240,2788
1790751920.4493454,3129175,93.795,affinity6_eval,5272330240,2788
1790751921.4814978,3129175,94.827,affinity6_eval,5272330240,2788
1790751922.5085428,3129175,95.854,affinity6_eval,5272330240,2788
1790751923.5359752,3129175,96.882,affinity6_eval,5272330240,2788
1790751924.5632741,3129175,97.909,affinity6_eval,5272330240,2788
1790751925.5914419,3129175,98.937,starting,5000384512,2788
1790751926.6231997,3129175,99.969,affinity7_cal,5027393536,2788
1790751927.648088,3129175,100.994,affinity7_eval,5272330240,2788
1790751928.6778646,3129175,102.023,affinity7_eval,5272330240,2788
1790751929.7046661,3129175,103.05,affinity7_eval,5272330240,2788
1790751930.7313755,3129175,104.077,affinity7_eval,5272330240,2788
1790751931.7538786,3129175,105.099,affinity7_eval,5272330240,2788
1790751932.7798176,3129175,106.125,affinity7_eval,5272330240,2788
1790751933.8040926,3129175,107.15,starting,4984180736,2788
1790751934.8296041,3129175,108.175,affinity8_cal,5027393536,2788
1790751935.8555317,3129175,109.201,affinity8_eval,5272330240,2788
1790751936.881327,3129175,110.227,affinity8_eval,5272330240,2788
1790751937.906566,3129175,111.252,affinity8_eval,5272330240,2788
1790751938.9323862,3129175,112.278,affinity8_eval,5272330240,2788
1790751939.9595907,3129175,113.305,affinity8_eval,5272330240,2788
1790751940.9868784,3129175,114.332,expert1_fit,4445548544,1326
1790751942.0132315,3129175,115.359,starting,4445569024,1422
1790751943.0383563,3129175,116.384,starting,4445569024,1422
1790751944.0687063,3129175,117.414,starting,4445569024,1422
1790751945.0941274,3129175,118.44,starting,4445569024,1422
1790751946.1222725,3129175,119.468,starting,4445569024,1422
1790751947.1464007,3129175,120.492,starting,4445569024,1422
1790751948.1664479,3129175,121.512,starting,4445569024,1422
1790751949.2088408,3129175,122.554,expert1_route,4500246528,1422
1790751950.2356923,3129175,123.581,expert1_route,4500246528,1682
1790751951.2603416,3129175,124.606,expert1_route,4500246528,1722
1790751952.2813928,3129175,125.627,expert1_route,4500246528,1722
1790751953.3012674,3129175,126.647,expert1_route,4501405696,1742
1790751954.321621,3129175,127.667,expert1_route,4501405696,1742
1790751955.3452733,3129175,128.691,expert1_route,4501405696,1742
1790751956.3703568,3129175,129.716,expert1_route,4501405696,1742
1790751957.3914163,3129175,130.737,expert1_route,4501405696,1742
1790751958.4121265,3129175,131.758,expert1_cal,4479213568,1742
1790751959.4371898,3129175,132.783,expert1_cal,4479213568,1742
1790751960.4686425,3129175,133.814,expert1_cal,4479213568,1742
1790751961.4942315,3129175,134.84,expert1_cal,4479213568,1742
1790751962.5203502,3129175,135.866,expert1_cal,4479213568,1742
1790751963.5452106,3129175,136.891,expert1_cal,4479213568,1742
1790751964.573385,3129175,137.919,expert1_eval,5495144448,1742
1790751965.5989377,3129175,138.944,expert1_eval,5006630912,1742
1790751966.6220634,3129175,139.968,expert1_eval,5006630912,1742
1790751967.6567008,3129175,141.002,expert1_eval,5006630912,1742
1790751968.6786623,3129175,142.024,expert1_eval,5006630912,1742
1790751969.701285,3129175,143.047,expert1_eval,5006630912,1742
1790751970.7224958,3129175,144.068,expert1_eval,5006630912,1742
1790751971.7443473,3129175,145.09,expert1_eval,5006630912,1742
1790751972.7696064,3129175,146.115,expert1_eval,5006630912,1742
1790751973.798521,3129175,147.144,expert1_eval,5006630912,1742
1790751974.8241613,3129175,148.17,expert1_eval,5006630912,1742
1790751975.84908,3129175,149.195,expert1_eval,5006630912,1742
1790751976.918478,3129175,150.264,expert1_eval,5006630912,1742
1790751977.9450357,3129175,151.291,expert1_eval,5006630912,1742
1790751978.969973,3129175,152.316,expert1_eval,5006630912,1742
1790751979.9919326,3129175,153.337,expert1_eval,5006630912,1742
1790751981.012111,3129175,154.358,expert1_eval,5006630912,1742
1790751982.0376081,3129175,155.383,expert1_eval,5006630912,1742
1790751983.072411,3129175,156.418,expert1_eval,5006630912,1742
1790751984.1035843,3129175,157.449,expert1_eval,5006630912,1742
1790751985.125285,3129175,158.471,expert1_eval,5006630912,1742
1790751986.1479025,3129175,159.493,expert1_eval,5006630912,1742
1790751987.1694448,3129175,160.515,expert1_eval,5006630912,1742
1790751988.1968772,3129175,161.542,expert1_eval,5006630912,1742
1790751989.2194936,3129175,162.565,expert1_eval,5006630912,1742
1790751990.2417972,3129175,163.587,expert1_eval,5006630912,1742
1790751991.264002,3129175,164.61,expert1_eval,5006630912,1742
1790751992.2878728,3129175,165.633,expert1_eval,5006630912,1742
1790751993.3098805,3129175,166.655,expert1_eval,5006630912,1742
1790751994.3351202,3129175,167.681,expert1_eval,5006630912,1742
1790751995.3613684,3129175,168.707,expert1_eval,5006630912,1742
1790751996.3863099,3129175,169.732,expert1_eval,5006630912,1742
1790751997.4082778,3129175,170.754,expert1_eval,5006630912,1742
1790751998.4628448,3129175,171.808,expert1_eval,5006630912,1742
1790751999.4930534,3129175,172.839,expert1_eval,5006630912,1742
1790752000.5211077,3129175,173.867,expert1_eval,5006630912,1742
1790752001.5424883,3129175,174.888,expert1_eval,5006630912,1742
1790752002.569333,3129175,175.915,expert1_eval,5006630912,1742
1790752003.5937235,3129175,176.939,expert1_eval,5006630912,1742
1790752004.6176834,3129175,177.963,expert1_eval,5006630912,1742
1790752005.6387792,3129175,178.984,expert1_eval,5006630912,1742
1790752006.6597133,3129175,180.005,expert1_eval,5006630912,1742
1790752007.6816936,3129175,181.027,expert1_eval,5006630912,1742
1790752008.7199125,3129175,182.065,expert1_eval,5006630912,1742
1790752009.7406864,3129175,183.086,expert1_eval,5006630912,1742
1790752010.7630842,3129175,184.109,expert1_eval,5006630912,1742
1790752011.7905679,3129175,185.136,expert1_eval,5006630912,1742
1790752012.8163915,3129175,186.162,expert1_eval,5006630912,1742
1790752013.8418212,3129175,187.187,expert1_eval,5006630912,1742
1790752014.8637109,3129175,188.209,expert1_eval,5006630912,1742
1790752015.8820446,3129175,189.228,expert1_eval,5006630912,1742
1790752016.9039857,3129175,190.25,expert1_eval,5006630912,1742
1790752017.9700706,3129175,191.316,expert1_eval,5006630912,1742
1790752018.9934895,3129175,192.339,expert1_eval,5006630912,1742
1790752020.0153697,3129175,193.361,expert1_eval,5006630912,1742
1790752021.0412204,3129175,194.387,expert1_eval,5006630912,1742
1790752022.0739121,3129175,195.419,expert1_eval,5006630912,1742
1790752023.1039333,3129175,196.449,expert1_eval,5006630912,1742
1790752024.129999,3129175,197.476,expert1_eval,5006630912,1742
1790752025.1546643,3129175,198.5,expert1_eval,5006630912,1742
1790752026.186756,3129175,199.532,expert1_eval,5006630912,1742
1790752027.2116368,3129175,200.557,expert1_eval,5006630912,1742
1790752028.2357717,3129175,201.581,expert1_eval,5006630912,1742
1790752029.2622113,3129175,202.608,expert1_eval,5006630912,1742
1790752030.2817366,3129175,203.627,expert1_eval,5006630912,1742
1790752031.3060396,3129175,204.652,expert1_eval,5006630912,1742
1790752032.336005,3129175,205.682,expert1_eval,5006630912,1742
1790752033.3617911,3129175,206.707,expert1_eval,5006630912,1742
1790752034.3855762,3129175,207.731,expert1_eval,5006630912,1742
1790752035.4110534,3129175,208.757,expert1_eval,5006630912,1742
1790752036.439084,3129175,209.785,expert1_eval,5006630912,1742
1790752037.4729593,3129175,210.819,expert1_eval,5006630912,1742
1790752038.5042365,3129175,211.85,expert1_eval,5006630912,1742
1790752039.5285685,3129175,212.874,expert1_eval,5006630912,1742
1790752040.5549216,3129175,213.9,expert1_eval,5006630912,1742
1790752041.5784752,3129175,214.924,expert1_eval,5006630912,1742
1790752042.6051648,3129175,215.951,expert1_eval,5006630912,1742
1790752043.6363952,3129175,216.982,expert1_eval,5006630912,1742
1790752044.6616626,3129175,218.007,expert1_eval,5006630912,1742
1790752045.6873918,3129175,219.033,expert1_eval,5006630912,1742
1790752046.7093096,3129175,220.055,expert1_eval,5006630912,1742
1790752047.7306776,3129175,221.076,expert1_eval,5006630912,1742
1790752048.7558417,3129175,222.101,expert1_eval,5006630912,1742
1790752049.7808626,3129175,223.126,expert1_eval,5006630912,1742
1790752050.8323455,3129175,224.178,expert1_eval,5006630912,1742
1790752051.856656,3129175,225.202,expert1_eval,5006630912,1742
1790752052.8834949,3129175,226.229,expert1_eval,5006630912,1742
1790752053.9052927,3129175,227.251,expert1_eval,5006630912,1742
1790752054.9283216,3129175,228.274,expert1_eval,5006630912,1742
1790752055.9497402,3129175,229.295,expert1_eval,5006630912,1742
1790752056.9727345,3129175,230.318,expert1_eval,5006630912,1742
1790752057.9936805,3129175,231.339,expert1_eval,5006630912,1742
1790752059.016576,3129175,232.362,expert1_eval,5006630912,1742
1790752060.036159,3129175,233.382,expert1_eval,5006630912,1742
1790752061.0673385,3129175,234.413,expert1_eval,5006630912,1742
1790752062.0923574,3129175,235.438,expert1_eval,5006630912,1742
1790752063.1161573,3129175,236.462,expert1_eval,5006630912,1742
1790752064.1398425,3129175,237.485,expert1_eval,5006630912,1742
1790752065.164545,3129175,238.51,expert1_eval,5006630912,1742
1790752066.1863067,3129175,239.532,expert1_eval,5006630912,1742
1790752067.2161152,3129175,240.562,expert1_eval,5006630912,1742
1790752068.239785,3129175,241.585,expert1_eval,5006630912,1742
1790752069.2597058,3129175,242.605,expert1_eval,5006630912,1742
1790752070.2812061,3129175,243.627,expert1_eval,5006630912,1742
1790752071.3339746,3129175,244.68,expert1_eval,5006630912,1742
1790752072.3637173,3129175,245.709,expert1_eval,5006630912,1742
1790752073.3893714,3129175,246.735,expert1_eval,5006630912,1742
1790752074.4132051,3129175,247.759,expert1_eval,5006630912,1742
1790752075.435148,3129175,248.781,expert1_eval,5006630912,1742
1790752076.4606965,3129175,249.806,expert1_eval,5006630912,1742
1790752077.4845874,3129175,250.83,expert1_eval,5006630912,1742
1790752078.5087018,3129175,251.854,expert1_eval,5006630912,1742
1790752079.5274763,3129175,252.873,expert1_eval,5006630912,1742
1790752080.5534217,3129175,253.899,expert1_eval,5006630912,1742
1790752081.5976589,3129175,254.943,expert1_eval,5006630912,1742
1790752082.6221893,3129175,255.968,expert1_eval,5006630912,1742
1790752083.6456463,3129175,256.991,expert1_eval,5006630912,1742
1790752084.670905,3129175,258.016,expert1_eval,5006630912,1742
1790752085.7324133,3129175,259.078,expert1_eval,5006630912,1742
1790752086.757446,3129175,260.103,expert1_eval,5006630912,1742
1790752087.7802505,3129175,261.126,expert1_eval,5006630912,1742
1790752088.8066134,3129175,262.152,expert1_eval,5006630912,1742
1790752089.825318,3129175,263.171,expert1_eval,5006630912,1742
1790752090.8487606,3129175,264.194,expert1_eval,5006630912,1742
1790752091.8725202,3129175,265.218,expert1_eval,5006630912,1742
1790752092.8964703,3129175,266.242,expert1_eval,5006630912,1742
1790752093.9190745,3129175,267.265,expert1_eval,5006630912,1742
1790752094.9431815,3129175,268.289,expert1_eval,5006630912,1742
1790752095.9642909,3129175,269.31,expert1_eval,5006630912,1742
1790752096.9841816,3129175,270.33,expert1_eval,5006630912,1742
1790752098.0091002,3129175,271.355,expert1_eval,5006630912,1742
1790752099.0314188,3129175,272.377,expert1_eval,5006630912,1742
1790752100.0590065,3129175,273.405,expert1_eval,5006630912,1742
1790752101.0811245,3129175,274.427,expert1_eval,5006630912,1742
1790752102.1040757,3129175,275.45,expert1_eval,5006630912,1742
1790752103.1264806,3129175,276.472,expert1_eval,5006630912,1742
1790752104.147453,3129175,277.493,expert1_eval,5006630912,1742
1790752105.1705005,3129175,278.516,expert1_eval,5006630912,1742
1790752106.1960754,3129175,279.542,expert1_eval,5006630912,1742
1790752107.2171075,3129175,280.563,expert1_eval,5006630912,1742
1790752108.237012,3129175,281.583,expert1_eval,5006630912,1742
1790752109.2588933,3129175,282.604,expert1_eval,5006630912,1742
1790752110.2793152,3129175,283.625,expert1_eval,5006630912,1742
1790752111.2997863,3129175,284.645,expert1_eval,5006630912,1742
1790752112.3218424,3129175,285.667,expert1_eval,5006630912,1742
1790752113.3451629,3129175,286.691,expert1_eval,5006630912,1742
1790752114.3711133,3129175,287.717,expert2_fit,4446814208,624
1790752115.4002175,3129175,288.746,expert2_fit,4446814208,1346
1790752116.4211602,3129175,289.767,expert2_fit,4446814208,1346
1790752117.4500105,3129175,290.796,starting,4446814208,1442
1790752118.4743207,3129175,291.82,starting,4446814208,1442
1790752119.4935374,3129175,292.839,starting,4446814208,1442
1790752120.513574,3129175,293.859,starting,4446814208,1442
1790752121.535011,3129175,294.881,starting,4446814208,1442
1790752122.5564885,3129175,295.902,starting,4446814208,1442
1790752123.577694,3129175,296.923,starting,4446814208,1442
1790752124.6011014,3129175,297.947,expert2_route,4501405696,1562
1790752125.6265893,3129175,298.972,expert2_route,4501405696,1662
1790752126.6491761,3129175,299.995,expert2_route,4501405696,1662
1790752127.6742706,3129175,301.02,expert2_route,4501405696,1682
1790752128.696747,3129175,302.042,expert2_route,4501405696,1702
1790752129.7205315,3129175,303.066,expert2_route,4501405696,1702
1790752130.7424994,3129175,304.088,expert2_route,4501405696,1702
1790752131.8036048,3129175,305.149,expert2_route,4501405696,1702
1790752132.8254457,3129175,306.171,expert2_route,4501405696,1702
1790752133.846768,3129175,307.192,expert2_route,4501405696,1702
1790752134.8679998,3129175,308.214,expert2_route,4501405696,1702
1790752135.8895147,3129175,309.235,expert2_route,4501405696,1702
1790752136.912099,3129175,310.258,expert2_route,4501405696,1702
1790752137.9380803,3129175,311.284,expert2_route,4501405696,1702
1790752138.9608476,3129175,312.306,expert2_route,4501405696,1702
1790752139.9825978,3129175,313.328,expert2_route,4501405696,1702
1790752141.008045,3129175,314.354,expert2_route,4501405696,1702
1790752142.0338776,3129175,315.379,expert2_route,4501405696,1702
1790752143.0617752,3129175,316.407,expert2_cal,4479213568,1702
1790752144.0873487,3129175,317.433,expert2_cal,4479213568,1702
1790752145.1116192,3129175,318.457,expert2_cal,4479213568,1702
1790752146.1374059,3129175,319.483,expert2_cal,4479213568,1702
1790752147.1584356,3129175,320.504,expert2_cal,4479213568,1702
1790752148.1777992,3129175,321.523,expert2_cal,4479213568,1702
1790752149.1998978,3129175,322.545,expert2_cal,4479213568,1702
1790752150.224716,3129175,323.57,expert2_cal,4479213568,1702
1790752151.245818,3129175,324.591,expert2_cal,4479213568,1702
1790752152.2713492,3129175,325.617,expert2_cal,4479213568,1702
1790752153.3027184,3129175,326.648,expert2_cal,4479213568,1702
1790752154.3312407,3129175,327.677,expert2_cal,4479213568,1702
1790752155.3628635,3129175,328.708,expert2_eval,5119754240,1702
1790752156.3886936,3129175,329.734,expert2_eval,5566447616,1702
1790752157.4112604,3129175,330.757,expert2_eval,5006630912,1702
1790752158.4332705,3129175,331.779,expert2_eval,5006630912,1702
1790752159.4543595,3129175,332.8,expert2_eval,5006630912,1702
1790752160.4734762,3129175,333.819,expert2_eval,5006630912,1702
1790752161.4936013,3129175,334.839,expert2_eval,5006630912,1702
1790752162.5133765,3129175,335.859,expert2_eval,5006630912,1702
1790752163.5358005,3129175,336.881,expert2_eval,5006630912,1702
1790752164.5572386,3129175,337.903,expert2_eval,5006630912,1702
1790752165.5787835,3129175,338.924,expert2_eval,5006630912,1702
1790752166.6029549,3129175,339.949,expert2_eval,5006630912,1702
1790752167.6264176,3129175,340.972,expert2_eval,5006630912,1702
1790752168.6497548,3129175,341.995,expert2_eval,5006630912,1702
1790752169.6741874,3129175,343.02,expert2_eval,5006630912,1702
1790752170.7038,3129175,344.049,expert2_eval,5006630912,1702
1790752171.7245483,3129175,345.07,expert2_eval,5006630912,1702
1790752172.7470858,3129175,346.093,expert2_eval,5006630912,1702
1790752173.7719636,3129175,347.118,expert2_eval,5006630912,1702
1790752174.7946784,3129175,348.14,expert2_eval,5006630912,1702
1790752175.818588,3129175,349.164,expert2_eval,5006630912,1702
1790752176.8398979,3129175,350.185,expert2_eval,5006630912,1702
1790752177.864665,3129175,351.21,expert2_eval,5006630912,1702
1790752178.8850908,3129175,352.231,expert2_eval,5006630912,1702
1790752179.908367,3129175,353.254,expert2_eval,5006630912,1702
1790752180.9347093,3129175,354.28,expert2_eval,5006630912,1702
1790752181.9571192,3129175,355.303,expert2_eval,5006630912,1702
1790752182.976833,3129175,356.322,expert2_eval,5006630912,1702
1790752184.0010018,3129175,357.347,expert2_eval,5006630912,1702
1790752185.0228195,3129175,358.368,expert2_eval,5006630912,1702
1790752186.0450199,3129175,359.391,expert2_eval,5006630912,1702
1790752187.0696805,3129175,360.415,expert2_eval,5006630912,1702
1790752188.090758,3129175,361.436,expert2_eval,5006630912,1702
1790752189.1104057,3129175,362.456,expert2_eval,5006630912,1702
1790752190.131986,3129175,363.478,expert2_eval,5006630912,1702
1790752191.1600275,3129175,364.506,expert2_eval,5006630912,1702
1790752192.184902,3129175,365.53,expert2_eval,5006630912,1702
1790752193.209984,3129175,366.556,expert2_eval,5006630912,1702
1790752194.236221,3129175,367.582,expert2_eval,5006630912,1702
1790752195.2613075,3129175,368.607,expert2_eval,5006630912,1702
1790752196.3067648,3129175,369.652,expert2_eval,5006630912,1702
1790752197.3304288,3129175,370.676,expert2_eval,5006630912,1702
1790752198.3517606,3129175,371.697,expert2_eval,5006630912,1702
1790752199.3768258,3129175,372.722,expert2_eval,5006630912,1702
1790752200.3958256,3129175,373.741,expert2_eval,5006630912,1702
1790752201.4175327,3129175,374.763,expert2_eval,5006630912,1702
1790752202.4395432,3129175,375.785,expert2_eval,5006630912,1702
1790752203.4617305,3129175,376.807,expert2_eval,5006630912,1702
1790752204.481629,3129175,377.827,expert2_eval,5006630912,1702
1790752205.5078435,3129175,378.853,expert2_eval,5006630912,1702
1790752206.5304663,3129175,379.876,expert2_eval,5006630912,1702
1790752207.5547674,3129175,380.9,expert2_eval,5006630912,1702
1790752208.5779548,3129175,381.924,expert2_eval,5006630912,1702
1790752209.6020355,3129175,382.948,expert2_eval,5006630912,1702
1790752210.627131,3129175,383.973,expert2_eval,5006630912,1702
1790752211.649231,3129175,384.995,expert2_eval,5006630912,1702
1790752212.6682315,3129175,386.014,expert2_eval,5006630912,1702
1790752213.6926208,3129175,387.038,expert2_eval,5006630912,1702
1790752214.7201288,3129175,388.066,expert2_eval,5006630912,1702
1790752215.7441893,3129175,389.09,expert2_eval,5006630912,1702
1790752216.7676404,3129175,390.113,expert2_eval,5006630912,1702
1790752217.7991796,3129175,391.145,expert2_eval,5006630912,1702
1790752218.824017,3129175,392.17,expert2_eval,5006630912,1702
1790752219.8453403,3129175,393.191,expert2_eval,5006630912,1702
1790752220.871737,3129175,394.217,expert2_eval,5006630912,1702
1790752221.894283,3129175,395.24,expert2_eval,5006630912,1702
1790752222.916156,3129175,396.262,expert2_eval,5006630912,1702
1790752223.9416704,3129175,397.287,expert2_eval,5006630912,1702
1790752224.960708,3129175,398.306,expert2_eval,5006630912,1702
1790752225.9817467,3129175,399.327,expert2_eval,5006630912,1702
1790752227.0280027,3129175,400.374,expert2_eval,5006630912,1702
1790752228.053504,3129175,401.399,expert2_eval,5006630912,1702
1790752229.079549,3129175,402.425,expert2_eval,5006630912,1702
1790752230.1070068,3129175,403.453,expert2_eval,5006630912,1702
1790752231.127218,3129175,404.473,expert2_eval,5006630912,1702
1790752232.1489558,3129175,405.495,expert2_eval,5006630912,1702
1790752233.177963,3129175,406.524,expert2_eval,5006630912,1702
1790752234.2020156,3129175,407.548,expert2_eval,5006630912,1702
1790752235.2271628,3129175,408.573,expert2_eval,5006630912,1702
1790752236.252464,3129175,409.598,expert2_eval,5006630912,1702
1790752237.2745283,3129175,410.62,expert2_eval,5006630912,1702
1790752238.3371203,3129175,411.683,expert2_eval,5006630912,1702
1790752239.3620052,3129175,412.708,expert2_eval,5006630912,1702
1790752240.4260125,3129175,413.772,expert2_eval,5006630912,1702
1790752241.4517748,3129175,414.797,expert2_eval,5006630912,1702
1790752242.476727,3129175,415.822,expert2_eval,5006630912,1702
1790752243.5022957,3129175,416.848,expert2_eval,5006630912,1702
1790752244.5318515,3129175,417.877,expert2_eval,5006630912,1702
1790752245.558085,3129175,418.904,expert2_eval,5006630912,1702
1790752246.5827508,3129175,419.928,expert2_eval,5006630912,1702
1790752247.6043751,3129175,420.95,expert2_eval,5006630912,1702
1790752248.6292958,3129175,421.975,expert2_eval,5006630912,1702
1790752249.651382,3129175,422.997,expert2_eval,5006630912,1702
1790752250.6729105,3129175,424.018,expert2_eval,5006630912,1702
1790752251.692436,3129175,425.038,expert2_eval,5006630912,1702
1790752252.7159188,3129175,426.061,expert2_eval,5006630912,1702
1790752253.7376359,3129175,427.083,expert2_eval,5006630912,1702
1790752254.7649846,3129175,428.111,expert2_eval,5006630912,1702
1790752255.7863955,3129175,429.132,expert2_eval,5006630912,1702
1790752256.8101604,3129175,430.156,expert2_eval,5006630912,1702
1790752257.8360088,3129175,431.182,expert2_eval,5006630912,1702
1790752258.8611898,3129175,432.207,expert2_eval,5006630912,1702
1790752259.8913388,3129175,433.237,expert2_eval,5006630912,1702
1790752260.9126735,3129175,434.258,expert2_eval,5006630912,1702
1790752261.9383686,3129175,435.284,expert2_eval,5006630912,1702
1790752262.9599667,3129175,436.306,expert2_eval,5006630912,1702
1790752263.9828975,3129175,437.328,expert2_eval,5006630912,1702
1790752265.0322309,3129175,438.378,expert2_eval,5006630912,1702
1790752266.0529387,3129175,439.398,expert2_eval,5006630912,1702
1790752267.0724194,3129175,440.418,expert2_eval,5006630912,1702
1790752268.0948424,3129175,441.44,expert2_eval,5006630912,1702
1790752269.121452,3129175,442.467,expert2_eval,5006630912,1702
1790752270.147119,3129175,443.493,expert2_eval,5006630912,1702
1790752271.1710248,3129175,444.517,expert2_eval,5006630912,1702
1790752272.1953986,3129175,445.541,expert2_eval,5006630912,1702
1790752273.2211094,3129175,446.567,expert2_eval,5006630912,1702
1790752274.2479734,3129175,447.594,expert2_eval,5006630912,1702
1790752275.269505,3129175,448.615,expert2_eval,5006630912,1702
1790752276.2910585,3129175,449.637,expert2_eval,5006630912,1702
1790752277.3145719,3129175,450.66,expert2_eval,5006630912,1702
1790752278.3394513,3129175,451.685,expert2_eval,5006630912,1702
1790752279.3654583,3129175,452.711,expert2_eval,5006630912,1702
1790752280.3866415,3129175,453.732,expert2_eval,5006630912,1702
1790752281.4113116,3129175,454.757,expert2_eval,5006630912,1702
1790752282.4437597,3129175,455.789,expert2_eval,5006630912,1702
1790752283.4687655,3129175,456.814,expert2_eval,5006630912,1702
1790752284.4919162,3129175,457.837,expert2_eval,5006630912,1702
1790752285.51246,3129175,458.858,expert2_eval,5006630912,1702
1790752286.5353153,3129175,459.881,expert2_eval,5006630912,1702
1790752287.5557806,3129175,460.901,expert2_eval,5006630912,1702
1790752288.5782013,3129175,461.924,expert2_eval,5006630912,1702
1790752289.6012454,3129175,462.947,expert2_eval,5006630912,1702
1790752290.626054,3129175,463.972,expert2_eval,5006630912,1702
1790752291.6485465,3129175,464.994,expert2_eval,5006630912,1702
1790752292.6725447,3129175,466.018,expert2_eval,5006630912,1702
1790752293.700425,3129175,467.046,expert2_eval,5006630912,1702
1790752294.7248445,3129175,468.07,expert2_eval,5006630912,1702
1790752295.7483168,3129175,469.094,expert2_eval,5006630912,1702
1790752296.7732315,3129175,470.119,expert2_eval,5006630912,1702
1790752297.7945583,3129175,471.14,expert2_eval,5006630912,1702
1790752298.8182485,3129175,472.164,expert2_eval,5006630912,1702
1790752299.8437994,3129175,473.189,expert2_eval,5006630912,1702
1790752300.8666635,3129175,474.212,expert2_eval,5006630912,1702
1790752301.891921,3129175,475.237,expert2_eval,5006630912,1702
1790752302.9109807,3129175,476.257,expert2_eval,5006630912,1702
1790752303.9309292,3129175,477.276,expert2_eval,5006630912,1702
1790752304.9538302,3129175,478.299,expert2_eval,5006630912,1702
1790752305.980642,3129175,479.326,expert2_eval,5006630912,1702
1790752307.0029314,3129175,480.348,expert2_eval,5006630912,1702
1790752308.0232987,3129175,481.369,expert2_eval,5006630912,1702
1790752309.050584,3129175,482.396,expert2_eval,5006630912,1702
1790752310.0740385,3129175,483.42,expert2_eval,5006630912,1702
1790752311.099959,3129175,484.446,expert2_eval,5006630912,1702
1790752312.1260176,3129175,485.472,expert2_eval,5006630912,1702
1790752313.1511507,3129175,486.497,expert2_eval,5006630912,1702
1790752314.1753242,3129175,487.521,expert2_eval,5006630912,1702
1790752315.1995203,3129175,488.545,expert2_eval,5006630912,1702
1790752316.2207062,3129175,489.566,expert2_eval,5006630912,1702
1790752317.2449944,3129175,490.591,expert2_eval,5006630912,1702
1790752318.270205,3129175,491.616,expert2_eval,5006630912,1702
1790752319.2939491,3129175,492.64,expert2_eval,5006630912,1702
1790752320.3189623,3129175,493.665,expert2_eval,5006630912,1702
1790752321.3455875,3129175,494.691,expert2_eval,5006630912,1702
1790752322.3708713,3129175,495.716,expert2_eval,5006630912,1702
1790752323.3937,3129175,496.739,expert2_eval,5006630912,1702
1790752324.4155483,3129175,497.761,expert2_eval,5006630912,1702
1790752325.4407372,3129175,498.786,expert2_eval,5006630912,1702
1790752326.4640179,3129175,499.81,expert2_eval,5006630912,1702
1790752327.48628,3129175,500.832,expert2_eval,5006630912,1702
1790752328.5085964,3129175,501.854,expert2_eval,5006630912,1702
1790752329.5282943,3129175,502.874,expert2_eval,5006630912,1702
1790752330.5472815,3129175,503.893,expert2_eval,5006630912,1702
1790752331.569158,3129175,504.915,expert2_eval,5006630912,1702
1790752332.594698,3129175,505.94,expert2_eval,5006630912,1702
1790752333.6157985,3129175,506.961,expert2_eval,5006630912,1702
1790752334.6375163,3129175,507.983,expert2_eval,5006630912,1702
1790752335.65785,3129175,509.003,expert2_eval,5006630912,1702
1790752336.6782095,3129175,510.024,expert2_eval,5006630912,1702
1790752337.6999664,3129175,511.046,expert2_eval,5006630912,1702
1790752338.723219,3129175,512.069,expert2_eval,5006630912,1702
1790752339.7516332,3129175,513.097,expert2_eval,5006630912,1702
1790752340.7725325,3129175,514.118,expert2_eval,5006630912,1702
1790752341.7969332,3129175,515.142,expert2_eval,5006630912,1702
1790752342.8197353,3129175,516.165,expert2_eval,5006630912,1702
1790752343.8432589,3129175,517.189,expert2_eval,5006630912,1702
1790752344.8652537,3129175,518.211,expert2_eval,5006630912,1702
1790752345.88453,3129175,519.23,expert2_eval,5006630912,1702
1790752346.9053018,3129175,520.251,expert2_eval,5006630912,1702
1790752347.927683,3129175,521.273,expert2_eval,5006630912,1702
1790752348.9748402,3129175,522.32,expert2_eval,5006630912,1702
1790752349.9960802,3129175,523.342,expert2_eval,5006630912,1702
1790752351.0171347,3129175,524.363,expert2_eval,5006630912,1702
1790752352.04113,3129175,525.387,expert2_eval,5006630912,1702
1790752353.0651433,3129175,526.411,expert2_eval,5006630912,1702
1790752354.0911767,3129175,527.437,expert2_eval,5006630912,1702
1790752355.1218958,3129175,528.467,expert2_eval,5006630912,1702
1790752356.1454103,3129175,529.491,expert2_eval,5006630912,1702
1790752357.168142,3129175,530.514,expert2_eval,5006630912,1702
1790752358.1896977,3129175,531.535,expert2_eval,5006630912,1702
1790752359.2158165,3129175,532.561,expert2_eval,5006630912,1702
1790752360.2748816,3129175,533.62,expert2_eval,5006630912,1702
1790752361.3011732,3129175,534.647,expert2_eval,5006630912,1702
1790752362.3674443,3129175,535.713,expert2_eval,5006630912,1702
1790752363.393625,3129175,536.739,expert2_eval,5006630912,1702
1790752364.4147325,3129175,537.76,expert2_eval,5006630912,1702
1790752365.4369946,3129175,538.783,expert2_eval,5006630912,1702
1790752366.466924,3129175,539.812,expert2_eval,5006630912,1702
1790752367.4910364,3129175,540.837,expert2_eval,5006630912,1702
1790752368.5146112,3129175,541.86,expert2_eval,5006630912,1702
1790752369.5397277,3129175,542.885,expert2_eval,5006630912,1702
1790752370.562384,3129175,543.908,expert2_eval,5006630912,1702
1790752371.5850987,3129175,544.931,expert2_eval,5006630912,1702
1790752372.6077387,3129175,545.953,expert2_eval,5006630912,1702
1790752373.6304748,3129175,546.976,expert2_eval,5006630912,1702
1790752374.655333,3129175,548.001,expert2_eval,5006630912,1702
1790752375.6780097,3129175,549.024,expert2_eval,5006630912,1702
1790752376.7012846,3129175,550.047,expert2_eval,5006630912,1702
1790752377.7260487,3129175,551.072,expert2_eval,5006630912,1702
1790752378.7502522,3129175,552.096,expert2_eval,5006630912,1702
1790752379.7744422,3129175,553.12,expert2_eval,5006630912,1702
1790752380.7988644,3129175,554.144,expert2_eval,5006630912,1702
1790752381.8274684,3129175,555.173,expert2_eval,5006630912,1702
1790752382.8476818,3129175,556.193,expert2_eval,5006630912,1702
1790752383.8709419,3129175,557.216,expert2_eval,5006630912,1702
1790752384.8948991,3129175,558.24,expert2_eval,5006630912,1702
1790752385.919341,3129175,559.265,expert2_eval,5006630912,1702
1790752386.9875157,3129175,560.333,expert2_eval,5006630912,1702
1790752388.0113082,3129175,561.357,expert2_eval,5006630912,1702
1790752389.0345452,3129175,562.38,expert2_eval,5006630912,1702
1790752390.0601034,3129175,563.406,expert2_eval,5006630912,1702
1790752391.0799284,3129175,564.425,expert2_eval,5006630912,1702
1790752392.1006958,3129175,565.446,expert2_eval,5006630912,1702
1790752393.1229863,3129175,566.469,expert2_eval,5006630912,1702
1790752394.1438723,3129175,567.489,expert2_eval,5006630912,1702
1790752395.1688159,3129175,568.514,expert2_eval,5006630912,1702
1790752396.1940603,3129175,569.54,expert2_eval,5006630912,1702
1790752397.2179925,3129175,570.564,expert2_eval,5006630912,1702
1790752398.2387996,3129175,571.584,expert2_eval,5006630912,1702
1790752399.258776,3129175,572.604,expert3_fit,4446814208,590
1790752400.2822025,3129175,573.628,expert3_fit,4446814208,1342
1790752401.3197563,3129175,574.665,expert3_fit,4446814208,1342
1790752402.3443096,3129175,575.69,starting,4446814208,1402
1790752403.3658628,3129175,576.711,starting,4446814208,1402
1790752404.3873343,3129175,577.733,starting,4446814208,1402
1790752405.409455,3129175,578.755,starting,4446814208,1402
1790752406.434442,3129175,579.78,starting,4446814208,1402
1790752407.459105,3129175,580.805,starting,4446814208,1402
1790752408.4856646,3129175,581.831,expert3_route,4501405696,1462
1790752409.5099194,3129175,582.855,expert3_route,4501405696,1542
1790752410.5332816,3129175,583.879,expert3_route,4501405696,1562
1790752411.5579348,3129175,584.903,expert3_route,4501405696,1562
1790752412.5799735,3129175,585.926,expert3_route,4501405696,1602
1790752413.6037195,3129175,586.949,expert3_route,4501405696,1602
1790752414.6289206,3129175,587.974,expert3_route,4501405696,1602
1790752415.653556,3129175,588.999,expert3_route,4501405696,1602
1790752416.6780407,3129175,590.024,expert3_route,4501405696,1602
1790752417.7024703,3129175,591.048,expert3_route,4501405696,1602
1790752418.7265303,3129175,592.072,expert3_route,4501405696,1602
1790752419.7496915,3129175,593.095,expert3_route,4501405696,1602
1790752420.7684786,3129175,594.114,expert3_route,4501405696,1602
1790752421.7897625,3129175,595.135,expert3_route,4501405696,1602
1790752422.8122585,3129175,596.158,expert3_route,4501405696,1602
1790752423.8392591,3129175,597.185,expert3_route,4501405696,1602
1790752424.8664646,3129175,598.212,expert3_cal,4479213568,1602
1790752425.8874161,3129175,599.233,expert3_cal,4479213568,1602
1790752426.909819,3129175,600.255,expert3_cal,4479213568,1602
1790752427.9296134,3129175,601.275,expert3_cal,4479213568,1602
1790752428.9492888,3129175,602.295,expert3_cal,4479213568,1602
1790752429.971923,3129175,603.317,expert3_eval,5222514688,1602
1790752430.9943666,3129175,604.34,expert3_eval,5566447616,1602
1790752432.0169966,3129175,605.363,expert3_eval,5006630912,1602
1790752433.0423193,3129175,606.388,expert3_eval,5006630912,1602
1790752434.0655932,3129175,607.411,expert3_eval,5006630912,1602
1790752435.0867028,3129175,608.432,expert3_eval,5006630912,1602
1790752436.1091588,3129175,609.455,expert3_eval,5006630912,1602
1790752437.1308386,3129175,610.476,expert3_eval,5006630912,1602
1790752438.156791,3129175,611.502,expert3_eval,5006630912,1602
1790752439.1797972,3129175,612.525,expert3_eval,5006630912,1602
1790752440.2005367,3129175,613.546,expert3_eval,5006630912,1602
1790752441.2204955,3129175,614.566,expert3_eval,5006630912,1602
1790752442.2405934,3129175,615.586,expert3_eval,5006630912,1602
1790752443.2612238,3129175,616.607,expert3_eval,5006630912,1602
1790752444.2863293,3129175,617.632,expert3_eval,5006630912,1602
1790752445.307125,3129175,618.653,expert3_eval,5006630912,1602
1790752446.3281024,3129175,619.674,expert3_eval,5006630912,1602
1790752447.3517265,3129175,620.697,expert3_eval,5006630912,1602
1790752448.37434,3129175,621.72,expert3_eval,5006630912,1602
1790752449.3992207,3129175,622.745,expert3_eval,5006630912,1602
1790752450.4215462,3129175,623.767,expert3_eval,5006630912,1602
1790752451.4440165,3129175,624.79,expert3_eval,5006630912,1602
1790752452.469642,3129175,625.815,expert3_eval,5006630912,1602
1790752453.495866,3129175,626.841,expert3_eval,5006630912,1602
1790752454.521041,3129175,627.867,expert3_eval,5006630912,1602
1790752455.5438087,3129175,628.889,expert3_eval,5006630912,1602
1790752456.5708537,3129175,629.916,expert3_eval,5006630912,1602
1790752457.5978234,3129175,630.943,expert3_eval,5006630912,1602
1790752458.6239796,3129175,631.97,expert3_eval,5006630912,1602
1790752459.649875,3129175,632.995,expert3_eval,5006630912,1602
1790752460.6758173,3129175,634.021,expert3_eval,5006630912,1602
1790752461.6979344,3129175,635.043,expert3_eval,5006630912,1602
1790752462.724346,3129175,636.07,expert3_eval,5006630912,1602
1790752463.7479453,3129175,637.093,expert3_eval,5006630912,1602
1790752464.7707906,3129175,638.116,expert3_eval,5006630912,1602
1790752465.7914948,3129175,639.137,expert3_eval,5006630912,1602
1790752466.8131213,3129175,640.159,expert3_eval,5006630912,1602
1790752467.8419788,3129175,641.188,expert3_eval,5006630912,1602
1790752468.8674703,3129175,642.213,expert3_eval,5006630912,1602
1790752469.8948889,3129175,643.24,expert3_eval,5006630912,1602
1790752470.921658,3129175,644.267,expert3_eval,5006630912,1602
1790752471.9478374,3129175,645.293,expert3_eval,5006630912,1602
1790752472.971255,3129175,646.317,expert3_eval,5006630912,1602
1790752473.9929214,3129175,647.338,expert3_eval,5006630912,1602
1790752475.0174832,3129175,648.363,expert3_eval,5006630912,1602
1790752476.0391414,3129175,649.385,expert3_eval,5006630912,1602
1790752477.065606,3129175,650.411,expert3_eval,5006630912,1602
1790752478.0891142,3129175,651.435,expert3_eval,5006630912,1602
1790752479.1139255,3129175,652.459,expert3_eval,5006630912,1602
1790752480.1331513,3129175,653.479,expert3_eval,5006630912,1602
1790752481.1539514,3129175,654.5,expert3_eval,5006630912,1602
1790752482.176596,3129175,655.522,expert3_eval,5006630912,1602
1790752483.2026188,3129175,656.548,expert3_eval,5006630912,1602
1790752484.2295942,3129175,657.575,expert3_eval,5006630912,1602
1790752485.2551937,3129175,658.601,expert3_eval,5006630912,1602
1790752486.2800121,3129175,659.626,expert3_eval,5006630912,1602
1790752487.303451,3129175,660.649,expert3_eval,5006630912,1602
1790752488.3256273,3129175,661.671,expert3_eval,5006630912,1602
1790752489.3492923,3129175,662.695,expert3_eval,5006630912,1602
1790752490.3722668,3129175,663.718,expert3_eval,5006630912,1602
1790752491.3978536,3129175,664.743,expert3_eval,5006630912,1602
1790752492.421924,3129175,665.767,expert3_eval,5006630912,1602
1790752493.442816,3129175,666.788,expert3_eval,5006630912,1602
1790752494.4614713,3129175,667.807,expert3_eval,5006630912,1602
1790752495.481373,3129175,668.827,expert3_eval,5006630912,1602
1790752496.5015128,3129175,669.847,expert3_eval,5006630912,1602
1790752497.523626,3129175,670.869,expert3_eval,5006630912,1602
1790752498.5445325,3129175,671.89,expert3_eval,5006630912,1602
1790752499.5698824,3129175,672.915,expert3_eval,5006630912,1602
1790752500.5964243,3129175,673.942,expert3_eval,5006630912,1602
1790752501.6210463,3129175,674.967,expert3_eval,5006630912,1602
1790752502.6439426,3129175,675.989,expert3_eval,5006630912,1602
1790752503.6696596,3129175,677.015,expert3_eval,5006630912,1602
1790752504.693869,3129175,678.039,expert3_eval,5006630912,1602
1790752505.7167385,3129175,679.062,expert3_eval,5006630912,1602
1790752506.7377286,3129175,680.083,expert3_eval,5006630912,1602
1790752507.7633302,3129175,681.109,expert3_eval,5006630912,1602
1790752508.7871306,3129175,682.133,expert3_eval,5006630912,1602
1790752509.8076005,3129175,683.153,expert3_eval,5006630912,1602
1790752510.8287158,3129175,684.174,expert3_eval,5006630912,1602
1790752511.8492506,3129175,685.195,expert3_eval,5006630912,1602
1790752512.8699274,3129175,686.215,expert3_eval,5006630912,1602
1790752513.8912265,3129175,687.237,expert3_eval,5006630912,1602
1790752514.9111764,3129175,688.257,expert3_eval,5006630912,1602
1790752515.9323876,3129175,689.278,expert3_eval,5006630912,1602
1790752516.9540825,3129175,690.3,expert3_eval,5006630912,1602
1790752517.9987934,3129175,691.344,expert3_eval,5006630912,1602
1790752519.0186274,3129175,692.364,expert3_eval,5006630912,1602
1790752520.040929,3129175,693.386,expert3_eval,5006630912,1602
1790752521.0628586,3129175,694.408,expert3_eval,5006630912,1602
1790752522.0867105,3129175,695.432,expert3_eval,5006630912,1602
1790752523.1135156,3129175,696.459,expert3_eval,5006630912,1602
1790752524.1335785,3129175,697.479,expert3_eval,5006630912,1602
1790752525.1528146,3129175,698.498,expert3_eval,5006630912,1602
1790752526.1758106,3129175,699.521,expert3_eval,5006630912,1602
1790752527.2012906,3129175,700.547,expert3_eval,5006630912,1602
1790752528.2227716,3129175,701.568,expert3_eval,5006630912,1602
1790752529.248541,3129175,702.594,expert3_eval,5006630912,1602
1790752530.2743247,3129175,703.62,expert3_eval,5006630912,1602
1790752531.299861,3129175,704.645,expert3_eval,5006630912,1602
1790752532.3247566,3129175,705.67,expert3_eval,5006630912,1602
1790752533.3700614,3129175,706.716,expert3_eval,5006630912,1602
1790752534.394969,3129175,707.741,expert3_eval,5006630912,1602
1790752535.423041,3129175,708.769,expert3_eval,5006630912,1602
1790752536.447273,3129175,709.793,expert3_eval,5006630912,1602
1790752537.4717617,3129175,710.817,expert3_eval,5006630912,1602
1790752538.4929183,3129175,711.838,expert3_eval,5006630912,1602
1790752539.5194795,3129175,712.865,expert3_eval,5006630912,1602
1790752540.542827,3129175,713.888,expert3_eval,5006630912,1602
1790752541.5653036,3129175,714.911,expert3_eval,5006630912,1602
1790752542.5888054,3129175,715.934,expert3_eval,5006630912,1602
1790752543.6115868,3129175,716.957,expert3_eval,5006630912,1602
1790752544.6368775,3129175,717.982,expert3_eval,5006630912,1602
1790752545.6619666,3129175,719.008,expert3_eval,5006630912,1602
1790752546.6854897,3129175,720.031,expert3_eval,5006630912,1602
1790752547.7080462,3129175,721.054,expert3_eval,5006630912,1602
1790752548.7370322,3129175,722.083,expert3_eval,5006630912,1602
1790752549.756609,3129175,723.102,expert3_eval,5006630912,1602
1790752550.7774975,3129175,724.123,expert3_eval,5006630912,1602
1790752551.7996316,3129175,725.145,expert3_eval,5006630912,1602
1790752552.81884,3129175,726.164,expert3_eval,5006630912,1602
1790752553.8415473,3129175,727.187,expert3_eval,5006630912,1602
1790752554.8637319,3129175,728.209,expert3_eval,5006630912,1602
1790752555.8891234,3129175,729.235,expert3_eval,5006630912,1602
1790752556.9132903,3129175,730.259,expert3_eval,5006630912,1602
1790752557.9384282,3129175,731.284,expert3_eval,5006630912,1602
1790752558.961191,3129175,732.307,expert3_eval,5006630912,1602
1790752559.9826906,3129175,733.328,expert3_eval,5006630912,1602
1790752561.005014,3129175,734.351,expert3_eval,5006630912,1602
1790752562.0303411,3129175,735.376,expert3_eval,5006630912,1602
1790752563.051944,3129175,736.397,expert3_eval,5006630912,1602
1790752564.0873506,3129175,737.433,expert3_eval,5006630912,1602
1790752565.111212,3129175,738.457,expert3_eval,5006630912,1602
1790752566.1350002,3129175,739.481,expert3_eval,5006630912,1602
1790752567.1556973,3129175,740.501,expert3_eval,5006630912,1602
1790752568.1770384,3129175,741.523,expert3_eval,5006630912,1602
1790752569.2001746,3129175,742.546,expert3_eval,5006630912,1602
1790752570.2256799,3129175,743.571,expert3_eval,5006630912,1602
1790752571.2473907,3129175,744.593,expert3_eval,5006630912,1602
1790752572.2746456,3129175,745.62,expert3_eval,5006630912,1602
1790752573.3004274,3129175,746.646,expert3_eval,5006630912,1602
1790752574.3242044,3129175,747.67,expert3_eval,5006630912,1602
1790752575.3463752,3129175,748.692,expert3_eval,5006630912,1602
1790752576.3664718,3129175,749.712,expert3_eval,5006630912,1602
1790752577.387896,3129175,750.733,expert3_eval,5006630912,1602
1790752578.4089172,3129175,751.754,expert3_eval,5006630912,1602
1790752579.4504085,3129175,752.796,expert3_eval,5006630912,1602
1790752580.4736588,3129175,753.819,expert3_eval,5006630912,1602
1790752581.4932728,3129175,754.839,expert3_eval,5006630912,1602
1790752582.5133376,3129175,755.859,expert3_eval,5006630912,1602
1790752583.5349822,3129175,756.881,expert3_eval,5006630912,1602
1790752584.557928,3129175,757.903,expert3_eval,5006630912,1602
1790752585.5849519,3129175,758.931,expert3_eval,5006630912,1602
1790752586.6103234,3129175,759.956,expert3_eval,5006630912,1602
1790752587.6321259,3129175,760.978,expert3_eval,5006630912,1602
1790752588.6563897,3129175,762.002,expert3_eval,5006630912,1602
1790752589.6785846,3129175,763.024,expert3_eval,5006630912,1602
1790752590.7012994,3129175,764.047,expert3_eval,5006630912,1602
1790752591.724741,3129175,765.07,expert3_eval,5006630912,1602
1790752592.746628,3129175,766.092,expert3_eval,5006630912,1602
1790752593.7686026,3129175,767.114,expert3_eval,5006630912,1602
1790752594.826916,3129175,768.172,expert3_eval,5006630912,1602
1790752595.8488047,3129175,769.194,expert3_eval,5006630912,1602
1790752596.875722,3129175,770.221,expert3_eval,5006630912,1602
1790752597.8976831,3129175,771.243,expert3_eval,5006630912,1602
1790752598.9187405,3129175,772.264,expert3_eval,5006630912,1602
1790752599.9448109,3129175,773.29,expert3_eval,5006630912,1602
1790752600.9711769,3129175,774.317,expert3_eval,5006630912,1602
1790752601.9942336,3129175,775.34,expert3_eval,5006630912,1602
1790752603.020798,3129175,776.366,expert3_eval,5006630912,1602
1790752604.0458317,3129175,777.391,expert3_eval,5006630912,1602
1790752605.073013,3129175,778.419,expert3_eval,5006630912,1602
1790752606.0975997,3129175,779.443,expert3_eval,5006630912,1602
1790752607.118261,3129175,780.464,expert3_eval,5006630912,1602
1790752608.1401808,3129175,781.486,expert3_eval,5006630912,1602
1790752609.1617405,3129175,782.507,expert3_eval,5006630912,1602
1790752610.1878796,3129175,783.533,expert3_eval,5006630912,1602
1790752611.2128513,3129175,784.558,expert3_eval,5006630912,1602
1790752612.2364728,3129175,785.582,expert3_eval,5006630912,1602
1790752613.257756,3129175,786.603,expert3_eval,5006630912,1602
1790752614.279914,3129175,787.625,expert3_eval,5006630912,1602
1790752615.303485,3129175,788.649,expert3_eval,5006630912,1602
1790752616.3258603,3129175,789.671,expert3_eval,5006630912,1602
1790752617.3484526,3129175,790.694,expert3_eval,5006630912,1602
1790752618.3709083,3129175,791.716,expert3_eval,5006630912,1602
1790752619.391145,3129175,792.737,expert3_eval,5006630912,1602
1790752620.4108,3129175,793.756,expert3_eval,5006630912,1602
1790752621.429242,3129175,794.775,expert3_eval,5006630912,1602
1790752622.452429,3129175,795.798,expert3_eval,5006630912,1602
1790752623.4776168,3129175,796.823,expert3_eval,5006630912,1602
1790752624.5008426,3129175,797.846,expert3_eval,5006630912,1602
1790752625.5250158,3129175,798.871,expert3_eval,5006630912,1602
1790752626.5460155,3129175,799.892,expert3_eval,5006630912,1602
1790752627.5663128,3129175,800.912,expert3_eval,5006630912,1602
1790752628.5856395,3129175,801.931,expert3_eval,5006630912,1602
1790752629.606191,3129175,802.952,expert3_eval,5006630912,1602
1790752630.6299324,3129175,803.975,expert3_eval,5006630912,1602
1790752631.6484358,3129175,804.994,expert3_eval,5006630912,1602
1790752632.6692164,3129175,806.015,expert3_eval,5006630912,1602
1790752633.693541,3129175,807.039,expert3_eval,5006630912,1602
1790752634.7184398,3129175,808.064,expert3_eval,5006630912,1602
1790752635.7400684,3129175,809.086,expert3_eval,5006630912,1602
1790752636.7646823,3129175,810.11,expert3_eval,5006630912,1602
1790752637.7902381,3129175,811.136,expert3_eval,5006630912,1602
1790752638.8148181,3129175,812.16,expert3_eval,5006630912,1602
1790752639.8374784,3129175,813.183,expert3_eval,5006630912,1602
1790752640.8592687,3129175,814.205,expert3_eval,5006630912,1602
1790752641.8805726,3129175,815.226,expert3_eval,5006630912,1602
1790752642.899625,3129175,816.245,expert3_eval,5006630912,1602
1790752643.922616,3129175,817.268,expert3_eval,5006630912,1602
1790752644.9438672,3129175,818.289,expert3_eval,5006630912,1602
1790752645.9661326,3129175,819.312,expert3_eval,5006630912,1602
1790752646.9926133,3129175,820.338,expert3_eval,5006630912,1602
1790752648.016656,3129175,821.362,expert3_eval,5006630912,1602
1790752649.0379786,3129175,822.384,expert3_eval,5006630912,1602
1790752650.0634103,3129175,823.409,expert3_eval,5006630912,1602
1790752651.082707,3129175,824.428,expert3_eval,5006630912,1602
1790752652.1027412,3129175,825.448,expert3_eval,5006630912,1602
1790752653.1232898,3129175,826.469,expert3_eval,5006630912,1602
1790752654.143341,3129175,827.489,expert3_eval,5006630912,1602
1790752655.1633542,3129175,828.509,expert3_eval,5006630912,1602
1790752656.184267,3129175,829.53,expert3_eval,5006630912,1602
1790752657.20667,3129175,830.552,expert3_eval,5006630912,1602
1790752658.2280583,3129175,831.574,expert3_eval,5006630912,1602
1790752659.249196,3129175,832.595,expert3_eval,5006630912,1602
1790752660.274852,3129175,833.62,expert3_eval,5006630912,1602
1790752661.2975142,3129175,834.643,expert3_eval,5006630912,1602
1790752662.3196733,3129175,835.665,expert3_eval,5006630912,1602
1790752663.3395965,3129175,836.685,expert3_eval,5006630912,1602
1790752664.3595645,3129175,837.705,expert3_eval,5006630912,1602
1790752665.380214,3129175,838.726,expert3_eval,5006630912,1602
1790752666.4032917,3129175,839.749,expert3_eval,5006630912,1602
1790752667.4271793,3129175,840.773,expert3_eval,5006630912,1602
1790752668.4470584,3129175,841.793,expert3_eval,5006630912,1602
1790752669.4708612,3129175,842.816,expert3_eval,5006630912,1602
1790752670.4953842,3129175,843.841,expert3_eval,5006630912,1602
1790752671.5564017,3129175,844.902,expert4_fit,4449464320,1502
1790752672.582063,3129175,845.928,expert4_fit,4449464320,1508
1790752673.6056068,3129175,846.951,expert4_fit,4449464320,1608
1790752674.6285841,3129175,847.974,expert4_fit,4449464320,1608
1790752675.6486368,3129175,848.994,expert4_fit,4449464320,1608
1790752676.6709554,3129175,850.017,expert4_fit,4449464320,1608
1790752677.690106,3129175,851.036,expert4_fit,4449464320,1608
1790752678.7105992,3129175,852.056,expert4_fit,4449464320,1608
1790752679.7350407,3129175,853.081,expert4_fit,4449464320,1608
1790752680.755026,3129175,854.101,starting,4449464320,1704
1790752681.7764053,3129175,855.122,starting,4449464320,1704
1790752682.800399,3129175,856.146,starting,4449464320,1704
1790752683.8217065,3129175,857.167,starting,4449464320,1704
1790752684.8442419,3129175,858.19,starting,4449464320,1704
1790752685.8629887,3129175,859.209,starting,4449464320,1704
1790752686.8812103,3129175,860.227,starting,4449464320,1704
1790752687.8997424,3129175,861.245,starting,4449464320,1704
1790752688.9197195,3129175,862.265,starting,4449464320,1704
1790752689.9402082,3129175,863.286,starting,4449464320,1704
1790752690.9665549,3129175,864.312,starting,4449464320,1704
1790752691.9880464,3129175,865.334,starting,4449464320,1704
1790752693.0067315,3129175,866.352,expert4_route,4504055808,1704
1790752694.0315485,3129175,867.377,expert4_route,4504055808,1704
1790752695.054938,3129175,868.4,expert4_route,4504055808,2064
1790752696.0781212,3129175,869.424,expert4_route,4504055808,2084
1790752697.0968199,3129175,870.442,expert4_route,4504055808,2084
1790752698.119802,3129175,871.465,expert4_route,4504055808,2104
1790752699.1443033,3129175,872.49,expert4_route,4504055808,2104
1790752700.168723,3129175,873.514,expert4_route,4504055808,2124
1790752701.189201,3129175,874.535,expert4_route,4504055808,2124
1790752702.2103992,3129175,875.556,expert4_route,4504055808,2124
1790752703.2349603,3129175,876.581,expert4_route,4504055808,2124
1790752704.2593675,3129175,877.605,expert4_route,4504055808,2124
1790752705.2823994,3129175,878.628,expert4_route,4504055808,2124
1790752706.3033798,3129175,879.649,expert4_route,4504055808,2124
1790752707.3247066,3129175,880.67,expert4_route,4504055808,2124
1790752708.349197,3129175,881.695,expert4_route,4504055808,2124
1790752709.3724074,3129175,882.718,expert4_route,4504055808,2124
1790752710.3964312,3129175,883.742,expert4_route,4504055808,2124
1790752711.421196,3129175,884.767,expert4_route,4504055808,2124
1790752712.4452949,3129175,885.791,expert4_route,4504055808,2124
1790752713.4694161,3129175,886.815,expert4_route,4504055808,2124
1790752714.493873,3129175,887.839,expert4_route,4504055808,2124
1790752715.5187695,3129175,888.864,expert4_route,4504055808,2124
1790752716.5429263,3129175,889.888,expert4_route,4504055808,2124
1790752717.5672128,3129175,890.913,expert4_route,4504055808,2124
1790752718.5877292,3129175,891.933,expert4_route,4504055808,2124
1790752719.608761,3129175,892.954,expert4_route,4504055808,2124
1790752720.6337583,3129175,893.979,expert4_route,4504055808,2124
1790752721.6545048,3129175,895.0,expert4_cal,4481863680,2124
1790752722.6737134,3129175,896.019,expert4_cal,4481863680,2124
1790752723.6948206,3129175,897.04,expert4_cal,4481863680,2124
1790752724.7134488,3129175,898.059,expert4_cal,4481863680,2124
1790752725.737348,3129175,899.083,expert4_cal,4481863680,2124
1790752726.7576995,3129175,900.103,expert4_cal,4481863680,2124
1790752727.7789586,3129175,901.125,expert4_cal,4481863680,2124
1790752728.8104641,3129175,902.156,expert4_cal,4481863680,2124
1790752729.8336055,3129175,903.179,expert4_cal,4481863680,2124
1790752730.8598437,3129175,904.205,expert4_eval,5361479680,2124
1790752731.884644,3129175,905.23,expert4_eval,5009281024,2124
1790752732.912679,3129175,906.258,expert4_eval,5009281024,2124
1790752733.9303925,3129175,907.276,expert4_eval,5009281024,2124
1790752734.9559681,3129175,908.302,expert4_eval,5009281024,2124
1790752735.9796655,3129175,909.325,expert4_eval,5009281024,2124
1790752737.0042384,3129175,910.35,expert4_eval,5009281024,2124
1790752738.0311472,3129175,911.377,expert4_eval,5009281024,2124
1790752739.0513275,3129175,912.397,expert4_eval,5009281024,2124
1790752740.0747302,3129175,913.42,expert4_eval,5009281024,2124
1790752741.0976756,3129175,914.443,expert4_eval,5009281024,2124
1790752742.1540902,3129175,915.5,expert4_eval,5009281024,2124
1790752743.174393,3129175,916.52,expert4_eval,5009281024,2124
1790752744.1934352,3129175,917.539,expert4_eval,5009281024,2124
1790752745.216119,3129175,918.562,expert4_eval,5009281024,2124
1790752746.2363398,3129175,919.582,expert4_eval,5009281024,2124
1790752747.26114,3129175,920.607,expert4_eval,5009281024,2124
1790752748.278812,3129175,921.624,expert4_eval,5009281024,2124
1790752749.3322258,3129175,922.678,expert4_eval,5009281024,2124
1790752750.3570476,3129175,923.703,expert4_eval,5009281024,2124
1790752751.375581,3129175,924.721,expert4_eval,5009281024,2124
1790752752.3963833,3129175,925.742,expert4_eval,5009281024,2124
1790752753.4176085,3129175,926.763,expert4_eval,5009281024,2124
1790752754.438205,3129175,927.784,expert4_eval,5009281024,2124
1790752755.4582036,3129175,928.804,expert4_eval,5009281024,2124
1790752756.4765506,3129175,929.822,expert4_eval,5009281024,2124
1790752757.4976566,3129175,930.843,expert4_eval,5009281024,2124
1790752758.521468,3129175,931.867,expert4_eval,5009281024,2124
1790752759.5502865,3129175,932.896,expert4_eval,5009281024,2124
1790752760.5713398,3129175,933.917,expert4_eval,5009281024,2124
1790752761.5977285,3129175,934.943,expert4_eval,5009281024,2124
1790752762.6211777,3129175,935.967,expert4_eval,5009281024,2124
1790752763.6457233,3129175,936.991,expert4_eval,5009281024,2124
1790752764.6659548,3129175,938.012,expert4_eval,5009281024,2124
1790752765.6852996,3129175,939.031,expert4_eval,5009281024,2124
1790752766.7086594,3129175,940.054,expert4_eval,5009281024,2124
1790752767.7295387,3129175,941.075,expert4_eval,5009281024,2124
1790752768.7504184,3129175,942.096,expert4_eval,5009281024,2124
1790752769.7707222,3129175,943.116,expert4_eval,5009281024,2124
1790752770.7896445,3129175,944.135,expert4_eval,5009281024,2124
1790752771.811436,3129175,945.157,expert4_eval,5009281024,2124
1790752772.835158,3129175,946.181,expert4_eval,5009281024,2124
1790752773.8765604,3129175,947.222,expert4_eval,5009281024,2124
1790752774.8960571,3129175,948.242,expert4_eval,5009281024,2124
1790752775.916536,3129175,949.262,expert4_eval,5009281024,2124
1790752776.9387383,3129175,950.284,expert4_eval,5009281024,2124
1790752777.9575706,3129175,951.303,expert4_eval,5009281024,2124
1790752778.984955,3129175,952.331,expert4_eval,5009281024,2124
1790752780.00829,3129175,953.354,expert4_eval,5009281024,2124
1790752781.0336118,3129175,954.379,expert4_eval,5009281024,2124
1790752782.0576847,3129175,955.403,expert4_eval,5009281024,2124
1790752783.080099,3129175,956.426,expert4_eval,5009281024,2124
1790752784.1078188,3129175,957.453,expert4_eval,5009281024,2124
1790752785.1306267,3129175,958.476,expert4_eval,5009281024,2124
1790752786.152857,3129175,959.498,expert4_eval,5009281024,2124
1790752787.175746,3129175,960.521,expert4_eval,5009281024,2124
1790752788.1965024,3129175,961.542,expert4_eval,5009281024,2124
1790752789.218075,3129175,962.564,expert4_eval,5009281024,2124
1790752790.2402327,3129175,963.586,expert4_eval,5009281024,2124
1790752791.2615669,3129175,964.607,expert4_eval,5009281024,2124
1790752792.2843285,3129175,965.63,expert4_eval,5009281024,2124
1790752793.3086445,3129175,966.654,expert4_eval,5009281024,2124
1790752794.3325303,3129175,967.678,expert4_eval,5009281024,2124
1790752795.3941681,3129175,968.74,expert4_eval,5009281024,2124
1790752796.4155114,3129175,969.761,expert4_eval,5009281024,2124
1790752797.436151,3129175,970.782,expert4_eval,5009281024,2124
1790752798.4557717,3129175,971.801,expert4_eval,5009281024,2124
1790752799.4774277,3129175,972.823,expert4_eval,5009281024,2124
1790752800.5013435,3129175,973.847,expert4_eval,5009281024,2124
1790752801.5615802,3129175,974.907,expert4_eval,5009281024,2124
1790752802.5837164,3129175,975.929,expert4_eval,5009281024,2124
1790752803.6053348,3129175,976.951,expert4_eval,5009281024,2124
1790752804.6264942,3129175,977.972,expert4_eval,5009281024,2124
1790752805.6455238,3129175,978.991,expert4_eval,5009281024,2124
1790752806.6665528,3129175,980.012,expert4_eval,5009281024,2124
1790752807.6937664,3129175,981.039,expert4_eval,5009281024,2124
1790752808.7177756,3129175,982.063,expert4_eval,5009281024,2124
1790752809.7403836,3129175,983.086,expert4_eval,5009281024,2124
1790752810.764226,3129175,984.11,expert4_eval,5009281024,2124
1790752811.7889934,3129175,985.135,expert4_eval,5009281024,2124
1790752812.812233,3129175,986.158,expert4_eval,5009281024,2124
1790752813.8424263,3129175,987.188,expert4_eval,5009281024,2124
1790752814.8646967,3129175,988.21,expert4_eval,5009281024,2124
1790752815.8864841,3129175,989.232,expert4_eval,5009281024,2124
1790752816.908781,3129175,990.254,expert4_eval,5009281024,2124
1790752817.9290543,3129175,991.275,expert4_eval,5009281024,2124
1790752818.955498,3129175,992.301,expert4_eval,5009281024,2124
1790752819.9763794,3129175,993.322,expert4_eval,5009281024,2124
1790752821.0030692,3129175,994.349,expert4_eval,5009281024,2124
1790752822.0278323,3129175,995.373,expert4_eval,5009281024,2124
1790752823.0483458,3129175,996.394,expert4_eval,5009281024,2124
1790752824.0741215,3129175,997.42,expert4_eval,5009281024,2124
1790752825.09849,3129175,998.444,expert4_eval,5009281024,2124
1790752826.1184778,3129175,999.464,expert4_eval,5009281024,2124
1790752827.139877,3129175,1000.485,expert4_eval,5009281024,2124
1790752828.1638026,3129175,1001.509,expert4_eval,5009281024,2124
1790752829.1848013,3129175,1002.53,expert4_eval,5009281024,2124
1790752830.2090719,3129175,1003.555,expert4_eval,5009281024,2124
1790752831.2292805,3129175,1004.575,expert4_eval,5009281024,2124
1790752832.2526805,3129175,1005.598,expert4_eval,5009281024,2124
1790752833.274598,3129175,1006.62,expert4_eval,5009281024,2124
1790752834.2955482,3129175,1007.641,expert4_eval,5009281024,2124
1790752835.3200052,3129175,1008.666,expert4_eval,5009281024,2124
1790752836.337771,3129175,1009.683,expert4_eval,5009281024,2124
1790752837.3566272,3129175,1010.702,expert4_eval,5009281024,2124
1790752838.3761303,3129175,1011.722,expert4_eval,5009281024,2124
1790752839.3946793,3129175,1012.74,expert4_eval,5009281024,2124
1790752840.41557,3129175,1013.761,expert4_eval,5009281024,2124
1790752841.4341393,3129175,1014.78,expert4_eval,5009281024,2124
1790752842.4591727,3129175,1015.805,expert4_eval,5009281024,2124
1790752843.4836226,3129175,1016.829,expert4_eval,5009281024,2124
1790752844.5073125,3129175,1017.853,expert4_eval,5009281024,2124
1790752845.531064,3129175,1018.877,expert4_eval,5009281024,2124
1790752846.5523705,3129175,1019.898,expert4_eval,5009281024,2124
1790752847.5769799,3129175,1020.923,expert4_eval,5009281024,2124
1790752848.6015854,3129175,1021.947,expert4_eval,5009281024,2124
1790752849.6232154,3129175,1022.969,expert4_eval,5009281024,2124
1790752850.6504786,3129175,1023.996,expert4_eval,5009281024,2124
1790752851.6722367,3129175,1025.018,expert4_eval,5009281024,2124
1790752852.6998203,3129175,1026.045,expert4_eval,5009281024,2124
1790752853.7207942,3129175,1027.066,expert4_eval,5009281024,2124
1790752854.7430809,3129175,1028.089,expert4_eval,5009281024,2124
1790752855.770544,3129175,1029.116,expert4_eval,5009281024,2124
1790752856.7923658,3129175,1030.138,expert4_eval,5009281024,2124
1790752857.814807,3129175,1031.16,expert4_eval,5009281024,2124
1790752858.8407042,3129175,1032.186,expert4_eval,5009281024,2124
1790752859.8649833,3129175,1033.211,expert4_eval,5009281024,2124
1790752860.8897462,3129175,1034.235,expert4_eval,5009281024,2124
1790752861.917334,3129175,1035.263,expert4_eval,5009281024,2124
1790752862.943308,3129175,1036.289,expert4_eval,5009281024,2124
1790752863.9680727,3129175,1037.314,expert4_eval,5009281024,2124
1790752864.9934745,3129175,1038.339,expert4_eval,5009281024,2124
1790752866.0180023,3129175,1039.364,expert4_eval,5009281024,2124
1790752867.0401077,3129175,1040.386,expert4_eval,5009281024,2124
1790752868.0612483,3129175,1041.407,expert4_eval,5009281024,2124
1790752869.0828466,3129175,1042.428,expert4_eval,5009281024,2124
1790752870.1037145,3129175,1043.449,expert4_eval,5009281024,2124
1790752871.1248438,3129175,1044.47,expert4_eval,5009281024,2124
1790752872.1491084,3129175,1045.495,expert4_eval,5009281024,2124
1790752873.168729,3129175,1046.514,expert4_eval,5009281024,2124
1790752874.1894479,3129175,1047.535,expert4_eval,5009281024,2124
1790752875.2114787,3129175,1048.557,expert4_eval,5009281024,2124
1790752876.2347457,3129175,1049.58,expert4_eval,5009281024,2124
1790752877.2574122,3129175,1050.603,expert4_eval,5009281024,2124
1790752878.280694,3129175,1051.626,expert4_eval,5009281024,2124
1790752879.300007,3129175,1052.646,expert4_eval,5009281024,2124
1790752880.3207514,3129175,1053.666,expert4_eval,5009281024,2124
1790752881.3434966,3129175,1054.689,expert4_eval,5009281024,2124
1790752882.364603,3129175,1055.71,expert4_eval,5009281024,2124
1790752883.3854957,3129175,1056.731,expert4_eval,5009281024,2124
1790752884.4052043,3129175,1057.751,expert4_eval,5009281024,2124
1790752885.4246597,3129175,1058.77,expert4_eval,5009281024,2124
1790752886.4440355,3129175,1059.79,expert4_eval,5009281024,2124
1790752887.4650183,3129175,1060.811,expert4_eval,5009281024,2124
1790752888.4883602,3129175,1061.834,expert4_eval,5009281024,2124
1790752889.5140083,3129175,1062.86,expert4_eval,5009281024,2124
1790752890.5430288,3129175,1063.889,expert4_eval,5009281024,2124
1790752891.5673685,3129175,1064.913,expert4_eval,5009281024,2124
1790752892.5922308,3129175,1065.938,expert4_eval,5009281024,2124
1790752893.6216571,3129175,1066.967,expert4_eval,5009281024,2124
1790752894.6469145,3129175,1067.992,expert4_eval,5009281024,2124
1790752895.6687381,3129175,1069.014,expert4_eval,5009281024,2124
1790752896.6935077,3129175,1070.039,expert4_eval,5009281024,2124
1790752897.7146695,3129175,1071.06,expert4_eval,5009281024,2124
1790752898.7394164,3129175,1072.085,expert4_eval,5009281024,2124
1790752899.7598562,3129175,1073.105,expert4_eval,5009281024,2124
1790752900.7840881,3129175,1074.13,expert4_eval,5009281024,2124
1790752901.8094726,3129175,1075.155,expert4_eval,5009281024,2124
1790752902.8721983,3129175,1076.218,expert4_eval,5009281024,2124
1790752903.8948522,3129175,1077.24,expert4_eval,5009281024,2124
1790752904.9158816,3129175,1078.261,expert4_eval,5009281024,2124
1790752905.9369988,3129175,1079.283,expert4_eval,5009281024,2124
1790752906.9594522,3129175,1080.305,expert4_eval,5009281024,2124
1790752907.980507,3129175,1081.326,expert4_eval,5009281024,2124
1790752909.0014029,3129175,1082.347,expert4_eval,5009281024,2124
1790752910.0267103,3129175,1083.372,expert4_eval,5009281024,2124
1790752911.051377,3129175,1084.397,expert4_eval,5009281024,2124
1790752912.1109695,3129175,1085.457,expert4_eval,5009281024,2124
1790752913.1334276,3129175,1086.479,expert4_eval,5009281024,2124
1790752914.1587336,3129175,1087.504,expert4_eval,5009281024,2124
1790752915.181082,3129175,1088.527,expert4_eval,5009281024,2124
1790752916.2019382,3129175,1089.547,expert4_eval,5009281024,2124
1790752917.2230005,3129175,1090.569,expert4_eval,5009281024,2124
1790752918.243778,3129175,1091.589,expert4_eval,5009281024,2124
1790752919.2676528,3129175,1092.613,expert4_eval,5009281024,2124
1790752920.290243,3129175,1093.636,expert4_eval,5009281024,2124
1790752921.3105307,3129175,1094.656,expert4_eval,5009281024,2124
1790752922.3314722,3129175,1095.677,expert4_eval,5009281024,2124
1790752923.35457,3129175,1096.7,expert4_eval,5009281024,2124
1790752924.3783107,3129175,1097.724,expert4_eval,5009281024,2124
1790752925.4043894,3129175,1098.75,expert4_eval,5009281024,2124
1790752926.4245641,3129175,1099.77,expert4_eval,5009281024,2124
1790752927.4458618,3129175,1100.791,expert4_eval,5009281024,2124
1790752928.471293,3129175,1101.817,expert4_eval,5009281024,2124
1790752929.4966698,3129175,1102.842,expert4_eval,5009281024,2124
1790752930.5188048,3129175,1103.864,expert4_eval,5009281024,2124
1790752931.5450077,3129175,1104.891,expert4_eval,5009281024,2124
1790752932.5690575,3129175,1105.915,expert4_eval,5009281024,2124
1790752933.591099,3129175,1106.937,expert4_eval,5009281024,2124
1790752934.6122699,3129175,1107.958,expert4_eval,5009281024,2124
1790752935.6330967,3129175,1108.979,expert4_eval,5009281024,2124
1790752936.656473,3129175,1110.002,expert4_eval,5009281024,2124
1790752937.6909914,3129175,1111.037,expert4_eval,5009281024,2124
1790752938.7165773,3129175,1112.062,expert4_eval,5009281024,2124
1790752939.7423193,3129175,1113.088,expert4_eval,5009281024,2124
1790752940.7799935,3129175,1114.126,expert4_eval,5009281024,2124
1790752941.803236,3129175,1115.149,expert4_eval,5009281024,2124
1790752942.8248694,3129175,1116.17,expert4_eval,5009281024,2124
1790752943.8439682,3129175,1117.19,expert4_eval,5009281024,2124
1790752944.8637698,3129175,1118.209,expert4_eval,5009281024,2124
1790752945.8858986,3129175,1119.231,expert4_eval,5009281024,2124
1790752946.907921,3129175,1120.253,expert4_eval,5009281024,2124
1790752947.9287753,3129175,1121.274,expert4_eval,5009281024,2124
1790752948.9533093,3129175,1122.299,expert4_eval,5009281024,2124
1790752949.975394,3129175,1123.321,expert4_eval,5009281024,2124
1790752950.9976838,3129175,1124.343,expert4_eval,5009281024,2124
1790752952.0199602,3129175,1125.366,expert4_eval,5009281024,2124
1790752953.0414157,3129175,1126.387,expert4_eval,5009281024,2124
1790752954.0635943,3129175,1127.409,expert4_eval,5009281024,2124
1790752955.0908067,3129175,1128.436,expert4_eval,5009281024,2124
1790752956.1143923,3129175,1129.46,expert4_eval,5009281024,2124
1790752957.135309,3129175,1130.481,expert4_eval,5009281024,2124
1790752958.1580787,3129175,1131.504,expert4_eval,5009281024,2124
1790752959.1828732,3129175,1132.528,expert4_eval,5009281024,2124
1790752960.206567,3129175,1133.552,expert4_eval,5009281024,2124
1790752961.2294416,3129175,1134.575,expert4_eval,5009281024,2124
1790752962.249461,3129175,1135.595,expert4_eval,5009281024,2124
1790752963.2754657,3129175,1136.621,expert4_eval,5009281024,2124
1790752964.296846,3129175,1137.642,expert4_eval,5009281024,2124
1790752965.320875,3129175,1138.666,expert4_eval,5009281024,2124
1790752966.3486679,3129175,1139.694,expert4_eval,5009281024,2124
1790752967.3678386,3129175,1140.713,expert4_eval,5009281024,2124
1790752968.3873382,3129175,1141.733,expert4_eval,5009281024,2124
1790752969.4080584,3129175,1142.754,expert4_eval,5009281024,2124
1790752970.4289505,3129175,1143.775,expert4_eval,5009281024,2124
1790752971.4539163,3129175,1144.799,expert4_eval,5009281024,2124
1790752972.481036,3129175,1145.827,expert4_eval,5009281024,2124
1790752973.5058577,3129175,1146.851,expert4_eval,5009281024,2124
1790752974.5304825,3129175,1147.876,expert4_eval,5009281024,2124
1790752975.5558326,3129175,1148.901,expert4_eval,5009281024,2124
1790752976.5778644,3129175,1149.923,expert4_eval,5009281024,2124
1790752977.6023238,3129175,1150.948,expert4_eval,5009281024,2124
1790752978.625188,3129175,1151.971,expert4_eval,5009281024,2124
1790752979.646976,3129175,1152.993,expert4_eval,5009281024,2124
1790752980.67049,3129175,1154.016,expert4_eval,5009281024,2124
1790752981.6947424,3129175,1155.04,expert4_eval,5009281024,2124
1790752982.7199438,3129175,1156.065,expert4_eval,5009281024,2124
1790752983.744888,3129175,1157.09,expert4_eval,5009281024,2124
1790752984.7696357,3129175,1158.115,expert4_eval,5009281024,2124
1790752985.79405,3129175,1159.14,expert4_eval,5009281024,2124
1790752986.8181024,3129175,1160.164,expert4_eval,5009281024,2124
1790752987.8397677,3129175,1161.185,expert4_eval,5009281024,2124
1790752988.8602057,3129175,1162.206,expert4_eval,5009281024,2124
1790752989.8804088,3129175,1163.226,expert4_eval,5009281024,2124
1790752990.9007468,3129175,1164.246,expert4_eval,5009281024,2124
1790752991.9224787,3129175,1165.268,expert4_eval,5009281024,2124
1790752992.9446485,3129175,1166.29,expert4_eval,5009281024,2124
1790752993.966021,3129175,1167.312,expert4_eval,5009281024,2124
1790752994.9874532,3129175,1168.333,expert4_eval,5009281024,2124
1790752996.0067933,3129175,1169.352,expert4_eval,5009281024,2124
1790752997.028381,3129175,1170.374,expert4_eval,5009281024,2124
1790752998.0520904,3129175,1171.398,expert4_eval,5009281024,2124
1790752999.080951,3129175,1172.427,expert4_eval,5009281024,2124
1790753000.1039002,3129175,1173.449,expert4_eval,5009281024,2124
1790753001.1242297,3129175,1174.47,expert4_eval,5009281024,2124
1790753002.1429214,3129175,1175.488,expert4_eval,5009281024,2124
1790753003.1616163,3129175,1176.507,expert4_eval,5009281024,2124
1790753004.184015,3129175,1177.53,expert4_eval,5009281024,2124
1790753005.205036,3129175,1178.551,expert4_eval,5009281024,2124
1790753006.22903,3129175,1179.575,expert4_eval,5009281024,2124
1790753007.2547238,3129175,1180.6,expert4_eval,5009281024,2124
1790753008.2739987,3129175,1181.62,expert4_eval,5009281024,2124
1790753009.2944038,3129175,1182.64,expert4_eval,5009281024,2124
1790753010.3196106,3129175,1183.665,expert4_eval,5009281024,2124
1790753011.3429093,3129175,1184.688,expert4_eval,5009281024,2124
1790753012.3642387,3129175,1185.71,expert4_eval,5009281024,2124
1790753013.38596,3129175,1186.732,expert4_eval,5009281024,2124
1790753014.411892,3129175,1187.757,expert4_eval,5009281024,2124
1790753015.4330356,3129175,1188.779,expert4_eval,5009281024,2124
1790753016.4577324,3129175,1189.803,expert4_eval,5009281024,2124
1790753017.4794993,3129175,1190.825,expert4_eval,5009281024,2124
1790753018.5045795,3129175,1191.85,expert4_eval,5009281024,2124
1790753019.5272944,3129175,1192.873,expert4_eval,5009281024,2124
1790753020.5506814,3129175,1193.896,expert4_eval,5009281024,2124
1790753021.569983,3129175,1194.916,expert4_eval,5009281024,2124
1790753022.5888546,3129175,1195.934,expert4_eval,5009281024,2124
1790753023.6097858,3129175,1196.955,expert4_eval,5009281024,2124
1790753024.6375093,3129175,1197.983,expert4_eval,5009281024,2124
1790753025.657579,3129175,1199.003,expert4_eval,5009281024,2124
1790753026.6800542,3129175,1200.026,expert4_eval,5009281024,2124
1790753027.7045143,3129175,1201.05,expert4_eval,5009281024,2124
1790753028.725905,3129175,1202.071,expert4_eval,5009281024,2124
1790753029.7563214,3129175,1203.102,expert4_eval,5009281024,2124
1790753030.7845116,3129175,1204.13,expert4_eval,5009281024,2124
1790753031.808285,3129175,1205.154,expert4_eval,5009281024,2124
1790753032.8303869,3129175,1206.176,expert4_eval,5009281024,2124
1790753033.8547604,3129175,1207.2,expert4_eval,5009281024,2124
1790753034.8789537,3129175,1208.225,expert4_eval,5009281024,2124
1790753035.9024358,3129175,1209.248,expert4_eval,5009281024,2124
1790753036.924511,3129175,1210.27,expert4_eval,5009281024,2124
1790753037.9452803,3129175,1211.291,expert4_eval,5009281024,2124
1790753038.9644525,3129175,1212.31,expert4_eval,5009281024,2124
1790753039.985011,3129175,1213.331,expert4_eval,5009281024,2124
1790753041.0059268,3129175,1214.351,expert4_eval,5009281024,2124
1790753042.0308304,3129175,1215.376,expert4_eval,5009281024,2124
1790753043.0545382,3129175,1216.4,expert4_eval,5009281024,2124
1790753044.077628,3129175,1217.423,expert4_eval,5009281024,2124
1790753045.099616,3129175,1218.445,expert4_eval,5009281024,2124
1790753046.119348,3129175,1219.465,expert4_eval,5009281024,2124
1790753047.1403513,3129175,1220.486,expert4_eval,5009281024,2124
1790753048.1613598,3129175,1221.507,expert4_eval,5009281024,2124
1790753049.1806993,3129175,1222.526,expert4_eval,5009281024,2124
1790753050.2031024,3129175,1223.549,expert4_eval,5009281024,2124
1790753051.2272236,3129175,1224.573,expert4_eval,5009281024,2124
1790753052.2475805,3129175,1225.593,expert4_eval,5009281024,2124
1790753053.2696917,3129175,1226.615,expert4_eval,5009281024,2124
1790753054.2939491,3129175,1227.639,expert4_eval,5009281024,2124
1790753055.31577,3129175,1228.661,expert4_eval,5009281024,2124
1790753056.3405287,3129175,1229.686,expert4_eval,5009281024,2124
1790753057.3648984,3129175,1230.71,expert4_eval,5009281024,2124
1790753058.3898227,3129175,1231.735,expert4_eval,5009281024,2124
1790753059.4121013,3129175,1232.758,expert4_eval,5009281024,2124
1790753060.4309688,3129175,1233.777,expert4_eval,5009281024,2124
1790753061.4523594,3129175,1234.798,expert4_eval,5009281024,2124
1790753062.4740574,3129175,1235.82,expert4_eval,5009281024,2124
1790753063.5259278,3129175,1236.871,expert4_eval,5009281024,2124
1790753064.546454,3129175,1237.892,expert4_eval,5009281024,2124
1790753065.5658805,3129175,1238.911,expert4_eval,5009281024,2124
1790753066.5878522,3129175,1239.933,expert4_eval,5009281024,2124
1790753067.609411,3129175,1240.955,expert4_eval,5009281024,2124
1790753068.633769,3129175,1241.979,expert4_eval,5009281024,2124
1790753069.655359,3129175,1243.001,expert4_eval,5009281024,2124
1790753070.6817157,3129175,1244.027,expert4_eval,5009281024,2124
1790753071.7016625,3129175,1245.047,expert5_fit,4449464320,662
1790753072.7234604,3129175,1246.069,expert5_fit,4449464320,1340
1790753073.7563112,3129175,1247.102,expert5_fit,4449464320,1340
1790753074.780131,3129175,1248.126,starting,4449464320,1404
1790753075.804299,3129175,1249.15,starting,4449464320,1404
1790753076.8288991,3129175,1250.174,starting,4449464320,1404
1790753077.8536286,3129175,1251.199,starting,4449464320,1404
1790753078.8771822,3129175,1252.223,starting,4449464320,1404
1790753079.9011748,3129175,1253.247,expert5_route,4504055808,1404
1790753080.9207273,3129175,1254.266,expert5_route,4504055808,1504
1790753081.941879,3129175,1255.287,expert5_route,4504055808,1544
1790753082.9608548,3129175,1256.306,expert5_route,4504055808,1564
1790753083.982037,3129175,1257.328,expert5_route,4504055808,1584
1790753085.00363,3129175,1258.349,expert5_route,4504055808,1584
1790753086.0278022,3129175,1259.373,expert5_route,4504055808,1584
1790753087.065626,3129175,1260.411,expert5_route,4504055808,1584
1790753088.0867348,3129175,1261.432,expert5_route,4504055808,1584
1790753089.1097953,3129175,1262.455,expert5_route,4504055808,1584
1790753090.1318264,3129175,1263.477,expert5_route,4504055808,1584
1790753091.1538117,3129175,1264.499,expert5_route,4504055808,1584
1790753092.1729176,3129175,1265.518,expert5_route,4504055808,1584
1790753093.1947474,3129175,1266.54,expert5_route,4504055808,1584
1790753094.2204337,3129175,1267.566,expert5_route,4504055808,1584
1790753095.243344,3129175,1268.589,expert5_route,4504055808,1584
1790753096.266105,3129175,1269.612,expert5_route,4504055808,1584
1790753097.2904096,3129175,1270.636,expert5_cal,4481863680,1584
1790753098.3130877,3129175,1271.659,expert5_cal,4481863680,1584
1790753099.334826,3129175,1272.68,expert5_cal,4481863680,1584
1790753100.355851,3129175,1273.701,expert5_cal,4481863680,1584
1790753101.377145,3129175,1274.723,expert5_cal,4481863680,1584
1790753102.3985279,3129175,1275.744,expert5_cal,4481863680,1584
1790753103.4229443,3129175,1276.768,expert5_cal,4481863680,1584
1790753104.4485633,3129175,1277.794,expert5_cal,4481863680,1584
1790753105.4714298,3129175,1278.817,expert5_cal,4481863680,1584
1790753106.499122,3129175,1279.845,expert5_cal,4481863680,1584
1790753107.5247948,3129175,1280.87,expert5_cal,4481863680,1584
1790753108.5456858,3129175,1281.891,expert5_cal,4481863680,1584
1790753109.570085,3129175,1282.916,expert5_eval,5053198336,1584
1790753110.5923512,3129175,1283.938,expert5_eval,5569097728,1584
1790753111.6149616,3129175,1284.961,expert5_eval,5009281024,1584
1790753112.6357038,3129175,1285.981,expert5_eval,5009281024,1584
1790753113.6622372,3129175,1287.008,expert5_eval,5009281024,1584
1790753114.6843219,3129175,1288.03,expert5_eval,5009281024,1584
1790753115.7090142,3129175,1289.055,expert5_eval,5009281024,1584
1790753116.7603772,3129175,1290.106,expert5_eval,5009281024,1584
1790753117.7839644,3129175,1291.13,expert5_eval,5009281024,1584
1790753118.806471,3129175,1292.152,expert5_eval,5009281024,1584
1790753119.8314915,3129175,1293.177,expert5_eval,5009281024,1584
1790753120.851757,3129175,1294.197,expert5_eval,5009281024,1584
1790753121.8752337,3129175,1295.221,expert5_eval,5009281024,1584
1790753122.897983,3129175,1296.244,expert5_eval,5009281024,1584
1790753123.924955,3129175,1297.271,expert5_eval,5009281024,1584
1790753124.9507134,3129175,1298.296,expert5_eval,5009281024,1584
1790753125.9761302,3129175,1299.322,expert5_eval,5009281024,1584
1790753127.0004132,3129175,1300.346,expert5_eval,5009281024,1584
1790753128.0231614,3129175,1301.369,expert5_eval,5009281024,1584
1790753129.0450687,3129175,1302.391,expert5_eval,5009281024,1584
1790753130.0695827,3129175,1303.415,expert5_eval,5009281024,1584
1790753131.093479,3129175,1304.439,expert5_eval,5009281024,1584
1790753132.1148283,3129175,1305.46,expert5_eval,5009281024,1584
1790753133.139743,3129175,1306.485,expert5_eval,5009281024,1584
1790753134.166628,3129175,1307.512,expert5_eval,5009281024,1584
1790753135.1922915,3129175,1308.538,expert5_eval,5009281024,1584
1790753136.214733,3129175,1309.56,expert5_eval,5009281024,1584
1790753137.2414875,3129175,1310.587,expert5_eval,5009281024,1584
1790753138.266671,3129175,1311.612,expert5_eval,5009281024,1584
1790753139.2925963,3129175,1312.638,expert5_eval,5009281024,1584
1790753140.3158255,3129175,1313.661,expert5_eval,5009281024,1584
1790753141.342981,3129175,1314.689,expert5_eval,5009281024,1584
1790753142.3704543,3129175,1315.716,expert5_eval,5009281024,1584
1790753143.3973043,3129175,1316.743,expert5_eval,5009281024,1584
1790753144.4165282,3129175,1317.762,expert5_eval,5009281024,1584
1790753145.4389896,3129175,1318.785,expert5_eval,5009281024,1584
1790753146.4596524,3129175,1319.805,expert5_eval,5009281024,1584
1790753147.4846282,3129175,1320.83,expert5_eval,5009281024,1584
1790753148.5074716,3129175,1321.853,expert5_eval,5009281024,1584
1790753149.5293403,3129175,1322.875,expert5_eval,5009281024,1584
1790753150.550117,3129175,1323.896,expert5_eval,5009281024,1584
1790753151.570077,3129175,1324.916,expert5_eval,5009281024,1584
1790753152.5890868,3129175,1325.935,expert5_eval,5009281024,1584
1790753153.610692,3129175,1326.956,expert5_eval,5009281024,1584
1790753154.632259,3129175,1327.978,expert5_eval,5009281024,1584
1790753155.6552603,3129175,1329.001,expert5_eval,5009281024,1584
1790753156.6798973,3129175,1330.025,expert5_eval,5009281024,1584
1790753157.7075965,3129175,1331.053,expert5_eval,5009281024,1584
1790753158.7321484,3129175,1332.078,expert5_eval,5009281024,1584
1790753159.7529576,3129175,1333.099,expert5_eval,5009281024,1584
1790753160.7742128,3129175,1334.12,expert5_eval,5009281024,1584
1790753161.798082,3129175,1335.144,expert5_eval,5009281024,1584
1790753162.8240545,3129175,1336.17,expert5_eval,5009281024,1584
1790753163.844292,3129175,1337.19,expert5_eval,5009281024,1584
1790753164.8633053,3129175,1338.209,expert5_eval,5009281024,1584
1790753165.8828182,3129175,1339.228,expert5_eval,5009281024,1584
1790753166.9057124,3129175,1340.251,expert5_eval,5009281024,1584
1790753167.926538,3129175,1341.272,expert5_eval,5009281024,1584
1790753168.9514525,3129175,1342.297,expert5_eval,5009281024,1584
1790753169.975259,3129175,1343.321,expert5_eval,5009281024,1584
1790753171.000633,3129175,1344.346,expert5_eval,5009281024,1584
1790753172.0262787,3129175,1345.372,expert5_eval,5009281024,1584
1790753173.0476367,3129175,1346.393,expert5_eval,5009281024,1584
1790753174.067893,3129175,1347.413,expert5_eval,5009281024,1584
1790753175.0886512,3129175,1348.434,expert5_eval,5009281024,1584
1790753176.1100948,3129175,1349.456,expert5_eval,5009281024,1584
1790753177.1344218,3129175,1350.48,expert5_eval,5009281024,1584
1790753178.1587453,3129175,1351.504,expert5_eval,5009281024,1584
1790753179.183725,3129175,1352.529,expert5_eval,5009281024,1584
1790753180.2066572,3129175,1353.552,expert5_eval,5009281024,1584
1790753181.2281103,3129175,1354.574,expert5_eval,5009281024,1584
1790753182.2761853,3129175,1355.622,expert5_eval,5009281024,1584
1790753183.300861,3129175,1356.646,expert5_eval,5009281024,1584
1790753184.323711,3129175,1357.669,expert5_eval,5009281024,1584
1790753185.3515897,3129175,1358.697,expert5_eval,5009281024,1584
1790753186.3800075,3129175,1359.726,expert5_eval,5009281024,1584
1790753187.4046226,3129175,1360.75,expert5_eval,5009281024,1584
1790753188.4310384,3129175,1361.777,expert5_eval,5009281024,1584
1790753189.4543247,3129175,1362.8,expert5_eval,5009281024,1584
1790753190.4765565,3129175,1363.822,expert5_eval,5009281024,1584
1790753191.502749,3129175,1364.848,expert5_eval,5009281024,1584
1790753192.5274837,3129175,1365.873,expert5_eval,5009281024,1584
1790753193.551894,3129175,1366.897,expert5_eval,5009281024,1584
1790753194.5716407,3129175,1367.917,expert5_eval,5009281024,1584
1790753195.6005898,3129175,1368.946,expert5_eval,5009281024,1584
1790753196.6246886,3129175,1369.97,expert5_eval,5009281024,1584
1790753197.6468945,3129175,1370.992,expert5_eval,5009281024,1584
1790753198.6676204,3129175,1372.013,expert5_eval,5009281024,1584
1790753199.6893425,3129175,1373.035,expert5_eval,5009281024,1584
1790753200.7143161,3129175,1374.06,expert5_eval,5009281024,1584
1790753201.7396069,3129175,1375.085,expert5_eval,5009281024,1584
1790753202.7597387,3129175,1376.105,expert5_eval,5009281024,1584
1790753203.7843657,3129175,1377.13,expert5_eval,5009281024,1584
1790753204.8041196,3129175,1378.15,expert5_eval,5009281024,1584
1790753205.8259184,3129175,1379.171,expert5_eval,5009281024,1584
1790753206.8515704,3129175,1380.197,expert5_eval,5009281024,1584
1790753207.8711305,3129175,1381.217,expert5_eval,5009281024,1584
1790753208.8928335,3129175,1382.238,expert5_eval,5009281024,1584
1790753209.917884,3129175,1383.263,expert5_eval,5009281024,1584
1790753210.949788,3129175,1384.295,expert5_eval,5009281024,1584
1790753211.9686155,3129175,1385.314,expert5_eval,5009281024,1584
1790753212.9942927,3129175,1386.34,expert5_eval,5009281024,1584
1790753214.017302,3129175,1387.363,expert5_eval,5009281024,1584
1790753215.0752575,3129175,1388.421,expert5_eval,5009281024,1584
1790753216.0998309,3129175,1389.445,expert5_eval,5009281024,1584
1790753217.1231194,3129175,1390.469,expert5_eval,5009281024,1584
1790753218.144384,3129175,1391.49,expert5_eval,5009281024,1584
1790753219.1643486,3129175,1392.51,expert5_eval,5009281024,1584
1790753220.1857555,3129175,1393.531,expert5_eval,5009281024,1584
1790753221.207362,3129175,1394.553,expert5_eval,5009281024,1584
1790753222.2290297,3129175,1395.575,expert5_eval,5009281024,1584
1790753223.2559762,3129175,1396.602,expert5_eval,5009281024,1584
1790753224.276276,3129175,1397.622,expert5_eval,5009281024,1584
1790753225.29879,3129175,1398.644,expert5_eval,5009281024,1584
1790753226.3235316,3129175,1399.669,expert5_eval,5009281024,1584
1790753227.3485837,3129175,1400.694,expert5_eval,5009281024,1584
1790753228.3756783,3129175,1401.721,expert5_eval,5009281024,1584
1790753229.4010575,3129175,1402.747,expert5_eval,5009281024,1584
1790753230.427024,3129175,1403.773,expert5_eval,5009281024,1584
1790753231.4492273,3129175,1404.795,expert5_eval,5009281024,1584
1790753232.4734814,3129175,1405.819,expert5_eval,5009281024,1584
1790753233.4962127,3129175,1406.842,expert5_eval,5009281024,1584
1790753234.5232978,3129175,1407.869,expert5_eval,5009281024,1584
1790753235.5455484,3129175,1408.891,expert5_eval,5009281024,1584
1790753236.56915,3129175,1409.915,expert5_eval,5009281024,1584
1790753237.5907018,3129175,1410.936,expert5_eval,5009281024,1584
1790753238.6149645,3129175,1411.961,expert5_eval,5009281024,1584
1790753239.6409624,3129175,1412.987,expert5_eval,5009281024,1584
1790753240.6661892,3129175,1414.012,expert5_eval,5009281024,1584
1790753241.691722,3129175,1415.037,expert5_eval,5009281024,1584
1790753242.7162948,3129175,1416.062,expert5_eval,5009281024,1584
1790753243.7436397,3129175,1417.089,expert5_eval,5009281024,1584
1790753244.7689848,3129175,1418.115,expert5_eval,5009281024,1584
1790753245.791076,3129175,1419.137,expert5_eval,5009281024,1584
1790753246.8164191,3129175,1420.162,expert5_eval,5009281024,1584
1790753247.8416097,3129175,1421.187,expert5_eval,5009281024,1584
1790753248.8642628,3129175,1422.21,expert5_eval,5009281024,1584
1790753249.8893666,3129175,1423.235,expert5_eval,5009281024,1584
1790753250.9164262,3129175,1424.262,expert5_eval,5009281024,1584
1790753251.9371321,3129175,1425.283,expert5_eval,5009281024,1584
1790753252.9573572,3129175,1426.303,expert5_eval,5009281024,1584
1790753253.9800775,3129175,1427.326,expert5_eval,5009281024,1584
1790753255.0060499,3129175,1428.352,expert5_eval,5009281024,1584
1790753256.034717,3129175,1429.38,expert5_eval,5009281024,1584
1790753257.059397,3129175,1430.405,expert5_eval,5009281024,1584
1790753258.0799425,3129175,1431.425,expert5_eval,5009281024,1584
1790753259.107045,3129175,1432.453,expert5_eval,5009281024,1584
1790753260.1303577,3129175,1433.476,expert5_eval,5009281024,1584
1790753261.1945195,3129175,1434.54,expert5_eval,5009281024,1584
1790753262.2167866,3129175,1435.562,expert5_eval,5009281024,1584
1790753263.2419238,3129175,1436.587,expert5_eval,5009281024,1584
1790753264.2646928,3129175,1437.61,expert5_eval,5009281024,1584
1790753265.2930067,3129175,1438.639,expert5_eval,5009281024,1584
1790753266.314487,3129175,1439.66,expert5_eval,5009281024,1584
1790753267.338387,3129175,1440.684,expert5_eval,5009281024,1584
1790753268.3644452,3129175,1441.71,expert5_eval,5009281024,1584
1790753269.3858714,3129175,1442.731,expert5_eval,5009281024,1584
1790753270.4114375,3129175,1443.757,expert5_eval,5009281024,1584
1790753271.4372735,3129175,1444.783,expert5_eval,5009281024,1584
1790753272.4638212,3129175,1445.809,expert5_eval,5009281024,1584
1790753273.49061,3129175,1446.836,expert5_eval,5009281024,1584
1790753274.5161107,3129175,1447.862,expert5_eval,5009281024,1584
1790753275.5424395,3129175,1448.888,expert5_eval,5009281024,1584
1790753276.566247,3129175,1449.912,expert5_eval,5009281024,1584
1790753277.5901136,3129175,1450.936,expert5_eval,5009281024,1584
1790753278.6145027,3129175,1451.96,expert5_eval,5009281024,1584
1790753279.6346269,3129175,1452.98,expert5_eval,5009281024,1584
1790753280.6595275,3129175,1454.005,expert5_eval,5009281024,1584
1790753281.6820328,3129175,1455.028,expert5_eval,5009281024,1584
1790753282.7042935,3129175,1456.05,expert5_eval,5009281024,1584
1790753283.726349,3129175,1457.072,expert5_eval,5009281024,1584
1790753284.750853,3129175,1458.096,expert5_eval,5009281024,1584
1790753285.7773988,3129175,1459.123,expert5_eval,5009281024,1584
1790753286.8038688,3129175,1460.149,expert5_eval,5009281024,1584
1790753287.831745,3129175,1461.177,expert5_eval,5009281024,1584
1790753288.8554094,3129175,1462.201,expert5_eval,5009281024,1584
1790753289.8771605,3129175,1463.223,expert5_eval,5009281024,1584
1790753290.9013393,3129175,1464.247,expert5_eval,5009281024,1584
1790753291.926114,3129175,1465.272,expert5_eval,5009281024,1584
1790753292.9503422,3129175,1466.296,expert5_eval,5009281024,1584
1790753293.9738784,3129175,1467.319,expert5_eval,5009281024,1584
1790753295.000368,3129175,1468.346,expert5_eval,5009281024,1584
1790753296.0238976,3129175,1469.369,expert5_eval,5009281024,1584
1790753297.0491123,3129175,1470.395,expert5_eval,5009281024,1584
1790753298.0749393,3129175,1471.42,expert5_eval,5009281024,1584
1790753299.103322,3129175,1472.449,expert5_eval,5009281024,1584
1790753300.1310163,3129175,1473.477,expert5_eval,5009281024,1584
1790753301.152355,3129175,1474.498,expert5_eval,5009281024,1584
1790753302.1763039,3129175,1475.522,expert5_eval,5009281024,1584
1790753303.2006605,3129175,1476.546,expert5_eval,5009281024,1584
1790753304.223125,3129175,1477.569,expert5_eval,5009281024,1584
1790753305.243264,3129175,1478.589,expert5_eval,5009281024,1584
1790753306.268371,3129175,1479.614,expert5_eval,5009281024,1584
1790753307.2892144,3129175,1480.635,expert5_eval,5009281024,1584
1790753308.309832,3129175,1481.655,expert5_eval,5009281024,1584
1790753309.3324828,3129175,1482.678,expert5_eval,5009281024,1584
1790753310.3594608,3129175,1483.705,expert5_eval,5009281024,1584
1790753311.3855937,3129175,1484.731,expert5_eval,5009281024,1584
1790753312.409525,3129175,1485.755,expert5_eval,5009281024,1584
1790753313.4357193,3129175,1486.781,expert5_eval,5009281024,1584
1790753314.457336,3129175,1487.803,expert5_eval,5009281024,1584
1790753315.4815419,3129175,1488.827,expert5_eval,5009281024,1584
1790753316.5090928,3129175,1489.855,expert5_eval,5009281024,1584
1790753317.5294282,3129175,1490.875,expert5_eval,5009281024,1584
1790753318.549192,3129175,1491.895,expert5_eval,5009281024,1584
1790753319.572244,3129175,1492.918,expert5_eval,5009281024,1584
1790753320.595687,3129175,1493.941,expert5_eval,5009281024,1584
1790753321.6159606,3129175,1494.962,expert5_eval,5009281024,1584
1790753322.6366513,3129175,1495.982,expert5_eval,5009281024,1584
1790753323.6583822,3129175,1497.004,expert5_eval,5009281024,1584
1790753324.7007945,3129175,1498.046,expert5_eval,5009281024,1584
1790753325.725527,3129175,1499.071,expert5_eval,5009281024,1584
1790753326.7495947,3129175,1500.095,expert5_eval,5009281024,1584
1790753327.7729895,3129175,1501.119,expert5_eval,5009281024,1584
1790753328.7941692,3129175,1502.14,expert5_eval,5009281024,1584
1790753329.811579,3129175,1503.157,expert5_eval,5009281024,1584
1790753330.8308804,3129175,1504.176,expert5_eval,5009281024,1584
1790753331.8515973,3129175,1505.197,expert5_eval,5009281024,1584
1790753332.8761284,3129175,1506.222,expert5_eval,5009281024,1584
1790753333.8973622,3129175,1507.243,expert5_eval,5009281024,1584
1790753334.9170055,3129175,1508.263,expert5_eval,5009281024,1584
1790753335.9388638,3129175,1509.284,expert5_eval,5009281024,1584
1790753336.9596148,3129175,1510.305,expert5_eval,5009281024,1584
1790753337.9813592,3129175,1511.327,expert5_eval,5009281024,1584
1790753339.0069122,3129175,1512.352,expert5_eval,5009281024,1584
1790753340.056955,3129175,1513.403,expert5_eval,5009281024,1584
1790753341.081942,3129175,1514.427,expert5_eval,5009281024,1584
1790753342.1053429,3129175,1515.451,expert5_eval,5009281024,1584
1790753343.129929,3129175,1516.475,expert5_eval,5009281024,1584
1790753344.1489441,3129175,1517.494,expert5_eval,5009281024,1584
1790753345.1691182,3129175,1518.515,expert5_eval,5009281024,1584
1790753346.1918724,3129175,1519.537,expert5_eval,5009281024,1584
1790753347.2153451,3129175,1520.561,expert5_eval,5009281024,1584
1790753348.2426147,3129175,1521.588,expert5_eval,5009281024,1584
1790753349.268311,3129175,1522.614,expert5_eval,5009281024,1584
1790753350.2960489,3129175,1523.642,expert5_eval,5009281024,1584
1790753351.3230302,3129175,1524.669,expert5_eval,5009281024,1584
1790753352.3513606,3129175,1525.697,expert5_eval,5009281024,1584
1790753353.3754606,3129175,1526.721,expert5_eval,5009281024,1584
1790753354.4030986,3129175,1527.749,expert5_eval,5009281024,1584
1790753355.4259002,3129175,1528.771,expert5_eval,5009281024,1584
1790753356.447979,3129175,1529.794,expert6_fit,4449464320,662
1790753357.4709616,3129175,1530.817,expert6_fit,4449464320,1468
1790753358.4925241,3129175,1531.838,expert6_fit,4449464320,1508
1790753359.5131671,3129175,1532.859,expert6_fit,4449464320,1548
1790753360.5319667,3129175,1533.878,expert6_fit,4449464320,1548
1790753361.5535011,3129175,1534.899,expert6_fit,4449464320,1548
1790753362.5762465,3129175,1535.922,expert6_fit,4449464320,1548
1790753363.5979264,3129175,1536.943,expert6_fit,4449464320,1548
1790753364.6246023,3129175,1537.97,starting,4449464320,1644
1790753365.6449656,3129175,1538.991,starting,4449464320,1644
1790753366.6675446,3129175,1540.013,starting,4449464320,1644
1790753367.692273,3129175,1541.038,starting,4449464320,1644
1790753368.7123103,3129175,1542.058,starting,4449464320,1644
1790753369.7369647,3129175,1543.083,starting,4449464320,1644
1790753370.7585118,3129175,1544.104,starting,4449464320,1644
1790753371.7784023,3129175,1545.124,starting,4449464320,1644
1790753372.8014593,3129175,1546.147,starting,4449464320,1644
1790753373.8201559,3129175,1547.166,starting,4449464320,1644
1790753374.8421638,3129175,1548.188,starting,4449464320,1644
1790753375.8660645,3129175,1549.212,starting,4449464320,1644
1790753376.8850856,3129175,1550.231,starting,4449464320,1644
1790753377.9088526,3129175,1551.254,expert6_route,4504055808,1644
1790753378.9339626,3129175,1552.28,expert6_route,4504055808,1644
1790753379.9573634,3129175,1553.303,expert6_route,4504055808,2024
1790753380.9869125,3129175,1554.332,expert6_route,4504055808,2044
1790753382.011287,3129175,1555.357,expert6_route,4504055808,2044
1790753383.0336092,3129175,1556.379,expert6_route,4504055808,2064
1790753384.0567567,3129175,1557.402,expert6_route,4504055808,2084
1790753385.0773647,3129175,1558.423,expert6_route,4504055808,2084
1790753386.0988073,3129175,1559.444,expert6_route,4504055808,2084
1790753387.11934,3129175,1560.465,expert6_route,4504055808,2084
1790753388.1403744,3129175,1561.486,expert6_route,4504055808,2084
1790753389.165534,3129175,1562.511,expert6_route,4504055808,2084
1790753390.191394,3129175,1563.537,expert6_route,4504055808,2084
1790753391.2170143,3129175,1564.563,expert6_route,4504055808,2084
1790753392.2401524,3129175,1565.586,expert6_route,4504055808,2084
1790753393.2636714,3129175,1566.609,expert6_route,4504055808,2084
1790753394.2878509,3129175,1567.633,expert6_route,4504055808,2084
1790753395.3094041,3129175,1568.655,expert6_route,4504055808,2084
1790753396.334128,3129175,1569.68,expert6_route,4504055808,2084
1790753397.3583436,3129175,1570.704,expert6_route,4504055808,2084
1790753398.3780358,3129175,1571.724,expert6_route,4504055808,2084
1790753399.3984697,3129175,1572.744,expert6_route,4504055808,2084
1790753400.4200737,3129175,1573.766,expert6_route,4504055808,2084
1790753401.4454236,3129175,1574.791,expert6_route,4504055808,2084
1790753402.4746034,3129175,1575.82,expert6_route,4504055808,2084
1790753403.5000348,3129175,1576.846,expert6_route,4504055808,2084
1790753404.5213592,3129175,1577.867,expert6_route,4504055808,2084
1790753405.5447545,3129175,1578.89,expert6_route,4504055808,2084
1790753406.5685112,3129175,1579.914,expert6_route,4504055808,2084
1790753407.595819,3129175,1580.941,expert6_cal,4481863680,2084
1790753408.6188173,3129175,1581.964,expert6_cal,4481863680,2084
1790753409.639702,3129175,1582.985,expert6_cal,4481863680,2084
1790753410.6661704,3129175,1584.012,expert6_cal,4481863680,2084
1790753411.6902792,3129175,1585.036,expert6_cal,4481863680,2084
1790753412.7143173,3129175,1586.06,expert6_cal,4481863680,2084
1790753413.737729,3129175,1587.083,expert6_cal,4481863680,2084
1790753414.7644703,3129175,1588.11,expert6_cal,4481863680,2084
1790753415.7868085,3129175,1589.132,expert6_cal,4481863680,2084
1790753416.810399,3129175,1590.156,expert6_cal,4481863680,2084
1790753417.832629,3129175,1591.178,expert6_cal,4481863680,2084
1790753418.850527,3129175,1592.196,expert6_cal,4481863680,2084
1790753419.8713057,3129175,1593.217,expert6_cal,4481863680,2084
1790753420.894097,3129175,1594.24,expert6_cal,4481863680,2084
1790753421.918919,3129175,1595.264,expert6_cal,4481863680,2084
1790753422.93736,3129175,1596.283,expert6_cal,4481863680,2084
1790753423.959006,3129175,1597.305,expert6_cal,4481863680,2084
1790753424.984901,3129175,1598.33,expert6_cal,4481863680,2084
1790753426.0074825,3129175,1599.353,expert6_cal,4481863680,2084
1790753427.036449,3129175,1600.382,expert6_eval,5411811328,2084
1790753428.0626235,3129175,1601.408,expert6_eval,5009281024,2084
1790753429.083234,3129175,1602.429,expert6_eval,5009281024,2084
1790753430.107368,3129175,1603.453,expert6_eval,5009281024,2084
1790753431.1309001,3129175,1604.476,expert6_eval,5009281024,2084
1790753432.1533544,3129175,1605.499,expert6_eval,5009281024,2084
1790753433.176967,3129175,1606.523,expert6_eval,5009281024,2084
1790753434.1974084,3129175,1607.543,expert6_eval,5009281024,2084
1790753435.2233117,3129175,1608.569,expert6_eval,5009281024,2084
1790753436.2488089,3129175,1609.594,expert6_eval,5009281024,2084
1790753437.3058374,3129175,1610.651,expert6_eval,5009281024,2084
1790753438.3267274,3129175,1611.672,expert6_eval,5009281024,2084
1790753439.3457665,3129175,1612.691,expert6_eval,5009281024,2084
1790753440.3695338,3129175,1613.715,expert6_eval,5009281024,2084
1790753441.3924763,3129175,1614.738,expert6_eval,5009281024,2084
1790753442.4164062,3129175,1615.762,expert6_eval,5009281024,2084
1790753443.4401143,3129175,1616.786,expert6_eval,5009281024,2084
1790753444.4617648,3129175,1617.807,expert6_eval,5009281024,2084
1790753445.4861004,3129175,1618.832,expert6_eval,5009281024,2084
1790753446.5107346,3129175,1619.856,expert6_eval,5009281024,2084
1790753447.531232,3129175,1620.877,expert6_eval,5009281024,2084
1790753448.5521948,3129175,1621.898,expert6_eval,5009281024,2084
1790753449.5771837,3129175,1622.923,expert6_eval,5009281024,2084
1790753450.5982103,3129175,1623.944,expert6_eval,5009281024,2084
1790753451.6180024,3129175,1624.964,expert6_eval,5009281024,2084
1790753452.640719,3129175,1625.986,expert6_eval,5009281024,2084
1790753453.66414,3129175,1627.01,expert6_eval,5009281024,2084
1790753454.6875463,3129175,1628.033,expert6_eval,5009281024,2084
1790753455.7100432,3129175,1629.056,expert6_eval,5009281024,2084
1790753456.73411,3129175,1630.08,expert6_eval,5009281024,2084
1790753457.756583,3129175,1631.102,expert6_eval,5009281024,2084
1790753458.7779582,3129175,1632.124,expert6_eval,5009281024,2084
1790753459.801956,3129175,1633.148,expert6_eval,5009281024,2084
1790753460.8232055,3129175,1634.169,expert6_eval,5009281024,2084
1790753461.8451045,3129175,1635.191,expert6_eval,5009281024,2084
1790753462.8636377,3129175,1636.209,expert6_eval,5009281024,2084
1790753463.8830378,3129175,1637.229,expert6_eval,5009281024,2084
1790753464.9021194,3129175,1638.248,expert6_eval,5009281024,2084
1790753465.9232678,3129175,1639.269,expert6_eval,5009281024,2084
1790753466.946754,3129175,1640.292,expert6_eval,5009281024,2084
1790753467.9674377,3129175,1641.313,expert6_eval,5009281024,2084
1790753468.9883978,3129175,1642.334,expert6_eval,5009281024,2084
1790753470.0088453,3129175,1643.354,expert6_eval,5009281024,2084
1790753471.03191,3129175,1644.377,expert6_eval,5009281024,2084
1790753472.0575247,3129175,1645.403,expert6_eval,5009281024,2084
1790753473.0824177,3129175,1646.428,expert6_eval,5009281024,2084
1790753474.106416,3129175,1647.452,expert6_eval,5009281024,2084
1790753475.1298144,3129175,1648.475,expert6_eval,5009281024,2084
1790753476.1528547,3129175,1649.498,expert6_eval,5009281024,2084
1790753477.174513,3129175,1650.52,expert6_eval,5009281024,2084
1790753478.1971684,3129175,1651.543,expert6_eval,5009281024,2084
1790753479.2224946,3129175,1652.568,expert6_eval,5009281024,2084
1790753480.2470083,3129175,1653.593,expert6_eval,5009281024,2084
1790753481.2702582,3129175,1654.616,expert6_eval,5009281024,2084
1790753482.2926435,3129175,1655.638,expert6_eval,5009281024,2084
1790753483.3153026,3129175,1656.661,expert6_eval,5009281024,2084
1790753484.3433304,3129175,1657.689,expert6_eval,5009281024,2084
1790753485.3690798,3129175,1658.715,expert6_eval,5009281024,2084
1790753486.3974402,3129175,1659.743,expert6_eval,5009281024,2084
1790753487.4219584,3129175,1660.768,expert6_eval,5009281024,2084
1790753488.4433837,3129175,1661.789,expert6_eval,5009281024,2084
1790753489.4665837,3129175,1662.812,expert6_eval,5009281024,2084
1790753490.4908454,3129175,1663.836,expert6_eval,5009281024,2084
1790753491.510997,3129175,1664.857,expert6_eval,5009281024,2084
1790753492.532052,3129175,1665.878,expert6_eval,5009281024,2084
1790753493.5530562,3129175,1666.899,expert6_eval,5009281024,2084
1790753494.5749032,3129175,1667.92,expert6_eval,5009281024,2084
1790753495.6033561,3129175,1668.949,expert6_eval,5009281024,2084
1790753496.6276238,3129175,1669.973,expert6_eval,5009281024,2084
1790753497.649349,3129175,1670.995,expert6_eval,5009281024,2084
1790753498.6683757,3129175,1672.014,expert6_eval,5009281024,2084
1790753499.690246,3129175,1673.036,expert6_eval,5009281024,2084
1790753500.717528,3129175,1674.063,expert6_eval,5009281024,2084
1790753501.7436225,3129175,1675.089,expert6_eval,5009281024,2084
1790753502.7698581,3129175,1676.115,expert6_eval,5009281024,2084
1790753503.7891884,3129175,1677.135,expert6_eval,5009281024,2084
1790753504.812521,3129175,1678.158,expert6_eval,5009281024,2084
1790753505.8386734,3129175,1679.184,expert6_eval,5009281024,2084
1790753506.8603625,3129175,1680.206,expert6_eval,5009281024,2084
1790753507.8862164,3129175,1681.232,expert6_eval,5009281024,2084
1790753508.9106112,3129175,1682.256,expert6_eval,5009281024,2084
1790753509.9346373,3129175,1683.28,expert6_eval,5009281024,2084
1790753510.9568303,3129175,1684.302,expert6_eval,5009281024,2084
1790753511.9779735,3129175,1685.324,expert6_eval,5009281024,2084
1790753513.0012822,3129175,1686.347,expert6_eval,5009281024,2084
1790753514.0263731,3129175,1687.372,expert6_eval,5009281024,2084
1790753515.0479481,3129175,1688.393,expert6_eval,5009281024,2084
1790753516.0683794,3129175,1689.414,expert6_eval,5009281024,2084
1790753517.0886402,3129175,1690.434,expert6_eval,5009281024,2084
1790753518.1109006,3129175,1691.456,expert6_eval,5009281024,2084
1790753519.1297019,3129175,1692.475,expert6_eval,5009281024,2084
1790753520.1504066,3129175,1693.496,expert6_eval,5009281024,2084
1790753521.172375,3129175,1694.518,expert6_eval,5009281024,2084
1790753522.1923802,3129175,1695.538,expert6_eval,5009281024,2084
1790753523.215768,3129175,1696.561,expert6_eval,5009281024,2084
1790753524.2390654,3129175,1697.585,expert6_eval,5009281024,2084
1790753525.2619586,3129175,1698.608,expert6_eval,5009281024,2084
1790753526.2818542,3129175,1699.627,expert6_eval,5009281024,2084
1790753527.305121,3129175,1700.651,expert6_eval,5009281024,2084
1790753528.3244803,3129175,1701.67,expert6_eval,5009281024,2084
1790753529.34381,3129175,1702.689,expert6_eval,5009281024,2084
1790753530.3660533,3129175,1703.712,expert6_eval,5009281024,2084
1790753531.386219,3129175,1704.732,expert6_eval,5009281024,2084
1790753532.407742,3129175,1705.753,expert6_eval,5009281024,2084
1790753533.4362113,3129175,1706.782,expert6_eval,5009281024,2084
1790753534.4936366,3129175,1707.839,expert6_eval,5009281024,2084
1790753535.5148802,3129175,1708.86,expert6_eval,5009281024,2084
1790753536.5389342,3129175,1709.884,expert6_eval,5009281024,2084
1790753537.559958,3129175,1710.906,expert6_eval,5009281024,2084
1790753538.5843072,3129175,1711.93,expert6_eval,5009281024,2084
1790753539.6080477,3129175,1712.954,expert6_eval,5009281024,2084
1790753540.6272123,3129175,1713.973,expert6_eval,5009281024,2084
1790753541.6467042,3129175,1714.992,expert6_eval,5009281024,2084
1790753542.665528,3129175,1716.011,expert6_eval,5009281024,2084
1790753543.7204125,3129175,1717.066,expert6_eval,5009281024,2084
1790753544.7488823,3129175,1718.094,expert6_eval,5009281024,2084
1790753545.7688258,3129175,1719.114,expert6_eval,5009281024,2084
1790753546.8124177,3129175,1720.158,expert6_eval,5009281024,2084
1790753547.8355365,3129175,1721.181,expert6_eval,5009281024,2084
1790753548.8586094,3129175,1722.204,expert6_eval,5009281024,2084
1790753549.9149537,3129175,1723.261,expert6_eval,5009281024,2084
1790753550.9369798,3129175,1724.283,expert6_eval,5009281024,2084
1790753551.9584105,3129175,1725.304,expert6_eval,5009281024,2084
1790753552.984044,3129175,1726.33,expert6_eval,5009281024,2084
1790753554.0045016,3129175,1727.35,expert6_eval,5009281024,2084
1790753555.0259697,3129175,1728.372,expert6_eval,5009281024,2084
1790753556.045481,3129175,1729.391,expert6_eval,5009281024,2084
1790753557.066724,3129175,1730.412,expert6_eval,5009281024,2084
1790753558.086637,3129175,1731.432,expert6_eval,5009281024,2084
1790753559.1089997,3129175,1732.455,expert6_eval,5009281024,2084
1790753560.1298249,3129175,1733.475,expert6_eval,5009281024,2084
1790753561.1535401,3129175,1734.499,expert6_eval,5009281024,2084
1790753562.173541,3129175,1735.519,expert6_eval,5009281024,2084
1790753563.1940975,3129175,1736.54,expert6_eval,5009281024,2084
1790753564.2160518,3129175,1737.562,expert6_eval,5009281024,2084
1790753565.2366009,3129175,1738.582,expert6_eval,5009281024,2084
1790753566.2589402,3129175,1739.604,expert6_eval,5009281024,2084
1790753567.2830863,3129175,1740.629,expert6_eval,5009281024,2084
1790753568.3069758,3129175,1741.653,expert6_eval,5009281024,2084
1790753569.3288972,3129175,1742.674,expert6_eval,5009281024,2084
1790753570.3533235,3129175,1743.699,expert6_eval,5009281024,2084
1790753571.3780901,3129175,1744.724,expert6_eval,5009281024,2084
1790753572.4024503,3129175,1745.748,expert6_eval,5009281024,2084
1790753573.4218245,3129175,1746.767,expert6_eval,5009281024,2084
1790753574.4462526,3129175,1747.792,expert6_eval,5009281024,2084
1790753575.4699464,3129175,1748.815,expert6_eval,5009281024,2084
1790753576.4924762,3129175,1749.838,expert6_eval,5009281024,2084
1790753577.512935,3129175,1750.858,expert6_eval,5009281024,2084
1790753578.5322413,3129175,1751.878,expert6_eval,5009281024,2084
1790753579.5565455,3129175,1752.902,expert6_eval,5009281024,2084
1790753580.5827117,3129175,1753.928,expert6_eval,5009281024,2084
1790753581.6101835,3129175,1754.956,expert6_eval,5009281024,2084
1790753582.633136,3129175,1755.979,expert6_eval,5009281024,2084
1790753583.6536198,3129175,1756.999,expert6_eval,5009281024,2084
1790753584.673586,3129175,1758.019,expert6_eval,5009281024,2084
1790753585.694755,3129175,1759.04,expert6_eval,5009281024,2084
1790753586.7195082,3129175,1760.065,expert6_eval,5009281024,2084
1790753587.7411332,3129175,1761.087,expert6_eval,5009281024,2084
1790753588.770358,3129175,1762.116,expert6_eval,5009281024,2084
1790753589.8055055,3129175,1763.151,expert6_eval,5009281024,2084
1790753590.8310792,3129175,1764.177,expert6_eval,5009281024,2084
1790753591.8625052,3129175,1765.208,expert6_eval,5009281024,2084
1790753592.8851857,3129175,1766.231,expert6_eval,5009281024,2084
1790753593.9063642,3129175,1767.252,expert6_eval,5009281024,2084
1790753594.9289637,3129175,1768.275,expert6_eval,5009281024,2084
1790753595.9534738,3129175,1769.299,expert6_eval,5009281024,2084
1790753596.975629,3129175,1770.321,expert6_eval,5009281024,2084
1790753597.9966242,3129175,1771.342,expert6_eval,5009281024,2084
1790753599.0227149,3129175,1772.368,expert6_eval,5009281024,2084
1790753600.045841,3129175,1773.391,expert6_eval,5009281024,2084
1790753601.070162,3129175,1774.416,expert6_eval,5009281024,2084
1790753602.0968575,3129175,1775.442,expert6_eval,5009281024,2084
1790753603.11903,3129175,1776.465,expert6_eval,5009281024,2084
1790753604.1437252,3129175,1777.489,expert6_eval,5009281024,2084
1790753605.1693652,3129175,1778.515,expert6_eval,5009281024,2084
1790753606.1937957,3129175,1779.539,expert6_eval,5009281024,2084
1790753607.214931,3129175,1780.56,expert6_eval,5009281024,2084
1790753608.2356756,3129175,1781.581,expert6_eval,5009281024,2084
1790753609.2594833,3129175,1782.605,expert6_eval,5009281024,2084
1790753610.2784543,3129175,1783.624,expert6_eval,5009281024,2084
1790753611.302437,3129175,1784.648,expert6_eval,5009281024,2084
1790753612.3343494,3129175,1785.68,expert6_eval,5009281024,2084
1790753613.360834,3129175,1786.706,expert6_eval,5009281024,2084
1790753614.3868177,3129175,1787.732,expert6_eval,5009281024,2084
1790753615.4177713,3129175,1788.763,expert6_eval,5009281024,2084
1790753616.4387248,3129175,1789.784,expert6_eval,5009281024,2084
1790753617.465946,3129175,1790.811,expert6_eval,5009281024,2084
1790753618.488389,3129175,1791.834,expert6_eval,5009281024,2084
1790753619.5116127,3129175,1792.857,expert6_eval,5009281024,2084
1790753620.5344582,3129175,1793.88,expert6_eval,5009281024,2084
1790753621.557035,3129175,1794.903,expert6_eval,5009281024,2084
1790753622.5793366,3129175,1795.925,expert6_eval,5009281024,2084
1790753623.6009061,3129175,1796.946,expert6_eval,5009281024,2084
1790753624.6264992,3129175,1797.972,expert6_eval,5009281024,2084
1790753625.651923,3129175,1798.997,expert6_eval,5009281024,2084
1790753626.67604,3129175,1800.022,expert6_eval,5009281024,2084
1790753627.701111,3129175,1801.047,expert6_eval,5009281024,2084
1790753628.7242205,3129175,1802.07,expert6_eval,5009281024,2084
1790753629.746968,3129175,1803.093,expert6_eval,5009281024,2084
1790753630.7727792,3129175,1804.118,expert6_eval,5009281024,2084
1790753631.7970736,3129175,1805.143,expert6_eval,5009281024,2084
1790753632.8217378,3129175,1806.167,expert6_eval,5009281024,2084
1790753633.846783,3129175,1807.192,expert6_eval,5009281024,2084
1790753634.8718638,3129175,1808.217,expert6_eval,5009281024,2084
1790753635.8914545,3129175,1809.237,expert6_eval,5009281024,2084
1790753636.9122257,3129175,1810.258,expert6_eval,5009281024,2084
1790753637.9379528,3129175,1811.284,expert6_eval,5009281024,2084
1790753638.9590018,3129175,1812.305,expert6_eval,5009281024,2084
1790753639.985131,3129175,1813.331,expert6_eval,5009281024,2084
1790753641.0067344,3129175,1814.352,expert6_eval,5009281024,2084
1790753642.0270905,3129175,1815.373,expert6_eval,5009281024,2084
1790753643.0468655,3129175,1816.392,expert6_eval,5009281024,2084
1790753644.067478,3129175,1817.413,expert6_eval,5009281024,2084
1790753645.0868683,3129175,1818.432,expert6_eval,5009281024,2084
1790753646.1145093,3129175,1819.46,expert6_eval,5009281024,2084
1790753647.1377666,3129175,1820.483,expert6_eval,5009281024,2084
1790753648.1563656,3129175,1821.502,expert6_eval,5009281024,2084
1790753649.1774035,3129175,1822.523,expert6_eval,5009281024,2084
1790753650.2441394,3129175,1823.59,expert6_eval,5009281024,2084
1790753651.26705,3129175,1824.613,expert6_eval,5009281024,2084
1790753652.2908943,3129175,1825.636,expert6_eval,5009281024,2084
1790753653.3128452,3129175,1826.658,expert6_eval,5009281024,2084
1790753654.3350375,3129175,1827.681,expert6_eval,5009281024,2084
1790753655.3601294,3129175,1828.706,expert6_eval,5009281024,2084
1790753656.4063535,3129175,1829.752,expert6_eval,5009281024,2084
1790753657.4309406,3129175,1830.776,expert6_eval,5009281024,2084
1790753658.454442,3129175,1831.8,expert6_eval,5009281024,2084
1790753659.476041,3129175,1832.822,expert6_eval,5009281024,2084
1790753660.496996,3129175,1833.843,expert6_eval,5009281024,2084
1790753661.5151234,3129175,1834.861,expert6_eval,5009281024,2084
1790753662.5365968,3129175,1835.882,expert6_eval,5009281024,2084
1790753663.556985,3129175,1836.903,expert6_eval,5009281024,2084
1790753664.5817451,3129175,1837.927,expert6_eval,5009281024,2084
1790753665.6057057,3129175,1838.951,expert6_eval,5009281024,2084
1790753666.6296682,3129175,1839.975,expert6_eval,5009281024,2084
1790753667.6524656,3129175,1840.998,expert6_eval,5009281024,2084
1790753668.6765263,3129175,1842.022,expert6_eval,5009281024,2084
1790753669.7008326,3129175,1843.046,expert6_eval,5009281024,2084
1790753670.7248566,3129175,1844.07,expert6_eval,5009281024,2084
1790753671.7512417,3129175,1845.097,expert6_eval,5009281024,2084
1790753672.7765713,3129175,1846.122,expert6_eval,5009281024,2084
1790753673.7999723,3129175,1847.146,expert6_eval,5009281024,2084
1790753674.8206556,3129175,1848.166,expert6_eval,5009281024,2084
1790753675.840935,3129175,1849.186,expert6_eval,5009281024,2084
1790753676.865786,3129175,1850.211,expert6_eval,5009281024,2084
1790753677.8924577,3129175,1851.238,expert6_eval,5009281024,2084
1790753678.9134028,3129175,1852.259,expert6_eval,5009281024,2084
1790753679.9385538,3129175,1853.284,expert6_eval,5009281024,2084
1790753680.9664402,3129175,1854.312,expert6_eval,5009281024,2084
1790753681.9888022,3129175,1855.334,expert6_eval,5009281024,2084
1790753683.009967,3129175,1856.356,expert6_eval,5009281024,2084
1790753684.0322459,3129175,1857.378,expert6_eval,5009281024,2084
1790753685.0560946,3129175,1858.402,expert6_eval,5009281024,2084
1790753686.0785174,3129175,1859.424,expert6_eval,5009281024,2084
1790753687.1020756,3129175,1860.448,expert6_eval,5009281024,2084
1790753688.1260986,3129175,1861.472,expert6_eval,5009281024,2084
1790753689.1484385,3129175,1862.494,expert6_eval,5009281024,2084
1790753690.171865,3129175,1863.517,expert6_eval,5009281024,2084
1790753691.1956925,3129175,1864.541,expert6_eval,5009281024,2084
1790753692.215438,3129175,1865.561,expert6_eval,5009281024,2084
1790753693.234584,3129175,1866.58,expert6_eval,5009281024,2084
1790753694.2570832,3129175,1867.603,expert6_eval,5009281024,2084
1790753695.2795799,3129175,1868.625,expert6_eval,5009281024,2084
1790753696.2999775,3129175,1869.646,expert6_eval,5009281024,2084
1790753697.3229246,3129175,1870.668,expert6_eval,5009281024,2084
1790753698.342811,3129175,1871.688,expert6_eval,5009281024,2084
1790753699.3656466,3129175,1872.711,expert6_eval,5009281024,2084
1790753700.3867564,3129175,1873.732,expert6_eval,5009281024,2084
1790753701.4103746,3129175,1874.756,expert6_eval,5009281024,2084
1790753702.4313731,3129175,1875.777,expert6_eval,5009281024,2084
1790753703.4574764,3129175,1876.803,expert6_eval,5009281024,2084
1790753704.476441,3129175,1877.822,expert6_eval,5009281024,2084
1790753705.4998083,3129175,1878.845,expert6_eval,5009281024,2084
1790753706.5237603,3129175,1879.869,expert6_eval,5009281024,2084
1790753707.5438907,3129175,1880.889,expert6_eval,5009281024,2084
1790753708.5682933,3129175,1881.914,expert6_eval,5009281024,2084
1790753709.587565,3129175,1882.933,expert6_eval,5009281024,2084
1790753710.606921,3129175,1883.952,expert6_eval,5009281024,2084
1790753711.6291757,3129175,1884.975,expert6_eval,5009281024,2084
1790753712.6507392,3129175,1885.996,expert6_eval,5009281024,2084
1790753713.6752203,3129175,1887.021,expert6_eval,5009281024,2084
1790753714.7009854,3129175,1888.047,expert6_eval,5009281024,2084
1790753715.7258782,3129175,1889.071,expert6_eval,5009281024,2084
1790753716.7491698,3129175,1890.095,expert6_eval,5009281024,2084
1790753717.7743547,3129175,1891.12,expert6_eval,5009281024,2084
1790753718.7989693,3129175,1892.145,expert6_eval,5009281024,2084
1790753719.8218534,3129175,1893.167,expert6_eval,5009281024,2084
1790753720.8463492,3129175,1894.192,expert6_eval,5009281024,2084
1790753721.8699892,3129175,1895.216,expert6_eval,5009281024,2084
1790753722.8950467,3129175,1896.241,expert6_eval,5009281024,2084
1790753723.91879,3129175,1897.264,expert6_eval,5009281024,2084
1790753724.9419312,3129175,1898.287,expert6_eval,5009281024,2084
1790753725.9619613,3129175,1899.308,expert6_eval,5009281024,2084
1790753726.981082,3129175,1900.327,expert6_eval,5009281024,2084
1790753728.0021966,3129175,1901.348,expert6_eval,5009281024,2084
1790753729.0242007,3129175,1902.37,expert6_eval,5009281024,2084
1790753730.0486045,3129175,1903.394,expert6_eval,5009281024,2084
1790753731.0732372,3129175,1904.419,expert6_eval,5009281024,2084
1790753732.0986493,3129175,1905.444,expert6_eval,5009281024,2084
1790753733.1199527,3129175,1906.466,expert6_eval,5009281024,2084
1790753734.1415226,3129175,1907.487,expert6_eval,5009281024,2084
1790753735.165696,3129175,1908.511,expert6_eval,5009281024,2084
1790753736.194433,3129175,1909.54,expert6_eval,5009281024,2084
1790753737.2211494,3129175,1910.567,expert6_eval,5009281024,2084
1790753738.2451255,3129175,1911.591,expert6_eval,5009281024,2084
1790753739.269316,3129175,1912.615,expert6_eval,5009281024,2084
1790753740.294087,3129175,1913.64,expert6_eval,5009281024,2084
1790753741.3155422,3129175,1914.661,expert6_eval,5009281024,2084
1790753742.3394506,3129175,1915.685,expert6_eval,5009281024,2084
1790753743.3641639,3129175,1916.71,expert6_eval,5009281024,2084
1790753744.386181,3129175,1917.732,expert6_eval,5009281024,2084
1790753745.408256,3129175,1918.754,expert6_eval,5009281024,2084
1790753746.4540975,3129175,1919.8,expert6_eval,5009281024,2084
1790753747.4771082,3129175,1920.823,expert6_eval,5009281024,2084
1790753748.4980412,3129175,1921.844,expert6_eval,5009281024,2084
1790753749.5222418,3129175,1922.868,expert6_eval,5009281024,2084
1790753750.5483165,3129175,1923.894,expert6_eval,5009281024,2084
1790753751.5707068,3129175,1924.916,expert6_eval,5009281024,2084
1790753752.594225,3129175,1925.94,expert6_eval,5009281024,2084
1790753753.6184492,3129175,1926.964,expert6_eval,5009281024,2084
1790753754.6439717,3129175,1927.99,expert6_eval,5009281024,2084
1790753755.6651998,3129175,1929.011,expert6_eval,5009281024,2084
1790753756.6859221,3129175,1930.031,expert6_eval,5009281024,2084
1790753757.7122767,3129175,1931.058,expert6_eval,5009281024,2084
1790753758.7348304,3129175,1932.08,expert6_eval,5009281024,2084
1790753759.7602198,3129175,1933.106,expert6_eval,5009281024,2084
1790753760.7857268,3129175,1934.131,expert6_eval,5009281024,2084
1790753761.8110213,3129175,1935.157,expert6_eval,5009281024,2084
1790753762.831538,3129175,1936.177,expert6_eval,5009281024,2084
1790753763.8530054,3129175,1937.199,expert6_eval,5009281024,2084
1790753764.874053,3129175,1938.22,expert6_eval,5009281024,2084
1790753765.8969553,3129175,1939.243,expert6_eval,5009281024,2084
1790753766.9192958,3129175,1940.265,expert6_eval,5009281024,2084
1790753767.938126,3129175,1941.284,expert6_eval,5009281024,2084
1790753768.9603171,3129175,1942.306,expert6_eval,5009281024,2084
1790753769.9845054,3129175,1943.33,expert6_eval,5009281024,2084
1790753771.0044487,3129175,1944.35,expert6_eval,5009281024,2084
1790753772.0281537,3129175,1945.374,expert6_eval,5009281024,2084
1790753773.0498624,3129175,1946.395,expert6_eval,5009281024,2084
1790753774.0690124,3129175,1947.415,expert6_eval,5009281024,2084
1790753775.0891917,3129175,1948.435,expert6_eval,5009281024,2084
1790753776.1094599,3129175,1949.455,expert6_eval,5009281024,2084
1790753777.1296241,3129175,1950.475,expert6_eval,5009281024,2084
1790753778.1507218,3129175,1951.496,expert6_eval,5009281024,2084
1790753779.1701684,3129175,1952.516,expert6_eval,5009281024,2084
1790753780.1910808,3129175,1953.537,expert6_eval,5009281024,2084
1790753781.212359,3129175,1954.558,expert6_eval,5009281024,2084
1790753782.232424,3129175,1955.578,expert6_eval,5009281024,2084
1790753783.2515547,3129175,1956.597,expert6_eval,5009281024,2084
1790753784.2702625,3129175,1957.616,expert6_eval,5009281024,2084
1790753785.2912748,3129175,1958.637,expert6_eval,5009281024,2084
1790753786.3124363,3129175,1959.658,expert6_eval,5009281024,2084
1790753787.334817,3129175,1960.68,expert6_eval,5009281024,2084
1790753788.3533108,3129175,1961.699,expert6_eval,5009281024,2084
1790753789.3723168,3129175,1962.718,expert6_eval,5009281024,2084
1790753790.3914058,3129175,1963.737,expert6_eval,5009281024,2084
1790753791.4122136,3129175,1964.758,expert6_eval,5009281024,2084
1790753792.4355147,3129175,1965.781,expert7_fit,4449464320,594
1790753793.4630558,3129175,1966.809,expert7_fit,4449464320,776
1790753794.4851844,3129175,1967.831,expert7_fit,4449464320,4264
1790753795.5143757,3129175,1968.86,expert7_fit,4449464320,4270
1790753796.5410526,3129175,1969.887,expert7_fit,4449464320,4270
1790753797.566553,3129175,1970.912,expert7_fit,4449464320,4270
1790753798.5897582,3129175,1971.935,expert7_fit,4449464320,4270
1790753799.6094394,3129175,1972.955,expert7_fit,4449464320,4270
1790753800.6302445,3129175,1973.976,expert7_fit,4449464320,4270
1790753801.6539948,3129175,1975.0,expert7_fit,4449464320,4270
1790753802.6735091,3129175,1976.019,expert7_fit,4449464320,4270
1790753803.694968,3129175,1977.041,expert7_fit,4449464320,4270
1790753804.717082,3129175,1978.063,expert7_fit,4449464320,4270
1790753805.738567,3129175,1979.084,expert7_fit,4449464320,4270
1790753806.7572663,3129175,1980.103,expert7_fit,4449464320,4270
1790753807.7788098,3129175,1981.124,expert7_fit,4449464320,4330
1790753808.801439,3129175,1982.147,expert7_fit,4449464320,4370
1790753809.8210096,3129175,1983.167,expert7_fit,4449464320,4410
1790753810.8394835,3129175,1984.185,expert7_fit,4449464320,4470
1790753811.8595254,3129175,1985.205,expert7_fit,4449464320,4510
1790753812.8797834,3129175,1986.225,expert7_fit,4449464320,4570
1790753813.89889,3129175,1987.244,expert7_fit,4449464320,4610
1790753814.9201741,3129175,1988.266,expert7_fit,4449464320,4670
1790753815.9445279,3129175,1989.29,expert7_fit,4449464320,4710
1790753816.967008,3129175,1990.313,expert7_fit,4449464320,4710
1790753817.990019,3129175,1991.336,expert7_fit,4449464320,4710
1790753819.0156934,3129175,1992.361,expert7_fit,4449464320,4710
1790753820.0359623,3129175,1993.382,expert7_fit,4449464320,4710
1790753821.0573337,3129175,1994.403,expert7_fit,4449464320,4710
1790753822.084247,3129175,1995.43,expert7_fit,4652449792,4710
1790753823.1137974,3129175,1996.459,expert7_fit,4652449792,4710
1790753824.1344798,3129175,1997.48,expert7_fit,4652449792,4710
1790753825.1552207,3129175,1998.501,expert7_fit,4652449792,4710
1790753826.176718,3129175,1999.522,expert7_fit,4652449792,4710
1790753827.2010021,3129175,2000.547,expert7_fit,4652449792,4710
1790753828.220991,3129175,2001.567,expert7_fit,4652449792,4710
1790753829.243078,3129175,2002.589,expert7_fit,4652449792,4710
1790753830.2677758,3129175,2003.613,expert7_fit,4652449792,4710
1790753831.290971,3129175,2004.637,expert7_fit,4652449792,4710
1790753832.3120596,3129175,2005.658,expert7_fit,4652449792,4710
1790753833.3390448,3129175,2006.685,expert7_fit,4652449792,4710
1790753834.3648405,3129175,2007.71,expert7_fit,4652449792,4710
1790753835.3876743,3129175,2008.733,expert7_fit,4652449792,4710
1790753836.4119487,3129175,2009.757,expert7_fit,4652449792,4710
1790753837.4358299,3129175,2010.781,expert7_fit,4652449792,4710
1790753838.4601407,3129175,2011.806,expert7_fit,4652449792,4710
1790753839.4851775,3129175,2012.831,expert7_fit,4652449792,4710
1790753840.5114086,3129175,2013.857,expert7_fit,4652449792,4710
1790753841.5337453,3129175,2014.879,expert7_fit,4652449792,4710
1790753842.5545723,3129175,2015.9,expert7_fit,4652449792,4710
1790753843.5770564,3129175,2016.923,expert7_fit,4652449792,4710
1790753844.60375,3129175,2017.949,expert7_fit,4652449792,4710
1790753845.6249075,3129175,2018.97,expert7_fit,4652449792,4710
1790753846.6482182,3129175,2019.994,expert7_fit,4652449792,4710
1790753847.6696298,3129175,2021.015,expert7_fit,4652449792,4710
1790753848.6889422,3129175,2022.034,expert7_fit,4652449792,4710
1790753849.712694,3129175,2023.058,expert7_fit,5375447040,4710
1790753850.741429,3129175,2024.087,expert7_fit,5375447040,4710
1790753851.7688067,3129175,2025.114,expert7_fit,5375447040,4710
1790753852.7921977,3129175,2026.138,expert7_fit,5375447040,4710
1790753853.8172677,3129175,2027.163,expert7_fit,5375447040,4710
1790753854.8354933,3129175,2028.181,expert7_fit,5375447040,4710
1790753855.8544967,3129175,2029.2,expert7_fit,5375447040,4710
1790753856.8763244,3129175,2030.222,expert7_fit,5375447040,4710
1790753857.8994944,3129175,2031.245,expert7_fit,5375447040,4710
1790753858.9208941,3129175,2032.266,expert7_fit,5375447040,4710
1790753859.9418223,3129175,2033.287,expert7_fit,5375447040,4710
1790753860.9633982,3129175,2034.309,expert7_fit,5375447040,4710
1790753861.9824991,3129175,2035.328,expert7_fit,5375447040,4710
1790753863.00331,3129175,2036.349,expert7_fit,5375447040,4710
1790753864.0238364,3129175,2037.369,expert7_fit,5375447040,4710
1790753865.0477777,3129175,2038.393,expert7_fit,5375447040,4710
1790753866.0730143,3129175,2039.419,expert7_fit,5375447040,4710
1790753867.0944853,3129175,2040.44,expert7_fit,5375447040,4710
1790753868.1194472,3129175,2041.465,expert7_fit,5375447040,4710
1790753869.144723,3129175,2042.49,expert7_fit,5375447040,4710
1790753870.1690753,3129175,2043.515,expert7_fit,5375447040,4710
1790753871.1937766,3129175,2044.539,expert7_fit,5375447040,4710
1790753872.2185438,3129175,2045.564,expert7_fit,5375447040,4710
1790753873.244062,3129175,2046.59,expert7_fit,5375447040,4710
1790753874.2703428,3129175,2047.616,expert7_fit,5388132352,4710
1790753875.294764,3129175,2048.64,expert7_fit,5388132352,4710
1790753876.400581,3129175,2049.746,expert7_fit,6187376640,4710
1790753877.4272504,3129175,2050.773,expert7_fit,6187376640,4710
1790753878.4519358,3129175,2051.797,expert7_fit,6187376640,4710
1790753879.4723306,3129175,2052.818,expert7_fit,6187376640,4710
1790753880.4911373,3129175,2053.837,expert7_fit,6187376640,4710
1790753881.510002,3129175,2054.856,expert7_fit,6187376640,4710
1790753882.5312927,3129175,2055.877,expert7_fit,6187376640,4710
1790753883.5559525,3129175,2056.902,expert7_fit,6187376640,4710
1790753884.5767376,3129175,2057.922,expert7_fit,6187376640,4710
1790753885.5971286,3129175,2058.943,expert7_fit,6187376640,4710
1790753886.6166208,3129175,2059.962,expert7_fit,6187376640,4710
1790753887.636527,3129175,2060.982,expert7_fit,6187376640,4710
1790753888.6568604,3129175,2062.002,expert7_fit,6187376640,4710
1790753889.6815386,3129175,2063.027,expert7_fit,6187376640,4710
1790753890.705803,3129175,2064.051,expert7_fit,6187376640,4710
1790753891.724206,3129175,2065.07,expert7_fit,6187376640,4710
1790753892.7432148,3129175,2066.089,expert7_fit,6187376640,4710
1790753893.762424,3129175,2067.108,expert7_fit,6187376640,4710
1790753894.7820961,3129175,2068.128,expert7_fit,6187376640,4710
1790753895.802982,3129175,2069.149,expert7_fit,6187376640,4710
1790753896.8252282,3129175,2070.171,expert7_fit,6187376640,4710
1790753897.8471873,3129175,2071.193,expert7_fit,6187376640,4710
1790753898.8665798,3129175,2072.212,expert7_fit,6187376640,4710
1790753899.8866405,3129175,2073.232,expert7_fit,6187376640,4710
1790753900.907956,3129175,2074.254,expert7_fit,6187376640,4710
1790753901.9312143,3129175,2075.277,expert7_fit,6200066048,4710
1790753902.9533129,3129175,2076.299,expert7_fit,6200066048,4710
1790753904.0191433,3129175,2077.365,starting,8837292032,4804
1790753905.0399384,3129175,2078.385,starting,6999441408,4804
1790753906.0586507,3129175,2079.404,starting,6999441408,4804
1790753907.0781736,3129175,2080.424,starting,6999441408,4804
1790753908.09911,3129175,2081.445,starting,6999441408,4804
1790753909.1200356,3129175,2082.466,starting,6999441408,4804
1790753910.138828,3129175,2083.484,starting,6999441408,4804
1790753911.1579661,3129175,2084.504,starting,6999441408,4804
1790753912.1787088,3129175,2085.524,starting,6999441408,4804
1790753913.2015042,3129175,2086.547,starting,6999441408,4804
1790753914.226679,3129175,2087.572,starting,6999441408,4804
1790753915.2506034,3129175,2088.596,starting,6999441408,4804
1790753916.274392,3129175,2089.62,starting,6999441408,4804
1790753917.2995563,3129175,2090.645,starting,6999441408,4804
1790753918.324771,3129175,2091.67,starting,6999441408,4804
1790753919.3494158,3129175,2092.695,starting,6999441408,4804
1790753920.3719254,3129175,2093.717,starting,6999441408,4804
1790753921.3975067,3129175,2094.743,starting,6999441408,4804
1790753922.4195905,3129175,2095.765,starting,6999441408,4804
1790753923.444406,3129175,2096.79,starting,6999441408,4804
1790753924.466711,3129175,2097.812,starting,6999441408,4804
1790753925.4896562,3129175,2098.835,starting,6999441408,4804
1790753926.5136874,3129175,2099.859,starting,6999441408,4804
1790753927.5347924,3129175,2100.88,starting,6999441408,4804
1790753928.5568402,3129175,2101.902,starting,6999441408,4804
1790753929.57904,3129175,2102.925,starting,6999441408,4804
1790753930.6020691,3129175,2103.948,starting,6999441408,4804
1790753931.6273777,3129175,2104.973,starting,6999441408,4804
1790753932.6524985,3129175,2105.998,starting,6999441408,4804
1790753933.6735992,3129175,2107.019,starting,6999441408,4804
1790753934.6945662,3129175,2108.04,starting,6999441408,4804
1790753935.7163963,3129175,2109.062,starting,6999441408,4804
1790753936.7389286,3129175,2110.084,starting,6999441408,4804
1790753937.761884,3129175,2111.107,starting,6999441408,4804
1790753938.7824275,3129175,2112.128,starting,6999441408,4804
1790753939.8023176,3129175,2113.148,starting,6999441408,4804
1790753940.8240628,3129175,2114.17,starting,6999441408,4804
1790753941.8460329,3129175,2115.192,starting,6999441408,4804
1790753942.8713336,3129175,2116.217,starting,6999441408,4804
1790753943.8957028,3129175,2117.241,starting,6999441408,4804
1790753944.9177682,3129175,2118.263,starting,6999441408,4804
1790753945.941567,3129175,2119.287,starting,6999441408,4804
1790753946.9657898,3129175,2120.311,starting,6999441408,4804
1790753947.9884593,3129175,2121.334,starting,6999441408,4804
1790753949.0099185,3129175,2122.355,starting,6999441408,4804
1790753950.030366,3129175,2123.376,starting,6999441408,4804
1790753951.0528405,3129175,2124.398,starting,6999441408,4804
1790753952.0747173,3129175,2125.42,starting,6999441408,4804
1790753953.0993638,3129175,2126.445,starting,6999441408,4804
1790753954.121618,3129175,2127.467,starting,6999441408,4804
1790753955.146466,3129175,2128.492,starting,6999441408,4804
1790753956.1664257,3129175,2129.512,starting,6999441408,4804
1790753957.186375,3129175,2130.532,starting,6999441408,4804
1790753958.2061648,3129175,2131.552,starting,6999441408,4804
1790753959.224902,3129175,2132.57,starting,6999441408,4804
1790753960.2458148,3129175,2133.591,starting,6999441408,4804
1790753961.2705317,3129175,2134.616,starting,6999441408,4804
1790753962.2966945,3129175,2135.642,starting,6999441408,4804
1790753963.321142,3129175,2136.667,starting,6999441408,4804
1790753964.3441682,3129175,2137.69,starting,6999441408,4804
1790753965.366754,3129175,2138.712,starting,6999441408,4804
1790753966.3865304,3129175,2139.732,starting,6999441408,4804
1790753967.4116266,3129175,2140.757,starting,6999441408,4804
1790753968.434086,3129175,2141.78,starting,6999441408,4804
1790753969.4570596,3129175,2142.803,starting,6999441408,4804
1790753970.4794276,3129175,2143.825,starting,6999441408,4804
1790753971.5019097,3129175,2144.847,expert7_route,7101087744,4804
1790753972.523931,3129175,2145.869,expert7_route,7101087744,4804
1790753973.5460877,3129175,2146.892,expert7_route,7101087744,4804
1790753974.56745,3129175,2147.913,expert7_route,7101087744,4804
1790753975.5928643,3129175,2148.938,expert7_route,7101087744,4804
1790753976.621672,3129175,2149.967,expert7_route,7101087744,4804
1790753977.6427846,3129175,2150.988,expert7_route,7101087744,4804
1790753978.6666253,3129175,2152.012,expert7_route,7101087744,4804
1790753979.6917934,3129175,2153.037,expert7_route,7101087744,4824
1790753980.7163684,3129175,2154.062,expert7_route,7101087744,4824
1790753981.7376192,3129175,2155.083,expert7_route,7125204992,4824
1790753982.7595716,3129175,2156.105,expert7_route,7125204992,4824
1790753983.7809794,3129175,2157.127,expert7_route,7125204992,4824
1790753984.801477,3129175,2158.147,expert7_route,7125204992,4844
1790753985.8228645,3129175,2159.168,expert7_route,7125204992,4844
1790753986.841072,3129175,2160.187,expert7_route,7125204992,4844
1790753987.862139,3129175,2161.208,expert7_route,7125204992,4844
1790753988.883295,3129175,2162.229,expert7_route,7125204992,4844
1790753989.9076772,3129175,2163.253,expert7_route,7125204992,4864
1790753990.934425,3129175,2164.28,expert7_route,7125204992,4864
1790753991.9586987,3129175,2165.304,expert7_route,7125204992,4864
1790753992.9837544,3129175,2166.329,expert7_route,7125204992,4864
1790753994.008489,3129175,2167.354,expert7_route,7125204992,4864
1790753995.0309691,3129175,2168.377,expert7_route,7125204992,4864
1790753996.0504444,3129175,2169.396,expert7_route,7125204992,4864
1790753997.0712025,3129175,2170.417,expert7_route,7125204992,4864
1790753998.0955486,3129175,2171.441,expert7_route,7125204992,4864
1790753999.1206686,3129175,2172.466,expert7_route,7125204992,4884
1790754000.1462016,3129175,2173.492,expert7_route,7065698304,4884
1790754001.167702,3129175,2174.513,expert7_route,7065698304,4884
1790754002.1930845,3129175,2175.539,expert7_route,7065698304,4884
1790754003.214971,3129175,2176.561,expert7_route,7065698304,4884
1790754004.2365031,3129175,2177.582,expert7_route,7065698304,4884
1790754005.2618916,3129175,2178.607,expert7_route,7065698304,4884
1790754006.2838905,3129175,2179.629,expert7_route,7065698304,4884
1790754007.3078492,3129175,2180.653,expert7_route,7065698304,4884
1790754008.327444,3129175,2181.673,expert7_route,7065698304,4884
1790754009.3497193,3129175,2182.695,expert7_route,7101087744,4884
1790754010.3746197,3129175,2183.72,expert7_route,7101087744,4884
1790754011.4002733,3129175,2184.746,expert7_route,7101087744,4884
1790754012.425163,3129175,2185.771,expert7_route,7101087744,4884
1790754013.4506207,3129175,2186.796,expert7_route,7101087744,4884
1790754014.4804692,3129175,2187.826,expert7_route,7101087744,4884
1790754015.5026689,3129175,2188.848,expert7_route,7101087744,4884
1790754016.5234025,3129175,2189.869,expert7_route,7101087744,4884
1790754017.544324,3129175,2190.89,expert7_route,7101087744,4884
1790754018.5625498,3129175,2191.908,expert7_route,7101087744,4884
1790754019.5846276,3129175,2192.93,expert7_route,7125204992,4884
1790754020.6088767,3129175,2193.954,expert7_route,7125204992,4884
1790754021.635825,3129175,2194.981,expert7_route,7125204992,4884
1790754022.6606617,3129175,2196.006,expert7_route,7125204992,4884
1790754023.683209,3129175,2197.029,expert7_route,7125204992,4884
1790754024.706875,3129175,2198.052,expert7_route,7125204992,4884
1790754025.7283103,3129175,2199.074,expert7_route,7125204992,4884
1790754026.7475631,3129175,2200.093,expert7_route,7125204992,4884
1790754027.7675161,3129175,2201.113,expert7_route,7125204992,4884
1790754028.7890618,3129175,2202.135,expert7_route,7125204992,4884
1790754029.8137286,3129175,2203.159,expert7_route,7125204992,4884
1790754030.833958,3129175,2204.18,expert7_route,7125204992,4884
1790754031.854114,3129175,2205.2,expert7_route,7125204992,4884
1790754032.8764045,3129175,2206.222,expert7_route,7125204992,4884
1790754033.89655,3129175,2207.242,expert7_route,7125204992,4884
1790754034.9155645,3129175,2208.261,expert7_route,7125204992,4884
1790754035.9368145,3129175,2209.282,expert7_route,7125204992,4884
1790754036.9585938,3129175,2210.304,expert7_route,7125204992,4884
1790754037.986495,3129175,2211.332,expert7_route,7065698304,4884
1790754039.012081,3129175,2212.358,expert7_route,7065698304,4884
1790754040.0340483,3129175,2213.38,expert7_route,7065698304,4884
1790754041.0584872,3129175,2214.404,expert7_route,7065698304,4884
1790754042.0832732,3129175,2215.429,expert7_route,7065698304,4884
1790754043.1050613,3129175,2216.451,expert7_route,7065698304,4884
1790754044.1307542,3129175,2217.476,expert7_route,7065698304,4884
1790754045.1540778,3129175,2218.5,expert7_route,7065698304,4884
1790754046.173569,3129175,2219.519,expert7_route,7065698304,4884
1790754047.210276,3129175,2220.556,expert7_route,7065698304,4884
1790754048.2340643,3129175,2221.58,expert7_route,7065698304,4884
1790754049.2552974,3129175,2222.601,expert7_route,7065698304,4884
1790754050.2797008,3129175,2223.625,expert7_route,7065698304,4884
1790754051.3046055,3129175,2224.65,expert7_route,7065698304,4884
1790754052.3311164,3129175,2225.677,expert7_route,7065698304,4884
1790754053.3563292,3129175,2226.702,expert7_route,7065698304,4884
1790754054.3785977,3129175,2227.724,expert7_route,7065698304,4884
1790754055.4014068,3129175,2228.747,expert7_route,7065698304,4884
1790754056.4244373,3129175,2229.77,expert7_route,7065698304,4884
1790754057.4478595,3129175,2230.793,expert7_route,7065698304,4884
1790754058.4689064,3129175,2231.814,expert7_route,7065698304,4884
1790754059.494469,3129175,2232.84,expert7_route,7065698304,4884
1790754060.5211232,3129175,2233.867,expert7_cal,7055302656,4884
1790754061.543842,3129175,2234.889,expert7_cal,7055302656,4884
1790754062.565087,3129175,2235.911,expert7_cal,7055302656,4884
1790754063.5887265,3129175,2236.934,expert7_cal,7055302656,4884
1790754064.6136622,3129175,2237.959,expert7_cal,7055302656,4884
1790754065.638317,3129175,2238.984,expert7_cal,7055302656,4884
1790754066.6624937,3129175,2240.008,expert7_cal,7055302656,4884
1790754067.6843243,3129175,2241.03,expert7_cal,7078895616,4884
1790754068.7071257,3129175,2242.053,expert7_cal,7078895616,4884
1790754069.7263865,3129175,2243.072,expert7_cal,7078895616,4884
1790754070.7446647,3129175,2244.09,expert7_cal,7078895616,4884
1790754071.7654424,3129175,2245.111,expert7_cal,7078895616,4884
1790754072.786623,3129175,2246.132,expert7_cal,7078895616,4884
1790754073.807474,3129175,2247.153,expert7_cal,7078895616,4884
1790754074.8298469,3129175,2248.175,expert7_cal,7078895616,4884
1790754075.8531194,3129175,2249.199,expert7_cal,7078895616,4884
1790754076.8773563,3129175,2250.223,expert7_cal,7078895616,4884
1790754077.8986578,3129175,2251.244,expert7_cal,7078895616,4884
1790754078.9211202,3129175,2252.267,expert7_cal,7078895616,4884
1790754079.9444547,3129175,2253.29,expert7_cal,7078895616,4884
1790754080.9664006,3129175,2254.312,expert7_cal,7078895616,4884
1790754081.9859166,3129175,2255.331,expert7_cal,7078895616,4884
1790754083.0072806,3129175,2256.353,expert7_cal,7078895616,4884
1790754084.0312521,3129175,2257.377,expert7_cal,7078895616,4884
1790754085.0532115,3129175,2258.399,expert7_cal,7078895616,4884
1790754086.0770786,3129175,2259.423,expert7_cal,7078895616,4884
1790754087.0987842,3129175,2260.444,expert7_cal,7078895616,4884
1790754088.1217422,3129175,2261.467,expert7_cal,7078895616,4884
1790754089.1463268,3129175,2262.492,expert7_cal,7078895616,4884
1790754090.1857731,3129175,2263.531,expert7_cal,7078895616,4884
1790754091.2105467,3129175,2264.556,expert7_cal,7078895616,4884
1790754092.231974,3129175,2265.578,expert7_cal,7078895616,4884
1790754093.2565536,3129175,2266.602,expert7_cal,7078895616,4884
1790754094.2810495,3129175,2267.627,expert7_cal,7078895616,4884
1790754095.302682,3129175,2268.648,expert7_cal,7078895616,4884
1790754096.3264844,3129175,2269.672,expert7_cal,7078895616,4884
1790754097.352218,3129175,2270.698,expert7_cal,7078895616,4884
1790754098.3738708,3129175,2271.719,expert7_cal,7078895616,4884
1790754099.398439,3129175,2272.744,expert7_cal,7078895616,4884
1790754100.4208307,3129175,2273.766,expert7_cal,7078895616,4884
1790754101.4428394,3129175,2274.788,expert7_cal,7078895616,4884
1790754102.465841,3129175,2275.811,expert7_cal,7078895616,4884
1790754103.4874504,3129175,2276.833,expert7_cal,7078895616,4884
1790754104.5103838,3129175,2277.856,expert7_cal,7078895616,4884
1790754105.5295572,3129175,2278.875,expert7_cal,7078895616,4884
1790754106.5485578,3129175,2279.894,expert7_cal,7078895616,4884
1790754107.5707972,3129175,2280.916,expert7_cal,7078895616,4884
1790754108.5995996,3129175,2281.945,expert7_eval,8046592000,4884
1790754109.6243966,3129175,2282.97,expert7_eval,7586263040,4884
1790754110.6452715,3129175,2283.991,expert7_eval,7673143296,4884
1790754111.6670613,3129175,2285.013,expert7_eval,7673143296,4884
1790754112.688745,3129175,2286.034,expert7_eval,7673143296,4884
1790754113.7081332,3129175,2287.054,expert7_eval,7673143296,4884
1790754114.728795,3129175,2288.074,expert7_eval,7673143296,4884
1790754115.748784,3129175,2289.094,expert7_eval,7673143296,4884
1790754116.7711098,3129175,2290.117,expert7_eval,7673143296,4884
1790754117.7920308,3129175,2291.138,expert7_eval,7673143296,4884
1790754118.8163722,3129175,2292.162,expert7_eval,7673143296,4884
1790754119.8385594,3129175,2293.184,expert7_eval,7673143296,4884
1790754120.8632243,3129175,2294.209,expert7_eval,7696736256,4884
1790754121.8863666,3129175,2295.232,expert7_eval,7696736256,4884
1790754122.906006,3129175,2296.252,expert7_eval,7696736256,4884
1790754123.9275532,3129175,2297.273,expert7_eval,7696736256,4884
1790754124.9469163,3129175,2298.292,expert7_eval,7696736256,4884
1790754125.9685078,3129175,2299.314,expert7_eval,7696736256,4884
1790754126.9935184,3129175,2300.339,expert7_eval,7696736256,4884
1790754128.014609,3129175,2301.36,expert7_eval,7696736256,4884
1790754129.0395026,3129175,2302.385,expert7_eval,7696736256,4884
1790754130.0637078,3129175,2303.409,expert7_eval,7696736256,4884
1790754131.0875545,3129175,2304.433,expert7_eval,7696736256,4884
1790754132.1119075,3129175,2305.457,expert7_eval,7696736256,4884
1790754133.1334393,3129175,2306.479,expert7_eval,7696736256,4884
1790754134.1570854,3129175,2307.503,expert7_eval,7696736256,4884
1790754135.1758902,3129175,2308.521,expert7_eval,7696736256,4884
1790754136.1975555,3129175,2309.543,expert7_eval,7696736256,4884
1790754137.2193267,3129175,2310.565,expert7_eval,7696736256,4884
1790754138.2416525,3129175,2311.587,expert7_eval,7696736256,4884
1790754139.2638426,3129175,2312.609,expert7_eval,7696736256,4884
1790754140.2847235,3129175,2313.63,expert7_eval,7696736256,4884
1790754141.3039684,3129175,2314.65,expert7_eval,7696736256,4884
1790754142.325675,3129175,2315.671,expert7_eval,7696736256,4884
1790754143.3489635,3129175,2316.695,expert7_eval,7696736256,4884
1790754144.37152,3129175,2317.717,expert7_eval,7696736256,4884
1790754145.396084,3129175,2318.742,expert7_eval,7696736256,4884
1790754146.4196045,3129175,2319.765,expert7_eval,7696736256,4884
1790754147.444715,3129175,2320.79,expert7_eval,7696736256,4884
1790754148.4682596,3129175,2321.814,expert7_eval,7696736256,4884
1790754149.4891453,3129175,2322.835,expert7_eval,7696736256,4884
1790754150.515126,3129175,2323.861,expert7_eval,7696736256,4884
1790754151.539232,3129175,2324.885,expert7_eval,7696736256,4884
1790754152.5645475,3129175,2325.91,expert7_eval,7696736256,4884
1790754153.5885468,3129175,2326.934,expert7_eval,7696736256,4884
1790754154.6112955,3129175,2327.957,expert7_eval,7696736256,4884
1790754155.6333227,3129175,2328.979,expert7_eval,7696736256,4884
1790754156.6578445,3129175,2330.003,expert7_eval,7696736256,4884
1790754157.6773803,3129175,2331.023,expert7_eval,7696736256,4884
1790754158.6979604,3129175,2332.044,expert7_eval,7696736256,4884
1790754159.7221344,3129175,2333.068,expert7_eval,7696736256,4884
1790754160.7418392,3129175,2334.087,expert7_eval,7696736256,4884
1790754161.7619982,3129175,2335.108,expert7_eval,7696736256,4884
1790754162.786073,3129175,2336.132,expert7_eval,7696736256,4884
1790754163.807587,3129175,2337.153,expert7_eval,7696736256,4884
1790754164.8311663,3129175,2338.177,expert7_eval,7696736256,4884
1790754165.855162,3129175,2339.201,expert7_eval,7696736256,4884
1790754166.8798285,3129175,2340.225,expert7_eval,7696736256,4884
1790754167.9043455,3129175,2341.25,expert7_eval,7696736256,4884
1790754168.9293497,3129175,2342.275,expert7_eval,7696736256,4884
1790754169.9515362,3129175,2343.297,expert7_eval,7696736256,4884
1790754170.9762144,3129175,2344.322,expert7_eval,7696736256,4884
1790754172.0021164,3129175,2345.348,expert7_eval,7696736256,4884
1790754173.025672,3129175,2346.371,expert7_eval,7696736256,4884
1790754174.0506883,3129175,2347.396,expert7_eval,7696736256,4884
1790754175.0801475,3129175,2348.426,expert7_eval,7696736256,4884
1790754176.1027439,3129175,2349.448,expert7_eval,7696736256,4884
1790754177.1274776,3129175,2350.473,expert7_eval,7696736256,4884
1790754178.1512027,3129175,2351.497,expert7_eval,7696736256,4884
1790754179.1718638,3129175,2352.517,expert7_eval,7696736256,4884
1790754180.1968215,3129175,2353.542,expert7_eval,7696736256,4884
1790754181.2185607,3129175,2354.564,expert7_eval,7696736256,4884
1790754182.243637,3129175,2355.589,expert7_eval,7696736256,4884
1790754183.2674928,3129175,2356.613,expert7_eval,7696736256,4884
1790754184.2993734,3129175,2357.645,expert7_eval,7696736256,4884
1790754185.3206594,3129175,2358.666,expert7_eval,7696736256,4884
1790754186.3428109,3129175,2359.688,expert7_eval,7696736256,4884
1790754187.3634152,3129175,2360.709,expert7_eval,7696736256,4884
1790754188.3874962,3129175,2361.733,expert7_eval,7696736256,4884
1790754189.4089015,3129175,2362.754,expert7_eval,7696736256,4884
1790754190.4336312,3129175,2363.779,expert7_eval,7696736256,4884
1790754191.457689,3129175,2364.803,expert7_eval,7696736256,4884
1790754192.4778812,3129175,2365.823,expert7_eval,7696736256,4884
1790754193.497715,3129175,2366.843,expert7_eval,7696736256,4884
1790754194.5183222,3129175,2367.864,expert7_eval,7696736256,4884
1790754195.5373158,3129175,2368.883,expert7_eval,7696736256,4884
1790754196.5583723,3129175,2369.904,expert7_eval,7696736256,4884
1790754197.5797434,3129175,2370.925,expert7_eval,7696736256,4884
1790754198.6006875,3129175,2371.946,expert7_eval,7696736256,4884
1790754199.6250255,3129175,2372.971,expert7_eval,7696736256,4884
1790754200.6500149,3129175,2373.996,expert7_eval,7696736256,4884
1790754201.6710823,3129175,2375.017,expert7_eval,7696736256,4884
1790754202.696214,3129175,2376.042,expert7_eval,7696736256,4884
1790754203.719102,3129175,2377.065,expert7_eval,7696736256,4884
1790754204.7405362,3129175,2378.086,expert7_eval,7696736256,4884
1790754205.7625995,3129175,2379.108,expert7_eval,7696736256,4884
1790754206.786942,3129175,2380.132,expert7_eval,7696736256,4884
1790754207.8102183,3129175,2381.156,expert7_eval,7696736256,4884
1790754208.8333714,3129175,2382.179,expert7_eval,7696736256,4884
1790754209.8529108,3129175,2383.198,expert7_eval,7696736256,4884
1790754210.8744164,3129175,2384.22,expert7_eval,7696736256,4884
1790754211.896604,3129175,2385.242,expert7_eval,7696736256,4884
1790754212.9171042,3129175,2386.263,expert7_eval,7696736256,4884
1790754213.936658,3129175,2387.282,expert7_eval,7696736256,4884
1790754214.9574342,3129175,2388.303,expert7_eval,7696736256,4884
1790754215.9807637,3129175,2389.326,expert7_eval,7696736256,4884
1790754217.0047913,3129175,2390.35,expert7_eval,7696736256,4884
1790754218.029411,3129175,2391.375,expert7_eval,7696736256,4884
1790754219.0548475,3129175,2392.4,expert7_eval,7696736256,4884
1790754220.0786073,3129175,2393.424,expert7_eval,7696736256,4884
1790754221.0975366,3129175,2394.443,expert7_eval,7696736256,4884
1790754222.1181486,3129175,2395.464,expert7_eval,7696736256,4884
1790754223.1394296,3129175,2396.485,expert7_eval,7696736256,4884
1790754224.1634688,3129175,2397.509,expert7_eval,7696736256,4884
1790754225.1888,3129175,2398.534,expert7_eval,7696736256,4884
1790754226.2085629,3129175,2399.554,expert7_eval,7696736256,4884
1790754227.2309985,3129175,2400.577,expert7_eval,7696736256,4884
1790754228.2512264,3129175,2401.597,expert7_eval,7696736256,4884
1790754229.276375,3129175,2402.622,expert7_eval,7696736256,4884
1790754230.2957108,3129175,2403.641,expert7_eval,7696736256,4884
1790754231.3160045,3129175,2404.662,expert7_eval,7696736256,4884
1790754232.337049,3129175,2405.683,expert7_eval,7696736256,4884
1790754233.3617213,3129175,2406.707,expert7_eval,7696736256,4884
1790754234.3881664,3129175,2407.734,expert7_eval,7696736256,4884
1790754235.411083,3129175,2408.757,expert7_eval,7696736256,4884
1790754236.434243,3129175,2409.78,expert7_eval,7696736256,4884
1790754237.45923,3129175,2410.805,expert7_eval,7696736256,4884
1790754238.4848735,3129175,2411.83,expert7_eval,7696736256,4884
1790754239.5082476,3129175,2412.854,expert7_eval,7696736256,4884
1790754240.5321817,3129175,2413.878,expert7_eval,7696736256,4884
1790754241.5537863,3129175,2414.899,expert7_eval,7696736256,4884
1790754242.5775874,3129175,2415.923,expert7_eval,7696736256,4884
1790754243.6059005,3129175,2416.951,expert7_eval,7696736256,4884
1790754244.6285183,3129175,2417.974,expert7_eval,7696736256,4884
1790754245.6558766,3129175,2419.001,expert7_eval,7696736256,4884
1790754246.6805573,3129175,2420.026,expert7_eval,7696736256,4884
1790754247.7045922,3129175,2421.05,expert7_eval,7696736256,4884
1790754248.7290475,3129175,2422.075,expert7_eval,7696736256,4884
1790754249.7512581,3129175,2423.097,expert7_eval,7696736256,4884
1790754250.7729657,3129175,2424.119,expert7_eval,7696736256,4884
1790754251.7956035,3129175,2425.141,expert7_eval,7696736256,4884
1790754252.815265,3129175,2426.161,expert7_eval,7696736256,4884
1790754253.8365157,3129175,2427.182,expert7_eval,7696736256,4884
1790754254.8596087,3129175,2428.205,expert7_eval,7696736256,4884
1790754255.884694,3129175,2429.23,expert7_eval,7696736256,4884
1790754256.9095845,3129175,2430.255,expert7_eval,7696736256,4884
1790754257.9338353,3129175,2431.279,expert7_eval,7696736256,4884
1790754258.9545228,3129175,2432.3,expert7_eval,7696736256,4884
1790754259.9799805,3129175,2433.326,expert7_eval,7696736256,4884
1790754261.0050707,3129175,2434.351,expert7_eval,7696736256,4884
1790754262.0273302,3129175,2435.373,expert7_eval,7696736256,4884
1790754263.0542176,3129175,2436.4,expert7_eval,7696736256,4884
1790754264.0789688,3129175,2437.425,expert7_eval,7696736256,4884
1790754265.098011,3129175,2438.444,expert7_eval,7696736256,4884
1790754266.1184826,3129175,2439.464,expert7_eval,7696736256,4884
1790754267.1405284,3129175,2440.486,expert7_eval,7696736256,4884
1790754268.1600156,3129175,2441.506,expert7_eval,7696736256,4884
1790754269.1823487,3129175,2442.528,expert7_eval,7696736256,4884
1790754270.2069974,3129175,2443.553,expert7_eval,7696736256,4884
1790754271.2286205,3129175,2444.574,expert7_eval,7696736256,4884
1790754272.254289,3129175,2445.6,expert7_eval,7696736256,4884
1790754273.2782807,3129175,2446.624,expert7_eval,7696736256,4884
1790754274.3046622,3129175,2447.65,expert7_eval,7696736256,4884
1790754275.3297875,3129175,2448.675,expert7_eval,7696736256,4884
1790754276.353667,3129175,2449.699,expert7_eval,7696736256,4884
1790754277.3781075,3129175,2450.724,expert7_eval,7696736256,4884
1790754278.4022365,3129175,2451.748,expert7_eval,7696736256,4884
1790754279.4250035,3129175,2452.771,expert7_eval,7696736256,4884
1790754280.448545,3129175,2453.794,expert7_eval,7696736256,4884
1790754281.473512,3129175,2454.819,expert7_eval,7696736256,4884
1790754282.4970558,3129175,2455.843,expert7_eval,7696736256,4884
1790754283.5217128,3129175,2456.867,expert7_eval,7696736256,4884
1790754284.5470963,3129175,2457.893,expert7_eval,7696736256,4884
1790754285.5689006,3129175,2458.914,expert7_eval,7696736256,4884
1790754286.594445,3129175,2459.94,expert7_eval,7696736256,4884
1790754287.6198685,3129175,2460.965,expert7_eval,7696736256,4884
1790754288.6422591,3129175,2461.988,expert7_eval,7696736256,4884
1790754289.6648965,3129175,2463.01,expert7_eval,7696736256,4884
1790754290.6857686,3129175,2464.031,expert7_eval,7696736256,4884
1790754291.705658,3129175,2465.051,expert7_eval,7696736256,4884
1790754292.725195,3129175,2466.071,expert7_eval,7696736256,4884
1790754293.7452896,3129175,2467.091,expert7_eval,7696736256,4884
1790754294.7669272,3129175,2468.112,expert7_eval,7696736256,4884
1790754295.7897866,3129175,2469.135,expert7_eval,7696736256,4884
1790754296.8126597,3129175,2470.158,expert7_eval,7696736256,4884
1790754297.8357916,3129175,2471.181,expert7_eval,7696736256,4884
1790754298.8560035,3129175,2472.202,expert7_eval,7696736256,4884
1790754299.8768387,3129175,2473.222,expert7_eval,7696736256,4884
1790754300.8985124,3129175,2474.244,expert7_eval,7696736256,4884
1790754301.918146,3129175,2475.264,expert7_eval,7696736256,4884
1790754302.939893,3129175,2476.285,expert7_eval,7696736256,4884
1790754303.9636934,3129175,2477.309,expert7_eval,7696736256,4884
1790754304.9888065,3129175,2478.334,expert7_eval,7696736256,4884
1790754306.0144293,3129175,2479.36,expert7_eval,7696736256,4884
1790754307.0389972,3129175,2480.385,expert7_eval,7696736256,4884
1790754308.0610745,3129175,2481.407,expert7_eval,7696736256,4884
1790754309.0891867,3129175,2482.435,expert7_eval,7696736256,4884
1790754310.1099854,3129175,2483.456,expert7_eval,7696736256,4884
1790754311.134778,3129175,2484.48,expert7_eval,7696736256,4884
1790754312.157495,3129175,2485.503,expert7_eval,7696736256,4884
1790754313.1836095,3129175,2486.529,expert7_eval,7696736256,4884
1790754314.203228,3129175,2487.549,expert7_eval,7696736256,4884
1790754315.2241225,3129175,2488.57,expert7_eval,7696736256,4884
1790754316.2558799,3129175,2489.601,expert7_eval,7696736256,4884
1790754317.2777126,3129175,2490.623,expert7_eval,7696736256,4884
1790754318.3027308,3129175,2491.648,expert7_eval,7696736256,4884
1790754319.325367,3129175,2492.671,expert7_eval,7696736256,4884
1790754320.3493965,3129175,2493.695,expert7_eval,7696736256,4884
1790754321.3709261,3129175,2494.716,expert7_eval,7696736256,4884
1790754322.3955426,3129175,2495.741,expert7_eval,7696736256,4884
1790754323.4203668,3129175,2496.766,expert7_eval,7696736256,4884
1790754324.448037,3129175,2497.794,expert7_eval,7696736256,4884
1790754325.4728525,3129175,2498.818,expert7_eval,7696736256,4884
1790754326.4942172,3129175,2499.84,expert7_eval,7696736256,4884
1790754327.5203123,3129175,2500.866,expert7_eval,7696736256,4884
1790754328.5448287,3129175,2501.89,expert7_eval,7696736256,4884
1790754329.5673451,3129175,2502.913,expert7_eval,7696736256,4884
1790754330.5908127,3129175,2503.936,expert7_eval,7696736256,4884
1790754331.6105525,3129175,2504.956,expert7_eval,7696736256,4884
1790754332.632735,3129175,2505.978,expert7_eval,7696736256,4884
1790754333.652718,3129175,2506.998,expert7_eval,7696736256,4884
1790754334.6750011,3129175,2508.021,expert7_eval,7696736256,4884
1790754335.6973457,3129175,2509.043,expert7_eval,7696736256,4884
1790754336.7218866,3129175,2510.067,expert7_eval,7696736256,4884
1790754337.7444992,3129175,2511.09,expert7_eval,7696736256,4884
1790754338.7693079,3129175,2512.115,expert7_eval,7696736256,4884
1790754339.7918355,3129175,2513.137,expert7_eval,7696736256,4884
1790754340.8121443,3129175,2514.158,expert7_eval,7696736256,4884
1790754341.833024,3129175,2515.179,expert7_eval,7696736256,4884
1790754342.8543134,3129175,2516.2,expert7_eval,7696736256,4884
1790754343.876767,3129175,2517.222,expert7_eval,7696736256,4884
1790754344.89887,3129175,2518.244,expert7_eval,7696736256,4884
1790754345.9230053,3129175,2519.269,expert7_eval,7696736256,4884
1790754346.948367,3129175,2520.294,expert7_eval,7696736256,4884
1790754347.971164,3129175,2521.317,expert7_eval,7696736256,4884
1790754349.0240293,3129175,2522.37,expert7_eval,7696736256,4884
1790754350.048606,3129175,2523.394,expert7_eval,7696736256,4884
1790754351.0730145,3129175,2524.419,expert7_eval,7696736256,4884
1790754352.0987892,3129175,2525.444,expert7_eval,7696736256,4884
1790754353.1236715,3129175,2526.469,expert7_eval,7696736256,4884
1790754354.1472886,3129175,2527.493,expert7_eval,7696736256,4884
1790754355.1688583,3129175,2528.514,expert7_eval,7696736256,4884
1790754356.1917455,3129175,2529.537,expert7_eval,7696736256,4884
1790754357.2149568,3129175,2530.561,expert7_eval,7696736256,4884
1790754358.236641,3129175,2531.582,expert7_eval,7696736256,4884
1790754359.290896,3129175,2532.636,expert7_eval,7696736256,4884
1790754360.3109598,3129175,2533.657,expert7_eval,7696736256,4884
1790754361.332277,3129175,2534.678,expert7_eval,7696736256,4884
1790754362.3548992,3129175,2535.7,expert7_eval,7696736256,4884
1790754363.377921,3129175,2536.723,expert7_eval,7696736256,4884
1790754364.3979495,3129175,2537.744,expert7_eval,7696736256,4884
1790754365.42099,3129175,2538.767,expert7_eval,7696736256,4884
1790754366.4419024,3129175,2539.787,expert7_eval,7696736256,4884
1790754367.4631798,3129175,2540.809,expert7_eval,7696736256,4884
1790754368.484888,3129175,2541.83,expert7_eval,7696736256,4884
1790754369.509801,3129175,2542.855,expert7_eval,7696736256,4884
1790754370.5352883,3129175,2543.881,expert7_eval,7696736256,4884
1790754371.559535,3129175,2544.905,expert7_eval,7696736256,4884
1790754372.58407,3129175,2545.93,expert7_eval,7696736256,4884
1790754373.6095362,3129175,2546.955,expert7_eval,7696736256,4884
1790754374.636586,3129175,2547.982,expert7_eval,7696736256,4884
1790754375.6579232,3129175,2549.003,expert7_eval,7696736256,4884
1790754376.6799548,3129175,2550.026,expert7_eval,7696736256,4884
1790754377.702845,3129175,2551.048,expert7_eval,7696736256,4884
1790754378.7272,3129175,2552.073,expert7_eval,7696736256,4884
1790754379.753071,3129175,2553.099,expert7_eval,7696736256,4884
1790754380.775627,3129175,2554.121,expert7_eval,7696736256,4884
1790754381.799231,3129175,2555.145,expert7_eval,7696736256,4884
1790754382.8204842,3129175,2556.166,expert7_eval,7696736256,4884
1790754383.842937,3129175,2557.188,expert7_eval,7696736256,4884
1790754384.8636785,3129175,2558.209,expert7_eval,7696736256,4884
1790754385.8858483,3129175,2559.231,expert7_eval,7696736256,4884
1790754386.911524,3129175,2560.257,expert7_eval,7696736256,4884
1790754387.9358275,3129175,2561.281,expert7_eval,7696736256,4884
1790754388.9577599,3129175,2562.303,expert7_eval,7696736256,4884
1790754389.980876,3129175,2563.326,expert7_eval,7696736256,4884
1790754391.0013447,3129175,2564.347,expert7_eval,7696736256,4884
1790754392.0224016,3129175,2565.368,expert7_eval,7696736256,4884
1790754393.0459735,3129175,2566.392,expert7_eval,7696736256,4884
1790754394.06757,3129175,2567.413,expert7_eval,7696736256,4884
1790754395.0930579,3129175,2568.439,expert7_eval,7696736256,4884
1790754396.115197,3129175,2569.461,expert7_eval,7696736256,4884
1790754397.13697,3129175,2570.483,expert7_eval,7696736256,4884
1790754398.1582766,3129175,2571.504,expert7_eval,7696736256,4884
1790754399.2005522,3129175,2572.546,expert7_eval,7696736256,4884
1790754400.220043,3129175,2573.566,expert7_eval,7696736256,4884
1790754401.240439,3129175,2574.586,expert7_eval,7696736256,4884
1790754402.261872,3129175,2575.607,expert7_eval,7696736256,4884
1790754403.2848306,3129175,2576.63,expert7_eval,7696736256,4884
1790754404.3070061,3129175,2577.653,expert7_eval,7696736256,4884
1790754405.331916,3129175,2578.677,expert7_eval,7696736256,4884
1790754406.355101,3129175,2579.701,expert7_eval,7696736256,4884
1790754407.3739913,3129175,2580.72,expert7_eval,7696736256,4884
1790754408.40238,3129175,2581.748,expert7_eval,7696736256,4884
1790754409.4240108,3129175,2582.77,expert7_eval,7696736256,4884
1790754410.4482045,3129175,2583.794,expert7_eval,7696736256,4884
1790754411.4724445,3129175,2584.818,expert7_eval,7696736256,4884
1790754412.4915235,3129175,2585.837,expert7_eval,7696736256,4884
1790754413.5115633,3129175,2586.857,expert7_eval,7696736256,4884
1790754414.5325696,3129175,2587.878,expert7_eval,7696736256,4884
1790754415.5525813,3129175,2588.898,expert7_eval,7696736256,4884
1790754416.5717397,3129175,2589.917,expert7_eval,7696736256,4884
1790754417.5942614,3129175,2590.94,expert7_eval,7696736256,4884
1790754418.613399,3129175,2591.959,expert7_eval,7696736256,4884
1790754419.6323802,3129175,2592.978,expert7_eval,7696736256,4884
1790754420.6530373,3129175,2593.999,expert7_eval,7696736256,4884
1790754421.6761537,3129175,2595.022,expert7_eval,7696736256,4884
1790754422.701147,3129175,2596.047,expert7_eval,7696736256,4884
1790754423.72603,3129175,2597.072,expert7_eval,7696736256,4884
1790754424.7514756,3129175,2598.097,expert7_eval,7696736256,4884
1790754425.7727032,3129175,2599.118,expert7_eval,7696736256,4884
1790754426.795989,3129175,2600.142,expert7_eval,7696736256,4884
1790754427.8158727,3129175,2601.161,expert7_eval,7696736256,4884
1790754428.8362803,3129175,2602.182,expert7_eval,7696736256,4884
1790754429.8568084,3129175,2603.202,expert7_eval,7696736256,4884
1790754430.8775396,3129175,2604.223,expert7_eval,7696736256,4884
1790754431.899251,3129175,2605.245,expert7_eval,7696736256,4884
1790754432.9190419,3129175,2606.265,expert7_eval,7696736256,4884
1790754433.9381125,3129175,2607.284,expert7_eval,7696736256,4884
1790754434.9580474,3129175,2608.304,expert7_eval,7696736256,4884
1790754435.9772913,3129175,2609.323,expert7_eval,7696736256,4884
1790754436.9984303,3129175,2610.344,expert7_eval,7696736256,4884
1790754438.0204906,3129175,2611.366,expert7_eval,7696736256,4884
1790754439.0413952,3129175,2612.387,expert7_eval,7696736256,4884
1790754440.0627477,3129175,2613.408,expert7_eval,7696736256,4884
1790754441.0849648,3129175,2614.431,expert7_eval,7696736256,4884
1790754442.1073372,3129175,2615.453,expert7_eval,7696736256,4884
1790754443.1287334,3129175,2616.474,expert7_eval,7696736256,4884
1790754444.1514072,3129175,2617.497,expert7_eval,7696736256,4884
1790754445.1761405,3129175,2618.522,expert7_eval,7696736256,4884
1790754446.1971738,3129175,2619.543,expert7_eval,7696736256,4884
1790754447.2180808,3129175,2620.564,expert7_eval,7696736256,4884
1790754448.2425854,3129175,2621.588,expert7_eval,7696736256,4884
1790754449.2647092,3129175,2622.61,expert7_eval,7696736256,4884
1790754450.285499,3129175,2623.631,expert7_eval,7696736256,4884
1790754451.3062942,3129175,2624.652,expert7_eval,7696736256,4884
1790754452.326345,3129175,2625.672,expert7_eval,7696736256,4884
1790754453.3471377,3129175,2626.693,expert7_eval,7696736256,4884
1790754454.3702118,3129175,2627.716,expert7_eval,7696736256,4884
1790754455.3940165,3129175,2628.74,expert7_eval,7696736256,4884
1790754456.4150164,3129175,2629.761,expert7_eval,7696736256,4884
1790754457.4403236,3129175,2630.786,expert7_eval,7696736256,4884
1790754458.4675508,3129175,2631.813,expert7_eval,7696736256,4884
1790754459.4901905,3129175,2632.836,expert7_eval,7696736256,4884
1790754460.5139573,3129175,2633.86,expert7_eval,7696736256,4884
1790754461.537811,3129175,2634.883,expert7_eval,7696736256,4884
1790754462.5573502,3129175,2635.903,expert7_eval,7696736256,4884
1790754463.578529,3129175,2636.924,expert7_eval,7696736256,4884
1790754464.6020286,3129175,2637.948,expert7_eval,7696736256,4884
1790754465.623217,3129175,2638.969,expert7_eval,7696736256,4884
1790754466.6434507,3129175,2639.989,expert7_eval,7696736256,4884
1790754467.662962,3129175,2641.009,expert7_eval,7696736256,4884
1790754468.6856844,3129175,2642.031,expert7_eval,7696736256,4884
1790754469.706855,3129175,2643.052,expert7_eval,7696736256,4884
1790754470.7309806,3129175,2644.077,expert7_eval,7696736256,4884
1790754471.7530804,3129175,2645.099,expert7_eval,7696736256,4884
1790754472.7771697,3129175,2646.123,expert7_eval,7696736256,4884
1790754473.8018491,3129175,2647.147,expert7_eval,7696736256,4884
1790754474.8223925,3129175,2648.168,expert7_eval,7696736256,4884
1790754475.8438134,3129175,2649.189,expert7_eval,7696736256,4884
1790754476.8628962,3129175,2650.208,expert7_eval,7696736256,4884
1790754477.8830147,3129175,2651.229,expert7_eval,7696736256,4884
1790754478.9028974,3129175,2652.248,expert7_eval,7696736256,4884
1790754479.9243033,3129175,2653.27,expert7_eval,7696736256,4884
1790754480.9480457,3129175,2654.294,expert7_eval,7696736256,4884
1790754481.9667504,3129175,2655.312,expert7_eval,7696736256,4884
1790754482.990037,3129175,2656.336,expert7_eval,7696736256,4884
1790754484.0121825,3129175,2657.358,expert7_eval,7696736256,4884
1790754485.034541,3129175,2658.38,expert7_eval,7696736256,4884
1790754486.0591526,3129175,2659.405,expert7_eval,7696736256,4884
1790754487.0829632,3129175,2660.429,expert7_eval,7696736256,4884
1790754488.1054275,3129175,2661.451,expert7_eval,7696736256,4884
1790754489.1263297,3129175,2662.472,expert7_eval,7696736256,4884
1790754490.1463153,3129175,2663.492,expert7_eval,7696736256,4884
1790754491.1677778,3129175,2664.513,expert7_eval,7696736256,4884
1790754492.189055,3129175,2665.535,expert7_eval,7696736256,4884
1790754493.2089593,3129175,2666.555,expert7_eval,7696736256,4884
1790754494.2289941,3129175,2667.575,expert7_eval,7696736256,4884
1790754495.2498412,3129175,2668.595,expert7_eval,7696736256,4884
1790754496.2719724,3129175,2669.618,expert7_eval,7696736256,4884
1790754497.2959564,3129175,2670.642,expert7_eval,7696736256,4884
1790754498.320608,3129175,2671.666,expert7_eval,7696736256,4884
1790754499.3438942,3129175,2672.689,expert7_eval,7696736256,4884
1790754500.3693871,3129175,2673.715,expert7_eval,7696736256,4884
1790754501.3936749,3129175,2674.739,expert7_eval,7696736256,4884
1790754502.416798,3129175,2675.762,expert7_eval,7696736256,4884
1790754503.4370806,3129175,2676.783,expert7_eval,7696736256,4884
1790754504.4576516,3129175,2677.803,expert7_eval,7696736256,4884
1790754505.4822857,3129175,2678.828,expert7_eval,7696736256,4884
1790754506.5064921,3129175,2679.852,expert7_eval,7696736256,4884
1790754507.526252,3129175,2680.872,expert7_eval,7696736256,4884
1790754508.5446436,3129175,2681.89,expert7_eval,7696736256,4884
1790754509.56342,3129175,2682.909,expert7_eval,7696736256,4884
1790754510.5846722,3129175,2683.93,expert7_eval,7696736256,4884
1790754511.6063354,3129175,2684.952,expert7_eval,7696736256,4884
1790754512.6275244,3129175,2685.973,expert7_eval,7696736256,4884
1790754513.6526732,3129175,2686.998,expert7_eval,7696736256,4884
1790754514.6748369,3129175,2688.02,expert7_eval,7696736256,4884
1790754515.6983502,3129175,2689.044,expert7_eval,7696736256,4884
1790754516.7216907,3129175,2690.067,expert7_eval,7696736256,4884
1790754517.7445507,3129175,2691.09,expert7_eval,7696736256,4884
1790754518.7657177,3129175,2692.111,expert7_eval,7696736256,4884
1790754519.7880573,3129175,2693.134,expert7_eval,7696736256,4884
1790754520.8127131,3129175,2694.158,expert7_eval,7696736256,4884
1790754521.834198,3129175,2695.18,expert7_eval,7696736256,4884
1790754522.8593044,3129175,2696.205,expert7_eval,7696736256,4884
1790754523.8835251,3129175,2697.229,expert7_eval,7696736256,4884
1790754524.9038448,3129175,2698.249,expert7_eval,7696736256,4884
1790754525.9243486,3129175,2699.27,expert7_eval,7696736256,4884
1790754526.944693,3129175,2700.29,expert7_eval,7696736256,4884
1790754527.9649463,3129175,2701.31,expert7_eval,7696736256,4884
1790754528.9863288,3129175,2702.332,expert7_eval,7696736256,4884
1790754530.0075626,3129175,2703.353,expert7_eval,7696736256,4884
1790754531.0326393,3129175,2704.378,expert7_eval,7696736256,4884
1790754532.0572155,3129175,2705.403,expert7_eval,7696736256,4884
1790754533.0785851,3129175,2706.424,expert7_eval,7696736256,4884
1790754534.1015637,3129175,2707.447,expert7_eval,7696736256,4884
1790754535.1262789,3129175,2708.472,expert7_eval,7696736256,4884
1790754536.1501434,3129175,2709.496,expert7_eval,7696736256,4884
1790754537.1734555,3129175,2710.519,expert7_eval,7696736256,4884
1790754538.1938035,3129175,2711.539,expert7_eval,7696736256,4884
1790754539.2184763,3129175,2712.564,expert7_eval,7696736256,4884
1790754540.2416065,3129175,2713.587,expert7_eval,7696736256,4884
1790754541.263632,3129175,2714.609,expert7_eval,7696736256,4884
1790754542.2871938,3129175,2715.633,expert7_eval,7696736256,4884
1790754543.3081882,3129175,2716.654,expert7_eval,7696736256,4884
1790754544.3304663,3129175,2717.676,expert7_eval,7696736256,4884
1790754545.3500242,3129175,2718.696,expert7_eval,7696736256,4884
1790754546.3711977,3129175,2719.717,expert7_eval,7696736256,4884
1790754547.3924856,3129175,2720.738,expert7_eval,7696736256,4884
1790754548.417094,3129175,2721.763,expert7_eval,7696736256,4884
1790754549.437783,3129175,2722.783,expert7_eval,7696736256,4884
1790754550.4627304,3129175,2723.808,expert7_eval,7696736256,4884
1790754551.4834983,3129175,2724.829,expert7_eval,7696736256,4884
1790754552.50574,3129175,2725.851,expert7_eval,7696736256,4884
1790754553.5249684,3129175,2726.871,expert7_eval,7696736256,4884
1790754554.546414,3129175,2727.892,expert7_eval,7696736256,4884
1790754555.568175,3129175,2728.914,expert7_eval,7696736256,4884
1790754556.5914016,3129175,2729.937,expert7_eval,7696736256,4884
1790754557.6131284,3129175,2730.959,expert7_eval,7696736256,4884
1790754558.6344664,3129175,2731.98,expert7_eval,7696736256,4884
1790754559.6603115,3129175,2733.006,expert7_eval,7696736256,4884
1790754560.6858673,3129175,2734.031,expert7_eval,7696736256,4884
1790754561.7417014,3129175,2735.087,expert7_eval,7696736256,4884
1790754562.7663317,3129175,2736.112,expert7_eval,7696736256,4884
1790754563.7909532,3129175,2737.137,expert7_eval,7696736256,4884
1790754564.815645,3129175,2738.161,expert7_eval,7696736256,4884
1790754565.8341238,3129175,2739.18,expert7_eval,7696736256,4884
1790754566.858031,3129175,2740.204,expert7_eval,7696736256,4884
1790754567.8823664,3129175,2741.228,expert7_eval,7696736256,4884
1790754568.9063761,3129175,2742.252,expert7_eval,7696736256,4884
1790754569.930661,3129175,2743.276,expert7_eval,7696736256,4884
1790754570.9554548,3129175,2744.301,expert7_eval,7696736256,4884
1790754571.9879491,3129175,2745.334,expert7_eval,7696736256,4884
1790754573.011473,3129175,2746.357,expert7_eval,7696736256,4884
1790754574.0327985,3129175,2747.378,expert7_eval,7696736256,4884
1790754575.0544157,3129175,2748.4,expert7_eval,7696736256,4884
1790754576.0771482,3129175,2749.423,expert7_eval,7696736256,4884
1790754577.1025355,3129175,2750.448,expert7_eval,7696736256,4884
1790754578.1265635,3129175,2751.472,expert7_eval,7696736256,4884
1790754579.150766,3129175,2752.496,expert7_eval,7696736256,4884
1790754580.175508,3129175,2753.521,expert7_eval,7696736256,4884
1790754581.1982436,3129175,2754.544,expert7_eval,7696736256,4884
1790754582.2198708,3129175,2755.565,expert7_eval,7696736256,4884
1790754583.2384999,3129175,2756.584,expert7_eval,7696736256,4884
1790754584.2629678,3129175,2757.609,expert7_eval,7696736256,4884
1790754585.2857254,3129175,2758.631,expert7_eval,7696736256,4884
1790754586.3075817,3129175,2759.653,expert7_eval,7696736256,4884
1790754587.3326657,3129175,2760.678,expert7_eval,7696736256,4884
1790754588.3565652,3129175,2761.702,expert7_eval,7696736256,4884
1790754589.378724,3129175,2762.724,expert7_eval,7696736256,4884
1790754590.404703,3129175,2763.75,expert7_eval,7696736256,4884
1790754591.4274254,3129175,2764.773,expert7_eval,7696736256,4884
1790754592.4476287,3129175,2765.793,expert7_eval,7696736256,4884
1790754593.4695053,3129175,2766.815,expert7_eval,7696736256,4884
1790754594.494208,3129175,2767.84,expert7_eval,7696736256,4884
1790754595.5152538,3129175,2768.861,expert7_eval,7696736256,4884
1790754596.5340123,3129175,2769.88,expert7_eval,7696736256,4884
1790754597.5564435,3129175,2770.902,expert7_eval,7696736256,4884
1790754598.5792768,3129175,2771.925,expert7_eval,7696736256,4884
1790754599.603848,3129175,2772.949,expert7_eval,7696736256,4884
1790754600.6251645,3129175,2773.971,expert7_eval,7696736256,4884
1790754601.6495929,3129175,2774.995,expert7_eval,7696736256,4884
1790754602.6732628,3129175,2776.019,expert7_eval,7696736256,4884
1790754603.6951091,3129175,2777.041,expert7_eval,7696736256,4884
1790754604.7165778,3129175,2778.062,expert7_eval,7696736256,4884
1790754605.736353,3129175,2779.082,expert7_eval,7696736256,4884
1790754606.7557867,3129175,2780.101,expert7_eval,7696736256,4884
1790754607.778142,3129175,2781.124,expert7_eval,7696736256,4884
1790754608.8002188,3129175,2782.146,expert7_eval,7696736256,4884
1790754609.8217878,3129175,2783.167,expert7_eval,7696736256,4884
1790754610.8465505,3129175,2784.192,expert7_eval,7696736256,4884
1790754611.871529,3129175,2785.217,expert7_eval,7696736256,4884
1790754612.8968687,3129175,2786.242,expert7_eval,7696736256,4884
1790754613.9218435,3129175,2787.267,expert7_eval,7696736256,4884
1790754614.9440632,3129175,2788.29,expert7_eval,7696736256,4884
1790754615.9702234,3129175,2789.316,expert7_eval,7696736256,4884
1790754616.9924762,3129175,2790.338,expert7_eval,7696736256,4884
1790754618.0138035,3129175,2791.359,expert7_eval,7696736256,4884
1790754619.0346787,3129175,2792.38,expert7_eval,7696736256,4884
1790754620.0582638,3129175,2793.404,expert7_eval,7696736256,4884
1790754621.0781024,3129175,2794.424,expert7_eval,7696736256,4884
1790754622.0991304,3129175,2795.445,expert7_eval,7696736256,4884
1790754623.1231642,3129175,2796.469,expert7_eval,7696736256,4884
1790754624.1433656,3129175,2797.489,expert7_eval,7696736256,4884
1790754625.1670985,3129175,2798.513,expert7_eval,7696736256,4884
1790754626.192034,3129175,2799.538,expert7_eval,7696736256,4884
1790754627.2166677,3129175,2800.562,expert7_eval,7696736256,4884
1790754628.240333,3129175,2801.586,expert7_eval,7696736256,4884
1790754629.261486,3129175,2802.607,expert7_eval,7696736256,4884
1790754630.2865183,3129175,2803.632,expert7_eval,7696736256,4884
1790754631.3074327,3129175,2804.653,expert7_eval,7696736256,4884
1790754632.3316429,3129175,2805.677,expert7_eval,7696736256,4884
1790754633.355808,3129175,2806.701,expert7_eval,7696736256,4884
1790754634.3835244,3129175,2807.729,expert7_eval,7696736256,4884
1790754635.404785,3129175,2808.75,expert7_eval,7696736256,4884
1790754636.430568,3129175,2809.776,expert7_eval,7696736256,4884
1790754637.4541767,3129175,2810.8,expert7_eval,7696736256,4884
1790754638.4753907,3129175,2811.821,expert7_eval,7696736256,4884
1790754639.5020142,3129175,2812.848,expert7_eval,7696736256,4884
1790754640.5236506,3129175,2813.869,expert7_eval,7696736256,4884
1790754641.5450408,3129175,2814.891,expert7_eval,7696736256,4884
1790754642.563669,3129175,2815.909,expert7_eval,7696736256,4884
1790754643.5838003,3129175,2816.929,expert7_eval,7696736256,4884
1790754644.6044636,3129175,2817.95,expert7_eval,7696736256,4884
1790754645.6296508,3129175,2818.975,expert7_eval,7696736256,4884
1790754646.6526392,3129175,2819.998,expert7_eval,7696736256,4884
1790754647.6769278,3129175,2821.022,expert7_eval,7696736256,4884
1790754648.7023513,3129175,2822.048,expert7_eval,7696736256,4884
1790754649.7278974,3129175,2823.073,expert7_eval,7696736256,4884
1790754650.748672,3129175,2824.094,expert7_eval,7696736256,4884
1790754651.7723358,3129175,2825.118,expert7_eval,7696736256,4884
1790754652.7966876,3129175,2826.142,expert7_eval,7696736256,4884
1790754653.818538,3129175,2827.164,expert7_eval,7696736256,4884
1790754654.8420086,3129175,2828.188,expert7_eval,7696736256,4884
1790754655.865518,3129175,2829.211,expert7_eval,7696736256,4884
1790754656.8878155,3129175,2830.233,expert7_eval,7696736256,4884
1790754657.9087296,3129175,2831.254,expert7_eval,7696736256,4884
1790754658.9304802,3129175,2832.276,expert7_eval,7696736256,4884
1790754659.9517145,3129175,2833.297,expert7_eval,7696736256,4884
1790754660.9748032,3129175,2834.32,expert7_eval,7696736256,4884
1790754661.9937544,3129175,2835.339,expert7_eval,7696736256,4884
1790754663.016309,3129175,2836.362,expert7_eval,7696736256,4884
1790754664.0393035,3129175,2837.385,expert7_eval,7696736256,4884
1790754665.0597851,3129175,2838.405,expert7_eval,7696736256,4884
1790754666.0811293,3129175,2839.427,expert7_eval,7696736256,4884
1790754667.105882,3129175,2840.451,expert7_eval,7696736256,4884
1790754668.1305485,3129175,2841.476,expert7_eval,7696736256,4884
1790754669.154843,3129175,2842.5,expert7_eval,7696736256,4884
1790754670.1797953,3129175,2843.525,expert7_eval,7696736256,4884
1790754671.2050936,3129175,2844.551,expert7_eval,7696736256,4884
1790754672.232402,3129175,2845.578,expert7_eval,7696736256,4884
1790754673.2575047,3129175,2846.603,expert7_eval,7696736256,4884
1790754674.282431,3129175,2847.628,expert7_eval,7696736256,4884
1790754675.3091846,3129175,2848.655,expert7_eval,7696736256,4884
1790754676.3334324,3129175,2849.679,expert7_eval,7696736256,4884
1790754677.356513,3129175,2850.702,expert7_eval,7696736256,4884
1790754678.3794942,3129175,2851.725,expert7_eval,7696736256,4884
1790754679.4003668,3129175,2852.746,expert7_eval,7696736256,4884
1790754680.4217668,3129175,2853.767,expert7_eval,7696736256,4884
1790754681.4441237,3129175,2854.79,expert7_eval,7696736256,4884
1790754682.462853,3129175,2855.808,expert7_eval,7696736256,4884
1790754683.4838293,3129175,2856.829,expert7_eval,7696736256,4884
1790754684.5040143,3129175,2857.85,expert7_eval,7696736256,4884
1790754685.5234375,3129175,2858.869,expert7_eval,7696736256,4884
1790754686.5449684,3129175,2859.891,expert7_eval,7696736256,4884
1790754687.566919,3129175,2860.912,expert7_eval,7696736256,4884
1790754688.587363,3129175,2861.933,expert7_eval,7696736256,4884
1790754689.6089528,3129175,2862.955,expert7_eval,7696736256,4884
1790754690.6297042,3129175,2863.975,expert7_eval,7696736256,4884
1790754691.650282,3129175,2864.996,expert7_eval,7696736256,4884
1790754692.670523,3129175,2866.016,expert7_eval,7696736256,4884
1790754693.6951382,3129175,2867.041,expert7_eval,7696736256,4884
1790754694.7166295,3129175,2868.062,expert7_eval,7696736256,4884
1790754695.7362163,3129175,2869.082,expert7_eval,7696736256,4884
1790754696.760861,3129175,2870.106,expert7_eval,7696736256,4884
1790754697.7862666,3129175,2871.132,expert7_eval,7696736256,4884
1790754698.805187,3129175,2872.151,expert7_eval,7696736256,4884
1790754699.8253393,3129175,2873.171,expert7_eval,7696736256,4884
1790754700.8465486,3129175,2874.192,expert7_eval,7696736256,4884
1790754701.8714647,3129175,2875.217,expert7_eval,7696736256,4884
1790754702.8940916,3129175,2876.24,expert7_eval,7696736256,4884
1790754703.9144797,3129175,2877.26,expert7_eval,7696736256,4884
1790754704.9359424,3129175,2878.281,expert7_eval,7696736256,4884
1790754705.9600902,3129175,2879.306,expert7_eval,7696736256,4884
1790754706.9801483,3129175,2880.326,expert7_eval,7696736256,4884
1790754708.0019023,3129175,2881.347,expert7_eval,7696736256,4884
1790754709.0210965,3129175,2882.367,expert7_eval,7696736256,4884
1790754710.041738,3129175,2883.387,expert7_eval,7696736256,4884
1790754711.0632305,3129175,2884.409,expert7_eval,7696736256,4884
1790754712.088414,3129175,2885.434,expert7_eval,7696736256,4884
1790754713.1102946,3129175,2886.456,expert7_eval,7696736256,4884
1790754714.1397238,3129175,2887.485,expert7_eval,7696736256,4884
1790754715.1638534,3129175,2888.509,expert7_eval,7696736256,4884
1790754716.1855114,3129175,2889.531,expert7_eval,7696736256,4884
1790754717.211072,3129175,2890.557,expert7_eval,7696736256,4884
1790754718.2318532,3129175,2891.577,expert7_eval,7696736256,4884
1790754719.2564476,3129175,2892.602,expert7_eval,7696736256,4884
1790754720.2794738,3129175,2893.625,expert7_eval,7696736256,4884
1790754721.300488,3129175,2894.646,expert7_eval,7696736256,4884
1790754722.3222775,3129175,2895.668,expert7_eval,7696736256,4884
1790754723.3466563,3129175,2896.692,expert7_eval,7696736256,4884
1790754724.367916,3129175,2897.713,expert7_eval,7696736256,4884
1790754725.3933163,3129175,2898.739,expert7_eval,7696736256,4884
1790754726.4156387,3129175,2899.761,expert7_eval,7696736256,4884
1790754727.4359605,3129175,2900.782,expert7_eval,7696736256,4884
1790754728.4558969,3129175,2901.801,expert7_eval,7696736256,4884
1790754729.47861,3129175,2902.824,expert7_eval,7696736256,4884
1790754730.500391,3129175,2903.846,expert7_eval,7696736256,4884
1790754731.521532,3129175,2904.867,expert7_eval,7696736256,4884
1790754732.5455248,3129175,2905.891,expert7_eval,7696736256,4884
1790754733.5676095,3129175,2906.913,expert7_eval,7696736256,4884
1790754734.589281,3129175,2907.935,expert7_eval,7696736256,4884
1790754735.6140933,3129175,2908.96,expert7_eval,7696736256,4884
1790754736.6347797,3129175,2909.98,expert7_eval,7696736256,4884
1790754737.6595366,3129175,2911.005,expert7_eval,7696736256,4884
1790754738.680625,3129175,2912.026,expert7_eval,7696736256,4884
1790754739.7056313,3129175,2913.051,expert7_eval,7696736256,4884
1790754740.7273777,3129175,2914.073,expert7_eval,7696736256,4884
1790754741.747669,3129175,2915.093,expert7_eval,7696736256,4884
1790754742.7666166,3129175,2916.112,expert7_eval,7696736256,4884
1790754743.7859774,3129175,2917.132,expert7_eval,7696736256,4884
1790754744.8064668,3129175,2918.152,expert7_eval,7696736256,4884
1790754745.8275506,3129175,2919.173,expert7_eval,7696736256,4884
1790754746.8521745,3129175,2920.198,expert7_eval,7696736256,4884
1790754747.8737242,3129175,2921.219,expert7_eval,7696736256,4884
1790754748.8958554,3129175,2922.241,expert7_eval,7696736256,4884
1790754749.9168756,3129175,2923.262,expert7_eval,7696736256,4884
1790754750.9388587,3129175,2924.284,expert7_eval,7696736256,4884
1790754751.9597912,3129175,2925.305,expert7_eval,7696736256,4884
1790754752.9793532,3129175,2926.325,expert7_eval,7696736256,4884
1790754753.9985187,3129175,2927.344,expert7_eval,7696736256,4884
1790754755.0184882,3129175,2928.364,expert7_eval,7696736256,4884
1790754756.0399635,3129175,2929.386,expert7_eval,7696736256,4884
1790754757.0633733,3129175,2930.409,expert7_eval,7696736256,4884
1790754758.0855196,3129175,2931.431,expert7_eval,7696736256,4884
1790754759.1114502,3129175,2932.457,expert7_eval,7696736256,4884
1790754760.1358087,3129175,2933.481,expert7_eval,7696736256,4884
1790754761.1606023,3129175,2934.506,expert7_eval,7696736256,4884
1790754762.1842453,3129175,2935.53,expert7_eval,7696736256,4884
1790754763.2059255,3129175,2936.551,expert7_eval,7696736256,4884
1790754764.2314703,3129175,2937.577,expert7_eval,7696736256,4884
1790754765.2556703,3129175,2938.601,expert7_eval,7696736256,4884
1790754766.2794228,3129175,2939.625,expert7_eval,7696736256,4884
1790754767.304672,3129175,2940.65,expert7_eval,7696736256,4884
1790754768.3258274,3129175,2941.671,expert7_eval,7696736256,4884
1790754769.3496213,3129175,2942.695,expert7_eval,7696736256,4884
1790754770.3731213,3129175,2943.719,expert7_eval,7696736256,4884
1790754771.398583,3129175,2944.744,expert7_eval,7696736256,4884
1790754772.422309,3129175,2945.768,expert7_eval,7696736256,4884
1790754773.4454582,3129175,2946.791,expert7_eval,7696736256,4884
1790754774.4693985,3129175,2947.815,expert7_eval,7696736256,4884
1790754775.490332,3129175,2948.836,expert7_eval,7696736256,4884
1790754776.510069,3129175,2949.856,expert7_eval,7696736256,4884
1790754777.5316885,3129175,2950.877,expert7_eval,7696736256,4884
1790754778.5531147,3129175,2951.899,expert7_eval,7696736256,4884
1790754779.5761137,3129175,2952.922,expert7_eval,7696736256,4884
1790754780.5989435,3129175,2953.944,expert7_eval,7696736256,4884
1790754781.6226635,3129175,2954.968,expert7_eval,7696736256,4884
1790754782.6482387,3129175,2955.994,expert7_eval,7696736256,4884
1790754783.6699257,3129175,2957.015,expert7_eval,7696736256,4884
1790754784.6933212,3129175,2958.039,expert7_eval,7696736256,4884
1790754785.7127976,3129175,2959.058,expert7_eval,7696736256,4884
1790754786.7318869,3129175,2960.077,expert7_eval,7696736256,4884
1790754787.7523432,3129175,2961.098,expert7_eval,7696736256,4884
1790754788.7753587,3129175,2962.121,expert7_eval,7696736256,4884
1790754789.7968566,3129175,2963.142,expert7_eval,7696736256,4884
1790754790.8221684,3129175,2964.168,expert7_eval,7696736256,4884
1790754791.841817,3129175,2965.187,expert7_eval,7696736256,4884
1790754792.8628428,3129175,2966.208,expert7_eval,7696736256,4884
1790754793.8832576,3129175,2967.229,expert7_eval,7696736256,4884
1790754794.9082336,3129175,2968.254,expert7_eval,7696736256,4884
1790754795.932208,3129175,2969.278,expert7_eval,7696736256,4884
1790754796.954202,3129175,2970.3,expert7_eval,7696736256,4884
1790754797.977171,3129175,2971.323,expert7_eval,7696736256,4884
1790754798.9983304,3129175,2972.344,expert7_eval,7696736256,4884
1790754800.0239391,3129175,2973.369,expert7_eval,7696736256,4884
1790754801.0472,3129175,2974.393,expert7_eval,7696736256,4884
1790754802.0726237,3129175,2975.418,expert7_eval,7696736256,4884
1790754803.095264,3129175,2976.441,expert7_eval,7696736256,4884
1790754804.1186361,3129175,2977.464,expert7_eval,7696736256,4884
1790754805.1421733,3129175,2978.488,expert7_eval,7696736256,4884
1790754806.1626232,3129175,2979.508,expert7_eval,7696736256,4884
1790754807.1834898,3129175,2980.529,expert7_eval,7696736256,4884
1790754808.2085984,3129175,2981.554,expert7_eval,7696736256,4884
1790754809.2351177,3129175,2982.581,expert7_eval,7696736256,4884
1790754810.2564898,3129175,2983.602,expert7_eval,7696736256,4884
1790754811.281076,3129175,2984.627,expert7_eval,7696736256,4884
1790754812.306129,3129175,2985.652,expert7_eval,7696736256,4884
1790754813.3299267,3129175,2986.675,expert7_eval,7696736256,4884
1790754814.3496017,3129175,2987.695,expert7_eval,7696736256,4884
1790754815.3702142,3129175,2988.716,expert7_eval,7696736256,4884
1790754816.392297,3129175,2989.738,expert7_eval,7696736256,4884
1790754817.4139104,3129175,2990.759,expert7_eval,7696736256,4884
1790754818.4676442,3129175,2991.813,expert7_eval,7696736256,4884
1790754819.4883711,3129175,2992.834,expert7_eval,7696736256,4884
1790754820.509737,3129175,2993.855,expert7_eval,7696736256,4884
1790754821.531101,3129175,2994.877,expert7_eval,7696736256,4884
1790754822.5503066,3129175,2995.896,expert7_eval,7696736256,4884
1790754823.5714762,3129175,2996.917,expert7_eval,7696736256,4884
1790754824.5919404,3129175,2997.937,expert7_eval,7696736256,4884
1790754825.61272,3129175,2998.958,expert7_eval,7696736256,4884
1790754826.6323128,3129175,2999.978,expert7_eval,7696736256,4884
1790754827.656754,3129175,3001.002,expert7_eval,7696736256,4884
1790754828.6806455,3129175,3002.026,expert7_eval,7696736256,4884
1790754829.703546,3129175,3003.049,expert7_eval,7696736256,4884
1790754830.725419,3129175,3004.071,expert7_eval,7696736256,4884
1790754831.7471695,3129175,3005.093,expert7_eval,7696736256,4884
1790754832.7709482,3129175,3006.116,expert7_eval,7696736256,4884
1790754833.795558,3129175,3007.141,expert7_eval,7696736256,4884
1790754834.8270042,3129175,3008.173,expert7_eval,7696736256,4884
1790754835.8580964,3129175,3009.204,expert7_eval,7696736256,4884
1790754836.8866258,3129175,3010.232,expert7_eval,7696736256,4884
1790754837.9192815,3129175,3011.265,expert7_eval,7696736256,4884
1790754838.9528356,3129175,3012.298,expert7_eval,7696736256,4884
1790754839.9804225,3129175,3013.326,expert7_eval,7696736256,4884
1790754841.0128067,3129175,3014.358,expert7_eval,7696736256,4884
1790754842.0452535,3129175,3015.391,expert7_eval,7696736256,4884
1790754843.0737848,3129175,3016.419,expert7_eval,7696736256,4884
1790754844.107934,3129175,3017.453,expert7_eval,7696736256,4884
1790754845.1315641,3129175,3018.477,expert7_eval,7696736256,4884
1790754846.155132,3129175,3019.501,expert7_eval,7696736256,4884
1790754847.1810482,3129175,3020.527,expert7_eval,7696736256,4884
1790754848.2036216,3129175,3021.549,expert7_eval,7696736256,4884
1790754849.2282565,3129175,3022.574,expert7_eval,7696736256,4884
1790754850.2611659,3129175,3023.607,expert7_eval,7696736256,4884
1790754851.2885194,3129175,3024.634,expert7_eval,7696736256,4884
1790754852.3220706,3129175,3025.668,expert7_eval,7696736256,4884
1790754853.348241,3129175,3026.694,expert7_eval,7696736256,4884
1790754854.381558,3129175,3027.727,expert7_eval,7696736256,4884
1790754855.4109032,3129175,3028.756,expert7_eval,7696736256,4884
1790754856.4383574,3129175,3029.784,expert7_eval,7696736256,4884
1790754857.467267,3129175,3030.813,expert7_eval,7696736256,4884
1790754858.4984462,3129175,3031.844,expert7_eval,7696736256,4884
1790754859.5293348,3129175,3032.875,expert7_eval,7696736256,4884
1790754860.5550275,3129175,3033.901,expert7_eval,7696736256,4884
1790754861.5875323,3129175,3034.933,expert7_eval,7696736256,4884
1790754862.61206,3129175,3035.958,expert7_eval,7696736256,4884
1790754863.6357565,3129175,3036.981,expert7_eval,7696736256,4884
1790754864.668043,3129175,3038.014,expert7_eval,7696736256,4884
1790754865.6987107,3129175,3039.044,expert7_eval,7696736256,4884
1790754866.7271996,3129175,3040.073,expert7_eval,7696736256,4884
1790754867.7585478,3129175,3041.104,expert7_eval,7696736256,4884
1790754868.784945,3129175,3042.13,expert7_eval,7696736256,4884
1790754869.8583877,3129175,3043.204,expert7_eval,7696736256,4884
1790754870.884823,3129175,3044.23,expert7_eval,7696736256,4884
1790754871.9188125,3129175,3045.264,expert7_eval,7696736256,4884
1790754872.945698,3129175,3046.291,expert7_eval,7696736256,4884
1790754873.972732,3129175,3047.318,expert7_eval,7696736256,4884
1790754875.0063722,3129175,3048.352,expert7_eval,7696736256,4884
1790754876.0363379,3129175,3049.382,expert7_eval,7696736256,4884
1790754877.0842214,3129175,3050.43,expert7_eval,7696736256,4884
1790754878.1136427,3129175,3051.459,expert7_eval,7696736256,4884
1790754879.1445258,3129175,3052.49,expert7_eval,7696736256,4884
1790754880.1825206,3129175,3053.528,expert7_eval,7696736256,4884
1790754881.2158957,3129175,3054.561,expert7_eval,7696736256,4884
1790754882.246681,3129175,3055.592,expert7_eval,7696736256,4884
1790754883.2714164,3129175,3056.617,expert7_eval,7696736256,4884
1790754884.296221,3129175,3057.642,expert7_eval,7696736256,4884
1790754885.3251765,3129175,3058.671,expert7_eval,7696736256,4884
1790754886.3490107,3129175,3059.695,expert7_eval,7696736256,4884
1790754887.3828444,3129175,3060.728,expert7_eval,7696736256,4884
1790754888.409943,3129175,3061.755,expert7_eval,7696736256,4884
1790754889.4357796,3129175,3062.781,expert7_eval,7696736256,4884
1790754890.4664695,3129175,3063.812,expert7_eval,7696736256,4884
1790754891.4953482,3129175,3064.841,expert7_eval,7696736256,4884
1790754892.529417,3129175,3065.875,expert7_eval,7696736256,4884
1790754893.5557811,3129175,3066.901,expert7_eval,7696736256,4884
1790754894.587297,3129175,3067.933,expert7_eval,7696736256,4884
1790754895.6160858,3129175,3068.962,expert7_eval,7696736256,4884
1790754896.6448994,3129175,3069.99,expert7_eval,7696736256,4884
1790754897.674728,3129175,3071.02,expert7_eval,7696736256,4884
1790754898.7077682,3129175,3072.053,expert7_eval,7696736256,4884
1790754899.7353947,3129175,3073.081,expert7_eval,7696736256,4884
1790754900.7671762,3129175,3074.113,expert7_eval,7696736256,4884
1790754901.793513,3129175,3075.139,expert7_eval,7696736256,4884
1790754902.8165174,3129175,3076.162,expert7_eval,7696736256,4884
1790754903.837477,3129175,3077.183,expert7_eval,7696736256,4884
1790754904.862473,3129175,3078.208,expert7_eval,7696736256,4884
1790754905.8850563,3129175,3079.231,expert7_eval,7696736256,4884
1790754906.9090524,3129175,3080.255,expert7_eval,7696736256,4884
1790754907.929209,3129175,3081.275,expert7_eval,7696736256,4884
1790754908.9521735,3129175,3082.298,expert7_eval,7696736256,4884
1790754910.006958,3129175,3083.353,expert7_eval,7696736256,4884
1790754911.0370693,3129175,3084.383,expert7_eval,7696736256,4884
1790754912.0580556,3129175,3085.404,expert7_eval,7696736256,4884
1790754913.0802345,3129175,3086.426,expert7_eval,7696736256,4884
1790754914.1030514,3129175,3087.449,expert7_eval,7696736256,4884
1790754915.1276488,3129175,3088.473,expert7_eval,7696736256,4884
1790754916.1470153,3129175,3089.493,expert7_eval,7696736256,4884
1790754917.1657608,3129175,3090.511,expert7_eval,7696736256,4884
1790754918.1859725,3129175,3091.532,expert7_eval,7696736256,4884
1790754919.2070043,3129175,3092.553,expert7_eval,7696736256,4884
1790754920.234677,3129175,3093.58,expert7_eval,7696736256,4884
1790754921.255413,3129175,3094.601,expert7_eval,7696736256,4884
1790754922.2766144,3129175,3095.622,expert7_eval,7696736256,4884
1790754923.2989264,3129175,3096.644,expert7_eval,7696736256,4884
1790754924.3199756,3129175,3097.666,expert7_eval,7696736256,4884
1790754925.3396327,3129175,3098.685,expert7_eval,7696736256,4884
1790754926.3608856,3129175,3099.706,expert7_eval,7696736256,4884
1790754927.3825033,3129175,3100.728,expert7_eval,7696736256,4884
1790754928.4038699,3129175,3101.749,expert7_eval,7696736256,4884
1790754929.4246619,3129175,3102.77,expert7_eval,7696736256,4884
1790754930.4446523,3129175,3103.79,expert7_eval,7696736256,4884
1790754931.4662817,3129175,3104.812,expert7_eval,7696736256,4884
1790754932.489869,3129175,3105.835,expert7_eval,7696736256,4884
1790754933.5106711,3129175,3106.856,expert7_eval,7696736256,4884
1790754934.5315263,3129175,3107.877,expert7_eval,7696736256,4884
1790754935.5531094,3129175,3108.899,expert7_eval,7696736256,4884
1790754936.574356,3129175,3109.92,expert7_eval,7696736256,4884
1790754937.5985224,3129175,3110.944,expert7_eval,7696736256,4884
1790754938.6208658,3129175,3111.966,expert7_eval,7696736256,4884
1790754939.642378,3129175,3112.988,expert7_eval,7696736256,4884
1790754940.6619515,3129175,3114.008,expert7_eval,7696736256,4884
1790754941.6826754,3129175,3115.028,expert7_eval,7696736256,4884
1790754942.7039256,3129175,3116.049,expert7_eval,7696736256,4884
1790754943.7222424,3129175,3117.068,expert7_eval,7696736256,4884
1790754944.7430444,3129175,3118.089,expert7_eval,7696736256,4884
1790754945.764461,3129175,3119.11,expert7_eval,7696736256,4884
1790754946.7856717,3129175,3120.131,expert7_eval,7696736256,4884
1790754947.8078501,3129175,3121.153,expert7_eval,7696736256,4884
1790754948.8275683,3129175,3122.173,expert7_eval,7696736256,4884
1790754949.8461716,3129175,3123.192,expert7_eval,7696736256,4884
1790754950.8653972,3129175,3124.211,expert7_eval,7696736256,4884
1790754951.884199,3129175,3125.23,expert7_eval,7696736256,4884
1790754952.906321,3129175,3126.252,expert7_eval,7696736256,4884
1790754953.9272056,3129175,3127.273,expert7_eval,7696736256,4884
1790754954.9637647,3129175,3128.309,expert7_eval,7696736256,4884
1790754955.9846106,3129175,3129.33,expert7_eval,7696736256,4884
1790754957.007807,3129175,3130.353,expert7_eval,7696736256,4884
1790754958.0269487,3129175,3131.372,expert7_eval,7696736256,4884
1790754959.0454333,3129175,3132.391,expert7_eval,7696736256,4884
1790754960.066249,3129175,3133.412,expert7_eval,7696736256,4884
1790754961.087634,3129175,3134.433,expert7_eval,7696736256,4884
1790754962.107445,3129175,3135.453,expert7_eval,7696736256,4884
1790754963.1261418,3129175,3136.472,expert7_eval,7696736256,4884
1790754964.1452744,3129175,3137.491,expert7_eval,7696736256,4884
1790754965.169129,3129175,3138.515,expert7_eval,7696736256,4884
1790754966.1873298,3129175,3139.533,expert7_eval,7696736256,4884
1790754967.20677,3129175,3140.552,expert7_eval,7696736256,4884
1790754968.2261813,3129175,3141.572,expert7_eval,7696736256,4884
1790754969.2465625,3129175,3142.592,expert7_eval,7696736256,4884
1790754970.2687142,3129175,3143.614,expert7_eval,7696736256,4884
1790754971.2927864,3129175,3144.638,expert7_eval,7696736256,4884
1790754972.3180187,3129175,3145.664,expert7_eval,7696736256,4884
1790754973.3389907,3129175,3146.685,expert7_eval,7696736256,4884
1790754974.35986,3129175,3147.705,expert7_eval,7696736256,4884
1790754975.3812695,3129175,3148.727,expert7_eval,7696736256,4884
1790754976.4023817,3129175,3149.748,expert7_eval,7696736256,4884
1790754977.4267519,3129175,3150.772,expert7_eval,7696736256,4884
1790754978.4478538,3129175,3151.793,expert7_eval,7696736256,4884
1790754979.4694986,3129175,3152.815,expert7_eval,7696736256,4884
1790754980.4909337,3129175,3153.836,expert7_eval,7696736256,4884
1790754981.5147972,3129175,3154.86,expert7_eval,7696736256,4884
1790754982.5383933,3129175,3155.884,expert7_eval,7696736256,4884
1790754983.5619106,3129175,3156.907,expert7_eval,7696736256,4884
1790754984.5802865,3129175,3157.926,expert7_eval,7696736256,4884
1790754985.6022577,3129175,3158.948,expert7_eval,7696736256,4884
1790754986.62741,3129175,3159.973,expert7_eval,7696736256,4884
1790754987.648638,3129175,3160.994,expert7_eval,7696736256,4884
1790754988.6679957,3129175,3162.014,expert7_eval,7696736256,4884
1790754989.687304,3129175,3163.033,expert7_eval,7696736256,4884
1790754990.7062201,3129175,3164.052,expert7_eval,7696736256,4884
1790754991.724623,3129175,3165.07,expert7_eval,7696736256,4884
1790754992.7449882,3129175,3166.091,expert7_eval,7696736256,4884
1790754993.763444,3129175,3167.109,expert7_eval,7696736256,4884
1790754994.78459,3129175,3168.13,expert7_eval,7696736256,4884
1790754995.8066134,3129175,3169.152,expert7_eval,7696736256,4884
1790754996.8320382,3129175,3170.178,expert7_eval,7696736256,4884
1790754997.8534248,3129175,3171.199,expert7_eval,7696736256,4884
1790754998.874568,3129175,3172.22,expert7_eval,7696736256,4884
1790754999.8983946,3129175,3173.244,expert7_eval,7696736256,4884
1790755000.9224668,3129175,3174.268,expert7_eval,7696736256,4884
1790755001.944546,3129175,3175.29,expert7_eval,7696736256,4884
1790755002.9643097,3129175,3176.31,expert7_eval,7696736256,4884
1790755003.9835315,3129175,3177.329,expert7_eval,7696736256,4884
1790755005.007834,3129175,3178.353,expert7_eval,7696736256,4884
1790755006.028794,3129175,3179.374,expert7_eval,7696736256,4884
1790755007.0506303,3129175,3180.396,expert7_eval,7696736256,4884
1790755008.0720208,3129175,3181.418,expert7_eval,7696736256,4884
1790755009.0930102,3129175,3182.439,expert7_eval,7696736256,4884
1790755010.116632,3129175,3183.462,expert7_eval,7696736256,4884
1790755011.1362016,3129175,3184.482,expert7_eval,7696736256,4884
1790755012.1563928,3129175,3185.502,expert7_eval,7696736256,4884
1790755013.1758142,3129175,3186.521,expert7_eval,7696736256,4884
1790755014.1960382,3129175,3187.542,expert7_eval,7696736256,4884
1790755015.2161186,3129175,3188.562,expert7_eval,7696736256,4884
1790755016.2370467,3129175,3189.583,expert7_eval,7696736256,4884
1790755017.2604501,3129175,3190.606,expert7_eval,7696736256,4884
1790755018.2815368,3129175,3191.627,expert7_eval,7696736256,4884
1790755019.3020804,3129175,3192.648,expert7_eval,7696736256,4884
1790755020.3225338,3129175,3193.668,expert7_eval,7696736256,4884
1790755021.341422,3129175,3194.687,expert7_eval,7696736256,4884
1790755022.3606012,3129175,3195.706,expert7_eval,7696736256,4884
1790755023.3814132,3129175,3196.727,expert7_eval,7696736256,4884
1790755024.4024997,3129175,3197.748,expert7_eval,7696736256,4884
1790755025.426466,3129175,3198.772,expert7_eval,7696736256,4884
1790755026.4478037,3129175,3199.793,expert7_eval,7696736256,4884
1790755027.4724417,3129175,3200.818,expert7_eval,7696736256,4884
1790755028.4931216,3129175,3201.839,expert7_eval,7696736256,4884
1790755029.5144272,3129175,3202.86,expert7_eval,7696736256,4884
1790755030.5359068,3129175,3203.881,expert7_eval,7696736256,4884
1790755031.5574841,3129175,3204.903,expert7_eval,7696736256,4884
1790755032.5812807,3129175,3205.927,expert7_eval,7696736256,4884
1790755033.6012526,3129175,3206.947,expert7_eval,7696736256,4884
1790755034.62155,3129175,3207.967,expert7_eval,7696736256,4884
1790755035.6429713,3129175,3208.989,expert7_eval,7696736256,4884
1790755036.6644094,3129175,3210.01,expert7_eval,7696736256,4884
1790755037.6855054,3129175,3211.031,expert7_eval,7696736256,4884
1790755038.7056108,3129175,3212.051,expert7_eval,7696736256,4884
1790755039.7294962,3129175,3213.075,expert7_eval,7696736256,4884
1790755040.7510548,3129175,3214.097,expert7_eval,7696736256,4884
1790755041.7728593,3129175,3215.118,expert7_eval,7696736256,4884
1790755042.7935314,3129175,3216.139,expert7_eval,7696736256,4884
1790755043.8179696,3129175,3217.164,expert7_eval,7696736256,4884
1790755044.8399212,3129175,3218.185,expert7_eval,7696736256,4884
1790755045.859991,3129175,3219.206,expert7_eval,7696736256,4884
1790755046.8801153,3129175,3220.226,expert7_eval,7696736256,4884
1790755047.8988423,3129175,3221.244,expert7_eval,7696736256,4884
1790755048.917477,3129175,3222.263,expert7_eval,7696736256,4884
1790755049.9400628,3129175,3223.286,expert7_eval,7696736256,4884
1790755050.960643,3129175,3224.306,expert7_eval,7696736256,4884
1790755051.9826043,3129175,3225.328,expert7_eval,7696736256,4884
1790755053.0042574,3129175,3226.35,expert7_eval,7696736256,4884
1790755054.0254543,3129175,3227.371,expert7_eval,7696736256,4884
1790755055.050771,3129175,3228.396,expert7_eval,7696736256,4884
1790755056.0694659,3129175,3229.415,expert7_eval,7696736256,4884
1790755057.0905,3129175,3230.436,expert7_eval,7696736256,4884
1790755058.111643,3129175,3231.457,expert7_eval,7696736256,4884
1790755059.1334572,3129175,3232.479,expert7_eval,7696736256,4884
1790755060.158792,3129175,3233.504,expert7_eval,7696736256,4884
1790755061.180077,3129175,3234.526,expert7_eval,7696736256,4884
1790755062.2011867,3129175,3235.547,expert7_eval,7696736256,4884
1790755063.222226,3129175,3236.568,expert7_eval,7696736256,4884
1790755064.2458112,3129175,3237.591,expert7_eval,7696736256,4884
1790755065.265501,3129175,3238.611,expert7_eval,7696736256,4884
1790755066.286483,3129175,3239.632,expert7_eval,7696736256,4884
1790755067.3094792,3129175,3240.655,expert7_eval,7696736256,4884
1790755068.3280094,3129175,3241.674,expert7_eval,7696736256,4884
1790755069.3492064,3129175,3242.695,expert7_eval,7696736256,4884
1790755070.3694003,3129175,3243.715,expert7_eval,7696736256,4884
1790755071.3886805,3129175,3244.734,expert7_eval,7696736256,4884
1790755072.4110749,3129175,3245.757,expert7_eval,7696736256,4884
1790755073.4296787,3129175,3246.775,expert7_eval,7696736256,4884
1790755074.4491417,3129175,3247.795,expert7_eval,7696736256,4884
1790755075.4676218,3129175,3248.813,expert7_eval,7696736256,4884
1790755076.488087,3129175,3249.834,expert7_eval,7696736256,4884
1790755077.5111291,3129175,3250.857,expert7_eval,7696736256,4884
1790755078.5311272,3129175,3251.877,expert7_eval,7696736256,4884
1790755079.5513408,3129175,3252.897,expert7_eval,7696736256,4884
1790755080.5757198,3129175,3253.921,expert7_eval,7696736256,4884
1790755081.6289766,3129175,3254.975,expert7_eval,7696736256,4884
1790755082.6512601,3129175,3255.997,expert7_eval,7696736256,4884
1790755083.6702573,3129175,3257.016,expert7_eval,7696736256,4884
1790755084.6886206,3129175,3258.034,expert7_eval,7696736256,4884
1790755085.7105656,3129175,3259.056,starting,5959143424,1824
1790755086.7303884,3129175,3260.076,expert8_fit,5781536768,1468
1790755087.7528298,3129175,3261.098,expert8_fit,5781536768,1468
1790755088.7776413,3129175,3262.123,expert8_fit,5781536768,1468
1790755089.8020737,3129175,3263.148,starting,5781536768,1564
1790755090.8265908,3129175,3264.172,starting,5781536768,1564
1790755091.8514798,3129175,3265.197,starting,5781536768,1564
1790755092.8763897,3129175,3266.222,starting,5781536768,1564
1790755093.900559,3129175,3267.246,starting,5781536768,1564
1790755094.922403,3129175,3268.268,starting,5781536768,1564
1790755095.9426332,3129175,3269.288,starting,5781536768,1564
1790755096.960924,3129175,3270.306,starting,5781536768,1564
1790755097.9816375,3129175,3271.327,starting,5781536768,1564
1790755099.0022626,3129175,3272.348,starting,5781536768,1564
1790755100.02562,3129175,3273.371,starting,5781536768,1564
1790755101.049152,3129175,3274.395,expert8_route,4504055808,1604
1790755102.0715954,3129175,3275.417,expert8_route,4504055808,1964
1790755103.0923648,3129175,3276.438,expert8_route,4504055808,1984
1790755104.1113331,3129175,3277.457,expert8_route,4504055808,2004
1790755105.1370497,3129175,3278.483,expert8_route,4504055808,2004
1790755106.1651127,3129175,3279.511,expert8_route,4504055808,2004
1790755107.1869717,3129175,3280.533,expert8_route,4504055808,2004
1790755108.210187,3129175,3281.556,expert8_route,4504055808,2004
1790755109.233559,3129175,3282.579,expert8_route,4504055808,2004
1790755110.2561564,3129175,3283.602,expert8_route,4504055808,2004
1790755111.2825804,3129175,3284.628,expert8_route,4504055808,2004
1790755112.306593,3129175,3285.652,expert8_route,4504055808,2004
1790755113.3362129,3129175,3286.682,expert8_cal,4481863680,2004
1790755114.359587,3129175,3287.705,expert8_cal,4481863680,2004
1790755115.3827264,3129175,3288.728,expert8_cal,4481863680,2004
1790755116.4131563,3129175,3289.759,expert8_cal,4481863680,2004
1790755117.439826,3129175,3290.785,expert8_cal,4481863680,2004
1790755118.474456,3129175,3291.82,expert8_cal,4481863680,2004
1790755119.4961998,3129175,3292.842,expert8_cal,4481863680,2004
1790755120.5233266,3129175,3293.869,expert8_cal,4481863680,2004
1790755121.5532408,3129175,3294.899,expert8_eval,5149667328,2004
1790755122.5824845,3129175,3295.928,expert8_eval,5569097728,2004
1790755123.608644,3129175,3296.954,expert8_eval,5009281024,2004
1790755124.6305056,3129175,3297.976,expert8_eval,5009281024,2004
1790755125.6549342,3129175,3299.0,expert8_eval,5009281024,2004
1790755126.6744356,3129175,3300.02,expert8_eval,5009281024,2004
1790755127.6962183,3129175,3301.042,expert8_eval,5009281024,2004
1790755128.7207022,3129175,3302.066,expert8_eval,5009281024,2004
1790755129.7430627,3129175,3303.089,expert8_eval,5009281024,2004
1790755130.7679124,3129175,3304.113,expert8_eval,5009281024,2004
1790755131.7872493,3129175,3305.133,expert8_eval,5009281024,2004
1790755132.8066878,3129175,3306.152,expert8_eval,5009281024,2004
1790755133.8282154,3129175,3307.174,expert8_eval,5009281024,2004
1790755134.8497038,3129175,3308.195,expert8_eval,5009281024,2004
1790755135.8860502,3129175,3309.232,expert8_eval,5009281024,2004
1790755136.9090524,3129175,3310.255,expert8_eval,5009281024,2004
1790755137.930788,3129175,3311.276,expert8_eval,5009281024,2004
1790755138.9530284,3129175,3312.299,expert8_eval,5009281024,2004
1790755139.9745176,3129175,3313.32,expert8_eval,5009281024,2004
1790755141.0424595,3129175,3314.388,expert8_eval,5009281024,2004
1790755142.0640285,3129175,3315.41,expert8_eval,5009281024,2004
1790755143.0846624,3129175,3316.43,expert8_eval,5009281024,2004
1790755144.1064901,3129175,3317.452,expert8_eval,5009281024,2004
1790755145.1289215,3129175,3318.474,expert8_eval,5009281024,2004
1790755146.1950028,3129175,3319.541,expert8_eval,5009281024,2004
1790755147.221159,3129175,3320.567,expert8_eval,5009281024,2004
1790755148.2436857,3129175,3321.589,expert8_eval,5009281024,2004
1790755149.2640781,3129175,3322.61,expert8_eval,5009281024,2004
1790755150.2823646,3129175,3323.628,expert8_eval,5009281024,2004
1790755151.3333304,3129175,3324.679,expert8_eval,5009281024,2004
1790755152.357723,3129175,3325.703,expert8_eval,5009281024,2004
1790755153.3822365,3129175,3326.728,expert8_eval,5009281024,2004
1790755154.402515,3129175,3327.748,expert8_eval,5009281024,2004
1790755155.4266934,3129175,3328.772,expert8_eval,5009281024,2004
1790755156.454814,3129175,3329.8,expert8_eval,5009281024,2004
1790755157.4785724,3129175,3330.824,expert8_eval,5009281024,2004
1790755158.5017107,3129175,3331.847,expert8_eval,5009281024,2004
1790755159.5209243,3129175,3332.866,expert8_eval,5009281024,2004
1790755160.5456605,3129175,3333.891,expert8_eval,5009281024,2004
1790755161.5705273,3129175,3334.916,expert8_eval,5009281024,2004
1790755162.5940948,3129175,3335.94,expert8_eval,5009281024,2004
1790755163.6233473,3129175,3336.969,expert8_eval,5009281024,2004
1790755164.64899,3129175,3337.995,expert8_eval,5009281024,2004
1790755165.6731956,3129175,3339.019,expert8_eval,5009281024,2004
1790755166.694133,3129175,3340.04,expert8_eval,5009281024,2004
1790755167.7166767,3129175,3341.062,expert8_eval,5009281024,2004
1790755168.7454681,3129175,3342.091,expert8_eval,5009281024,2004
1790755169.771489,3129175,3343.117,expert8_eval,5009281024,2004
1790755170.8036325,3129175,3344.149,expert8_eval,5009281024,2004
1790755171.8291466,3129175,3345.175,expert8_eval,5009281024,2004
1790755172.854341,3129175,3346.2,expert8_eval,5009281024,2004
1790755173.8811545,3129175,3347.227,expert8_eval,5009281024,2004
1790755174.9063754,3129175,3348.252,expert8_eval,5009281024,2004
1790755175.9313676,3129175,3349.277,expert8_eval,5009281024,2004
1790755176.9544897,3129175,3350.3,expert8_eval,5009281024,2004
1790755177.9794269,3129175,3351.325,expert8_eval,5009281024,2004
1790755179.0057244,3129175,3352.351,expert8_eval,5009281024,2004
1790755180.0319872,3129175,3353.378,expert8_eval,5009281024,2004
1790755181.0657094,3129175,3354.411,expert8_eval,5009281024,2004
1790755182.0846815,3129175,3355.43,expert8_eval,5009281024,2004
1790755183.1050956,3129175,3356.451,expert8_eval,5009281024,2004
1790755184.1241074,3129175,3357.47,expert8_eval,5009281024,2004
1790755185.14619,3129175,3358.492,expert8_eval,5009281024,2004
1790755186.1699204,3129175,3359.515,expert8_eval,5009281024,2004
1790755187.1932552,3129175,3360.539,expert8_eval,5009281024,2004
1790755188.2187445,3129175,3361.564,expert8_eval,5009281024,2004
1790755189.2397077,3129175,3362.585,expert8_eval,5009281024,2004
1790755190.2599127,3129175,3363.605,expert8_eval,5009281024,2004
1790755191.322282,3129175,3364.668,expert8_eval,5009281024,2004
1790755192.3498669,3129175,3365.695,expert8_eval,5009281024,2004
1790755193.3771906,3129175,3366.723,expert8_eval,5009281024,2004
1790755194.4004564,3129175,3367.746,expert8_eval,5009281024,2004
1790755195.4213285,3129175,3368.767,expert8_eval,5009281024,2004
1790755196.474702,3129175,3369.82,expert8_eval,5009281024,2004
1790755197.4993374,3129175,3370.845,expert8_eval,5009281024,2004
1790755198.5275536,3129175,3371.873,expert8_eval,5009281024,2004
1790755199.5491714,3129175,3372.895,expert8_eval,5009281024,2004
1790755200.5757918,3129175,3373.921,expert8_eval,5009281024,2004
1790755201.6399014,3129175,3374.985,expert8_eval,5009281024,2004
1790755202.6596596,3129175,3376.005,expert8_eval,5009281024,2004
1790755203.6868987,3129175,3377.032,expert8_eval,5009281024,2004
1790755204.708883,3129175,3378.054,expert8_eval,5009281024,2004
1790755205.7319088,3129175,3379.077,expert8_eval,5009281024,2004
1790755206.7777278,3129175,3380.123,expert8_eval,5009281024,2004
1790755207.8008175,3129175,3381.146,expert8_eval,5009281024,2004
1790755208.8308003,3129175,3382.176,expert8_eval,5009281024,2004
1790755209.8542433,3129175,3383.2,expert8_eval,5009281024,2004
1790755210.877477,3129175,3384.223,expert8_eval,5009281024,2004
1790755211.9232326,3129175,3385.269,expert8_eval,5009281024,2004
1790755212.9518065,3129175,3386.297,expert8_eval,5009281024,2004
1790755213.9807525,3129175,3387.326,expert8_eval,5009281024,2004
1790755215.0037777,3129175,3388.349,expert8_eval,5009281024,2004
1790755216.0270672,3129175,3389.373,expert8_eval,5009281024,2004
1790755217.0501006,3129175,3390.396,expert8_eval,5009281024,2004
1790755218.0737798,3129175,3391.419,expert8_eval,5009281024,2004
1790755219.102355,3129175,3392.448,expert8_eval,5009281024,2004
1790755220.1209462,3129175,3393.466,expert8_eval,5009281024,2004
1790755221.1432927,3129175,3394.489,expert8_eval,5009281024,2004
1790755222.166458,3129175,3395.512,expert8_eval,5009281024,2004
1790755223.188886,3129175,3396.534,expert8_eval,5009281024,2004
1790755224.2162874,3129175,3397.562,expert8_eval,5009281024,2004
1790755225.2362494,3129175,3398.582,expert8_eval,5009281024,2004
1790755226.2602875,3129175,3399.606,expert8_eval,5009281024,2004
1790755227.2832305,3129175,3400.629,expert8_eval,5009281024,2004
1790755228.307056,3129175,3401.653,expert8_eval,5009281024,2004
1790755229.3345292,3129175,3402.68,expert8_eval,5009281024,2004
1790755230.3613503,3129175,3403.707,expert8_eval,5009281024,2004
1790755231.3897662,3129175,3404.735,expert8_eval,5009281024,2004
1790755232.414843,3129175,3405.76,expert8_eval,5009281024,2004
1790755233.4397933,3129175,3406.785,expert8_eval,5009281024,2004
1790755234.4634984,3129175,3407.809,expert8_eval,5009281024,2004
1790755235.4874864,3129175,3408.833,expert8_eval,5009281024,2004
1790755236.5173688,3129175,3409.863,expert8_eval,5009281024,2004
1790755237.5401685,3129175,3410.886,expert8_eval,5009281024,2004
1790755238.565763,3129175,3411.911,expert8_eval,5009281024,2004
1790755239.5878663,3129175,3412.933,expert8_eval,5009281024,2004
1790755240.614791,3129175,3413.96,expert8_eval,5009281024,2004
1790755241.6408448,3129175,3414.986,expert8_eval,5009281024,2004
1790755242.6621573,3129175,3416.008,expert8_eval,5009281024,2004
1790755243.6919377,3129175,3417.037,expert8_eval,5009281024,2004
1790755244.7140813,3129175,3418.06,expert8_eval,5009281024,2004
1790755245.7376652,3129175,3419.083,expert8_eval,5009281024,2004
1790755246.7604172,3129175,3420.106,expert8_eval,5009281024,2004
1790755247.7813423,3129175,3421.127,expert8_eval,5009281024,2004
1790755248.806512,3129175,3422.152,expert8_eval,5009281024,2004
1790755249.8311503,3129175,3423.177,expert8_eval,5009281024,2004
1790755250.8559966,3129175,3424.202,expert8_eval,5009281024,2004
1790755251.9091692,3129175,3425.255,expert8_eval,5009281024,2004
1790755252.9328506,3129175,3426.278,expert8_eval,5009281024,2004
1790755253.9600017,3129175,3427.306,expert8_eval,5009281024,2004
1790755254.9852073,3129175,3428.331,expert8_eval,5009281024,2004
1790755256.007123,3129175,3429.353,expert8_eval,5009281024,2004
1790755257.0627728,3129175,3430.408,expert8_eval,5009281024,2004
1790755258.0863013,3129175,3431.432,expert8_eval,5009281024,2004
1790755259.1163433,3129175,3432.462,expert8_eval,5009281024,2004
1790755260.1390908,3129175,3433.485,expert8_eval,5009281024,2004
1790755261.1628788,3129175,3434.508,expert8_eval,5009281024,2004
1790755262.2166016,3129175,3435.562,expert8_eval,5009281024,2004
1790755263.2361755,3129175,3436.582,expert8_eval,5009281024,2004
1790755264.2591572,3129175,3437.605,expert8_eval,5009281024,2004
1790755265.280935,3129175,3438.626,expert8_eval,5009281024,2004
1790755266.3049,3129175,3439.65,expert8_eval,5009281024,2004
1790755267.3683126,3129175,3440.714,expert8_eval,5009281024,2004
1790755268.3926404,3129175,3441.738,expert8_eval,5009281024,2004
1790755269.420789,3129175,3442.766,expert8_eval,5009281024,2004
1790755270.4414866,3129175,3443.787,expert8_eval,5009281024,2004
1790755271.4635165,3129175,3444.809,expert8_eval,5009281024,2004
1790755272.5298831,3129175,3445.875,expert8_eval,5009281024,2004
1790755273.5506558,3129175,3446.896,expert8_eval,5009281024,2004
1790755274.5785706,3129175,3447.924,expert8_eval,5009281024,2004
1790755275.5994368,3129175,3448.945,expert8_eval,5009281024,2004
1790755276.619853,3129175,3449.965,expert8_eval,5009281024,2004
1790755277.685832,3129175,3451.031,expert8_eval,5009281024,2004
1790755278.7056727,3129175,3452.051,expert8_eval,5009281024,2004
1790755279.736199,3129175,3453.082,expert8_eval,5009281024,2004
1790755280.759703,3129175,3454.105,expert8_eval,5009281024,2004
1790755281.78107,3129175,3455.127,expert8_eval,5009281024,2004
1790755282.830464,3129175,3456.176,expert8_eval,5009281024,2004
1790755283.8635972,3129175,3457.209,expert8_eval,5009281024,2004
1790755284.8864875,3129175,3458.232,expert8_eval,5009281024,2004
1790755285.909995,3129175,3459.256,expert8_eval,5009281024,2004
1790755286.9808764,3129175,3460.326,starting,4449464320,1164
1790755288.003845,3129175,3461.349,fit_scorer,4542169088,592
1790755289.036122,3129175,3462.382,fit_scorer,4543938560,592
1790755290.066422,3129175,3463.412,fit_scorer,4543938560,592
1790755291.0933132,3129175,3464.439,fit_scorer,4543938560,592
1790755292.124642,3129175,3465.47,fit_scorer,4543938560,592
1790755293.1567228,3129175,3466.502,fit_scorer,4543938560,592
1790755294.1842375,3129175,3467.53,fit_verifier,4546371584,592
1790755295.2175858,3129175,3468.563,fit_verifier,4555055104,592
1790755296.2465112,3129175,3469.592,fit_verifier,4555612160,592
1790755297.2749388,3129175,3470.62,fit_verifier,4555612160,592
1790755298.305504,3129175,3471.651,fit_verifier,4555612160,592
1790755299.333237,3129175,3472.679,fit_verifier,4555612160,592
1790755300.3605623,3129175,3473.706,fit_verifier,4555612160,592
1790755301.3875182,3129175,3474.733,fit_verifier,4555612160,592
1790755302.4137638,3129175,3475.759,fit_verifier,4555612160,592
1790755303.4360785,3129175,3476.782,fit_verifier,4555612160,592
1790755304.4582417,3129175,3477.804,fit_verifier,4555612160,592
1790755305.4835758,3129175,3478.829,fit_verifier,4555612160,592
1790755306.5167983,3129175,3479.862,fit_verifier,4555612160,592
1790755307.5431988,3129175,3480.889,fit_verifier,4555612160,592
1790755308.5716116,3129175,3481.917,fit_verifier,4555612160,592
1790755309.6023278,3129175,3482.948,fit_verifier,4555612160,592
1790755310.6324914,3129175,3483.978,fit_verifier,4555612160,592
1790755311.6626055,3129175,3485.008,fit_verifier,4555612160,592
1790755312.6908112,3129175,3486.036,fit_verifier,4555612160,592
1790755313.7187295,3129175,3487.064,fit_verifier,4555612160,592
1790755314.7469468,3129175,3488.092,fit_verifier,4555612160,592
1790755315.7765806,3129175,3489.122,fit_verifier,4555612160,592
1790755316.805768,3129175,3490.151,fit_verifier,4555612160,592
1790755317.834274,3129175,3491.18,fit_verifier,4555612160,592
1790755318.8625526,3129175,3492.208,fit_verifier,4555612160,592
1790755319.8901315,3129175,3493.236,fit_verifier,4555612160,592
1790755320.9200487,3129175,3494.266,fit_verifier,4555612160,592
1790755321.9480968,3129175,3495.294,policy_calibration,4637216768,592
1790755322.9720826,3129175,3496.318,test_policy_scoring,5067419648,592
1790755323.994287,3129175,3497.34,test_policy_scoring,5067419648,592
1790755325.0198307,3129175,3498.365,test_policy_scoring,5067419648,592
1790755326.039965,3129175,3499.386,test_policy_scoring,5067419648,592
1790755327.063326,3129175,3500.409,test_policy_scoring,5067419648,592
1790755328.0835643,3129175,3501.429,test_policy_scoring,5067419648,592
1790755329.1037736,3129175,3502.449,test_policy_scoring,5067419648,592
1790755330.1256938,3129175,3503.471,test_policy_scoring,5067419648,592
1790755331.1464436,3129175,3504.492,test_policy_scoring,5067419648,592
1790755332.1659868,3129175,3505.512,test_policy_scoring,5067419648,592
1790755333.188991,3129175,3506.535,test_policy_scoring,5456883712,592
1790755334.212223,3129175,3507.558,test_policy_scoring,5844250624,592
1790755335.2366753,3129175,3508.582,starting,5844250624,592
1790755336.2624671,3129175,3509.608,starting,4544315392,592
1790755337.289629,3129175,3510.635,starting,4967067648,592
