epoch,pid,elapsed_seconds,phase,rss_bytes,gpu_used_mib
1790751957.032036,3133074,0.353,starting,530382848,0
1790751958.176572,3133074,1.497,starting,820633600,0
1790751959.2028658,3133074,2.524,residual_clustering,1624059904,0
1790751960.2323246,3133074,3.553,residual_clustering,1620516864,0
1790751961.279167,3133074,4.6,residual_clustering,1332772864,0
1790751962.304143,3133074,5.625,starting,3506528256,0
1790751963.3274338,3133074,6.648,starting,7796432896,0
1790751964.3532968,3133074,7.674,starting,11956097024,0
1790751965.4835913,3133074,8.804,starting,15423610880,0
1790751967.0595715,3133074,10.38,starting,19748970496,0
1790751968.197389,3133074,11.518,starting,22792581120,0
1790751969.3419442,3133074,12.663,starting,25566355456,0
1790751972.46337,3133074,15.784,starting,1353027584,0
1790751973.485138,3133074,16.806,block3_selection,1522425856,0
1790751974.508892,3133074,17.83,block3_selection,1522425856,0
1790751975.5358262,3133074,18.857,block3_selection,1529163776,0
1790751976.5600696,3133074,19.881,block3_selection,1529163776,0
1790751977.5889196,3133074,20.91,block3_selection,1529163776,0
1790751978.6120286,3133074,21.933,block3_selection,1530114048,0
1790751979.6411104,3133074,22.962,block3_selection,1530114048,0
1790751980.6651173,3133074,23.986,block3_selection,1530114048,0
1790751981.68997,3133074,25.011,block3_selection,1530114048,0
1790751982.7183137,3133074,26.039,block3_selection,1530122240,0
1790751983.747076,3133074,27.068,starting,1358417920,0
1790751984.7680817,3133074,28.089,starting,1552961536,0
1790751985.78906,3133074,29.11,input_loading,3642277888,0
1790751986.8119297,3133074,30.133,input_loading,7939305472,0
1790751987.833044,3133074,31.154,input_loading,12274176000,0
1790751989.009639,3133074,32.33,input_loading,15913799680,0
1790751990.284106,3133074,33.605,input_loading,19363627008,0
1790751991.4201496,3133074,34.741,input_loading,22386946048,0
1790751992.5679595,3133074,35.889,input_loading,25164406784,0
1790751994.4665234,3133074,37.787,input_loading,23280820224,0
1790751995.7482202,3133074,39.069,starting,986976256,0
1790751996.9251904,3133074,40.246,starting,1135411200,0
1790751998.1626565,3133074,41.483,starting,1135083520,0
1790751999.4228418,3133074,42.744,starting,1136537600,0
1790752000.645012,3133074,43.966,starting,1136537600,0
1790752001.838475,3133074,45.159,starting,1136537600,0
1790752003.0404985,3133074,46.361,starting,1136537600,0
1790752004.2942982,3133074,47.615,starting,1135046656,0
1790752005.5025172,3133074,48.823,starting,1135058944,0
1790752006.5247154,3133074,49.845,starting,1135058944,0
1790752007.5507643,3133074,50.872,starting,1135058944,0
1790752008.5721457,3133074,51.893,starting,1135058944,0
1790752009.594481,3133074,52.915,starting,1135058944,0
1790752010.6149414,3133074,53.936,starting,1135058944,0
1790752011.639844,3133074,54.961,starting,1180266496,0
1790752012.6667116,3133074,55.987,starting,4691521536,0
1790752013.686917,3133074,57.008,starting,4854628352,856
1790752014.7102184,3133074,58.031,starting,4987809792,2784
1790752015.7328248,3133074,59.054,starting,4995366912,2784
1790752016.7560537,3133074,60.077,affinity1_cal,5040209920,2784
1790752017.781577,3133074,61.102,affinity1_eval,5152702464,2784
1790752018.805473,3133074,62.126,starting,4979900416,2784
1790752019.827966,3133074,63.149,starting,4996157440,2784
1790752020.8522568,3133074,64.173,affinity2_route,5016076288,2784
1790752021.878053,3133074,65.199,affinity2_eval,5152747520,2784
1790752022.9033225,3133074,66.224,affinity2_eval,5152747520,2784
1790752023.927546,3133074,67.248,starting,4980011008,2784
1790752024.9526577,3133074,68.273,starting,4980011008,2784
1790752025.9777522,3133074,69.299,affinity3_route,5042720768,2784
1790752027.0041757,3133074,70.325,affinity3_eval,5051092992,2784
1790752028.0292552,3133074,71.35,affinity3_eval,5152813056,2784
1790752029.054484,3133074,72.375,starting,4980011008,2784
1790752030.0768354,3133074,73.398,starting,4980011008,2784
1790752031.103169,3133074,74.424,affinity4_route,5033181184,2784
1790752032.1384745,3133074,75.459,affinity4_eval,5153075200,2784
1790752033.164615,3133074,76.485,affinity4_eval,5153075200,2784
1790752034.1880312,3133074,77.509,starting,4981325824,2784
1790752035.212772,3133074,78.534,affinity5_eval,5153927168,2784
1790752036.23399,3133074,79.555,starting,4981125120,2786
1790752037.2574875,3133074,80.578,affinity6_route,5034266624,2786
1790752038.2831302,3133074,81.604,affinity6_eval,5154160640,2786
1790752039.3067517,3133074,82.628,affinity6_eval,5154160640,2786
1790752040.3324826,3133074,83.653,starting,4981624832,2788
1790752041.356383,3133074,84.677,starting,4981374976,2788
1790752042.3831413,3133074,85.704,affinity8_route,5034364928,2788
1790752043.4156938,3133074,86.736,affinity8_eval,5154258944,2788
1790752044.4392014,3133074,87.76,expert1_fit,4425412608,614
1790752045.4625416,3133074,88.783,expert1_fit,4441841664,1904
1790752046.4840167,3133074,89.805,expert1_fit,4441907200,1906
1790752047.5092015,3133074,90.83,expert1_fit,4441907200,1946
1790752048.5328004,3133074,91.854,expert1_fit,4441907200,2086
1790752049.558139,3133074,92.879,expert1_fit,4441993216,2086
1790752050.5785012,3133074,93.899,expert1_fit,4441993216,2086
1790752051.5981376,3133074,94.919,expert1_fit,4441993216,2086
1790752052.6189435,3133074,95.94,expert1_fit,4441993216,2086
1790752053.6447217,3133074,96.965,expert1_fit,4441993216,2086
1790752054.6636825,3133074,97.984,expert1_fit,4441993216,2086
1790752055.6855032,3133074,99.006,expert1_fit,4441993216,2086
1790752056.7096894,3133074,100.03,expert1_fit,4441993216,2086
1790752057.7362385,3133074,101.057,expert1_fit,4441993216,2086
1790752058.7620656,3133074,102.083,expert1_fit,4441993216,2086
1790752059.7857728,3133074,103.107,expert1_fit,4441993216,2086
1790752060.8094363,3133074,104.13,expert1_fit,4441993216,2086
1790752061.8309581,3133074,105.152,starting,4442009600,2182
1790752062.8541696,3133074,106.175,starting,4442009600,2182
1790752063.8791769,3133074,107.2,starting,4442009600,2182
1790752064.9007869,3133074,108.222,starting,4442009600,2182
1790752065.9242682,3133074,109.245,starting,4442009600,2182
1790752066.9485538,3133074,110.269,starting,4442009600,2182
1790752067.9691353,3133074,111.29,starting,4442009600,2182
1790752068.9905446,3133074,112.311,starting,4442009600,2182
1790752070.013164,3133074,113.334,starting,4442009600,2182
1790752071.039391,3133074,114.36,starting,4442009600,2182
1790752072.0636647,3133074,115.384,starting,4442009600,2182
1790752073.0856063,3133074,116.406,starting,4442009600,2182
1790752074.1139646,3133074,117.435,starting,4442009600,2182
1790752075.1361668,3133074,118.457,starting,4442009600,2182
1790752076.159192,3133074,119.48,starting,4442009600,2182
1790752077.1848395,3133074,120.506,starting,4442009600,2182
1790752078.2095363,3133074,121.53,starting,4442009600,2182
1790752079.235689,3133074,122.556,starting,4442009600,2182
1790752080.2603407,3133074,123.581,starting,4442009600,2182
1790752081.2856648,3133074,124.606,starting,4442009600,2182
1790752082.3067856,3133074,125.628,starting,4442009600,2182
1790752083.3294241,3133074,126.65,expert1_route,4534722560,2182
1790752084.3509617,3133074,127.672,expert1_route,4534722560,2182
1790752085.373941,3133074,128.695,expert1_route,4534722560,2442
1790752086.3966658,3133074,129.717,expert1_route,4534722560,2462
1790752087.4214087,3133074,130.742,expert1_route,4534722560,2462
1790752088.4426396,3133074,131.763,expert1_route,4534722560,2482
1790752089.4679508,3133074,132.789,expert1_route,4534722560,2482
1790752090.490961,3133074,133.812,expert1_route,4534722560,2502
1790752091.5101173,3133074,134.831,expert1_route,4534722560,2502
1790752092.530813,3133074,135.852,expert1_route,4534722560,2502
1790752093.5519023,3133074,136.873,expert1_route,4534722560,2502
1790752094.5801618,3133074,137.901,expert1_route,4534722560,2502
1790752095.604175,3133074,138.925,expert1_route,4534722560,2502
1790752096.627913,3133074,139.949,expert1_route,4534722560,2502
1790752097.651874,3133074,140.973,expert1_route,4534722560,2502
1790752098.6833282,3133074,142.004,expert1_route,4535881728,2502
1790752099.707035,3133074,143.028,expert1_route,4535881728,2502
1790752100.7312593,3133074,144.052,expert1_route,4535881728,2502
1790752101.7513127,3133074,145.072,expert1_route,4535881728,2502
1790752102.7719004,3133074,146.093,expert1_route,4535881728,2502
1790752103.7939146,3133074,147.115,expert1_route,4535881728,2502
1790752104.8152418,3133074,148.136,expert1_route,4535881728,2502
1790752105.8404307,3133074,149.161,expert1_route,4535881728,2502
1790752106.861992,3133074,150.183,expert1_route,4535881728,2502
1790752107.8846705,3133074,151.205,expert1_route,4535881728,2502
1790752108.9084115,3133074,152.229,expert1_route,4535881728,2502
1790752109.9310844,3133074,153.252,expert1_route,4535881728,2502
1790752110.9536867,3133074,154.274,expert1_route,4535881728,2502
1790752111.9762552,3133074,155.297,expert1_route,4535881728,2502
1790752112.996296,3133074,156.317,expert1_route,4535881728,2502
1790752114.0184994,3133074,157.339,expert1_route,4535881728,2502
1790752115.0444713,3133074,158.365,expert1_route,4535881728,2502
1790752116.0661054,3133074,159.387,expert1_route,4535881728,2502
1790752117.0859742,3133074,160.407,expert1_route,4535881728,2502
1790752118.1076362,3133074,161.428,expert1_route,4535881728,2502
1790752119.1317945,3133074,162.453,expert1_route,4535881728,2502
1790752120.1547074,3133074,163.475,expert1_route,4535881728,2502
1790752121.1757946,3133074,164.497,expert1_route,4535881728,2502
1790752122.1957922,3133074,165.517,expert1_route,4535881728,2502
1790752123.2170331,3133074,166.538,expert1_route,4535881728,2502
1790752124.2423394,3133074,167.563,expert1_route,4535881728,2502
1790752125.2687654,3133074,168.59,expert1_route,4535881728,2502
1790752126.2914429,3133074,169.612,expert1_route,4535881728,2502
1790752127.3192556,3133074,170.64,expert1_route,4535881728,2502
1790752128.3409615,3133074,171.662,expert1_route,4535881728,2502
1790752129.3621483,3133074,172.683,expert1_route,4535881728,2502
1790752130.3834057,3133074,173.704,expert1_route,4535881728,2502
1790752131.4021394,3133074,174.723,expert1_route,4535881728,2502
1790752132.422806,3133074,175.744,expert1_route,4535881728,2502
1790752133.4439225,3133074,176.765,expert1_route,4535881728,2502
1790752134.4652016,3133074,177.786,expert1_route,4535881728,2502
1790752135.4863682,3133074,178.807,expert1_route,4535881728,2502
1790752136.5080967,3133074,179.829,expert1_route,4535881728,2502
1790752137.5305026,3133074,180.851,expert1_route,4535881728,2502
1790752138.5528142,3133074,181.874,expert1_route,4535881728,2502
1790752139.574668,3133074,182.895,expert1_route,4535881728,2502
1790752140.6007564,3133074,183.922,expert1_route,4535881728,2502
1790752141.6280284,3133074,184.949,expert1_route,4535881728,2502
1790752142.6515014,3133074,185.972,expert1_route,4535881728,2502
1790752143.6773815,3133074,186.998,expert1_route,4535881728,2502
1790752144.6996353,3133074,188.02,expert1_route,4535881728,2502
1790752145.7191236,3133074,189.04,expert1_route,4535881728,2502
1790752146.7400825,3133074,190.061,expert1_cal,4496715776,2502
1790752147.7598486,3133074,191.081,expert1_cal,4496715776,2502
1790752148.781713,3133074,192.102,expert1_cal,4496715776,2502
1790752149.8075125,3133074,193.128,expert1_cal,4496715776,2502
1790752150.8295236,3133074,194.15,expert1_cal,4496715776,2502
1790752151.856934,3133074,195.178,expert1_cal,4496715776,2502
1790752152.876123,3133074,196.197,expert1_cal,4496715776,2502
1790752153.8998332,3133074,197.221,expert1_cal,4496715776,2502
1790752154.9237573,3133074,198.245,expert1_cal,4496715776,2502
1790752155.9503622,3133074,199.271,expert1_cal,4496715776,2502
1790752156.976176,3133074,200.297,expert1_cal,4496715776,2502
1790752158.001207,3133074,201.322,expert1_cal,4496715776,2502
1790752159.0237947,3133074,202.345,expert1_cal,4496715776,2502
1790752160.044047,3133074,203.365,expert1_cal,4496715776,2502
1790752161.065026,3133074,204.386,expert1_cal,4496715776,2502
1790752162.0861328,3133074,205.407,expert1_cal,4496715776,2502
1790752163.1078277,3133074,206.429,expert1_cal,4496715776,2502
1790752164.1281874,3133074,207.449,expert1_cal,4496715776,2502
1790752165.1498408,3133074,208.471,expert1_cal,4496715776,2502
1790752166.1750393,3133074,209.496,expert1_cal,4496715776,2502
1790752167.2016373,3133074,210.522,expert1_cal,4496715776,2502
1790752168.224364,3133074,211.545,expert1_cal,4496715776,2502
1790752169.2484064,3133074,212.569,expert1_cal,4496715776,2502
1790752170.2724411,3133074,213.593,expert1_cal,4496715776,2502
1790752171.306201,3133074,214.627,expert1_cal,4496715776,2502
1790752172.328691,3133074,215.649,expert1_cal,4496715776,2502
1790752173.3522918,3133074,216.673,expert1_cal,4496715776,2502
1790752174.3780293,3133074,217.699,expert1_cal,4496715776,2502
1790752175.4027858,3133074,218.724,expert1_cal,4496715776,2502
1790752176.4271047,3133074,219.748,expert1_cal,4496715776,2502
1790752177.4485202,3133074,220.769,expert1_cal,4496715776,2502
1790752178.470715,3133074,221.791,expert1_cal,4496715776,2502
1790752179.4915721,3133074,222.812,expert1_cal,4496715776,2502
1790752180.512408,3133074,223.833,expert1_cal,4496715776,2502
1790752181.5334768,3133074,224.854,expert1_cal,4496715776,2502
1790752182.5530837,3133074,225.874,expert1_cal,4496715776,2502
1790752183.572862,3133074,226.894,expert1_cal,4496715776,2502
1790752184.5940053,3133074,227.915,expert1_cal,4496715776,2502
1790752185.6154487,3133074,228.936,expert1_cal,4496715776,2502
1790752186.643663,3133074,229.964,expert1_eval,4924837888,2502
1790752187.6967201,3133074,231.017,expert1_eval,4861255680,2502
1790752188.7190466,3133074,232.04,expert1_eval,4861255680,2502
1790752189.7439158,3133074,233.065,expert1_eval,4861255680,2502
1790752190.7639718,3133074,234.085,expert1_eval,4861255680,2502
1790752191.7868621,3133074,235.108,expert1_eval,4861255680,2502
1790752192.8088036,3133074,236.13,expert1_eval,4861255680,2502
1790752193.8292332,3133074,237.15,expert1_eval,4861255680,2502
1790752194.8510695,3133074,238.172,expert1_eval,4861255680,2502
1790752195.8773746,3133074,239.198,expert1_eval,4861255680,2502
1790752196.9019735,3133074,240.223,expert1_eval,4861255680,2502
1790752197.9238162,3133074,241.245,expert1_eval,4861255680,2502
1790752198.958331,3133074,242.279,expert1_eval,4861255680,2502
1790752199.9791276,3133074,243.3,expert1_eval,4861255680,2502
1790752201.0062895,3133074,244.327,expert1_eval,4861255680,2502
1790752202.0289812,3133074,245.35,expert1_eval,4861255680,2502
1790752203.0524893,3133074,246.373,expert1_eval,4861255680,2502
1790752204.0744216,3133074,247.395,expert1_eval,4861255680,2502
1790752205.094384,3133074,248.415,expert1_eval,4861255680,2502
1790752206.1134903,3133074,249.434,expert1_eval,4861255680,2502
1790752207.1363657,3133074,250.457,expert1_eval,4861255680,2502
1790752208.158541,3133074,251.479,expert1_eval,4861255680,2502
1790752209.1806934,3133074,252.501,expert1_eval,4861255680,2502
1790752210.2029967,3133074,253.524,expert1_eval,4861255680,2502
1790752211.2246137,3133074,254.545,expert1_eval,4861255680,2502
1790752212.248213,3133074,255.569,expert1_eval,4861255680,2502
1790752213.2680714,3133074,256.589,expert1_eval,4861255680,2502
1790752214.2878523,3133074,257.609,expert1_eval,4861255680,2502
1790752215.3077395,3133074,258.628,expert1_eval,4861255680,2502
1790752216.3269687,3133074,259.648,expert1_eval,4861255680,2502
1790752217.3490129,3133074,260.67,expert1_eval,4861255680,2502
1790752218.3750525,3133074,261.696,expert1_eval,4861255680,2502
1790752219.400588,3133074,262.721,expert1_eval,4861255680,2502
1790752220.4259455,3133074,263.747,expert1_eval,4861255680,2502
1790752221.452044,3133074,264.773,expert1_eval,4861255680,2502
1790752222.4770613,3133074,265.798,expert1_eval,4861255680,2502
1790752223.5029035,3133074,266.824,expert1_eval,4861255680,2502
1790752224.5276868,3133074,267.848,expert1_eval,4861255680,2502
1790752225.5550294,3133074,268.876,expert1_eval,4861255680,2502
1790752226.5802631,3133074,269.901,expert1_eval,4861255680,2502
1790752227.6065302,3133074,270.927,expert1_eval,4861255680,2502
1790752228.6264052,3133074,271.947,expert1_eval,4861255680,2502
1790752229.6488602,3133074,272.97,expert1_eval,4861255680,2502
1790752230.6698174,3133074,273.991,expert1_eval,4861255680,2502
1790752231.6901863,3133074,275.011,expert1_eval,4861255680,2502
1790752232.7099469,3133074,276.031,expert1_eval,4861255680,2502
1790752233.7328653,3133074,277.054,expert1_eval,4861255680,2502
1790752234.7519672,3133074,278.073,expert1_eval,4861255680,2502
1790752235.7740884,3133074,279.095,expert1_eval,4861255680,2502
1790752236.796152,3133074,280.117,expert1_eval,4861255680,2502
1790752237.8218856,3133074,281.143,expert1_eval,4861255680,2502
1790752238.8468227,3133074,282.168,expert1_eval,4861255680,2502
1790752239.870491,3133074,283.191,expert1_eval,4861255680,2502
1790752240.896495,3133074,284.217,expert1_eval,4861255680,2502
1790752241.9218044,3133074,285.243,expert1_eval,4861255680,2502
1790752242.948695,3133074,286.269,expert1_eval,4861255680,2502
1790752243.9739783,3133074,287.295,expert1_eval,4861255680,2502
1790752244.999902,3133074,288.321,expert1_eval,4861255680,2502
1790752246.022538,3133074,289.343,expert1_eval,4861255680,2502
1790752247.0430365,3133074,290.364,expert1_eval,4861255680,2502
1790752248.0646696,3133074,291.385,expert1_eval,4861255680,2502
1790752249.0869563,3133074,292.408,expert1_eval,4861255680,2502
1790752250.1119478,3133074,293.433,expert1_eval,4861255680,2502
1790752251.1382399,3133074,294.459,expert1_eval,4861255680,2502
1790752252.1634452,3133074,295.484,expert1_eval,4861255680,2502
1790752253.1889684,3133074,296.51,expert1_eval,4861255680,2502
1790752254.2132676,3133074,297.534,expert1_eval,4861255680,2502
1790752255.2347224,3133074,298.555,expert1_eval,4861255680,2502
1790752256.2554603,3133074,299.576,expert1_eval,4861255680,2502
1790752257.2747476,3133074,300.595,expert1_eval,4861255680,2502
1790752258.294504,3133074,301.615,expert1_eval,4861255680,2502
1790752259.3145444,3133074,302.635,expert1_eval,4861255680,2502
1790752260.3388882,3133074,303.66,expert1_eval,4861255680,2502
1790752261.3608153,3133074,304.682,expert1_eval,4861255680,2502
1790752262.3863306,3133074,305.707,expert1_eval,4861255680,2502
1790752263.4094694,3133074,306.73,expert1_eval,4861255680,2502
1790752264.4292433,3133074,307.75,expert1_eval,4861255680,2502
1790752265.448918,3133074,308.77,expert1_eval,4861255680,2502
1790752266.4710395,3133074,309.792,expert1_eval,4861255680,2502
1790752267.5009701,3133074,310.822,expert1_eval,4861255680,2502
1790752268.5252085,3133074,311.846,expert1_eval,4861255680,2502
1790752269.548743,3133074,312.869,expert1_eval,4861255680,2502
1790752270.5678916,3133074,313.889,expert1_eval,4861255680,2502
1790752271.5895252,3133074,314.91,expert1_eval,4861255680,2502
1790752272.6110466,3133074,315.932,expert1_eval,4861255680,2502
1790752273.6326718,3133074,316.953,expert1_eval,4861255680,2502
1790752274.657637,3133074,317.978,expert1_eval,4861255680,2502
1790752275.68289,3133074,319.004,expert1_eval,4861255680,2502
1790752276.7049887,3133074,320.026,expert1_eval,4861255680,2502
1790752277.730633,3133074,321.051,expert1_eval,4861255680,2502
1790752278.7594786,3133074,322.08,expert1_eval,4861255680,2502
1790752279.7839327,3133074,323.105,expert1_eval,4861255680,2502
1790752280.8071437,3133074,324.128,expert1_eval,4861255680,2502
1790752281.830045,3133074,325.151,expert1_eval,4861255680,2502
1790752282.853882,3133074,326.175,expert1_eval,4861255680,2502
1790752283.879711,3133074,327.2,expert1_eval,4861255680,2502
1790752284.9044654,3133074,328.225,expert1_eval,4861255680,2502
1790752285.9249759,3133074,329.246,expert1_eval,4861255680,2502
1790752286.9480631,3133074,330.269,expert1_eval,4861255680,2502
1790752287.9735746,3133074,331.294,expert1_eval,4861255680,2502
1790752288.9960206,3133074,332.317,expert1_eval,4861255680,2502
1790752290.0219533,3133074,333.343,expert1_eval,4861255680,2502
1790752291.0452273,3133074,334.366,expert1_eval,4861255680,2502
1790752292.0665667,3133074,335.387,expert1_eval,4861255680,2502
1790752293.0891337,3133074,336.41,expert1_eval,4861255680,2502
1790752294.116624,3133074,337.437,expert1_eval,4861255680,2502
1790752295.1384947,3133074,338.459,expert1_eval,4861255680,2502
1790752296.160929,3133074,339.482,expert1_eval,4861255680,2502
1790752297.1819727,3133074,340.503,expert1_eval,4861255680,2502
1790752298.2073805,3133074,341.528,expert1_eval,4861255680,2502
1790752299.2331874,3133074,342.554,expert1_eval,4861255680,2502
1790752300.2563405,3133074,343.577,expert1_eval,4861255680,2502
1790752301.2800126,3133074,344.601,expert1_eval,4861255680,2502
1790752302.3032765,3133074,345.624,expert1_eval,4861255680,2502
1790752303.3231754,3133074,346.644,expert1_eval,4861255680,2502
1790752304.3433177,3133074,347.664,expert1_eval,4861255680,2502
1790752305.36492,3133074,348.686,expert1_eval,4861255680,2502
1790752306.3903093,3133074,349.711,expert1_eval,4861255680,2502
1790752307.412682,3133074,350.733,expert1_eval,4861255680,2502
1790752308.4338875,3133074,351.755,expert1_eval,4861255680,2502
1790752309.4560313,3133074,352.777,expert1_eval,4861255680,2502
1790752310.4812133,3133074,353.802,expert1_eval,4861255680,2502
1790752311.5087428,3133074,354.829,expert1_eval,4861255680,2502
1790752312.5290864,3133074,355.85,expert1_eval,4861255680,2502
1790752313.5510244,3133074,356.872,expert1_eval,4861255680,2502
1790752314.5737784,3133074,357.895,expert1_eval,4861255680,2502
1790752315.6000724,3133074,358.921,expert1_eval,4861255680,2502
1790752316.6225162,3133074,359.943,expert1_eval,4861255680,2502
1790752317.6477773,3133074,360.969,expert1_eval,4861255680,2502
1790752318.6698208,3133074,361.991,expert1_eval,4861255680,2502
1790752319.6897478,3133074,363.01,expert1_eval,4861255680,2502
1790752320.7107,3133074,364.031,expert1_eval,4861255680,2502
1790752321.7320433,3133074,365.053,expert1_eval,4861255680,2502
1790752322.7571566,3133074,366.078,expert1_eval,4861255680,2502
1790752323.7829912,3133074,367.104,expert1_eval,4861255680,2502
1790752324.8087573,3133074,368.13,expert1_eval,4861255680,2502
1790752325.8342066,3133074,369.155,expert1_eval,4861255680,2502
1790752326.8630397,3133074,370.184,expert1_eval,4861255680,2502
1790752327.8879979,3133074,371.209,expert1_eval,4861255680,2502
1790752328.9153235,3133074,372.236,expert1_eval,4861255680,2502
1790752329.9361532,3133074,373.257,expert1_eval,4861255680,2502
1790752330.9583132,3133074,374.279,expert1_eval,4861255680,2502
1790752331.978844,3133074,375.3,expert1_eval,4861255680,2502
1790752333.0003834,3133074,376.321,expert1_eval,4861255680,2502
1790752334.0230935,3133074,377.344,expert1_eval,4861255680,2502
1790752335.0488067,3133074,378.37,expert1_eval,4861255680,2502
1790752336.0736706,3133074,379.394,expert1_eval,4861255680,2502
1790752337.0955472,3133074,380.416,expert1_eval,4861255680,2502
1790752338.123995,3133074,381.445,expert1_eval,4861255680,2502
1790752339.1480331,3133074,382.469,expert1_eval,4861255680,2502
1790752340.1758432,3133074,383.497,expert1_eval,4861255680,2502
1790752341.1982942,3133074,384.519,expert1_eval,4861255680,2502
1790752342.2217264,3133074,385.542,expert1_eval,4861255680,2502
1790752343.2456555,3133074,386.566,expert1_eval,4861255680,2502
1790752344.2725194,3133074,387.593,expert1_eval,4861255680,2502
1790752345.2915459,3133074,388.612,expert1_eval,4861255680,2502
1790752346.313,3133074,389.634,expert1_eval,4861255680,2502
1790752347.335085,3133074,390.656,expert1_eval,4861255680,2502
1790752348.3558776,3133074,391.677,expert1_eval,4861255680,2502
1790752349.3795178,3133074,392.7,expert1_eval,4861255680,2502
1790752350.4033508,3133074,393.724,expert1_eval,4861255680,2502
1790752351.4260705,3133074,394.747,expert1_eval,4861255680,2502
1790752352.4514282,3133074,395.772,expert1_eval,4861255680,2502
1790752353.4749327,3133074,396.796,expert1_eval,4861255680,2502
1790752354.4957855,3133074,397.817,expert1_eval,4861255680,2502
1790752355.5204325,3133074,398.841,expert1_eval,4861255680,2502
1790752356.5460393,3133074,399.867,expert1_eval,4861255680,2502
1790752357.5711846,3133074,400.892,expert1_eval,4861255680,2502
1790752358.5951765,3133074,401.916,expert1_eval,4861255680,2502
1790752359.6190193,3133074,402.94,expert1_eval,4861255680,2502
1790752360.6426964,3133074,403.963,expert1_eval,4861255680,2502
1790752361.6646047,3133074,404.985,expert1_eval,4861255680,2502
1790752362.7115338,3133074,406.032,expert1_eval,4861255680,2502
1790752363.7362516,3133074,407.057,expert1_eval,4861255680,2502
1790752364.7600052,3133074,408.081,expert1_eval,4861255680,2502
1790752365.7822952,3133074,409.103,expert1_eval,4861255680,2502
1790752366.804534,3133074,410.125,expert1_eval,4861255680,2502
1790752367.8261852,3133074,411.147,expert1_eval,4861255680,2502
1790752368.8490617,3133074,412.17,expert1_eval,4861255680,2502
1790752369.8699617,3133074,413.191,expert1_eval,4861255680,2502
1790752370.8920472,3133074,414.213,expert1_eval,4861255680,2502
1790752371.9133883,3133074,415.234,expert1_eval,4861255680,2502
1790752372.9371204,3133074,416.258,expert1_eval,4861255680,2502
1790752373.9616785,3133074,417.282,expert1_eval,4861255680,2502
1790752374.983281,3133074,418.304,expert1_eval,4861255680,2502
1790752376.0088677,3133074,419.33,expert1_eval,4861255680,2502
1790752377.0348973,3133074,420.356,expert1_eval,4861255680,2502
1790752378.060325,3133074,421.381,expert1_eval,4861255680,2502
1790752379.0838187,3133074,422.405,expert1_eval,4861255680,2502
1790752380.1034827,3133074,423.424,expert1_eval,4861255680,2502
1790752381.1238232,3133074,424.445,expert1_eval,4861255680,2502
1790752382.1438627,3133074,425.465,expert1_eval,4861255680,2502
1790752383.165907,3133074,426.487,expert1_eval,4861255680,2502
1790752384.191136,3133074,427.512,expert1_eval,4861255680,2502
1790752385.2162862,3133074,428.537,expert1_eval,4861255680,2502
1790752386.240331,3133074,429.561,expert1_eval,4861255680,2502
1790752387.2635071,3133074,430.584,expert1_eval,4861255680,2502
1790752388.2859917,3133074,431.607,expert1_eval,4861255680,2502
1790752389.3132823,3133074,432.634,expert1_eval,4861255680,2502
1790752390.338813,3133074,433.66,expert1_eval,4861255680,2502
1790752391.3635383,3133074,434.684,expert1_eval,4861255680,2502
1790752392.3871632,3133074,435.708,expert1_eval,4861255680,2502
1790752393.4070587,3133074,436.728,expert1_eval,4861255680,2502
1790752394.4267154,3133074,437.747,expert1_eval,4861255680,2502
1790752395.447052,3133074,438.768,expert1_eval,4861255680,2502
1790752396.468991,3133074,439.79,expert1_eval,4861255680,2502
1790752397.4908075,3133074,440.812,expert1_eval,4861255680,2502
1790752398.516045,3133074,441.837,expert1_eval,4861255680,2502
1790752399.5420158,3133074,442.863,expert1_eval,4861255680,2502
1790752400.5648434,3133074,443.886,expert1_eval,4861255680,2502
1790752401.5879462,3133074,444.909,expert1_eval,4861255680,2502
1790752402.6106057,3133074,445.931,expert1_eval,4861255680,2502
1790752403.6293676,3133074,446.95,expert1_eval,4861255680,2502
1790752404.649627,3133074,447.97,expert1_eval,4861255680,2502
1790752405.6702566,3133074,448.991,expert1_eval,4861255680,2502
1790752406.6951618,3133074,450.016,expert1_eval,4861255680,2502
1790752407.7183695,3133074,451.039,expert1_eval,4861255680,2502
1790752408.7414002,3133074,452.062,expert1_eval,4861255680,2502
1790752409.7671657,3133074,453.088,expert1_eval,4861255680,2502
1790752410.789059,3133074,454.11,expert1_eval,4861255680,2502
1790752411.8101387,3133074,455.131,expert1_eval,4861255680,2502
1790752412.8350546,3133074,456.156,expert1_eval,4861255680,2502
1790752413.8598416,3133074,457.181,expert1_eval,4861255680,2502
1790752414.8848062,3133074,458.206,expert1_eval,4861255680,2502
1790752415.9092212,3133074,459.23,expert1_eval,4861255680,2502
1790752416.9346282,3133074,460.255,expert1_eval,4861255680,2502
1790752417.9590807,3133074,461.28,expert1_eval,4861255680,2502
1790752418.986419,3133074,462.307,expert1_eval,4861255680,2502
1790752420.012823,3133074,463.334,expert2_fit,4443254784,590
1790752421.034341,3133074,464.355,expert2_fit,4443254784,1366
1790752422.0604944,3133074,465.381,expert2_fit,4443254784,1366
1790752423.0869172,3133074,466.408,expert2_fit,4443254784,1366
1790752424.1094224,3133074,467.43,starting,4443254784,1462
1790752425.130254,3133074,468.451,starting,4443254784,1462
1790752426.152682,3133074,469.473,starting,4443254784,1462
1790752427.175493,3133074,470.496,starting,4443254784,1462
1790752428.1975198,3133074,471.518,starting,4443254784,1462
1790752429.218677,3133074,472.539,starting,4443254784,1462
1790752430.2440872,3133074,473.565,starting,4443254784,1462
1790752431.269505,3133074,474.59,starting,4443254784,1462
1790752432.2940407,3133074,475.615,expert2_route,4535881728,1462
1790752433.3186257,3133074,476.639,expert2_route,4535881728,1602
1790752434.3404653,3133074,477.661,expert2_route,4535881728,1742
1790752435.3620389,3133074,478.683,expert2_route,4535881728,1742
1790752436.3849862,3133074,479.706,expert2_route,4535881728,1762
1790752437.404586,3133074,480.725,expert2_route,4535881728,1782
1790752438.427879,3133074,481.749,expert2_route,4535881728,1802
1790752439.4505095,3133074,482.771,expert2_route,4535881728,1802
1790752440.4741206,3133074,483.795,expert2_route,4535881728,1822
1790752441.496917,3133074,484.818,expert2_route,4535881728,1822
1790752442.5246835,3133074,485.845,expert2_route,4535881728,1822
1790752443.5503771,3133074,486.871,expert2_route,4535881728,1822
1790752444.6128433,3133074,487.934,expert2_route,4535881728,1822
1790752445.6334362,3133074,488.954,expert2_route,4535881728,1822
1790752446.6579049,3133074,489.979,expert2_route,4535881728,1822
1790752447.6793075,3133074,491.0,expert2_route,4535881728,1822
1790752448.7034016,3133074,492.024,expert2_route,4535881728,1822
1790752449.7287476,3133074,493.049,expert2_route,4535881728,1822
1790752450.7519748,3133074,494.073,expert2_route,4535881728,1822
1790752451.7734632,3133074,495.094,expert2_route,4535881728,1822
1790752452.7972355,3133074,496.118,expert2_route,4535881728,1822
1790752453.819953,3133074,497.141,expert2_route,4535881728,1822
1790752454.8456192,3133074,498.166,expert2_route,4535881728,1822
1790752455.8685555,3133074,499.189,expert2_route,4535881728,1822
1790752456.891358,3133074,500.212,expert2_route,4535881728,1822
1790752457.91553,3133074,501.236,expert2_route,4535881728,1822
1790752458.9411576,3133074,502.262,expert2_route,4535881728,1822
1790752459.9659212,3133074,503.287,expert2_route,4535881728,1822
1790752460.9881065,3133074,504.309,expert2_route,4535881728,1822
1790752462.0132403,3133074,505.334,expert2_route,4535881728,1822
1790752463.0353985,3133074,506.356,expert2_route,4535881728,1822
1790752464.061663,3133074,507.382,expert2_route,4535881728,1822
1790752465.0965674,3133074,508.417,expert2_route,4535881728,1822
1790752466.1226256,3133074,509.443,expert2_route,4535881728,1822
1790752467.1434739,3133074,510.464,expert2_route,4535881728,1822
1790752468.166009,3133074,511.487,expert2_route,4535881728,1822
1790752469.1937037,3133074,512.514,expert2_route,4535881728,1822
1790752470.2158842,3133074,513.537,expert2_cal,4496715776,1822
1790752471.237302,3133074,514.558,expert2_cal,4496715776,1822
1790752472.258799,3133074,515.58,expert2_cal,4496715776,1822
1790752473.2834518,3133074,516.604,expert2_cal,4496715776,1822
1790752474.3088226,3133074,517.63,expert2_cal,4496715776,1822
1790752475.333589,3133074,518.654,expert2_cal,4496715776,1822
1790752476.3578572,3133074,519.679,expert2_cal,4496715776,1822
1790752477.3817108,3133074,520.702,expert2_cal,4496715776,1822
1790752478.4067817,3133074,521.728,expert2_cal,4496715776,1822
1790752479.4312031,3133074,522.752,expert2_cal,4496715776,1822
1790752480.4575768,3133074,523.778,expert2_cal,4496715776,1822
1790752481.4772394,3133074,524.798,expert2_cal,4496715776,1822
1790752482.5037072,3133074,525.824,expert2_cal,4496715776,1822
1790752483.533281,3133074,526.854,expert2_cal,4496715776,1822
1790752484.5548859,3133074,527.876,expert2_cal,4496715776,1822
1790752485.5820527,3133074,528.903,expert2_cal,4496715776,1822
1790752486.6071885,3133074,529.928,expert2_cal,4496715776,1822
1790752487.630823,3133074,530.952,expert2_cal,4496715776,1822
1790752488.6538866,3133074,531.975,expert2_cal,4496715776,1822
1790752489.678618,3133074,532.999,expert2_cal,4496715776,1822
1790752490.7037585,3133074,534.025,expert2_cal,4496715776,1822
1790752491.730689,3133074,535.051,expert2_eval,4977266688,1822
1790752492.7545207,3133074,536.075,expert2_eval,4861255680,1822
1790752493.7786329,3133074,537.099,expert2_eval,4861255680,1822
1790752494.8050964,3133074,538.126,expert2_eval,4861255680,1822
1790752495.830111,3133074,539.151,expert2_eval,4861255680,1822
1790752496.8725517,3133074,540.193,expert2_eval,4861255680,1822
1790752497.8969746,3133074,541.218,expert2_eval,4861255680,1822
1790752498.9204996,3133074,542.241,expert2_eval,4861255680,1822
1790752499.9424965,3133074,543.263,expert2_eval,4861255680,1822
1790752500.9664054,3133074,544.287,expert2_eval,4861255680,1822
1790752501.9910505,3133074,545.312,expert2_eval,4861255680,1822
1790752503.016601,3133074,546.337,expert2_eval,4861255680,1822
1790752504.0417871,3133074,547.363,expert2_eval,4861255680,1822
1790752505.0669715,3133074,548.388,expert2_eval,4861255680,1822
1790752506.091961,3133074,549.413,expert2_eval,4861255680,1822
1790752507.1108904,3133074,550.432,expert2_eval,4861255680,1822
1790752508.1317148,3133074,551.452,expert2_eval,4861255680,1822
1790752509.1511664,3133074,552.472,expert2_eval,4861255680,1822
1790752510.1723318,3133074,553.493,expert2_eval,4861255680,1822
1790752511.1948738,3133074,554.516,expert2_eval,4861255680,1822
1790752512.2493129,3133074,555.57,expert2_eval,4861255680,1822
1790752513.2745447,3133074,556.595,expert2_eval,4861255680,1822
1790752514.3008347,3133074,557.622,expert2_eval,4861255680,1822
1790752515.3255792,3133074,558.646,expert2_eval,4861255680,1822
1790752516.350263,3133074,559.671,expert2_eval,4861255680,1822
1790752517.372669,3133074,560.693,expert2_eval,4861255680,1822
1790752518.3993635,3133074,561.72,expert2_eval,4861255680,1822
1790752519.4237883,3133074,562.745,expert2_eval,4861255680,1822
1790752520.4488351,3133074,563.77,expert2_eval,4861255680,1822
1790752521.4679832,3133074,564.789,expert2_eval,4861255680,1822
1790752522.4889495,3133074,565.81,expert2_eval,4861255680,1822
1790752523.5136297,3133074,566.834,expert2_eval,4861255680,1822
1790752524.5401597,3133074,567.861,expert2_eval,4861255680,1822
1790752525.5661314,3133074,568.887,expert2_eval,4861255680,1822
1790752526.591176,3133074,569.912,expert2_eval,4861255680,1822
1790752527.6265612,3133074,570.947,expert2_eval,4861255680,1822
1790752528.6504846,3133074,571.971,expert2_eval,4861255680,1822
1790752529.67731,3133074,572.998,expert2_eval,4861255680,1822
1790752530.6965716,3133074,574.017,expert2_eval,4861255680,1822
1790752531.7173448,3133074,575.038,expert2_eval,4861255680,1822
1790752532.737851,3133074,576.059,expert2_eval,4861255680,1822
1790752533.7581549,3133074,577.079,expert2_eval,4861255680,1822
1790752534.7830029,3133074,578.104,expert2_eval,4861255680,1822
1790752535.8078864,3133074,579.129,expert2_eval,4861255680,1822
1790752536.833318,3133074,580.154,expert2_eval,4861255680,1822
1790752537.8560548,3133074,581.177,expert2_eval,4861255680,1822
1790752538.876095,3133074,582.197,expert2_eval,4861255680,1822
1790752539.8973887,3133074,583.218,expert2_eval,4861255680,1822
1790752540.9201026,3133074,584.241,expert2_eval,4861255680,1822
1790752541.9475935,3133074,585.268,expert2_eval,4861255680,1822
1790752542.9780574,3133074,586.299,expert2_eval,4861255680,1822
1790752544.0042238,3133074,587.325,expert2_eval,4861255680,1822
1790752545.0321107,3133074,588.353,expert2_eval,4861255680,1822
1790752546.0554564,3133074,589.376,expert2_eval,4861255680,1822
1790752547.0796447,3133074,590.4,expert2_eval,4861255680,1822
1790752548.1049206,3133074,591.426,expert2_eval,4861255680,1822
1790752549.1269832,3133074,592.448,expert2_eval,4861255680,1822
1790752550.152456,3133074,593.473,expert2_eval,4861255680,1822
1790752551.1735885,3133074,594.494,expert2_eval,4861255680,1822
1790752552.199126,3133074,595.52,expert2_eval,4861255680,1822
1790752553.224678,3133074,596.545,expert2_eval,4861255680,1822
1790752554.2490013,3133074,597.57,expert2_eval,4861255680,1822
1790752555.272029,3133074,598.593,expert2_eval,4861255680,1822
1790752556.2989788,3133074,599.62,expert2_eval,4861255680,1822
1790752557.3253055,3133074,600.646,expert2_eval,4861255680,1822
1790752558.354473,3133074,601.675,expert2_eval,4861255680,1822
1790752559.3755999,3133074,602.696,expert2_eval,4861255680,1822
1790752560.4030356,3133074,603.724,expert2_eval,4861255680,1822
1790752561.4228418,3133074,604.744,expert2_eval,4861255680,1822
1790752562.445356,3133074,605.766,expert2_eval,4861255680,1822
1790752563.4705894,3133074,606.791,expert2_eval,4861255680,1822
1790752564.493671,3133074,607.814,expert2_eval,4861255680,1822
1790752565.5152645,3133074,608.836,expert2_eval,4861255680,1822
1790752566.540247,3133074,609.861,expert2_eval,4861255680,1822
1790752567.5622084,3133074,610.883,expert2_eval,4861255680,1822
1790752568.5872571,3133074,611.908,expert2_eval,4861255680,1822
1790752569.6120627,3133074,612.933,expert2_eval,4861255680,1822
1790752570.636279,3133074,613.957,expert2_eval,4861255680,1822
1790752571.6589391,3133074,614.98,expert2_eval,4861255680,1822
1790752572.682907,3133074,616.004,expert2_eval,4861255680,1822
1790752573.7119415,3133074,617.033,expert2_eval,4861255680,1822
1790752574.733179,3133074,618.054,expert2_eval,4861255680,1822
1790752575.7598825,3133074,619.081,expert2_eval,4861255680,1822
1790752576.7811475,3133074,620.102,expert2_eval,4861255680,1822
1790752577.8027177,3133074,621.123,expert2_eval,4861255680,1822
1790752578.8279855,3133074,622.149,expert2_eval,4861255680,1822
1790752579.8507342,3133074,623.171,expert2_eval,4861255680,1822
1790752580.876969,3133074,624.198,expert2_eval,4861255680,1822
1790752581.8993905,3133074,625.22,expert2_eval,4861255680,1822
1790752582.9328454,3133074,626.254,expert2_eval,4861255680,1822
1790752583.9533143,3133074,627.274,expert2_eval,4861255680,1822
1790752584.9726346,3133074,628.293,expert2_eval,4861255680,1822
1790752585.994255,3133074,629.315,expert2_eval,4861255680,1822
1790752587.0191565,3133074,630.34,expert2_eval,4861255680,1822
1790752588.0417922,3133074,631.363,expert2_eval,4861255680,1822
1790752589.0749035,3133074,632.396,expert2_eval,4861255680,1822
1790752590.1000662,3133074,633.421,expert2_eval,4861255680,1822
1790752591.1304476,3133074,634.451,expert2_eval,4861255680,1822
1790752592.1553996,3133074,635.476,expert2_eval,4861255680,1822
1790752593.1763718,3133074,636.497,expert2_eval,4861255680,1822
1790752594.1979988,3133074,637.519,expert2_eval,4861255680,1822
1790752595.2221725,3133074,638.543,expert2_eval,4861255680,1822
1790752596.2468102,3133074,639.568,expert2_eval,4861255680,1822
1790752597.2724175,3133074,640.593,expert2_eval,4861255680,1822
1790752598.294469,3133074,641.615,expert2_eval,4861255680,1822
1790752599.3182964,3133074,642.639,expert2_eval,4861255680,1822
1790752600.3378112,3133074,643.659,expert2_eval,4861255680,1822
1790752601.359773,3133074,644.681,expert2_eval,4861255680,1822
1790752602.3869407,3133074,645.708,expert2_eval,4861255680,1822
1790752603.414057,3133074,646.735,expert2_eval,4861255680,1822
1790752604.4443262,3133074,647.765,expert2_eval,4861255680,1822
1790752605.4690015,3133074,648.79,expert2_eval,4861255680,1822
1790752606.496557,3133074,649.817,expert2_eval,4861255680,1822
1790752607.5188506,3133074,650.84,expert2_eval,4861255680,1822
1790752608.541134,3133074,651.862,expert2_eval,4861255680,1822
1790752609.5645406,3133074,652.885,expert2_eval,4861255680,1822
1790752610.5833087,3133074,653.904,expert2_eval,4861255680,1822
1790752611.6059937,3133074,654.927,expert2_eval,4861255680,1822
1790752612.6262028,3133074,655.947,expert2_eval,4861255680,1822
1790752613.6542995,3133074,656.975,starting,4443254784,1062
1790752614.674549,3133074,657.995,expert3_fit,4593930240,1436
1790752615.6991434,3133074,659.02,expert3_fit,4593930240,4386
1790752616.725134,3133074,660.046,expert3_fit,4593930240,4388
1790752617.749342,3133074,661.07,expert3_fit,4593930240,4388
1790752618.7701666,3133074,662.091,expert3_fit,4593930240,4388
1790752619.7945137,3133074,663.115,expert3_fit,4593930240,4388
1790752620.818195,3133074,664.139,expert3_fit,4593930240,4388
1790752621.8397725,3133074,665.161,expert3_fit,4593930240,4388
1790752622.859363,3133074,666.18,expert3_fit,4593930240,4388
1790752623.8789573,3133074,667.2,expert3_fit,4593930240,4388
1790752624.8995354,3133074,668.22,expert3_fit,4593930240,4388
1790752625.9195225,3133074,669.24,expert3_fit,4593930240,4388
1790752626.9404316,3133074,670.261,expert3_fit,4593930240,4388
1790752627.9620328,3133074,671.283,expert3_fit,4593930240,4388
1790752628.9836698,3133074,672.304,expert3_fit,4593930240,4448
1790752630.0065932,3133074,673.327,expert3_fit,4593930240,4488
1790752631.0278091,3133074,674.349,expert3_fit,4593930240,4548
1790752632.0484433,3133074,675.369,expert3_fit,4593930240,4588
1790752633.068072,3133074,676.389,expert3_fit,4593930240,4648
1790752634.0879595,3133074,677.409,expert3_fit,4593930240,4688
1790752635.1075757,3133074,678.428,expert3_fit,4593930240,4748
1790752636.1276221,3133074,679.448,expert3_fit,4593930240,4788
1790752637.1497154,3133074,680.47,expert3_fit,4593930240,4848
1790752638.169669,3133074,681.49,expert3_fit,4593930240,4848
1790752639.1916142,3133074,682.512,expert3_fit,4593930240,4848
1790752640.2159488,3133074,683.537,expert3_fit,4593930240,4848
1790752641.2405648,3133074,684.561,expert3_fit,4593930240,4848
1790752642.2652283,3133074,685.586,expert3_fit,4593930240,4848
1790752643.2930303,3133074,686.614,expert3_fit,4986859520,4848
1790752644.3195293,3133074,687.64,expert3_fit,4986859520,4848
1790752645.3457782,3133074,688.667,expert3_fit,4986859520,4848
1790752646.370148,3133074,689.691,expert3_fit,4986859520,4848
1790752647.3918767,3133074,690.713,expert3_fit,4986859520,4848
1790752648.413154,3133074,691.734,expert3_fit,4986859520,4848
1790752649.4343941,3133074,692.755,expert3_fit,4986859520,4848
1790752650.454835,3133074,693.776,expert3_fit,4986859520,4848
1790752651.4752324,3133074,694.796,expert3_fit,4986859520,4848
1790752652.496085,3133074,695.817,expert3_fit,4986859520,4848
1790752653.5215197,3133074,696.842,expert3_fit,4986859520,4848
1790752654.5431364,3133074,697.864,expert3_fit,4986859520,4848
1790752655.5675206,3133074,698.888,expert3_fit,4986859520,4848
1790752656.5901413,3133074,699.911,expert3_fit,4986859520,4848
1790752657.6147792,3133074,700.936,expert3_fit,4986859520,4848
1790752658.6370442,3133074,701.958,expert3_fit,4986859520,4848
1790752659.6587267,3133074,702.979,expert3_fit,4986859520,4848
1790752660.6790485,3133074,704.0,expert3_fit,4986859520,4848
1790752661.698785,3133074,705.02,expert3_fit,4986859520,4848
1790752662.7194335,3133074,706.04,expert3_fit,4986859520,4848
1790752663.7409158,3133074,707.062,expert3_fit,4986859520,4848
1790752664.7640579,3133074,708.085,expert3_fit,4986859520,4848
1790752665.7846892,3133074,709.105,expert3_fit,4986859520,4848
1790752666.8077278,3133074,710.128,expert3_fit,4986859520,4848
1790752667.8298957,3133074,711.151,expert3_fit,4986859520,4848
1790752668.8502045,3133074,712.171,expert3_fit,4986859520,4848
1790752669.8679852,3133074,713.189,expert3_fit,4999962624,4848
1790752670.887295,3133074,714.208,expert3_fit,4999962624,4848
1790752671.9091592,3133074,715.23,expert3_fit,5825388544,4848
1790752672.9322634,3133074,716.253,expert3_fit,5825388544,4848
1790752673.9555829,3133074,717.276,expert3_fit,5825388544,4848
1790752674.9791646,3133074,718.3,expert3_fit,5825388544,4848
1790752676.003841,3133074,719.325,expert3_fit,5825388544,4848
1790752677.022368,3133074,720.343,expert3_fit,5825388544,4848
1790752678.0412695,3133074,721.362,expert3_fit,5825388544,4848
1790752679.059652,3133074,722.38,expert3_fit,5825388544,4848
1790752680.0798068,3133074,723.401,expert3_fit,5825388544,4848
1790752681.0990753,3133074,724.42,expert3_fit,5825388544,4848
1790752682.121474,3133074,725.442,expert3_fit,5825388544,4848
1790752683.142176,3133074,726.463,expert3_fit,5825388544,4848
1790752684.1706247,3133074,727.491,expert3_fit,5825388544,4848
1790752685.190862,3133074,728.512,expert3_fit,5825388544,4848
1790752686.2093394,3133074,729.53,expert3_fit,5825388544,4848
1790752687.2284515,3133074,730.549,expert3_fit,5825388544,4848
1790752688.2489128,3133074,731.57,expert3_fit,5825388544,4848
1790752689.269399,3133074,732.59,expert3_fit,5825388544,4848
1790752690.2898333,3133074,733.611,expert3_fit,5838487552,4848
1790752691.3126643,3133074,734.633,expert3_fit,6663913472,4848
1790752692.3357034,3133074,735.656,expert3_fit,6663913472,4848
1790752693.3572443,3133074,736.678,expert3_fit,6663913472,4848
1790752694.3798285,3133074,737.701,expert3_fit,6663913472,4848
1790752695.4005048,3133074,738.721,expert3_fit,6663913472,4848
1790752696.4225411,3133074,739.743,expert3_fit,6663913472,4848
1790752697.4429362,3133074,740.764,expert3_fit,6663913472,4848
1790752698.4654841,3133074,741.786,expert3_fit,6663913472,4848
1790752699.485532,3133074,742.806,expert3_fit,6663913472,4848
1790752700.509491,3133074,743.83,expert3_fit,6663913472,4848
1790752701.5337818,3133074,744.855,expert3_fit,6663913472,4848
1790752702.556139,3133074,745.877,expert3_fit,6663913472,4848
1790752703.5773036,3133074,746.898,expert3_fit,6663913472,4848
1790752704.6015978,3133074,747.922,expert3_fit,6663913472,4848
1790752705.6224873,3133074,748.943,expert3_fit,6663913472,4848
1790752706.645913,3133074,749.967,expert3_fit,6663913472,4848
1790752707.6667404,3133074,750.987,expert3_fit,6663913472,4848
1790752708.6879814,3133074,752.009,expert3_fit,6663913472,4848
1790752709.7101393,3133074,753.031,expert3_fit,6663913472,4848
1790752710.7325647,3133074,754.053,expert3_fit,6663913472,4848
1790752711.7528076,3133074,755.074,expert3_fit,6663913472,4848
1790752712.774486,3133074,756.095,expert3_fit,6663913472,4848
1790752713.7946033,3133074,757.115,expert3_fit,6663913472,4848
1790752714.8169522,3133074,758.138,expert3_fit,6663913472,4848
1790752715.8388932,3133074,759.16,expert3_fit,6663913472,4848
1790752716.8613114,3133074,760.182,expert3_fit,6677016576,4848
1790752717.8840022,3133074,761.205,expert3_fit,6677016576,4848
1790752718.9088051,3133074,762.23,expert3_fit,6677016576,4848
1790752719.953328,3133074,763.274,starting,9130385408,4942
1790752720.977415,3133074,764.298,starting,7502573568,4942
1790752721.9996598,3133074,765.32,starting,7502573568,4942
1790752723.0199556,3133074,766.341,starting,7502573568,4942
1790752724.0406973,3133074,767.361,starting,7502573568,4942
1790752725.0655713,3133074,768.386,starting,7502573568,4942
1790752726.0889125,3133074,769.41,starting,7502573568,4942
1790752727.109201,3133074,770.43,starting,7502573568,4942
1790752728.1302423,3133074,771.451,starting,7502573568,4942
1790752729.1507359,3133074,772.471,starting,7502573568,4942
1790752730.1722846,3133074,773.493,starting,7502573568,4942
1790752731.1972866,3133074,774.518,starting,7502573568,4942
1790752732.2210393,3133074,775.542,starting,7502573568,4942
1790752733.242159,3133074,776.563,starting,7502573568,4942
1790752734.2678103,3133074,777.589,starting,7502573568,4942
1790752735.2928977,3133074,778.614,starting,7502573568,4942
1790752736.3174489,3133074,779.638,starting,7502573568,4942
1790752737.3385675,3133074,780.659,starting,7502573568,4942
1790752738.3579633,3133074,781.679,starting,7502573568,4942
1790752739.3802779,3133074,782.701,starting,7502573568,4942
1790752740.4052856,3133074,783.726,starting,7502573568,4942
1790752741.4285474,3133074,784.749,starting,7502573568,4942
1790752742.451391,3133074,785.772,starting,7502573568,4942
1790752743.4764864,3133074,786.797,starting,7502573568,4942
1790752744.4994595,3133074,787.82,starting,7502573568,4942
1790752745.5210102,3133074,788.842,starting,7502573568,4942
1790752746.5463414,3133074,789.867,starting,7502573568,4942
1790752747.5669878,3133074,790.888,starting,7502573568,4942
1790752748.5910454,3133074,791.912,starting,7502573568,4942
1790752749.6122062,3133074,792.933,starting,7502573568,4942
1790752750.6333814,3133074,793.954,starting,7502573568,4942
1790752751.6579723,3133074,794.979,starting,7502573568,4942
1790752752.6777055,3133074,795.998,starting,7502573568,4942
1790752753.699282,3133074,797.02,starting,7502573568,4942
1790752754.7169282,3133074,798.038,starting,7502573568,4942
1790752755.7401369,3133074,799.061,starting,7502573568,4942
1790752756.7613559,3133074,800.082,starting,7502573568,4942
1790752757.7823102,3133074,801.103,starting,7502573568,4942
1790752758.804482,3133074,802.125,starting,7502573568,4942
1790752759.8249815,3133074,803.146,starting,7502573568,4942
1790752760.8480864,3133074,804.169,starting,7502573568,4942
1790752761.8664913,3133074,805.187,starting,7502573568,4942
1790752762.8877475,3133074,806.208,starting,7502573568,4942
1790752763.9102726,3133074,807.231,starting,7502573568,4942
1790752764.9344182,3133074,808.255,starting,7502573568,4942
1790752765.9602423,3133074,809.281,starting,7502573568,4942
1790752766.9811673,3133074,810.302,starting,7502573568,4942
1790752768.0028327,3133074,811.324,starting,7502573568,4942
1790752769.0273757,3133074,812.348,starting,7502573568,4942
1790752770.0514185,3133074,813.372,starting,7502573568,4942
1790752771.0779486,3133074,814.399,starting,7502573568,4942
1790752772.100238,3133074,815.421,starting,7502573568,4942
1790752773.1203604,3133074,816.441,starting,7502573568,4942
1790752774.144636,3133074,817.465,starting,7502573568,4942
1790752775.1673932,3133074,818.488,starting,7502573568,4942
1790752776.1901054,3133074,819.511,starting,7502573568,4942
1790752777.2129817,3133074,820.534,starting,7502573568,4942
1790752778.233602,3133074,821.554,starting,7502573568,4942
1790752779.2548494,3133074,822.576,starting,7502573568,4942
1790752780.276961,3133074,823.598,starting,7502573568,4942
1790752781.300255,3133074,824.621,starting,7502573568,4942
1790752782.3193526,3133074,825.64,starting,7502573568,4942
1790752783.3404014,3133074,826.661,starting,7502573568,4942
1790752784.36325,3133074,827.684,starting,7502573568,4942
1790752785.389157,3133074,828.71,expert3_route,7619186688,4942
1790752786.4129016,3133074,829.734,expert3_route,7619186688,4942
1790752787.4341521,3133074,830.755,expert3_route,7619186688,4942
1790752788.4562254,3133074,831.777,expert3_route,7619186688,4942
1790752789.4768627,3133074,832.798,expert3_route,7619186688,4942
1790752790.5053737,3133074,833.826,expert3_route,7619186688,4942
1790752791.529565,3133074,834.85,expert3_route,7619186688,4942
1790752792.5548086,3133074,835.876,expert3_route,7619186688,4942
1790752793.5798032,3133074,836.901,expert3_route,7619186688,4942
1790752794.6045573,3133074,837.925,expert3_route,7619186688,4942
1790752795.6288033,3133074,838.95,expert3_route,7643303936,4942
1790752796.6539233,3133074,839.975,expert3_route,7643303936,4942
1790752797.6768467,3133074,840.998,expert3_route,7643303936,4942
1790752798.70042,3133074,842.021,expert3_route,7643303936,4942
1790752799.7215178,3133074,843.042,expert3_route,7643303936,4962
1790752800.7456007,3133074,844.066,expert3_route,7643303936,4962
1790752801.7701426,3133074,845.091,expert3_route,7643303936,4962
1790752802.7943356,3133074,846.115,expert3_route,7643303936,4962
1790752803.8184397,3133074,847.139,expert3_route,7643303936,4962
1790752804.837039,3133074,848.158,expert3_route,7643303936,4982
1790752805.8835447,3133074,849.204,expert3_route,7643303936,4982
1790752806.90675,3133074,850.227,expert3_route,7643303936,4982
1790752807.9263825,3133074,851.247,expert3_route,7643303936,4982
1790752808.9456673,3133074,852.266,expert3_route,7643303936,4982
1790752809.9665544,3133074,853.287,expert3_route,7643303936,4982
1790752810.9857852,3133074,854.307,expert3_route,7643303936,4982
1790752812.009445,3133074,855.33,expert3_route,7643303936,4982
1790752813.0307236,3133074,856.351,expert3_route,7643303936,4982
1790752814.0520563,3133074,857.373,expert3_route,7643303936,4982
1790752815.0716174,3133074,858.392,expert3_route,7643303936,4982
1790752816.1202261,3133074,859.441,expert3_route,7643303936,4982
1790752817.1401668,3133074,860.461,expert3_route,7643303936,4982
1790752818.1605031,3133074,861.481,expert3_route,7643303936,4982
1790752819.1837385,3133074,862.504,expert3_route,7643303936,4982
1790752820.2056215,3133074,863.526,expert3_route,7643303936,4982
1790752821.2279572,3133074,864.549,expert3_route,7643303936,4982
1790752822.248681,3133074,865.569,expert3_route,7643303936,4982
1790752823.2705643,3133074,866.591,expert3_route,7643303936,4982
1790752824.295759,3133074,867.617,expert3_route,7643303936,4982
1790752825.3184745,3133074,868.639,expert3_route,7643303936,4982
1790752826.3402863,3133074,869.661,expert3_route,7643303936,4982
1790752827.3601208,3133074,870.681,expert3_route,7643303936,4982
1790752828.3812468,3133074,871.702,expert3_route,7643303936,4982
1790752829.4043462,3133074,872.725,expert3_route,7643303936,4982
1790752830.4279547,3133074,873.749,expert3_route,7643303936,4982
1790752831.4503217,3133074,874.771,expert3_route,7643303936,4982
1790752832.4712558,3133074,875.792,expert3_route,7643303936,4982
1790752833.4920058,3133074,876.813,expert3_route,7643303936,4982
1790752834.5170517,3133074,877.838,expert3_route,7643303936,4982
1790752835.5405118,3133074,878.861,expert3_route,7643303936,4982
1790752836.5616143,3133074,879.882,expert3_route,7643303936,4982
1790752837.5851688,3133074,880.906,expert3_route,7643303936,4982
1790752838.6045184,3133074,881.925,expert3_route,7643303936,4982
1790752839.6253977,3133074,882.946,expert3_route,7643303936,4982
1790752840.6490362,3133074,883.97,expert3_route,7643303936,4982
1790752841.67356,3133074,884.994,expert3_route,7643303936,4982
1790752842.6977718,3133074,886.019,expert3_route,7643303936,4982
1790752843.7210555,3133074,887.042,expert3_route,7643303936,4982
1790752844.742467,3133074,888.063,expert3_route,7643303936,4982
1790752845.7670972,3133074,889.088,expert3_route,7643303936,4982
1790752846.786518,3133074,890.107,expert3_route,7643303936,4982
1790752847.8087707,3133074,891.13,expert3_route,7643303936,4982
1790752848.8324285,3133074,892.153,expert3_route,7643303936,4982
1790752849.8529968,3133074,893.174,expert3_route,7643303936,4982
1790752850.877212,3133074,894.198,expert3_route,7643303936,4982
1790752851.8954287,3133074,895.216,expert3_route,7643303936,4982
1790752852.9168184,3133074,896.238,expert3_route,7643303936,4982
1790752853.938863,3133074,897.26,expert3_route,7643303936,4982
1790752854.9639618,3133074,898.285,expert3_route,7643303936,4982
1790752855.9859192,3133074,899.307,expert3_route,7643303936,4982
1790752857.008999,3133074,900.33,expert3_route,7643303936,4982
1790752858.034264,3133074,901.355,expert3_route,7643303936,4982
1790752859.0526106,3133074,902.373,expert3_route,7643303936,4982
1790752860.0739796,3133074,903.395,expert3_route,7643303936,4982
1790752861.0932915,3133074,904.414,expert3_route,7643303936,4982
1790752862.1144295,3133074,905.435,expert3_route,7643303936,4982
1790752863.136055,3133074,906.457,expert3_route,7643303936,4982
1790752864.1599236,3133074,907.481,expert3_route,7643303936,4982
1790752865.1841724,3133074,908.505,expert3_route,7643303936,4982
1790752866.207306,3133074,909.528,expert3_route,7643303936,4982
1790752867.2288506,3133074,910.55,expert3_route,7643303936,4982
1790752868.2521574,3133074,911.573,expert3_route,7643303936,4982
1790752869.2747116,3133074,912.595,expert3_route,7643303936,4982
1790752870.294843,3133074,913.616,expert3_route,7643303936,4982
1790752871.3180296,3133074,914.639,expert3_route,7643303936,4982
1790752872.342988,3133074,915.664,expert3_route,7643303936,4982
1790752873.3677638,3133074,916.689,expert3_route,7643303936,4982
1790752874.3904035,3133074,917.711,expert3_route,7643303936,4982
1790752875.409142,3133074,918.73,expert3_route,7643303936,4982
1790752876.4304147,3133074,919.751,expert3_route,7643303936,4982
1790752877.4524198,3133074,920.773,expert3_route,7643303936,4982
1790752878.473255,3133074,921.794,expert3_route,7643303936,4982
1790752879.49687,3133074,922.818,expert3_route,7643303936,4982
1790752880.5216205,3133074,923.842,expert3_route,7643303936,4982
1790752881.543454,3133074,924.864,expert3_route,7643303936,4982
1790752882.566883,3133074,925.888,expert3_route,7643303936,4982
1790752883.5871227,3133074,926.908,expert3_route,7643303936,4982
1790752884.6084852,3133074,927.929,expert3_route,7643303936,4982
1790752885.6304,3133074,928.951,expert3_route,7643303936,4982
1790752886.6554081,3133074,929.976,expert3_route,7643303936,4982
1790752887.6812162,3133074,931.002,expert3_route,7643303936,4982
1790752888.7058532,3133074,932.027,expert3_route,7643303936,4982
1790752889.728634,3133074,933.049,expert3_route,7643303936,4982
1790752890.7526186,3133074,934.073,expert3_route,7643303936,4982
1790752891.7738616,3133074,935.095,expert3_route,7643303936,4982
1790752892.7929213,3133074,936.114,expert3_route,7643303936,4982
1790752893.813918,3133074,937.135,expert3_route,7643303936,4982
1790752894.8350697,3133074,938.156,expert3_route,7643303936,4982
1790752895.857326,3133074,939.178,expert3_route,7643303936,4982
1790752896.8820682,3133074,940.203,expert3_route,7643303936,4982
1790752897.906935,3133074,941.228,expert3_route,7643303936,4982
1790752898.9307435,3133074,942.251,expert3_route,7643303936,4982
1790752899.954834,3133074,943.276,expert3_route,7643303936,4982
1790752900.9763355,3133074,944.297,expert3_route,7643303936,4982
1790752901.9968028,3133074,945.318,expert3_route,7643303936,4982
1790752903.0157542,3133074,946.337,expert3_route,7643303936,4982
1790752904.0348816,3133074,947.356,expert3_route,7643303936,4982
1790752905.0591407,3133074,948.38,expert3_route,7643303936,4982
1790752906.0913174,3133074,949.412,expert3_route,7643303936,4982
1790752907.1099102,3133074,950.431,expert3_route,7643303936,4982
1790752908.1318378,3133074,951.453,expert3_route,7643303936,4982
1790752909.1540449,3133074,952.475,expert3_route,7643303936,4982
1790752910.1747665,3133074,953.496,expert3_route,7643303936,4982
1790752911.1987278,3133074,954.519,expert3_route,7643303936,4982
1790752912.2195294,3133074,955.54,expert3_route,7643303936,4982
1790752913.243528,3133074,956.564,expert3_route,7643303936,4982
1790752914.2683074,3133074,957.589,expert3_route,7643303936,4982
1790752915.2949483,3133074,958.616,expert3_route,7643303936,4982
1790752916.316841,3133074,959.638,expert3_route,7643303936,4982
1790752917.3400936,3133074,960.661,expert3_route,7643303936,4982
1790752918.3612492,3133074,961.682,expert3_route,7643303936,4982
1790752919.3826208,3133074,962.703,expert3_route,7643303936,4982
1790752920.4093804,3133074,963.73,expert3_route,7643303936,4982
1790752921.4324982,3133074,964.753,expert3_route,7643303936,4982
1790752922.4570777,3133074,965.778,expert3_route,7643303936,4982
1790752923.4785032,3133074,966.799,expert3_route,7643303936,4982
1790752924.5023038,3133074,967.823,expert3_route,7643303936,4982
1790752925.528072,3133074,968.849,expert3_route,7643303936,4982
1790752926.552531,3133074,969.873,expert3_route,7643303936,4982
1790752927.5739892,3133074,970.895,expert3_route,7643303936,4982
1790752928.5990627,3133074,971.92,expert3_route,7643303936,4982
1790752929.6237438,3133074,972.944,expert3_route,7643303936,4982
1790752930.651071,3133074,973.972,expert3_route,7643303936,4982
1790752931.67158,3133074,974.992,expert3_route,7643303936,4982
1790752932.6960502,3133074,976.017,expert3_route,7643303936,4982
1790752933.7206857,3133074,977.041,expert3_route,7643303936,4982
1790752934.7452366,3133074,978.066,expert3_route,7643303936,4982
1790752935.7695675,3133074,979.09,expert3_route,7643303936,4982
1790752936.7948964,3133074,980.116,expert3_route,7643303936,4982
1790752937.818963,3133074,981.14,expert3_route,7643303936,4982
1790752938.8427706,3133074,982.164,expert3_route,7643303936,4982
1790752939.870827,3133074,983.192,expert3_route,7643303936,4982
1790752940.8996818,3133074,984.22,expert3_route,7643303936,4982
1790752941.9241595,3133074,985.245,expert3_route,7643303936,4982
1790752942.9493275,3133074,986.27,expert3_route,7643303936,4982
1790752943.9698067,3133074,987.291,expert3_route,7643303936,4982
1790752944.9941769,3133074,988.315,expert3_route,7643303936,4982
1790752946.016463,3133074,989.337,expert3_route,7643303936,4982
1790752947.041579,3133074,990.362,expert3_route,7643303936,4982
1790752948.065824,3133074,991.387,expert3_route,7643303936,4982
1790752949.0908377,3133074,992.412,expert3_route,7643303936,4982
1790752950.1119177,3133074,993.433,expert3_route,7643303936,4982
1790752951.1402996,3133074,994.461,expert3_route,7643303936,4982
1790752952.165346,3133074,995.486,expert3_route,7643303936,4982
1790752953.1897857,3133074,996.511,expert3_route,7643303936,4982
1790752954.2135544,3133074,997.534,expert3_route,7643303936,4982
1790752955.238622,3133074,998.559,expert3_route,7643303936,4982
1790752956.2654998,3133074,999.586,expert3_route,7643303936,4982
1790752957.2877789,3133074,1000.609,expert3_route,7643303936,4982
1790752958.3138914,3133074,1001.635,expert3_route,7643303936,4982
1790752959.338127,3133074,1002.659,expert3_route,7643303936,4982
1790752960.3606222,3133074,1003.681,expert3_route,7643303936,4982
1790752961.386159,3133074,1004.707,expert3_route,7643303936,4982
1790752962.409233,3133074,1005.73,expert3_route,7643303936,4982
1790752963.4327822,3133074,1006.754,expert3_route,7643303936,4982
1790752964.4513414,3133074,1007.772,expert3_route,7643303936,4982
1790752965.4712818,3133074,1008.792,expert3_route,7643303936,4982
1790752966.4917638,3133074,1009.813,expert3_route,7643303936,4982
1790752967.5166752,3133074,1010.837,expert3_route,7643303936,4982
1790752968.541282,3133074,1011.862,expert3_route,7643303936,4982
1790752969.5654578,3133074,1012.886,expert3_route,7643303936,4982
1790752970.5868597,3133074,1013.908,expert3_route,7643303936,4982
1790752971.6126165,3133074,1014.933,expert3_route,7643303936,4982
1790752972.6339257,3133074,1015.955,expert3_route,7643303936,4982
1790752973.6585124,3133074,1016.979,expert3_route,7643303936,4982
1790752974.6834717,3133074,1018.004,expert3_route,7643303936,4982
1790752975.7058766,3133074,1019.027,expert3_route,7643303936,4982
1790752976.7306886,3133074,1020.051,expert3_route,7643303936,4982
1790752977.7540984,3133074,1021.075,expert3_route,7643303936,4982
1790752978.7796054,3133074,1022.1,expert3_cal,7604137984,4982
1790752979.798455,3133074,1023.119,expert3_cal,7604137984,4982
1790752980.8172455,3133074,1024.138,expert3_cal,7604137984,4982
1790752981.8378506,3133074,1025.159,expert3_cal,7604137984,4982
1790752982.8599477,3133074,1026.181,expert3_cal,7604137984,4982
1790752983.8858128,3133074,1027.207,expert3_cal,7604137984,4982
1790752984.90782,3133074,1028.229,expert3_cal,7604137984,4982
1790752985.9318395,3133074,1029.253,expert3_cal,7604137984,4982
1790752986.9570038,3133074,1030.278,expert3_cal,7604137984,4982
1790752987.981763,3133074,1031.303,expert3_cal,7604137984,4982
1790752989.0041094,3133074,1032.325,expert3_cal,7604137984,4982
1790752990.027451,3133074,1033.348,expert3_cal,7604137984,4982
1790752991.0510437,3133074,1034.372,expert3_cal,7604137984,4982
1790752992.0769012,3133074,1035.398,expert3_cal,7604137984,4982
1790752993.0993388,3133074,1036.42,expert3_cal,7604137984,4982
1790752994.1217084,3133074,1037.442,expert3_cal,7604137984,4982
1790752995.141036,3133074,1038.462,expert3_cal,7604137984,4982
1790752996.1619911,3133074,1039.483,expert3_cal,7604137984,4982
1790752997.1836987,3133074,1040.504,expert3_cal,7604137984,4982
1790752998.2080452,3133074,1041.529,expert3_cal,7604137984,4982
1790752999.2349656,3133074,1042.556,expert3_cal,7604137984,4982
1790753000.2547376,3133074,1043.575,expert3_cal,7604137984,4982
1790753001.2742984,3133074,1044.595,expert3_cal,7604137984,4982
1790753002.2942274,3133074,1045.615,expert3_cal,7604137984,4982
1790753003.3142228,3133074,1046.635,expert3_cal,7604137984,4982
1790753004.336273,3133074,1047.657,expert3_cal,7604137984,4982
1790753005.3571668,3133074,1048.678,expert3_cal,7604137984,4982
1790753006.376538,3133074,1049.697,expert3_cal,7604137984,4982
1790753007.3990326,3133074,1050.72,expert3_cal,7604137984,4982
1790753008.4242458,3133074,1051.745,expert3_cal,7604137984,4982
1790753009.4504757,3133074,1052.771,expert3_cal,7604137984,4982
1790753010.4741645,3133074,1053.795,expert3_cal,7604137984,4982
1790753011.4981372,3133074,1054.819,expert3_cal,7604137984,4982
1790753012.5213146,3133074,1055.842,expert3_cal,7604137984,4982
1790753013.5424519,3133074,1056.863,expert3_cal,7604137984,4982
1790753014.5664327,3133074,1057.887,expert3_cal,7604137984,4982
1790753015.5912013,3133074,1058.912,expert3_cal,7604137984,4982
1790753016.617341,3133074,1059.938,expert3_cal,7604137984,4982
1790753017.6379814,3133074,1060.959,expert3_cal,7604137984,4982
1790753018.658063,3133074,1061.979,expert3_cal,7604137984,4982
1790753019.6804512,3133074,1063.001,expert3_cal,7604137984,4982
1790753020.6993258,3133074,1064.02,expert3_cal,7604137984,4982
1790753021.7209473,3133074,1065.042,expert3_cal,7604137984,4982
1790753022.7468414,3133074,1066.068,expert3_cal,7604137984,4982
1790753023.7692006,3133074,1067.09,expert3_cal,7604137984,4982
1790753024.7910867,3133074,1068.112,expert3_cal,7604137984,4982
1790753025.8115869,3133074,1069.132,expert3_cal,7604137984,4982
1790753026.8338675,3133074,1070.155,expert3_cal,7604137984,4982
1790753027.8572183,3133074,1071.178,expert3_cal,7604137984,4982
1790753028.878137,3133074,1072.199,expert3_cal,7604137984,4982
1790753029.9093237,3133074,1073.23,expert3_cal,7604137984,4982
1790753030.9400039,3133074,1074.261,expert3_cal,7604137984,4982
1790753031.9625027,3133074,1075.283,expert3_cal,7604137984,4982
1790753032.984452,3133074,1076.305,expert3_cal,7604137984,4982
1790753034.0109296,3133074,1077.332,expert3_cal,7604137984,4982
1790753035.0338333,3133074,1078.355,expert3_cal,7604137984,4982
1790753036.0537982,3133074,1079.375,expert3_cal,7604137984,4982
1790753037.0745714,3133074,1080.395,expert3_cal,7604137984,4982
1790753038.0960546,3133074,1081.417,expert3_cal,7604137984,4982
1790753039.116726,3133074,1082.437,expert3_cal,7604137984,4982
1790753040.1393857,3133074,1083.46,expert3_cal,7604137984,4982
1790753041.1603045,3133074,1084.481,expert3_cal,7604137984,4982
1790753042.1833413,3133074,1085.504,expert3_cal,7604137984,4982
1790753043.2067223,3133074,1086.527,expert3_cal,7604137984,4982
1790753044.227771,3133074,1087.549,expert3_cal,7604137984,4982
1790753045.258169,3133074,1088.579,expert3_cal,7604137984,4982
1790753046.2800145,3133074,1089.601,expert3_cal,7604137984,4982
1790753047.3014483,3133074,1090.622,expert3_cal,7604137984,4982
1790753048.323207,3133074,1091.644,expert3_cal,7604137984,4982
1790753049.3470447,3133074,1092.668,expert3_cal,7604137984,4982
1790753050.4079478,3133074,1093.729,expert3_cal,7604137984,4982
1790753051.4328403,3133074,1094.754,expert3_cal,7604137984,4982
1790753052.4526546,3133074,1095.773,expert3_cal,7604137984,4982
1790753053.47563,3133074,1096.796,expert3_cal,7604137984,4982
1790753054.4951057,3133074,1097.816,expert3_cal,7604137984,4982
1790753055.5160887,3133074,1098.837,expert3_cal,7604137984,4982
1790753056.5406408,3133074,1099.861,expert3_cal,7604137984,4982
1790753057.5657184,3133074,1100.886,expert3_cal,7604137984,4982
1790753058.589738,3133074,1101.91,expert3_cal,7604137984,4982
1790753059.6112444,3133074,1102.932,expert3_cal,7604137984,4982
1790753060.62989,3133074,1103.951,expert3_cal,7604137984,4982
1790753061.6503077,3133074,1104.971,expert3_cal,7604137984,4982
1790753062.6756427,3133074,1105.996,expert3_cal,7604137984,4982
1790753063.7005298,3133074,1107.021,expert3_cal,7604137984,4982
1790753064.7220595,3133074,1108.043,expert3_cal,7604137984,4982
1790753065.7418618,3133074,1109.063,expert3_cal,7604137984,4982
1790753066.7602217,3133074,1110.081,expert3_cal,7604137984,4982
1790753067.7809043,3133074,1111.102,expert3_cal,7604137984,4982
1790753068.8104947,3133074,1112.131,expert3_cal,7604137984,4982
1790753069.8406768,3133074,1113.161,expert3_cal,7604137984,4982
1790753070.8606706,3133074,1114.181,expert3_cal,7604137984,4982
1790753071.8820746,3133074,1115.203,expert3_cal,7604137984,4982
1790753072.9082744,3133074,1116.229,expert3_cal,7604137984,4982
1790753073.9306676,3133074,1117.251,expert3_cal,7604137984,4982
1790753074.95342,3133074,1118.274,expert3_cal,7604137984,4982
1790753075.9744785,3133074,1119.295,expert3_cal,7604137984,4982
1790753076.9983675,3133074,1120.319,expert3_cal,7604137984,4982
1790753078.0219507,3133074,1121.343,expert3_cal,7604137984,4982
1790753079.0421865,3133074,1122.363,expert3_cal,7604137984,4982
1790753080.0712008,3133074,1123.392,expert3_cal,7604137984,4982
1790753081.1027923,3133074,1124.424,expert3_cal,7604137984,4982
1790753082.1244102,3133074,1125.445,expert3_cal,7604137984,4982
1790753083.148791,3133074,1126.47,expert3_cal,7604137984,4982
1790753084.1741378,3133074,1127.495,expert3_cal,7604137984,4982
1790753085.1948218,3133074,1128.516,expert3_cal,7604137984,4982
1790753086.21586,3133074,1129.537,expert3_cal,7604137984,4982
1790753087.242122,3133074,1130.563,expert3_eval,8386678784,4982
1790753088.2625375,3133074,1131.583,expert3_eval,8029138944,4982
1790753089.288007,3133074,1132.609,expert3_eval,8029138944,4982
1790753090.3122299,3133074,1133.633,expert3_eval,8029138944,4982
1790753091.3333905,3133074,1134.654,expert3_eval,8029138944,4982
1790753092.3527496,3133074,1135.673,expert3_eval,8029138944,4982
1790753093.373677,3133074,1136.694,expert3_eval,8029138944,4982
1790753094.3978615,3133074,1137.719,expert3_eval,8029138944,4982
1790753095.4267244,3133074,1138.747,expert3_eval,8029138944,4982
1790753096.4481263,3133074,1139.769,expert3_eval,8029138944,4982
1790753097.469433,3133074,1140.79,expert3_eval,8053256192,4982
1790753098.4890049,3133074,1141.81,expert3_eval,8053256192,4982
1790753099.5098288,3133074,1142.831,expert3_eval,8053256192,4982
1790753100.5318432,3133074,1143.853,expert3_eval,8053256192,4982
1790753101.559344,3133074,1144.88,expert3_eval,8053256192,4982
1790753102.5834308,3133074,1145.904,expert3_eval,8053256192,4982
1790753103.607082,3133074,1146.928,expert3_eval,8053256192,4982
1790753104.6276705,3133074,1147.948,expert3_eval,8053256192,4982
1790753105.651125,3133074,1148.972,expert3_eval,8053256192,4982
1790753106.677081,3133074,1149.998,expert3_eval,8053256192,4982
1790753107.6966434,3133074,1151.017,expert3_eval,8053256192,4982
1790753108.7175457,3133074,1152.038,expert3_eval,8053256192,4982
1790753109.7390027,3133074,1153.06,expert3_eval,8053256192,4982
1790753110.760451,3133074,1154.081,expert3_eval,8053256192,4982
1790753111.7802145,3133074,1155.101,expert3_eval,8053256192,4982
1790753112.80097,3133074,1156.122,expert3_eval,8053256192,4982
1790753113.8236747,3133074,1157.144,expert3_eval,8053256192,4982
1790753114.846401,3133074,1158.167,expert3_eval,7981035520,4982
1790753115.8675277,3133074,1159.188,expert3_eval,7981035520,4982
1790753116.8916843,3133074,1160.212,expert3_eval,7981035520,4982
1790753117.9156399,3133074,1161.236,expert3_eval,7981035520,4982
1790753118.9379444,3133074,1162.259,expert3_eval,7981035520,4982
1790753119.9592707,3133074,1163.28,expert3_eval,7981035520,4982
1790753120.9795225,3133074,1164.3,expert3_eval,7981035520,4982
1790753122.003274,3133074,1165.324,expert3_eval,7981035520,4982
1790753123.03107,3133074,1166.352,expert3_eval,7981035520,4982
1790753124.0624459,3133074,1167.383,expert3_eval,7981035520,4982
1790753125.0865235,3133074,1168.407,expert3_eval,8029138944,4982
1790753126.1067169,3133074,1169.427,expert3_eval,8029138944,4982
1790753127.127288,3133074,1170.448,expert3_eval,8029138944,4982
1790753128.15226,3133074,1171.473,expert3_eval,8029138944,4982
1790753129.1803124,3133074,1172.501,expert3_eval,8029138944,4982
1790753130.2039847,3133074,1173.525,expert3_eval,8029138944,4982
1790753131.2276793,3133074,1174.548,expert3_eval,8029138944,4982
1790753132.2530808,3133074,1175.574,expert3_eval,8029138944,4982
1790753133.276869,3133074,1176.598,expert3_eval,8029138944,4982
1790753134.303123,3133074,1177.624,expert3_eval,8053256192,4982
1790753135.324117,3133074,1178.645,expert3_eval,8053256192,4982
1790753136.345808,3133074,1179.667,expert3_eval,8053256192,4982
1790753137.3706634,3133074,1180.691,expert3_eval,8053256192,4982
1790753138.392426,3133074,1181.713,expert3_eval,8053256192,4982
1790753139.4156501,3133074,1182.736,expert3_eval,8053256192,4982
1790753140.4370592,3133074,1183.758,expert3_eval,8053256192,4982
1790753141.4585242,3133074,1184.779,expert3_eval,8053256192,4982
1790753142.482024,3133074,1185.803,expert3_eval,8053256192,4982
1790753143.5368419,3133074,1186.858,expert3_eval,8053256192,4982
1790753144.5601473,3133074,1187.881,expert3_eval,8053256192,4982
1790753145.58381,3133074,1188.905,expert3_eval,8053256192,4982
1790753146.602896,3133074,1189.924,expert3_eval,8053256192,4982
1790753147.6247323,3133074,1190.945,expert3_eval,8053256192,4982
1790753148.6473954,3133074,1191.968,expert3_eval,8053256192,4982
1790753149.670733,3133074,1192.991,expert3_eval,8053256192,4982
1790753150.6915972,3133074,1194.012,expert3_eval,8053256192,4982
1790753151.7142558,3133074,1195.035,expert3_eval,8053256192,4982
1790753152.7360663,3133074,1196.057,expert3_eval,8053256192,4982
1790753153.7600029,3133074,1197.081,expert3_eval,7981035520,4982
1790753154.783218,3133074,1198.104,expert3_eval,7981035520,4982
1790753155.808206,3133074,1199.129,expert3_eval,7981035520,4982
1790753156.8292894,3133074,1200.15,expert3_eval,7981035520,4982
1790753157.8537753,3133074,1201.175,expert3_eval,7981035520,4982
1790753158.873167,3133074,1202.194,expert3_eval,7981035520,4982
1790753159.8942893,3133074,1203.215,expert3_eval,7981035520,4982
1790753160.9178388,3133074,1204.239,expert3_eval,7981035520,4982
1790753161.9390404,3133074,1205.26,expert3_eval,7981035520,4982
1790753162.9633677,3133074,1206.284,expert3_eval,8029138944,4982
1790753163.988802,3133074,1207.31,expert3_eval,8029138944,4982
1790753165.0097065,3133074,1208.33,expert3_eval,8029138944,4982
1790753166.0393083,3133074,1209.36,expert3_eval,8029138944,4982
1790753167.0654354,3133074,1210.386,expert3_eval,8029138944,4982
1790753168.0893116,3133074,1211.41,expert3_eval,8029138944,4982
1790753169.114573,3133074,1212.435,expert3_eval,8029138944,4982
1790753170.136464,3133074,1213.457,expert3_eval,8029138944,4982
1790753171.160888,3133074,1214.482,expert3_eval,8029138944,4982
1790753172.1811404,3133074,1215.502,expert3_eval,8029138944,4982
1790753173.2035823,3133074,1216.524,expert3_eval,8053256192,4982
1790753174.2227907,3133074,1217.544,expert3_eval,8053256192,4982
1790753175.244006,3133074,1218.565,expert3_eval,8053256192,4982
1790753176.2655642,3133074,1219.586,expert3_eval,8053256192,4982
1790753177.2919433,3133074,1220.613,expert3_eval,8053256192,4982
1790753178.313434,3133074,1221.634,expert3_eval,8053256192,4982
1790753179.3375168,3133074,1222.658,expert3_eval,8053256192,4982
1790753180.3609436,3133074,1223.682,expert3_eval,8053256192,4982
1790753181.3826318,3133074,1224.703,expert3_eval,8053256192,4982
1790753182.4093037,3133074,1225.73,expert3_eval,8053256192,4982
1790753183.4343107,3133074,1226.755,expert3_eval,8053256192,4982
1790753184.4544046,3133074,1227.775,expert3_eval,8053256192,4982
1790753185.4794343,3133074,1228.8,expert3_eval,8053256192,4982
1790753186.5029988,3133074,1229.824,expert3_eval,8053256192,4982
1790753187.5240412,3133074,1230.845,expert3_eval,8053256192,4982
1790753188.5436883,3133074,1231.864,expert3_eval,8053256192,4982
1790753189.5647895,3133074,1232.886,expert3_eval,8053256192,4982
1790753190.584588,3133074,1233.905,expert3_eval,8053256192,4982
1790753191.6059465,3133074,1234.927,expert3_eval,7981035520,4982
1790753192.6265113,3133074,1235.947,expert3_eval,7981035520,4982
1790753193.6487138,3133074,1236.969,expert3_eval,7981035520,4982
1790753194.674546,3133074,1237.995,expert3_eval,7981035520,4982
1790753195.7010663,3133074,1239.022,expert3_eval,7981035520,4982
1790753196.7214258,3133074,1240.042,expert3_eval,7981035520,4982
1790753197.743284,3133074,1241.064,expert3_eval,7981035520,4982
1790753198.7626686,3133074,1242.083,expert3_eval,7981035520,4982
1790753199.7834105,3133074,1243.104,expert3_eval,7981035520,4982
1790753200.804939,3133074,1244.126,expert3_eval,7981035520,4982
1790753201.827883,3133074,1245.149,expert3_eval,8029138944,4982
1790753202.8470066,3133074,1246.168,expert3_eval,8029138944,4982
1790753203.8670428,3133074,1247.188,expert3_eval,8029138944,4982
1790753204.8913283,3133074,1248.212,expert3_eval,8029138944,4982
1790753205.9192255,3133074,1249.24,expert3_eval,8029138944,4982
1790753206.9435048,3133074,1250.264,expert3_eval,8029138944,4982
1790753207.9674134,3133074,1251.288,expert3_eval,8029138944,4982
1790753208.9902136,3133074,1252.311,expert3_eval,8029138944,4982
1790753210.0194619,3133074,1253.34,expert3_eval,8029138944,4982
1790753211.048278,3133074,1254.369,expert3_eval,8053256192,4982
1790753212.0698478,3133074,1255.391,expert3_eval,8053256192,4982
1790753213.0942442,3133074,1256.415,expert3_eval,8053256192,4982
1790753214.1178918,3133074,1257.439,expert3_eval,8053256192,4982
1790753215.1425714,3133074,1258.463,expert3_eval,8053256192,4982
1790753216.172298,3133074,1259.493,expert3_eval,8053256192,4982
1790753217.1947894,3133074,1260.516,expert3_eval,8053256192,4982
1790753218.2191887,3133074,1261.54,expert3_eval,8053256192,4982
1790753219.2411375,3133074,1262.562,expert3_eval,8053256192,4982
1790753220.2619586,3133074,1263.583,expert3_eval,8053256192,4982
1790753221.2828367,3133074,1264.604,expert3_eval,8053256192,4982
1790753222.3068771,3133074,1265.628,expert3_eval,8053256192,4982
1790753223.3274968,3133074,1266.648,expert3_eval,8053256192,4982
1790753224.3473666,3133074,1267.668,expert3_eval,8053256192,4982
1790753225.368315,3133074,1268.689,expert3_eval,8053256192,4982
1790753226.392819,3133074,1269.714,expert3_eval,8053256192,4982
1790753227.4140463,3133074,1270.735,expert3_eval,8053256192,4982
1790753228.4417214,3133074,1271.762,expert3_eval,8053256192,4982
1790753229.4646108,3133074,1272.785,expert3_eval,8053256192,4982
1790753230.4894693,3133074,1273.81,expert3_eval,7981035520,4982
1790753231.5144553,3133074,1274.835,expert3_eval,7981035520,4982
1790753232.5386207,3133074,1275.859,expert3_eval,7981035520,4982
1790753233.5595458,3133074,1276.88,expert3_eval,7981035520,4982
1790753234.5849257,3133074,1277.906,expert3_eval,7981035520,4982
1790753235.6094275,3133074,1278.93,expert3_eval,7981035520,4982
1790753236.6304893,3133074,1279.951,expert3_eval,7981035520,4982
1790753237.6545265,3133074,1280.975,expert3_eval,7981035520,4982
1790753238.679854,3133074,1282.001,expert3_eval,7981035520,4982
1790753239.71722,3133074,1283.038,expert3_eval,8029138944,4982
1790753240.7400005,3133074,1284.061,expert3_eval,8029138944,4982
1790753241.7662127,3133074,1285.087,expert3_eval,8029138944,4982
1790753242.7906454,3133074,1286.111,expert3_eval,8029138944,4982
1790753243.8164585,3133074,1287.137,expert3_eval,8029138944,4982
1790753244.8413188,3133074,1288.162,expert3_eval,8029138944,4982
1790753245.874518,3133074,1289.195,expert3_eval,8029138944,4982
1790753246.894493,3133074,1290.215,expert3_eval,8029138944,4982
1790753247.9198272,3133074,1291.241,expert3_eval,8029138944,4982
1790753248.941132,3133074,1292.262,expert3_eval,8029138944,4982
1790753249.9655817,3133074,1293.286,expert3_eval,8053256192,4982
1790753250.9911764,3133074,1294.312,expert3_eval,8053256192,4982
1790753252.0135863,3133074,1295.334,expert3_eval,8053256192,4982
1790753253.0358434,3133074,1296.357,expert3_eval,8053256192,4982
1790753254.0614433,3133074,1297.382,expert3_eval,8053256192,4982
1790753255.08393,3133074,1298.405,expert3_eval,8053256192,4982
1790753256.1090972,3133074,1299.43,expert3_eval,8053256192,4982
1790753257.1331372,3133074,1300.454,expert3_eval,8053256192,4982
1790753258.1577814,3133074,1301.479,expert3_eval,8053256192,4982
1790753259.1887362,3133074,1302.509,expert3_eval,8053256192,4982
1790753260.2083778,3133074,1303.529,expert3_eval,8053256192,4982
1790753261.2312422,3133074,1304.552,expert3_eval,8053256192,4982
1790753262.2507887,3133074,1305.572,expert3_eval,8053256192,4982
1790753263.2724283,3133074,1306.593,expert3_eval,8053256192,4982
1790753264.2920585,3133074,1307.613,expert3_eval,8053256192,4982
1790753265.3131464,3133074,1308.634,expert3_eval,8053256192,4982
1790753266.3372836,3133074,1309.658,expert3_eval,8053256192,4982
1790753267.3619633,3133074,1310.683,expert3_eval,8053256192,4982
1790753268.3894093,3133074,1311.71,expert3_eval,8053256192,4982
1790753269.410389,3133074,1312.731,expert3_eval,7981035520,4982
1790753270.4299133,3133074,1313.751,expert3_eval,7981035520,4982
1790753271.4506679,3133074,1314.771,expert3_eval,7981035520,4982
1790753272.4740632,3133074,1315.795,expert3_eval,7981035520,4982
1790753273.4981678,3133074,1316.819,expert3_eval,7981035520,4982
1790753274.518944,3133074,1317.84,expert3_eval,7981035520,4982
1790753275.5427904,3133074,1318.864,expert3_eval,7981035520,4982
1790753276.5650954,3133074,1319.886,expert3_eval,7981035520,4982
1790753277.5923717,3133074,1320.913,expert3_eval,7981035520,4982
1790753278.618206,3133074,1321.939,expert3_eval,8029138944,4982
1790753279.6433887,3133074,1322.964,expert3_eval,8029138944,4982
1790753280.6683633,3133074,1323.989,expert3_eval,8029138944,4982
1790753281.6909716,3133074,1325.012,expert3_eval,8029138944,4982
1790753282.7161784,3133074,1326.037,expert3_eval,8029138944,4982
1790753283.737497,3133074,1327.058,expert3_eval,8029138944,4982
1790753284.7597659,3133074,1328.081,expert3_eval,8029138944,4982
1790753285.783428,3133074,1329.104,expert3_eval,8029138944,4982
1790753286.8045447,3133074,1330.125,expert3_eval,8029138944,4982
1790753287.831427,3133074,1331.152,expert3_eval,8053256192,4982
1790753288.8534381,3133074,1332.174,expert3_eval,8053256192,4982
1790753289.8760638,3133074,1333.197,expert3_eval,8053256192,4982
1790753290.8980646,3133074,1334.219,expert3_eval,8053256192,4982
1790753291.9233444,3133074,1335.244,expert3_eval,8053256192,4982
1790753292.9507785,3133074,1336.272,expert3_eval,8053256192,4982
1790753293.975216,3133074,1337.296,expert3_eval,8053256192,4982
1790753295.00196,3133074,1338.323,expert3_eval,8053256192,4982
1790753296.0237038,3133074,1339.344,expert3_eval,8053256192,4982
1790753297.04637,3133074,1340.367,expert3_eval,8053256192,4982
1790753298.0701911,3133074,1341.391,expert3_eval,8053256192,4982
1790753299.0961528,3133074,1342.417,expert3_eval,8053256192,4982
1790753300.1193576,3133074,1343.44,expert3_eval,8053256192,4982
1790753301.1392353,3133074,1344.46,expert3_eval,8053256192,4982
1790753302.1606266,3133074,1345.481,expert3_eval,8053256192,4982
1790753303.1818006,3133074,1346.503,expert3_eval,8053256192,4982
1790753304.2061718,3133074,1347.527,expert3_eval,8053256192,4982
1790753305.2314198,3133074,1348.552,expert3_eval,8053256192,4982
1790753306.2579644,3133074,1349.579,expert3_eval,8053256192,4982
1790753307.2863457,3133074,1350.607,expert3_eval,7981035520,4982
1790753308.3124247,3133074,1351.633,expert3_eval,7981035520,4982
1790753309.3374648,3133074,1352.658,expert3_eval,7981035520,4982
1790753310.357602,3133074,1353.678,expert3_eval,7981035520,4982
1790753311.3807216,3133074,1354.701,expert3_eval,7981035520,4982
1790753312.4053066,3133074,1355.726,expert3_eval,7981035520,4982
1790753313.4295573,3133074,1356.75,expert3_eval,7981035520,4982
1790753314.4555776,3133074,1357.776,expert3_eval,7981035520,4982
1790753315.4781861,3133074,1358.799,expert3_eval,7981035520,4982
1790753316.501563,3133074,1359.822,expert3_eval,7981035520,4982
1790753317.5219464,3133074,1360.843,expert3_eval,8029138944,4982
1790753318.5425344,3133074,1361.863,expert3_eval,8029138944,4982
1790753319.5660503,3133074,1362.887,expert3_eval,8029138944,4982
1790753320.5918992,3133074,1363.913,expert3_eval,8029138944,4982
1790753321.6198306,3133074,1364.941,expert3_eval,8029138944,4982
1790753322.639865,3133074,1365.961,expert3_eval,8029138944,4982
1790753323.6623266,3133074,1366.983,expert3_eval,8029138944,4982
1790753324.6871107,3133074,1368.008,expert3_eval,8029138944,4982
1790753325.7107213,3133074,1369.031,expert3_eval,8029138944,4982
1790753326.7350035,3133074,1370.056,expert3_eval,8053256192,4982
1790753327.7591813,3133074,1371.08,expert3_eval,8053256192,4982
1790753328.7792473,3133074,1372.1,expert3_eval,8053256192,4982
1790753329.8024898,3133074,1373.123,expert3_eval,8053256192,4982
1790753330.827026,3133074,1374.148,expert3_eval,8053256192,4982
1790753331.8529265,3133074,1375.174,expert3_eval,8053256192,4982
1790753332.8735383,3133074,1376.194,expert3_eval,8053256192,4982
1790753333.8947313,3133074,1377.215,expert3_eval,8053256192,4982
1790753334.9161587,3133074,1378.237,expert3_eval,8053256192,4982
1790753335.9700956,3133074,1379.291,expert3_eval,8053256192,4982
1790753336.991227,3133074,1380.312,expert3_eval,8053256192,4982
1790753338.0120227,3133074,1381.333,expert3_eval,8053256192,4982
1790753339.034365,3133074,1382.355,expert3_eval,8053256192,4982
1790753340.0529876,3133074,1383.374,expert3_eval,8053256192,4982
1790753341.0745525,3133074,1384.395,expert3_eval,8053256192,4982
1790753342.0940654,3133074,1385.415,expert3_eval,8053256192,4982
1790753343.1155467,3133074,1386.436,expert3_eval,8053256192,4982
1790753344.136185,3133074,1387.457,expert3_eval,8053256192,4982
1790753345.1569278,3133074,1388.478,expert3_eval,8053256192,4982
1790753346.179891,3133074,1389.501,expert3_eval,7981035520,4982
1790753347.2021456,3133074,1390.523,expert3_eval,7981035520,4982
1790753348.2251103,3133074,1391.546,expert3_eval,7981035520,4982
1790753349.2507536,3133074,1392.572,expert3_eval,7981035520,4982
1790753350.2796624,3133074,1393.6,expert3_eval,7981035520,4982
1790753351.3057609,3133074,1394.627,expert3_eval,7981035520,4982
1790753352.3324986,3133074,1395.653,expert3_eval,7981035520,4982
1790753353.3546677,3133074,1396.675,expert3_eval,7981035520,4982
1790753354.3763962,3133074,1397.697,expert3_eval,7981035520,4982
1790753355.3977287,3133074,1398.718,expert3_eval,8029138944,4982
1790753356.419373,3133074,1399.74,expert3_eval,8029138944,4982
1790753357.4440181,3133074,1400.765,expert3_eval,8029138944,4982
1790753358.4628506,3133074,1401.784,expert3_eval,8029138944,4982
1790753359.4836018,3133074,1402.804,expert3_eval,8029138944,4982
1790753360.50337,3133074,1403.824,expert3_eval,8029138944,4982
1790753361.5256321,3133074,1404.846,expert3_eval,8029138944,4982
1790753362.5468419,3133074,1405.868,expert3_eval,8029138944,4982
1790753363.5711424,3133074,1406.892,expert3_eval,8029138944,4982
1790753364.599381,3133074,1407.92,expert3_eval,8053256192,4982
1790753365.6215944,3133074,1408.942,expert3_eval,8053256192,4982
1790753366.6431794,3133074,1409.964,expert3_eval,8053256192,4982
1790753367.6643906,3133074,1410.985,expert3_eval,8053256192,4982
1790753368.6855805,3133074,1412.006,expert3_eval,8053256192,4982
1790753369.7124326,3133074,1413.033,expert3_eval,8053256192,4982
1790753370.7360504,3133074,1414.057,expert3_eval,8053256192,4982
1790753371.7593648,3133074,1415.08,expert3_eval,8053256192,4982
1790753372.783967,3133074,1416.105,expert3_eval,8053256192,4982
1790753373.8051238,3133074,1417.126,expert3_eval,8053256192,4982
1790753374.8320174,3133074,1418.153,expert3_eval,7981035520,4982
1790753375.856068,3133074,1419.177,expert3_eval,7981035520,4982
1790753376.879955,3133074,1420.201,expert3_eval,7981035520,4982
1790753377.9080844,3133074,1421.229,expert3_eval,7981035520,4982
1790753378.9338214,3133074,1422.255,expert3_eval,7981035520,4982
1790753379.9584346,3133074,1423.279,expert3_eval,7981035520,4982
1790753380.9870338,3133074,1424.308,expert3_eval,7981035520,4982
1790753382.0150602,3133074,1425.336,expert3_eval,8029138944,4982
1790753383.0368009,3133074,1426.358,expert3_eval,8029138944,4982
1790753384.0598776,3133074,1427.381,expert3_eval,8029138944,4982
1790753385.079597,3133074,1428.4,expert3_eval,8029138944,4982
1790753386.1038117,3133074,1429.425,expert3_eval,8029138944,4982
1790753387.1281912,3133074,1430.449,expert3_eval,8029138944,4982
1790753388.1515062,3133074,1431.472,expert3_eval,8029138944,4982
1790753389.174779,3133074,1432.496,expert3_eval,8029138944,4982
1790753390.1955643,3133074,1433.516,expert3_eval,8029138944,4982
1790753391.219109,3133074,1434.54,expert3_eval,8029138944,4982
1790753392.2430737,3133074,1435.564,expert3_eval,8053256192,4982
1790753393.2656157,3133074,1436.586,expert3_eval,8053256192,4982
1790753394.2871227,3133074,1437.608,expert3_eval,8053256192,4982
1790753395.3113716,3133074,1438.632,expert3_eval,8053256192,4982
1790753396.333074,3133074,1439.654,expert3_eval,8053256192,4982
1790753397.3602986,3133074,1440.681,expert3_eval,8053256192,4982
1790753398.3821135,3133074,1441.703,expert3_eval,8053256192,4982
1790753399.4019656,3133074,1442.723,expert3_eval,8053256192,4982
1790753400.4220202,3133074,1443.743,expert3_eval,8053256192,4982
1790753401.447208,3133074,1444.768,expert3_eval,8053256192,4982
1790753402.4746933,3133074,1445.795,expert3_eval,8053256192,4982
1790753403.4984689,3133074,1446.819,expert3_eval,8053256192,4982
1790753404.5190942,3133074,1447.84,expert3_eval,8053256192,4982
1790753405.5408125,3133074,1448.862,expert3_eval,8053256192,4982
1790753406.5688562,3133074,1449.89,expert3_eval,8053256192,4982
1790753407.5969079,3133074,1450.918,expert3_eval,8053256192,4982
1790753408.6150215,3133074,1451.936,expert3_eval,8053256192,4982
1790753409.6373205,3133074,1452.958,expert3_eval,8053256192,4982
1790753410.6608632,3133074,1453.982,expert3_eval,8053256192,4982
1790753411.6818666,3133074,1455.003,expert3_eval,8053256192,4982
1790753412.7042465,3133074,1456.025,expert3_eval,7981035520,4982
1790753413.7259693,3133074,1457.047,expert3_eval,7981035520,4982
1790753414.7524443,3133074,1458.073,expert3_eval,7981035520,4982
1790753415.7729893,3133074,1459.094,expert3_eval,7981035520,4982
1790753416.7918143,3133074,1460.113,expert3_eval,7981035520,4982
1790753417.8118207,3133074,1461.133,expert3_eval,7981035520,4982
1790753418.8325083,3133074,1462.153,expert3_eval,7981035520,4982
1790753419.854558,3133074,1463.175,expert3_eval,7981035520,4982
1790753420.8798282,3133074,1464.201,expert3_eval,7981035520,4982
1790753421.9073193,3133074,1465.228,expert3_eval,8009551872,4982
1790753422.9327073,3133074,1466.253,expert3_eval,8029138944,4982
1790753423.9576187,3133074,1467.278,expert3_eval,8029138944,4982
1790753424.9829514,3133074,1468.304,expert3_eval,8029138944,4982
1790753426.0091612,3133074,1469.33,expert3_eval,8029138944,4982
1790753427.0424285,3133074,1470.363,expert3_eval,8029138944,4982
1790753428.0679073,3133074,1471.389,expert3_eval,8029138944,4982
1790753429.0910482,3133074,1472.412,expert3_eval,8029138944,4982
1790753430.1136553,3133074,1473.434,expert3_eval,8029138944,4982
1790753431.1415524,3133074,1474.462,expert3_eval,8053256192,4982
1790753432.1623623,3133074,1475.483,expert3_eval,8053256192,4982
1790753433.1856084,3133074,1476.506,expert3_eval,8053256192,4982
1790753434.2105575,3133074,1477.531,expert3_eval,8053256192,4982
1790753435.2344658,3133074,1478.555,expert3_eval,8053256192,4982
1790753436.2589898,3133074,1479.58,expert3_eval,8053256192,4982
1790753437.2822552,3133074,1480.603,expert3_eval,8053256192,4982
1790753438.3031025,3133074,1481.624,expert3_eval,8053256192,4982
1790753439.3247428,3133074,1482.645,expert3_eval,8053256192,4982
1790753440.3520837,3133074,1483.673,expert3_eval,8053256192,4982
1790753441.3765726,3133074,1484.697,expert3_eval,8053256192,4982
1790753442.401717,3133074,1485.722,expert3_eval,8053256192,4982
1790753443.4271402,3133074,1486.748,expert3_eval,8053256192,4982
1790753444.4525251,3133074,1487.773,expert3_eval,8053256192,4982
1790753445.475318,3133074,1488.796,expert3_eval,8053256192,4982
1790753446.503044,3133074,1489.824,expert3_eval,8053256192,4982
1790753447.5217333,3133074,1490.842,expert3_eval,8053256192,4982
1790753448.5418124,3133074,1491.863,expert3_eval,8053256192,4982
1790753449.5640848,3133074,1492.885,expert3_eval,8053256192,4982
1790753450.5860116,3133074,1493.907,expert3_eval,8053256192,4982
1790753451.605641,3133074,1494.926,expert3_eval,7981035520,4982
1790753452.628896,3133074,1495.95,expert3_eval,7981035520,4982
1790753453.6504338,3133074,1496.971,expert3_eval,7981035520,4982
1790753454.6743531,3133074,1497.995,expert3_eval,7981035520,4982
1790753455.6949706,3133074,1499.016,expert3_eval,7981035520,4982
1790753456.7144759,3133074,1500.035,expert3_eval,7981035520,4982
1790753457.732961,3133074,1501.054,expert3_eval,7981035520,4982
1790753458.7544086,3133074,1502.075,expert3_eval,7981035520,4982
1790753459.7755198,3133074,1503.096,expert3_eval,7981035520,4982
1790753460.7985163,3133074,1504.119,expert3_eval,7981035520,4982
1790753461.8204916,3133074,1505.141,expert3_eval,8029138944,4982
1790753462.8415139,3133074,1506.162,expert3_eval,8029138944,4982
1790753463.8633738,3133074,1507.184,expert3_eval,8029138944,4982
1790753464.8852475,3133074,1508.206,expert3_eval,8029138944,4982
1790753465.909601,3133074,1509.23,expert3_eval,8029138944,4982
1790753466.9350042,3133074,1510.256,expert3_eval,8029138944,4982
1790753467.958522,3133074,1511.279,expert3_eval,8029138944,4982
1790753468.9809606,3133074,1512.302,expert3_eval,8029138944,4982
1790753470.006205,3133074,1513.327,expert3_eval,8029138944,4982
1790753471.0306222,3133074,1514.351,expert3_eval,8029138944,4982
1790753472.0566761,3133074,1515.377,expert3_eval,8053256192,4982
1790753473.0820954,3133074,1516.403,expert3_eval,8053256192,4982
1790753474.1049492,3133074,1517.426,expert3_eval,8053256192,4982
1790753475.130042,3133074,1518.451,expert3_eval,8053256192,4982
1790753476.1512957,3133074,1519.472,expert3_eval,8053256192,4982
1790753477.1730766,3133074,1520.494,expert3_eval,8053256192,4982
1790753478.1956944,3133074,1521.516,expert3_eval,8053256192,4982
1790753479.222253,3133074,1522.543,expert3_eval,8053256192,4982
1790753480.2459114,3133074,1523.567,expert3_eval,8053256192,4982
1790753481.2671835,3133074,1524.588,expert3_eval,8053256192,4982
1790753482.291267,3133074,1525.612,expert3_eval,8053256192,4982
1790753483.3166287,3133074,1526.637,expert3_eval,8053256192,4982
1790753484.3434978,3133074,1527.664,expert3_eval,8053256192,4982
1790753485.3691936,3133074,1528.69,expert3_eval,8053256192,4982
1790753486.3975399,3133074,1529.718,expert3_eval,8053256192,4982
1790753487.4201734,3133074,1530.741,expert3_eval,8053256192,4982
1790753488.4421382,3133074,1531.763,expert3_eval,8053256192,4982
1790753489.467982,3133074,1532.789,expert3_eval,8053256192,4982
1790753490.4895635,3133074,1533.81,expert3_eval,8053256192,4982
1790753491.5140936,3133074,1534.835,expert3_eval,8053256192,4982
1790753492.541036,3133074,1535.862,expert3_eval,7981035520,4982
1790753493.5631638,3133074,1536.884,expert3_eval,7981035520,4982
1790753494.5880976,3133074,1537.909,expert3_eval,7981035520,4982
1790753495.6116421,3133074,1538.932,expert3_eval,7981035520,4982
1790753496.629697,3133074,1539.95,expert3_eval,7981035520,4982
1790753497.651137,3133074,1540.972,expert3_eval,7981035520,4982
1790753498.670349,3133074,1541.991,expert3_eval,7981035520,4982
1790753499.6931777,3133074,1543.014,expert3_eval,7981035520,4982
1790753500.7175648,3133074,1544.038,expert3_eval,7981035520,4982
1790753501.7440295,3133074,1545.065,expert3_eval,7981035520,4982
1790753502.7699974,3133074,1546.091,expert3_eval,8029138944,4982
1790753503.7949739,3133074,1547.116,expert3_eval,8029138944,4982
1790753504.8163636,3133074,1548.137,expert3_eval,8029138944,4982
1790753505.8378747,3133074,1549.159,expert3_eval,8029138944,4982
1790753506.8571599,3133074,1550.178,expert3_eval,8029138944,4982
1790753507.8771358,3133074,1551.198,expert3_eval,8029138944,4982
1790753508.898122,3133074,1552.219,expert3_eval,8029138944,4982
1790753509.9237018,3133074,1553.244,expert3_eval,8029138944,4982
1790753510.9482253,3133074,1554.269,expert3_eval,8029138944,4982
1790753511.9684675,3133074,1555.289,expert3_eval,8029138944,4982
1790753512.9926338,3133074,1556.313,expert3_eval,8053256192,4982
1790753514.015041,3133074,1557.336,expert3_eval,8053256192,4982
1790753515.03687,3133074,1558.358,expert3_eval,8053256192,4982
1790753516.0600686,3133074,1559.381,expert3_eval,8053256192,4982
1790753517.082488,3133074,1560.403,expert3_eval,8053256192,4982
1790753518.1123576,3133074,1561.433,expert3_eval,8053256192,4982
1790753519.135569,3133074,1562.456,expert3_eval,8053256192,4982
1790753520.1582484,3133074,1563.479,expert3_eval,8053256192,4982
1790753521.1765387,3133074,1564.497,expert3_eval,8053256192,4982
1790753522.1951396,3133074,1565.516,expert3_eval,8053256192,4982
1790753523.217094,3133074,1566.538,expert3_eval,8053256192,4982
1790753524.2377322,3133074,1567.558,expert3_eval,8053256192,4982
1790753525.2618032,3133074,1568.583,expert3_eval,8053256192,4982
1790753526.2829108,3133074,1569.604,expert3_eval,8053256192,4982
1790753527.3033884,3133074,1570.624,expert3_eval,8053256192,4982
1790753528.3258665,3133074,1571.647,expert3_eval,8053256192,4982
1790753529.3468668,3133074,1572.668,expert3_eval,8053256192,4982
1790753530.3673031,3133074,1573.688,expert3_eval,8053256192,4982
1790753531.38876,3133074,1574.71,expert3_eval,8053256192,4982
1790753532.4122193,3133074,1575.733,expert3_eval,8053256192,4982
1790753533.4364626,3133074,1576.757,expert3_eval,7981035520,4982
1790753534.464614,3133074,1577.785,expert3_eval,7981035520,4982
1790753535.4859443,3133074,1578.807,expert3_eval,7981035520,4982
1790753536.5087447,3133074,1579.829,expert3_eval,7981035520,4982
1790753537.529909,3133074,1580.851,expert3_eval,7981035520,4982
1790753538.556451,3133074,1581.877,expert3_eval,7981035520,4982
1790753539.5766914,3133074,1582.897,expert3_eval,7981035520,4982
1790753540.5982544,3133074,1583.919,expert3_eval,7981035520,4982
1790753541.6211765,3133074,1584.942,expert3_eval,7981035520,4982
1790753542.6438375,3133074,1585.965,expert3_eval,7981035520,4982
1790753543.670045,3133074,1586.991,expert3_eval,8029138944,4982
1790753544.6916146,3133074,1588.012,expert3_eval,8029138944,4982
1790753545.7147865,3133074,1589.036,expert3_eval,8029138944,4982
1790753546.7403822,3133074,1590.061,expert3_eval,8029138944,4982
1790753547.763686,3133074,1591.084,expert3_eval,8029138944,4982
1790753548.7840476,3133074,1592.105,expert3_eval,8029138944,4982
1790753549.8033066,3133074,1593.124,expert3_eval,8029138944,4982
1790753550.8234751,3133074,1594.144,expert3_eval,8029138944,4982
1790753551.8463476,3133074,1595.167,expert3_eval,8029138944,4982
1790753552.8720496,3133074,1596.193,expert3_eval,8029138944,4982
1790753553.8985615,3133074,1597.219,expert3_eval,8053256192,4982
1790753554.9225924,3133074,1598.243,expert3_eval,8053256192,4982
1790753555.9474673,3133074,1599.268,expert3_eval,8053256192,4982
1790753556.9718752,3133074,1600.293,expert3_eval,8053256192,4982
1790753557.9973264,3133074,1601.318,expert3_eval,8053256192,4982
1790753559.0209157,3133074,1602.342,expert3_eval,8053256192,4982
1790753560.0405176,3133074,1603.361,expert3_eval,8053256192,4982
1790753561.0625632,3133074,1604.383,expert3_eval,8053256192,4982
1790753562.0865228,3133074,1605.407,expert3_eval,8053256192,4982
1790753563.1088517,3133074,1606.43,expert3_eval,8053256192,4982
1790753564.1314864,3133074,1607.452,expert3_eval,8053256192,4982
1790753565.1516666,3133074,1608.472,expert3_eval,8053256192,4982
1790753566.1720054,3133074,1609.493,expert3_eval,8053256192,4982
1790753567.194415,3133074,1610.515,expert3_eval,8053256192,4982
1790753568.2165995,3133074,1611.537,expert3_eval,8053256192,4982
1790753569.2415576,3133074,1612.562,expert3_eval,8053256192,4982
1790753570.2620797,3133074,1613.583,expert3_eval,8053256192,4982
1790753571.2819066,3133074,1614.603,expert3_eval,8053256192,4982
1790753572.3008382,3133074,1615.622,expert3_eval,8053256192,4982
1790753573.3223953,3133074,1616.643,expert3_eval,8053256192,4982
1790753574.3445616,3133074,1617.665,expert3_eval,7981035520,4982
1790753575.364989,3133074,1618.686,expert3_eval,7981035520,4982
1790753576.3861241,3133074,1619.707,expert3_eval,7981035520,4982
1790753577.4110103,3133074,1620.732,expert3_eval,7981035520,4982
1790753578.4306147,3133074,1621.751,expert3_eval,7981035520,4982
1790753579.4510477,3133074,1622.772,expert3_eval,7981035520,4982
1790753580.471585,3133074,1623.792,expert3_eval,7981035520,4982
1790753581.4929297,3133074,1624.814,expert3_eval,7981035520,4982
1790753582.517308,3133074,1625.838,expert3_eval,7981035520,4982
1790753583.5402787,3133074,1626.861,expert3_eval,7981035520,4982
1790753584.567161,3133074,1627.888,expert3_eval,8029138944,4982
1790753585.5922503,3133074,1628.913,expert3_eval,8029138944,4982
1790753586.6182976,3133074,1629.939,expert3_eval,8029138944,4982
1790753587.6431453,3133074,1630.964,expert3_eval,8029138944,4982
1790753588.6673875,3133074,1631.988,expert3_eval,8029138944,4982
1790753589.6949627,3133074,1633.016,expert3_eval,8029138944,4982
1790753590.715837,3133074,1634.037,expert3_eval,8029138944,4982
1790753591.7360306,3133074,1635.057,expert3_eval,8029138944,4982
1790753592.7574992,3133074,1636.078,expert3_eval,8029138944,4982
1790753593.777638,3133074,1637.098,expert3_eval,8029138944,4982
1790753594.7974095,3133074,1638.118,expert3_eval,8029138944,4982
1790753595.8208284,3133074,1639.142,expert3_eval,8053256192,4982
1790753596.8419423,3133074,1640.163,expert3_eval,8053256192,4982
1790753597.8673115,3133074,1641.188,expert3_eval,8053256192,4982
1790753598.8926215,3133074,1642.213,expert3_eval,8053256192,4982
1790753599.9137778,3133074,1643.235,expert3_eval,8053256192,4982
1790753600.9388285,3133074,1644.26,expert3_eval,8053256192,4982
1790753601.9649692,3133074,1645.286,expert3_eval,8053256192,4982
1790753602.987772,3133074,1646.309,expert3_eval,8053256192,4982
1790753604.0098906,3133074,1647.331,expert3_eval,8053256192,4982
1790753605.069021,3133074,1648.39,expert3_eval,8053256192,4982
1790753606.0893137,3133074,1649.41,expert3_eval,8053256192,4982
1790753607.1112242,3133074,1650.432,expert3_eval,8053256192,4982
1790753608.133822,3133074,1651.455,expert3_eval,8053256192,4982
1790753609.155586,3133074,1652.476,expert3_eval,8053256192,4982
1790753610.176952,3133074,1653.498,expert3_eval,8053256192,4982
1790753611.2008116,3133074,1654.522,expert3_eval,8053256192,4982
1790753612.2224894,3133074,1655.543,expert3_eval,8053256192,4982
1790753613.2446039,3133074,1656.565,expert3_eval,8053256192,4982
1790753614.2688534,3133074,1657.59,expert3_eval,8053256192,4982
1790753615.3139713,3133074,1658.635,expert3_eval,7981035520,4982
1790753616.3353055,3133074,1659.656,expert3_eval,7981035520,4982
1790753617.356032,3133074,1660.677,expert3_eval,7981035520,4982
1790753618.3755572,3133074,1661.696,expert3_eval,7981035520,4982
1790753619.3959184,3133074,1662.717,expert3_eval,7981035520,4982
1790753620.4165728,3133074,1663.737,expert3_eval,7981035520,4982
1790753621.4364948,3133074,1664.757,expert3_eval,7981035520,4982
1790753622.458033,3133074,1665.779,expert3_eval,7981035520,4982
1790753623.4811227,3133074,1666.802,expert3_eval,7981035520,4982
1790753624.5005672,3133074,1667.821,expert3_eval,7981035520,4982
1790753625.5242357,3133074,1668.845,expert3_eval,7981035520,4982
1790753626.545887,3133074,1669.867,expert3_eval,8029138944,4982
1790753627.5676146,3133074,1670.888,expert3_eval,8029138944,4982
1790753628.5903811,3133074,1671.911,expert3_eval,8029138944,4982
1790753629.6153157,3133074,1672.936,expert3_eval,8029138944,4982
1790753630.6371386,3133074,1673.958,expert3_eval,8029138944,4982
1790753631.658706,3133074,1674.979,expert3_eval,8029138944,4982
1790753632.677643,3133074,1675.998,expert3_eval,8029138944,4982
1790753633.698007,3133074,1677.019,expert3_eval,8029138944,4982
1790753634.7194214,3133074,1678.04,expert3_eval,8029138944,4982
1790753635.7426925,3133074,1679.063,expert3_eval,8053256192,4982
1790753636.7654204,3133074,1680.086,expert3_eval,8053256192,4982
1790753637.7893772,3133074,1681.11,expert3_eval,8053256192,4982
1790753638.8115258,3133074,1682.132,expert3_eval,8053256192,4982
1790753639.8305132,3133074,1683.151,expert3_eval,8053256192,4982
1790753640.8520424,3133074,1684.173,expert3_eval,8053256192,4982
1790753641.8737578,3133074,1685.195,expert3_eval,8053256192,4982
1790753642.893669,3133074,1686.214,expert3_eval,8053256192,4982
1790753643.914714,3133074,1687.235,expert3_eval,8053256192,4982
1790753644.9391878,3133074,1688.26,expert3_eval,8053256192,4982
1790753645.9633434,3133074,1689.284,expert3_eval,8053256192,4982
1790753646.9889665,3133074,1690.31,expert3_eval,8053256192,4982
1790753648.013321,3133074,1691.334,expert3_eval,8053256192,4982
1790753649.0379162,3133074,1692.359,expert3_eval,8053256192,4982
1790753650.0615404,3133074,1693.382,expert3_eval,8053256192,4982
1790753651.0858593,3133074,1694.407,expert3_eval,8053256192,4982
1790753652.1112704,3133074,1695.432,expert3_eval,8053256192,4982
1790753653.1355703,3133074,1696.456,expert3_eval,8053256192,4982
1790753654.1607862,3133074,1697.482,expert3_eval,8053256192,4982
1790753655.1860013,3133074,1698.507,expert3_eval,8053256192,4982
1790753656.2110405,3133074,1699.532,expert3_eval,8053256192,4982
1790753657.237429,3133074,1700.558,expert3_eval,7981035520,4982
1790753658.2618093,3133074,1701.583,expert3_eval,7981035520,4982
1790753659.2875452,3133074,1702.608,expert3_eval,7981035520,4982
1790753660.311583,3133074,1703.632,expert3_eval,7981035520,4982
1790753661.3355644,3133074,1704.656,expert3_eval,7981035520,4982
1790753662.355441,3133074,1705.676,expert3_eval,7981035520,4982
1790753663.3743582,3133074,1706.695,expert3_eval,7981035520,4982
1790753664.3952706,3133074,1707.716,expert3_eval,7981035520,4982
1790753665.4163468,3133074,1708.737,expert3_eval,7981035520,4982
1790753666.4373212,3133074,1709.758,expert3_eval,7981035520,4982
1790753667.4559,3133074,1710.777,expert3_eval,7981035520,4982
1790753668.4769151,3133074,1711.798,expert3_eval,7981035520,4982
1790753669.4955924,3133074,1712.816,expert3_eval,7981035520,4982
1790753670.5160747,3133074,1713.837,expert3_eval,7981035520,4982
1790753671.536008,3133074,1714.857,expert3_eval,7981035520,4982
1790753672.5574071,3133074,1715.878,expert3_eval,7981035520,4982
1790753673.5829763,3133074,1716.904,expert3_eval,7981035520,4982
1790753674.607785,3133074,1717.929,expert3_eval,7981035520,4982
1790753675.6294549,3133074,1718.95,expert3_eval,7981035520,4982
1790753676.6488059,3133074,1719.97,expert3_eval,7981035520,4982
1790753677.668037,3133074,1720.989,expert3_eval,7981035520,4982
1790753678.688236,3133074,1722.009,expert3_eval,7981035520,4982
1790753679.7096581,3133074,1723.03,expert3_eval,7981035520,4982
1790753680.731451,3133074,1724.052,expert3_eval,7981035520,4982
1790753681.7525055,3133074,1725.073,expert3_eval,7981035520,4982
1790753682.7753603,3133074,1726.096,expert3_eval,7981035520,4982
1790753683.7956517,3133074,1727.116,expert3_eval,7981035520,4982
1790753684.8170388,3133074,1728.138,expert3_eval,7981035520,4982
1790753685.8361592,3133074,1729.157,expert3_eval,7981035520,4982
1790753686.857291,3133074,1730.178,expert3_eval,7981035520,4982
1790753687.877805,3133074,1731.199,expert3_eval,7981035520,4982
1790753688.8988657,3133074,1732.22,expert3_eval,7981035520,4982
1790753689.9238694,3133074,1733.245,expert3_eval,7981035520,4982
1790753690.9477205,3133074,1734.268,expert3_eval,7981035520,4982
1790753691.9699025,3133074,1735.291,expert3_eval,7981035520,4982
1790753692.9949312,3133074,1736.316,expert3_eval,7981035520,4982
1790753694.021276,3133074,1737.342,starting,6395445248,862
1790753695.0419703,3133074,1738.363,expert4_fit,6395445248,1366
1790753696.0639825,3133074,1739.385,expert4_fit,5976182784,1366
1790753697.0889666,3133074,1740.41,expert4_fit,5976182784,1366
1790753698.113212,3133074,1741.434,starting,5976182784,1462
1790753699.13591,3133074,1742.457,starting,5976182784,1462
1790753700.1604433,3133074,1743.481,starting,5976182784,1462
1790753701.187928,3133074,1744.509,starting,5976182784,1462
1790753702.2099988,3133074,1745.531,starting,5976182784,1462
1790753703.2294953,3133074,1746.55,starting,5976182784,1462
1790753704.2514248,3133074,1747.572,starting,5976182784,1462
1790753705.2725496,3133074,1748.593,starting,5976182784,1462
1790753706.336027,3133074,1749.657,expert4_route,5086162944,1462
1790753707.3580034,3133074,1750.679,expert4_route,5086162944,1582
1790753708.3808734,3133074,1751.702,expert4_route,5086162944,1722
1790753709.400236,3133074,1752.721,expert4_route,5086162944,1742
1790753710.4189491,3133074,1753.74,expert4_route,5086162944,1762
1790753711.4399617,3133074,1754.761,expert4_route,5086162944,1782
1790753712.4607565,3133074,1755.782,expert4_route,5086162944,1782
1790753713.4825757,3133074,1756.803,expert4_route,5086162944,1802
1790753714.50726,3133074,1757.828,expert4_route,5086162944,1802
1790753715.5329418,3133074,1758.854,expert4_route,5086162944,1802
1790753716.556737,3133074,1759.877,expert4_route,5086162944,1802
1790753717.5805433,3133074,1760.901,expert4_route,5086162944,1802
1790753718.6015484,3133074,1761.922,expert4_route,5086162944,1802
1790753719.6229298,3133074,1762.944,expert4_route,5086162944,1802
1790753720.6444852,3133074,1763.965,expert4_route,5086162944,1802
1790753721.6742082,3133074,1764.995,expert4_route,5086162944,1802
1790753722.7006118,3133074,1766.021,expert4_route,5086162944,1802
1790753723.726665,3133074,1767.047,expert4_route,5086162944,1802
1790753724.7517304,3133074,1768.072,expert4_route,5086162944,1802
1790753725.777416,3133074,1769.098,expert4_route,5086162944,1802
1790753726.8026319,3133074,1770.123,expert4_route,5086162944,1802
1790753727.8273723,3133074,1771.148,expert4_route,5086162944,1802
1790753728.8479002,3133074,1772.169,expert4_route,5086162944,1802
1790753729.8681355,3133074,1773.189,expert4_route,5086162944,1802
1790753730.8937192,3133074,1774.214,expert4_route,5086162944,1802
1790753731.9490924,3133074,1775.27,expert4_route,5086162944,1802
1790753732.9782615,3133074,1776.299,expert4_route,5086162944,1802
1790753734.0004015,3133074,1777.321,expert4_route,5086162944,1802
1790753735.0249639,3133074,1778.346,expert4_route,5086162944,1802
1790753736.0466099,3133074,1779.367,expert4_route,5086162944,1802
1790753737.0695632,3133074,1780.39,expert4_route,5086162944,1802
1790753738.0909927,3133074,1781.412,expert4_route,5086162944,1802
1790753739.115493,3133074,1782.436,expert4_route,5086162944,1802
1790753740.1419125,3133074,1783.463,expert4_route,5086162944,1802
1790753741.1650012,3133074,1784.486,expert4_route,5086162944,1802
1790753742.1929328,3133074,1785.514,expert4_route,5086162944,1802
1790753743.217407,3133074,1786.538,expert4_route,5086162944,1802
1790753744.2439995,3133074,1787.565,expert4_route,5086162944,1802
1790753745.2675226,3133074,1788.588,expert4_route,5086162944,1802
1790753746.3222878,3133074,1789.643,expert4_cal,5046996992,1802
1790753747.3441637,3133074,1790.665,expert4_cal,5046996992,1802
1790753748.3645556,3133074,1791.685,expert4_cal,5046996992,1802
1790753749.3868942,3133074,1792.708,expert4_cal,5046996992,1802
1790753750.4060626,3133074,1793.727,expert4_cal,5046996992,1802
1790753751.4274206,3133074,1794.748,expert4_cal,5046996992,1802
1790753752.4490445,3133074,1795.77,expert4_cal,5046996992,1802
1790753753.4722767,3133074,1796.793,expert4_cal,5046996992,1802
1790753754.4967601,3133074,1797.818,expert4_cal,5046996992,1802
1790753755.5226648,3133074,1798.843,expert4_cal,5046996992,1802
1790753756.588432,3133074,1799.909,expert4_cal,5046996992,1802
1790753757.611023,3133074,1800.932,expert4_cal,5046996992,1802
1790753758.6633935,3133074,1801.984,expert4_cal,5046996992,1802
1790753759.6885586,3133074,1803.009,expert4_cal,5046996992,1802
1790753760.7138565,3133074,1804.035,expert4_cal,5046996992,1802
1790753761.7338147,3133074,1805.055,expert4_cal,5046996992,1802
1790753762.7537131,3133074,1806.074,expert4_cal,5046996992,1802
1790753763.7749038,3133074,1807.096,expert4_cal,5046996992,1802
1790753764.7947989,3133074,1808.116,expert4_cal,5046996992,1802
1790753765.8190007,3133074,1809.14,expert4_cal,5046996992,1802
1790753766.842365,3133074,1810.163,expert4_cal,5046996992,1802
1790753767.8666072,3133074,1811.187,expert4_cal,5046996992,1802
1790753768.8906395,3133074,1812.211,expert4_cal,5046996992,1802
1790753769.9135091,3133074,1813.234,expert4_eval,5411536896,1802
1790753770.934274,3133074,1814.255,expert4_eval,5411536896,1802
1790753771.9548128,3133074,1815.276,expert4_eval,5411536896,1802
1790753773.018127,3133074,1816.339,expert4_eval,5411536896,1802
1790753774.037675,3133074,1817.358,expert4_eval,5411536896,1802
1790753775.0640268,3133074,1818.385,expert4_eval,5411536896,1802
1790753776.0894265,3133074,1819.41,expert4_eval,5411536896,1802
1790753777.1092927,3133074,1820.43,expert4_eval,5411536896,1802
1790753778.1289227,3133074,1821.45,expert4_eval,5411536896,1802
1790753779.1502888,3133074,1822.471,expert4_eval,5411536896,1802
1790753780.1696398,3133074,1823.49,expert4_eval,5411536896,1802
1790753781.1918256,3133074,1824.513,expert4_eval,5411536896,1802
1790753782.2135978,3133074,1825.534,expert4_eval,5411536896,1802
1790753783.2330453,3133074,1826.554,expert4_eval,5411536896,1802
1790753784.2533202,3133074,1827.574,expert4_eval,5411536896,1802
1790753785.2730126,3133074,1828.594,expert4_eval,5411536896,1802
1790753786.2956421,3133074,1829.616,expert4_eval,5411536896,1802
1790753787.3178399,3133074,1830.639,expert4_eval,5411536896,1802
1790753788.3430822,3133074,1831.664,expert4_eval,5411536896,1802
1790753789.3662956,3133074,1832.687,expert4_eval,5411536896,1802
1790753790.387467,3133074,1833.708,expert4_eval,5411536896,1802
1790753791.409261,3133074,1834.73,expert4_eval,5411536896,1802
1790753792.4383147,3133074,1835.759,expert4_eval,5411536896,1802
1790753793.464251,3133074,1836.785,expert4_eval,5411536896,1802
1790753794.4884303,3133074,1837.809,expert4_eval,5411536896,1802
1790753795.5141802,3133074,1838.835,expert4_eval,5411536896,1802
1790753796.541117,3133074,1839.862,expert4_eval,5411536896,1802
1790753797.5860152,3133074,1840.907,expert4_eval,5411536896,1802
1790753798.606007,3133074,1841.927,expert4_eval,5411536896,1802
1790753799.6251879,3133074,1842.946,expert4_eval,5411536896,1802
1790753800.6452117,3133074,1843.966,expert4_eval,5411536896,1802
1790753801.6642478,3133074,1844.985,expert4_eval,5411536896,1802
1790753802.6858814,3133074,1846.007,expert4_eval,5411536896,1802
1790753803.7116048,3133074,1847.032,expert4_eval,5411536896,1802
1790753804.7316349,3133074,1848.052,expert4_eval,5411536896,1802
1790753805.7512007,3133074,1849.072,expert4_eval,5411536896,1802
1790753806.7708368,3133074,1850.092,expert4_eval,5411536896,1802
1790753807.793863,3133074,1851.115,expert4_eval,5411536896,1802
1790753808.8182447,3133074,1852.139,expert4_eval,5411536896,1802
1790753809.8435783,3133074,1853.164,expert4_eval,5411536896,1802
1790753810.8663568,3133074,1854.187,expert4_eval,5411536896,1802
1790753811.8844216,3133074,1855.205,expert4_eval,5411536896,1802
1790753812.9024682,3133074,1856.223,expert4_eval,5411536896,1802
1790753813.9202106,3133074,1857.241,expert4_eval,5411536896,1802
1790753814.9395082,3133074,1858.26,expert4_eval,5411536896,1802
1790753815.9634116,3133074,1859.284,expert4_eval,5411536896,1802
1790753816.9873018,3133074,1860.308,expert4_eval,5411536896,1802
1790753818.0104346,3133074,1861.331,expert4_eval,5411536896,1802
1790753819.0319927,3133074,1862.353,expert4_eval,5411536896,1802
1790753820.0533233,3133074,1863.374,expert4_eval,5411536896,1802
1790753821.072254,3133074,1864.393,expert4_eval,5411536896,1802
1790753822.0948336,3133074,1865.416,expert4_eval,5411536896,1802
1790753823.123442,3133074,1866.444,expert4_eval,5411536896,1802
1790753824.1454542,3133074,1867.466,expert4_eval,5411536896,1802
1790753825.1694765,3133074,1868.49,expert4_eval,5411536896,1802
1790753826.1907804,3133074,1869.512,expert4_eval,5411536896,1802
1790753827.2097416,3133074,1870.53,expert4_eval,5411536896,1802
1790753828.2280703,3133074,1871.549,expert4_eval,5411536896,1802
1790753829.2456672,3133074,1872.566,expert4_eval,5411536896,1802
1790753830.2655168,3133074,1873.586,expert4_eval,5411536896,1802
1790753831.288127,3133074,1874.609,expert4_eval,5411536896,1802
1790753832.311023,3133074,1875.632,expert4_eval,5411536896,1802
1790753833.3399582,3133074,1876.661,expert4_eval,5411536896,1802
1790753834.3669162,3133074,1877.688,expert4_eval,5411536896,1802
1790753835.388716,3133074,1878.709,expert4_eval,5411536896,1802
1790753836.4103715,3133074,1879.731,expert4_eval,5411536896,1802
1790753837.4334505,3133074,1880.754,expert4_eval,5411536896,1802
1790753838.4556441,3133074,1881.776,expert4_eval,5411536896,1802
1790753839.481381,3133074,1882.802,expert4_eval,5411536896,1802
1790753840.5094972,3133074,1883.83,expert4_eval,5411536896,1802
1790753841.5358524,3133074,1884.857,expert4_eval,5411536896,1802
1790753842.556695,3133074,1885.877,expert4_eval,5411536896,1802
1790753843.5803738,3133074,1886.901,expert4_eval,5411536896,1802
1790753844.6026573,3133074,1887.923,expert4_eval,5411536896,1802
1790753845.6270895,3133074,1888.948,expert4_eval,5411536896,1802
1790753846.6491776,3133074,1889.97,expert4_eval,5411536896,1802
1790753847.6773965,3133074,1890.998,expert4_eval,5411536896,1802
1790753848.6994474,3133074,1892.02,expert4_eval,5411536896,1802
1790753849.7214558,3133074,1893.042,expert4_eval,5411536896,1802
1790753850.7434797,3133074,1894.064,expert4_eval,5411536896,1802
1790753851.7708771,3133074,1895.092,expert4_eval,5411536896,1802
1790753852.7938185,3133074,1896.115,expert4_eval,5411536896,1802
1790753853.8447468,3133074,1897.165,expert4_eval,5411536896,1802
1790753854.8653278,3133074,1898.186,expert4_eval,5411536896,1802
1790753855.886407,3133074,1899.207,expert4_eval,5411536896,1802
1790753856.9065757,3133074,1900.227,expert4_eval,5411536896,1802
1790753857.9289377,3133074,1901.25,expert4_eval,5411536896,1802
1790753858.950883,3133074,1902.272,expert4_eval,5411536896,1802
1790753859.9693747,3133074,1903.29,expert4_eval,5411536896,1802
1790753860.9891303,3133074,1904.31,expert4_eval,5411536896,1802
1790753862.0080535,3133074,1905.329,expert4_eval,5411536896,1802
1790753863.028613,3133074,1906.349,expert4_eval,5411536896,1802
1790753864.0537634,3133074,1907.375,expert4_eval,5411536896,1802
1790753865.0805824,3133074,1908.401,expert4_eval,5411536896,1802
1790753866.105709,3133074,1909.426,expert4_eval,5411536896,1802
1790753867.1349363,3133074,1910.456,expert4_eval,5411536896,1802
1790753868.1543357,3133074,1911.475,expert4_eval,5411536896,1802
1790753869.1753516,3133074,1912.496,expert4_eval,5411536896,1802
1790753870.1988697,3133074,1913.52,expert4_eval,5411536896,1802
1790753871.2222733,3133074,1914.543,expert4_eval,5411536896,1802
1790753872.2399573,3133074,1915.561,expert4_eval,5411536896,1802
1790753873.2599454,3133074,1916.581,expert4_eval,5411536896,1802
1790753874.2799644,3133074,1917.601,expert4_eval,5411536896,1802
1790753875.2988214,3133074,1918.62,expert4_eval,5411536896,1802
1790753876.3210626,3133074,1919.642,expert4_eval,5411536896,1802
1790753877.3466585,3133074,1920.667,expert4_eval,5411536896,1802
1790753878.3669744,3133074,1921.688,expert4_eval,5411536896,1802
1790753879.3858366,3133074,1922.707,expert4_eval,5411536896,1802
1790753880.406059,3133074,1923.727,expert4_eval,5411536896,1802
1790753881.4269376,3133074,1924.748,expert4_eval,5411536896,1802
1790753882.4490683,3133074,1925.77,expert4_eval,5411536896,1802
1790753883.468082,3133074,1926.789,expert4_eval,5411536896,1802
1790753884.4882567,3133074,1927.809,expert4_eval,5411536896,1802
1790753885.5088065,3133074,1928.83,expert4_eval,5411536896,1802
1790753886.5299587,3133074,1929.851,expert4_eval,5411536896,1802
1790753887.5547223,3133074,1930.875,expert4_eval,5411536896,1802
1790753888.5764282,3133074,1931.897,expert4_eval,5411536896,1802
1790753889.601753,3133074,1932.923,expert4_eval,5411536896,1802
1790753890.6239903,3133074,1933.945,expert4_eval,5411536896,1802
1790753891.6898816,3133074,1935.011,expert4_eval,5411536896,1802
1790753892.7137065,3133074,1936.034,expert4_eval,5411536896,1802
1790753893.7348964,3133074,1937.056,expert4_eval,5411536896,1802
1790753894.7575996,3133074,1938.078,expert4_eval,5411536896,1802
1790753895.78238,3133074,1939.103,expert4_eval,5411536896,1802
1790753896.8073177,3133074,1940.128,expert4_eval,5411536896,1802
1790753897.8311045,3133074,1941.152,expert4_eval,5411536896,1802
1790753898.8540905,3133074,1942.175,expert4_eval,5411536896,1802
1790753899.8785238,3133074,1943.199,expert4_eval,5411536896,1802
1790753900.9045494,3133074,1944.225,expert4_eval,5411536896,1802
1790753901.9281628,3133074,1945.249,expert4_eval,5411536896,1802
1790753902.955166,3133074,1946.276,expert4_eval,5411536896,1802
1790753903.9858685,3133074,1947.307,expert4_eval,5411536896,1802
1790753905.009063,3133074,1948.33,expert4_eval,5411536896,1802
1790753906.0293972,3133074,1949.35,expert4_eval,5411536896,1802
1790753907.0510406,3133074,1950.372,expert4_eval,5411536896,1802
1790753908.0745168,3133074,1951.395,expert4_eval,5411536896,1802
1790753909.0977142,3133074,1952.418,expert5_fit,4443480064,1368
1790753910.1195438,3133074,1953.44,starting,4443480064,1464
1790753911.1435082,3133074,1954.464,starting,4443480064,1464
1790753912.1647563,3133074,1955.486,starting,4443480064,1464
1790753913.185969,3133074,1956.507,starting,4443480064,1464
1790753914.2107432,3133074,1957.531,starting,4443480064,1464
1790753915.2325437,3133074,1958.553,starting,4443480064,1464
1790753916.2570047,3133074,1959.578,starting,4443480064,1464
1790753917.3101444,3133074,1960.631,expert5_route,4536107008,1524
1790753918.3342144,3133074,1961.655,expert5_route,4536107008,1684
1790753919.3629522,3133074,1962.684,expert5_route,4536107008,1744
1790753920.3842692,3133074,1963.705,expert5_route,4536107008,1744
1790753921.4067461,3133074,1964.727,expert5_route,4536107008,1764
1790753922.4245565,3133074,1965.745,expert5_route,4536107008,1764
1790753923.4459658,3133074,1966.767,expert5_route,4536107008,1764
1790753924.4748116,3133074,1967.796,expert5_route,4536107008,1764
1790753925.4983659,3133074,1968.819,expert5_route,4536107008,1764
1790753926.5279799,3133074,1969.849,expert5_route,4536107008,1764
1790753927.5487096,3133074,1970.869,expert5_route,4536107008,1764
1790753928.568897,3133074,1971.89,expert5_route,4536107008,1764
1790753929.5933733,3133074,1972.914,expert5_route,4536107008,1764
1790753930.6145205,3133074,1973.935,expert5_route,4536107008,1764
1790753931.667322,3133074,1974.988,expert5_route,4536107008,1764
1790753932.6873734,3133074,1976.008,expert5_route,4536107008,1764
1790753933.7087686,3133074,1977.03,expert5_route,4536107008,1764
1790753934.7318504,3133074,1978.053,expert5_route,4536107008,1764
1790753935.757272,3133074,1979.078,expert5_cal,4496941056,1764
1790753936.783418,3133074,1980.104,expert5_cal,4496941056,1764
1790753937.8043535,3133074,1981.125,expert5_cal,4496941056,1764
1790753938.8236265,3133074,1982.144,expert5_cal,4496941056,1764
1790753939.84388,3133074,1983.165,expert5_cal,4496941056,1764
1790753940.8634815,3133074,1984.184,expert5_cal,4496941056,1764
1790753941.8865268,3133074,1985.207,expert5_cal,4496941056,1764
1790753942.9406073,3133074,1986.261,expert5_cal,4496941056,1764
1790753943.965398,3133074,1987.286,expert5_cal,4496941056,1764
1790753944.993698,3133074,1988.314,expert5_cal,4496941056,1764
1790753946.0181015,3133074,1989.339,expert5_eval,4897800192,1764
1790753947.0556145,3133074,1990.376,expert5_eval,4861480960,1764
1790753948.077452,3133074,1991.398,expert5_eval,4861480960,1764
1790753949.0993295,3133074,1992.42,expert5_eval,4861480960,1764
1790753950.1193142,3133074,1993.44,expert5_eval,4861480960,1764
1790753951.142465,3133074,1994.463,expert5_eval,4861480960,1764
1790753952.1636584,3133074,1995.484,expert5_eval,4861480960,1764
1790753953.185393,3133074,1996.506,expert5_eval,4861480960,1764
1790753954.210151,3133074,1997.531,expert5_eval,4861480960,1764
1790753955.2351873,3133074,1998.556,expert5_eval,4861480960,1764
1790753956.2564962,3133074,1999.577,expert5_eval,4861480960,1764
1790753957.2763884,3133074,2000.597,expert5_eval,4861480960,1764
1790753958.2951896,3133074,2001.616,expert5_eval,4861480960,1764
1790753959.3158495,3133074,2002.637,expert5_eval,4861480960,1764
1790753960.3402114,3133074,2003.661,expert5_eval,4861480960,1764
1790753961.4048617,3133074,2004.726,expert5_eval,4861480960,1764
1790753962.432834,3133074,2005.754,expert5_eval,4861480960,1764
1790753963.4592857,3133074,2006.78,expert5_eval,4861480960,1764
1790753964.4829724,3133074,2007.804,expert5_eval,4861480960,1764
1790753965.5033739,3133074,2008.824,expert5_eval,4861480960,1764
1790753966.5214736,3133074,2009.842,expert5_eval,4861480960,1764
1790753967.5414777,3133074,2010.862,expert5_eval,4861480960,1764
1790753968.5628412,3133074,2011.884,expert5_eval,4861480960,1764
1790753969.5868309,3133074,2012.908,expert5_eval,4861480960,1764
1790753970.6159067,3133074,2013.937,expert5_eval,4861480960,1764
1790753971.6455114,3133074,2014.966,expert5_eval,4861480960,1764
1790753972.6683924,3133074,2015.989,expert5_eval,4861480960,1764
1790753973.6953213,3133074,2017.016,expert5_eval,4861480960,1764
1790753974.7226257,3133074,2018.043,expert5_eval,4861480960,1764
1790753975.75355,3133074,2019.074,expert5_eval,4861480960,1764
1790753976.7833176,3133074,2020.104,expert5_eval,4861480960,1764
1790753977.813418,3133074,2021.134,expert5_eval,4861480960,1764
1790753978.8396542,3133074,2022.16,expert5_eval,4861480960,1764
1790753979.8587084,3133074,2023.179,expert5_eval,4861480960,1764
1790753980.8784404,3133074,2024.199,expert5_eval,4861480960,1764
1790753981.8999867,3133074,2025.221,expert5_eval,4861480960,1764
1790753982.92245,3133074,2026.243,expert5_eval,4861480960,1764
1790753983.9443893,3133074,2027.265,expert5_eval,4861480960,1764
1790753984.9629736,3133074,2028.284,expert5_eval,4861480960,1764
1790753985.986161,3133074,2029.307,expert5_eval,4861480960,1764
1790753987.0117579,3133074,2030.333,expert5_eval,4861480960,1764
1790753988.0364153,3133074,2031.357,expert5_eval,4861480960,1764
1790753989.0578086,3133074,2032.379,expert5_eval,4861480960,1764
1790753990.0803542,3133074,2033.401,expert5_eval,4861480960,1764
1790753991.1000898,3133074,2034.421,expert5_eval,4861480960,1764
1790753992.1229312,3133074,2035.444,expert5_eval,4861480960,1764
1790753993.1467085,3133074,2036.467,expert5_eval,4861480960,1764
1790753994.1671917,3133074,2037.488,expert5_eval,4861480960,1764
1790753995.1874406,3133074,2038.508,expert5_eval,4861480960,1764
1790753996.2122352,3133074,2039.533,expert5_eval,4861480960,1764
1790753997.245192,3133074,2040.566,expert5_eval,4861480960,1764
1790753998.2716095,3133074,2041.592,expert5_eval,4861480960,1764
1790753999.2929296,3133074,2042.614,expert5_eval,4861480960,1764
1790754000.3177872,3133074,2043.639,expert5_eval,4861480960,1764
1790754001.3405728,3133074,2044.661,expert5_eval,4861480960,1764
1790754002.364754,3133074,2045.686,expert5_eval,4861480960,1764
1790754003.3883984,3133074,2046.709,expert5_eval,4861480960,1764
1790754004.4124293,3133074,2047.733,expert5_eval,4861480960,1764
1790754005.4404135,3133074,2048.761,expert5_eval,4861480960,1764
1790754006.4623842,3133074,2049.783,expert5_eval,4861480960,1764
1790754007.4864004,3133074,2050.807,expert5_eval,4861480960,1764
1790754008.5061932,3133074,2051.827,expert5_eval,4861480960,1764
1790754009.5264604,3133074,2052.847,expert5_eval,4861480960,1764
1790754010.547927,3133074,2053.869,expert5_eval,4861480960,1764
1790754011.5724323,3133074,2054.893,expert5_eval,4861480960,1764
1790754012.5966256,3133074,2055.917,expert5_eval,4861480960,1764
1790754013.6158006,3133074,2056.937,expert5_eval,4861480960,1764
1790754014.6354594,3133074,2057.956,expert5_eval,4861480960,1764
1790754015.6570046,3133074,2058.978,expert5_eval,4861480960,1764
1790754016.6844716,3133074,2060.005,expert5_eval,4861480960,1764
1790754017.7052994,3133074,2061.026,expert5_eval,4861480960,1764
1790754018.7248604,3133074,2062.046,expert5_eval,4861480960,1764
1790754019.7519763,3133074,2063.073,expert5_eval,4861480960,1764
1790754020.7746859,3133074,2064.095,expert5_eval,4861480960,1764
1790754021.794605,3133074,2065.115,expert5_eval,4861480960,1764
1790754022.8130503,3133074,2066.134,expert5_eval,4861480960,1764
1790754023.8340845,3133074,2067.155,expert5_eval,4861480960,1764
1790754024.8545494,3133074,2068.175,expert5_eval,4861480960,1764
1790754025.879093,3133074,2069.2,expert5_eval,4861480960,1764
1790754026.902531,3133074,2070.223,expert5_eval,4861480960,1764
1790754027.927635,3133074,2071.248,expert5_eval,4861480960,1764
1790754028.953259,3133074,2072.274,expert5_eval,4861480960,1764
1790754029.9726188,3133074,2073.293,expert5_eval,4861480960,1764
1790754030.9917195,3133074,2074.312,expert5_eval,4861480960,1764
1790754032.0121164,3133074,2075.333,expert5_eval,4861480960,1764
1790754033.0328276,3133074,2076.354,expert5_eval,4861480960,1764
1790754034.0571423,3133074,2077.378,expert5_eval,4861480960,1764
1790754035.0778723,3133074,2078.399,expert5_eval,4861480960,1764
1790754036.1090853,3133074,2079.43,expert5_eval,4861480960,1764
1790754037.1391704,3133074,2080.46,expert5_eval,4861480960,1764
1790754038.160392,3133074,2081.481,expert5_eval,4861480960,1764
1790754039.1803334,3133074,2082.501,expert5_eval,4861480960,1764
1790754040.2024252,3133074,2083.523,expert5_eval,4861480960,1764
1790754041.2246044,3133074,2084.545,expert5_eval,4861480960,1764
1790754042.2476277,3133074,2085.568,expert5_eval,4861480960,1764
1790754043.2731671,3133074,2086.594,expert5_eval,4861480960,1764
1790754044.2991915,3133074,2087.62,expert5_eval,4861480960,1764
1790754045.3208206,3133074,2088.642,expert5_eval,4861480960,1764
1790754046.3420372,3133074,2089.663,expert5_eval,4861480960,1764
1790754047.3673153,3133074,2090.688,expert5_eval,4861480960,1764
1790754048.3914762,3133074,2091.712,expert5_eval,4861480960,1764
1790754049.4132032,3133074,2092.734,expert5_eval,4861480960,1764
1790754050.43497,3133074,2093.756,expert5_eval,4861480960,1764
1790754051.4573057,3133074,2094.778,expert6_fit,4443480064,604
1790754052.4873145,3133074,2095.808,expert6_fit,4443480064,1640
1790754053.5107937,3133074,2096.832,expert6_fit,4443480064,1648
1790754054.533336,3133074,2097.854,expert6_fit,4443480064,1748
1790754055.5554862,3133074,2098.876,expert6_fit,4443480064,1768
1790754056.577488,3133074,2099.898,expert6_fit,4443480064,1768
1790754057.6003325,3133074,2100.921,expert6_fit,4443480064,1768
1790754058.618488,3133074,2101.939,expert6_fit,4443480064,1768
1790754059.6392572,3133074,2102.96,expert6_fit,4443480064,1768
1790754060.664805,3133074,2103.986,expert6_fit,4443480064,1768
1790754061.6837835,3133074,2105.005,expert6_fit,4443480064,1768
1790754062.7048883,3133074,2106.026,expert6_fit,4443480064,1768
1790754063.7288485,3133074,2107.05,starting,4443480064,1864
1790754064.7503035,3133074,2108.071,starting,4443480064,1864
1790754065.775459,3133074,2109.096,starting,4443480064,1864
1790754066.799245,3133074,2110.12,starting,4443480064,1864
1790754067.8241336,3133074,2111.145,starting,4443480064,1864
1790754068.848671,3133074,2112.169,starting,4443480064,1864
1790754069.87277,3133074,2113.194,starting,4443480064,1864
1790754070.8962908,3133074,2114.217,starting,4443480064,1864
1790754071.9234452,3133074,2115.244,starting,4443480064,1864
1790754072.9476864,3133074,2116.268,starting,4443480064,1864
1790754073.9715927,3133074,2117.292,starting,4443480064,1864
1790754074.9962642,3133074,2118.317,starting,4443480064,1864
1790754076.020571,3133074,2119.341,starting,4443480064,1864
1790754077.0437071,3133074,2120.364,starting,4443480064,1864
1790754078.065264,3133074,2121.386,starting,4443480064,1864
1790754079.0901918,3133074,2122.411,starting,4443480064,1864
1790754080.114344,3133074,2123.435,expert6_route,4536107008,1864
1790754081.13933,3133074,2124.46,expert6_route,4536107008,2164
1790754082.1633334,3133074,2125.484,expert6_route,4536107008,2164
1790754083.1928713,3133074,2126.514,expert6_route,4536107008,2184
1790754084.215039,3133074,2127.536,expert6_route,4536107008,2184
1790754085.2398949,3133074,2128.561,expert6_route,4536107008,2224
1790754086.2617562,3133074,2129.583,expert6_route,4536107008,2244
1790754087.2845745,3133074,2130.605,expert6_route,4536107008,2244
1790754088.3056011,3133074,2131.626,expert6_route,4536107008,2244
1790754089.3295808,3133074,2132.65,expert6_route,4536107008,2244
1790754090.355273,3133074,2133.676,expert6_route,4536107008,2264
1790754091.3783805,3133074,2134.699,expert6_route,4536107008,2264
1790754092.3974683,3133074,2135.718,expert6_route,4536107008,2264
1790754093.417955,3133074,2136.739,expert6_route,4536107008,2264
1790754094.438519,3133074,2137.759,expert6_route,4536107008,2264
1790754095.4634979,3133074,2138.784,expert6_route,4536107008,2264
1790754096.4816053,3133074,2139.802,expert6_route,4536107008,2264
1790754097.5041022,3133074,2140.825,expert6_route,4536107008,2264
1790754098.5260468,3133074,2141.847,expert6_route,4536107008,2264
1790754099.5443008,3133074,2142.865,expert6_route,4536107008,2264
1790754100.566224,3133074,2143.887,expert6_route,4536107008,2264
1790754101.5883539,3133074,2144.909,expert6_route,4536107008,2264
1790754102.6110566,3133074,2145.932,expert6_route,4536107008,2264
1790754103.6320302,3133074,2146.953,expert6_route,4536107008,2264
1790754104.6563659,3133074,2147.977,expert6_route,4536107008,2264
1790754105.6803706,3133074,2149.001,expert6_route,4536107008,2264
1790754106.7012856,3133074,2150.022,expert6_route,4536107008,2264
1790754107.7244663,3133074,2151.045,expert6_route,4536107008,2264
1790754108.7571385,3133074,2152.078,expert6_route,4536107008,2264
1790754109.7822795,3133074,2153.103,expert6_route,4536107008,2264
1790754110.8044379,3133074,2154.125,expert6_route,4536107008,2264
1790754111.8238552,3133074,2155.145,expert6_route,4536107008,2264
1790754112.845189,3133074,2156.166,expert6_route,4536107008,2264
1790754113.8705993,3133074,2157.191,expert6_route,4536107008,2264
1790754114.8949678,3133074,2158.216,expert6_route,4536107008,2264
1790754115.9164004,3133074,2159.237,expert6_route,4536107008,2264
1790754116.9394484,3133074,2160.26,expert6_route,4536107008,2264
1790754117.9591763,3133074,2161.28,expert6_route,4536107008,2264
1790754118.9805608,3133074,2162.301,expert6_route,4536107008,2264
1790754120.0091662,3133074,2163.33,expert6_route,4536107008,2264
1790754121.031644,3133074,2164.352,expert6_route,4536107008,2264
1790754122.0539522,3133074,2165.375,expert6_route,4536107008,2264
1790754123.1045291,3133074,2166.425,expert6_route,4536107008,2264
1790754124.1255143,3133074,2167.446,expert6_route,4536107008,2264
1790754125.150583,3133074,2168.471,expert6_route,4536107008,2264
1790754126.1697323,3133074,2169.49,expert6_route,4536107008,2264
1790754127.1901445,3133074,2170.511,expert6_route,4536107008,2264
1790754128.210553,3133074,2171.531,expert6_route,4536107008,2264
1790754129.2360635,3133074,2172.557,expert6_route,4536107008,2264
1790754130.2601867,3133074,2173.581,expert6_route,4536107008,2264
1790754131.2843497,3133074,2174.605,expert6_route,4536107008,2264
1790754132.3056023,3133074,2175.626,expert6_route,4536107008,2264
1790754133.3276703,3133074,2176.648,expert6_route,4536107008,2264
1790754134.35242,3133074,2177.673,expert6_route,4536107008,2264
1790754135.3733113,3133074,2178.694,expert6_route,4536107008,2264
1790754136.3987365,3133074,2179.719,expert6_route,4536107008,2264
1790754137.4202483,3133074,2180.741,expert6_route,4536107008,2264
1790754138.4395354,3133074,2181.76,expert6_route,4536107008,2264
1790754139.4607627,3133074,2182.782,expert6_route,4536107008,2264
1790754140.4868727,3133074,2183.808,expert6_route,4536107008,2264
1790754141.5141358,3133074,2184.835,expert6_route,4536107008,2264
1790754142.5387673,3133074,2185.86,expert6_route,4536107008,2264
1790754143.591565,3133074,2186.912,expert6_cal,4496941056,2264
1790754144.6147478,3133074,2187.935,expert6_cal,4496941056,2264
1790754145.6359327,3133074,2188.957,expert6_cal,4496941056,2264
1790754146.6604047,3133074,2189.981,expert6_cal,4496941056,2264
1790754147.6836843,3133074,2191.004,expert6_cal,4496941056,2264
1790754148.705178,3133074,2192.026,expert6_cal,4496941056,2264
1790754149.7306445,3133074,2193.051,expert6_cal,4496941056,2264
1790754150.7560077,3133074,2194.077,expert6_cal,4496941056,2264
1790754151.7794797,3133074,2195.1,expert6_cal,4496941056,2264
1790754152.8052464,3133074,2196.126,expert6_cal,4496941056,2264
1790754153.8292534,3133074,2197.15,expert6_cal,4496941056,2264
1790754154.8558214,3133074,2198.177,expert6_cal,4496941056,2264
1790754155.8784525,3133074,2199.199,expert6_cal,4496941056,2264
1790754156.9002502,3133074,2200.221,expert6_cal,4496941056,2264
1790754157.955842,3133074,2201.277,expert6_cal,4496941056,2264
1790754158.9768746,3133074,2202.298,expert6_cal,4496941056,2264
1790754160.0021467,3133074,2203.323,expert6_cal,4496941056,2264
1790754161.023584,3133074,2204.344,expert6_cal,4496941056,2264
1790754162.0419664,3133074,2205.363,expert6_cal,4496941056,2264
1790754163.0627768,3133074,2206.384,expert6_cal,4496941056,2264
1790754164.084071,3133074,2207.405,expert6_cal,4496941056,2264
1790754165.1089456,3133074,2208.43,expert6_cal,4496941056,2264
1790754166.1346734,3133074,2209.455,expert6_cal,4496941056,2264
1790754167.157919,3133074,2210.479,expert6_cal,4496941056,2264
1790754168.1824274,3133074,2211.503,expert6_cal,4496941056,2264
1790754169.2050421,3133074,2212.526,expert6_cal,4496941056,2264
1790754170.2319925,3133074,2213.553,expert6_cal,4496941056,2264
1790754171.2577286,3133074,2214.578,expert6_cal,4496941056,2264
1790754172.286881,3133074,2215.608,expert6_cal,4496941056,2264
1790754173.3111737,3133074,2216.632,expert6_cal,4496941056,2264
1790754174.3356726,3133074,2217.656,expert6_cal,4496941056,2264
1790754175.361468,3133074,2218.682,expert6_cal,4496941056,2264
1790754176.3854823,3133074,2219.706,expert6_cal,4496941056,2264
1790754177.4105747,3133074,2220.731,expert6_cal,4496941056,2264
1790754178.4348593,3133074,2221.756,expert6_cal,4496941056,2264
1790754179.4557207,3133074,2222.776,expert6_cal,4496941056,2264
1790754180.481046,3133074,2223.802,expert6_cal,4496941056,2264
1790754181.5056825,3133074,2224.826,expert6_cal,4496941056,2264
1790754182.5285423,3133074,2225.849,expert6_cal,4496941056,2264
1790754183.5525053,3133074,2226.873,expert6_cal,4496941056,2264
1790754184.576219,3133074,2227.897,expert6_eval,4861480960,2264
1790754185.6007054,3133074,2228.921,expert6_eval,4861480960,2264
1790754186.6251144,3133074,2229.946,expert6_eval,4861480960,2264
1790754187.649633,3133074,2230.97,expert6_eval,4861480960,2264
1790754188.6735308,3133074,2231.994,expert6_eval,4861480960,2264
1790754189.6924646,3133074,2233.013,expert6_eval,4861480960,2264
1790754190.7136679,3133074,2234.034,expert6_eval,4861480960,2264
1790754191.7370934,3133074,2235.058,expert6_eval,4861480960,2264
1790754192.7582152,3133074,2236.079,expert6_eval,4861480960,2264
1790754193.7798603,3133074,2237.101,expert6_eval,4861480960,2264
1790754194.8047523,3133074,2238.126,expert6_eval,4861480960,2264
1790754195.8277187,3133074,2239.148,expert6_eval,4861480960,2264
1790754196.8504796,3133074,2240.171,expert6_eval,4861480960,2264
1790754197.8763087,3133074,2241.197,expert6_eval,4861480960,2264
1790754198.929446,3133074,2242.25,expert6_eval,4861480960,2264
1790754199.9499445,3133074,2243.271,expert6_eval,4861480960,2264
1790754200.9729843,3133074,2244.294,expert6_eval,4861480960,2264
1790754201.997616,3133074,2245.318,expert6_eval,4861480960,2264
1790754203.0226789,3133074,2246.343,expert6_eval,4861480960,2264
1790754204.046982,3133074,2247.368,expert6_eval,4861480960,2264
1790754205.0693278,3133074,2248.39,expert6_eval,4861480960,2264
1790754206.0945785,3133074,2249.415,expert6_eval,4861480960,2264
1790754207.1172895,3133074,2250.438,expert6_eval,4861480960,2264
1790754208.1442723,3133074,2251.465,expert6_eval,4861480960,2264
1790754209.1703157,3133074,2252.491,expert6_eval,4861480960,2264
1790754210.1955385,3133074,2253.516,expert6_eval,4861480960,2264
1790754211.2176957,3133074,2254.538,expert6_eval,4861480960,2264
1790754212.2381866,3133074,2255.559,expert6_eval,4861480960,2264
1790754213.2600367,3133074,2256.581,expert6_eval,4861480960,2264
1790754214.2848535,3133074,2257.606,expert6_eval,4861480960,2264
1790754215.3122365,3133074,2258.633,expert6_eval,4861480960,2264
1790754216.3373845,3133074,2259.658,expert6_eval,4861480960,2264
1790754217.3630407,3133074,2260.684,expert6_eval,4861480960,2264
1790754218.3863528,3133074,2261.707,expert6_eval,4861480960,2264
1790754219.4076343,3133074,2262.728,expert6_eval,4861480960,2264
1790754220.4298677,3133074,2263.751,expert6_eval,4861480960,2264
1790754221.4545536,3133074,2264.775,expert6_eval,4861480960,2264
1790754222.478257,3133074,2265.799,expert6_eval,4861480960,2264
1790754223.5025594,3133074,2266.823,expert6_eval,4861480960,2264
1790754224.5238273,3133074,2267.845,expert6_eval,4861480960,2264
1790754225.5443542,3133074,2268.865,expert6_eval,4861480960,2264
1790754226.5651004,3133074,2269.886,expert6_eval,4861480960,2264
1790754227.5838943,3133074,2270.905,expert6_eval,4861480960,2264
1790754228.6040876,3133074,2271.925,expert6_eval,4861480960,2264
1790754229.6290135,3133074,2272.95,expert6_eval,4861480960,2264
1790754230.650924,3133074,2273.972,expert6_eval,4861480960,2264
1790754231.6760108,3133074,2274.997,expert6_eval,4861480960,2264
1790754232.7000155,3133074,2276.021,expert6_eval,4861480960,2264
1790754233.7194793,3133074,2277.04,expert6_eval,4861480960,2264
1790754234.7403364,3133074,2278.061,expert6_eval,4861480960,2264
1790754235.7598956,3133074,2279.081,expert6_eval,4861480960,2264
1790754236.7824554,3133074,2280.103,expert6_eval,4861480960,2264
1790754237.804173,3133074,2281.125,expert6_eval,4861480960,2264
1790754238.8269608,3133074,2282.148,expert6_eval,4861480960,2264
1790754239.8470945,3133074,2283.168,expert6_eval,4861480960,2264
1790754240.8711061,3133074,2284.192,expert6_eval,4861480960,2264
1790754241.8973882,3133074,2285.218,expert6_eval,4861480960,2264
1790754242.9177177,3133074,2286.238,expert6_eval,4861480960,2264
1790754243.939668,3133074,2287.26,expert6_eval,4861480960,2264
1790754244.9592776,3133074,2288.28,expert6_eval,4861480960,2264
1790754245.9801188,3133074,2289.301,expert6_eval,4861480960,2264
1790754247.00485,3133074,2290.326,expert6_eval,4861480960,2264
1790754248.0285451,3133074,2291.349,expert6_eval,4861480960,2264
1790754249.057466,3133074,2292.378,expert6_eval,4861480960,2264
1790754250.0824072,3133074,2293.403,expert6_eval,4861480960,2264
1790754251.107007,3133074,2294.428,expert6_eval,4861480960,2264
1790754252.1646748,3133074,2295.485,expert6_eval,4861480960,2264
1790754253.1856282,3133074,2296.506,expert6_eval,4861480960,2264
1790754254.212652,3133074,2297.533,expert6_eval,4861480960,2264
1790754255.23141,3133074,2298.552,expert6_eval,4861480960,2264
1790754256.2523274,3133074,2299.573,expert6_eval,4861480960,2264
1790754257.273017,3133074,2300.594,expert6_eval,4861480960,2264
1790754258.2944322,3133074,2301.615,expert6_eval,4861480960,2264
1790754259.3490424,3133074,2302.67,expert6_eval,4861480960,2264
1790754260.3703823,3133074,2303.691,expert6_eval,4861480960,2264
1790754261.3970428,3133074,2304.718,expert6_eval,4861480960,2264
1790754262.4181638,3133074,2305.739,expert6_eval,4861480960,2264
1790754263.4426134,3133074,2306.763,expert6_eval,4861480960,2264
1790754264.463859,3133074,2307.785,expert6_eval,4861480960,2264
1790754265.4891446,3133074,2308.81,expert6_eval,4861480960,2264
1790754266.5134919,3133074,2309.834,expert6_eval,4861480960,2264
1790754267.5361557,3133074,2310.857,expert6_eval,4861480960,2264
1790754268.5565083,3133074,2311.877,expert6_eval,4861480960,2264
1790754269.5805442,3133074,2312.901,expert6_eval,4861480960,2264
1790754270.603001,3133074,2313.924,expert6_eval,4861480960,2264
1790754271.6221998,3133074,2314.943,expert6_eval,4861480960,2264
1790754272.642858,3133074,2315.964,expert6_eval,4861480960,2264
1790754273.664511,3133074,2316.985,expert6_eval,4861480960,2264
1790754274.688777,3133074,2318.01,expert6_eval,4861480960,2264
1790754275.7171588,3133074,2319.038,expert6_eval,4861480960,2264
1790754276.7384331,3133074,2320.059,expert6_eval,4861480960,2264
1790754277.7618794,3133074,2321.083,expert6_eval,4861480960,2264
1790754278.7852376,3133074,2322.106,expert6_eval,4861480960,2264
1790754279.8096578,3133074,2323.13,expert6_eval,4861480960,2264
1790754280.8316662,3133074,2324.152,expert6_eval,4861480960,2264
1790754281.8540618,3133074,2325.175,expert6_eval,4861480960,2264
1790754282.8804991,3133074,2326.201,expert6_eval,4861480960,2264
1790754283.905618,3133074,2327.226,expert6_eval,4861480960,2264
1790754284.9322658,3133074,2328.253,expert6_eval,4861480960,2264
1790754285.9579694,3133074,2329.279,expert6_eval,4861480960,2264
1790754286.9827216,3133074,2330.303,expert6_eval,4861480960,2264
1790754288.007781,3133074,2331.329,expert6_eval,4861480960,2264
1790754289.0309327,3133074,2332.352,expert6_eval,4861480960,2264
1790754290.057804,3133074,2333.379,expert6_eval,4861480960,2264
1790754291.0797517,3133074,2334.401,expert6_eval,4861480960,2264
1790754292.1036234,3133074,2335.424,expert6_eval,4861480960,2264
1790754293.1228209,3133074,2336.444,expert6_eval,4861480960,2264
1790754294.1430264,3133074,2337.464,expert6_eval,4861480960,2264
1790754295.1638408,3133074,2338.485,expert6_eval,4861480960,2264
1790754296.188745,3133074,2339.509,expert6_eval,4861480960,2264
1790754297.208988,3133074,2340.53,expert6_eval,4861480960,2264
1790754298.2291818,3133074,2341.55,expert6_eval,4861480960,2264
1790754299.2519035,3133074,2342.573,expert6_eval,4861480960,2264
1790754300.2748666,3133074,2343.596,expert6_eval,4861480960,2264
1790754301.2999406,3133074,2344.621,expert6_eval,4861480960,2264
1790754302.3262806,3133074,2345.647,expert6_eval,4861480960,2264
1790754303.347764,3133074,2346.669,expert6_eval,4861480960,2264
1790754304.374136,3133074,2347.695,expert6_eval,4861480960,2264
1790754305.3983977,3133074,2348.719,expert6_eval,4861480960,2264
1790754306.4229987,3133074,2349.744,expert6_eval,4861480960,2264
1790754307.4477942,3133074,2350.769,expert6_eval,4861480960,2264
1790754308.4705338,3133074,2351.791,expert6_eval,4861480960,2264
1790754309.494976,3133074,2352.816,expert6_eval,4861480960,2264
1790754310.5168915,3133074,2353.838,expert6_eval,4861480960,2264
1790754311.5416262,3133074,2354.862,expert6_eval,4861480960,2264
1790754312.5687187,3133074,2355.889,expert6_eval,4861480960,2264
1790754313.5940185,3133074,2356.915,expert6_eval,4861480960,2264
1790754314.618689,3133074,2357.939,expert6_eval,4861480960,2264
1790754315.6410255,3133074,2358.962,expert6_eval,4861480960,2264
1790754316.660151,3133074,2359.981,expert6_eval,4861480960,2264
1790754317.6804044,3133074,2361.001,expert6_eval,4861480960,2264
1790754318.7008464,3133074,2362.022,expert6_eval,4861480960,2264
1790754319.7225947,3133074,2363.043,expert6_eval,4861480960,2264
1790754320.744768,3133074,2364.066,expert6_eval,4861480960,2264
1790754321.7665582,3133074,2365.087,expert6_eval,4861480960,2264
1790754322.7855437,3133074,2366.106,expert6_eval,4861480960,2264
1790754323.8071952,3133074,2367.128,expert6_eval,4861480960,2264
1790754324.8271158,3133074,2368.148,expert6_eval,4861480960,2264
1790754325.8479767,3133074,2369.169,expert6_eval,4861480960,2264
1790754326.8668108,3133074,2370.188,expert6_eval,4861480960,2264
1790754327.8870327,3133074,2371.208,expert6_eval,4861480960,2264
1790754328.90646,3133074,2372.227,expert6_eval,4861480960,2264
1790754329.9274788,3133074,2373.248,expert6_eval,4861480960,2264
1790754330.950158,3133074,2374.271,expert6_eval,4861480960,2264
1790754331.9753246,3133074,2375.296,expert6_eval,4861480960,2264
1790754332.9966624,3133074,2376.317,expert6_eval,4861480960,2264
1790754334.019744,3133074,2377.34,expert6_eval,4861480960,2264
1790754335.0428033,3133074,2378.364,expert6_eval,4861480960,2264
1790754336.0670338,3133074,2379.388,expert6_eval,4861480960,2264
1790754337.0879142,3133074,2380.409,expert6_eval,4861480960,2264
1790754338.110635,3133074,2381.431,expert6_eval,4861480960,2264
1790754339.13526,3133074,2382.456,expert6_eval,4861480960,2264
1790754340.159387,3133074,2383.48,expert6_eval,4861480960,2264
1790754341.1818538,3133074,2384.503,expert6_eval,4861480960,2264
1790754342.2057137,3133074,2385.526,expert6_eval,4861480960,2264
1790754343.226955,3133074,2386.548,expert6_eval,4861480960,2264
1790754344.2517915,3133074,2387.573,expert6_eval,4861480960,2264
1790754345.2797136,3133074,2388.6,expert6_eval,4861480960,2264
1790754346.304599,3133074,2389.625,expert6_eval,4861480960,2264
1790754347.32967,3133074,2390.65,expert6_eval,4861480960,2264
1790754348.3533072,3133074,2391.674,expert6_eval,4861480960,2264
1790754349.3800707,3133074,2392.701,expert6_eval,4861480960,2264
1790754350.4025638,3133074,2393.723,expert6_eval,4861480960,2264
1790754351.423305,3133074,2394.744,expert6_eval,4861480960,2264
1790754352.4485116,3133074,2395.769,expert6_eval,4861480960,2264
1790754353.4738111,3133074,2396.795,expert6_eval,4861480960,2264
1790754354.4961412,3133074,2397.817,expert6_eval,4861480960,2264
1790754355.52297,3133074,2398.844,expert6_eval,4861480960,2264
1790754356.544787,3133074,2399.866,expert6_eval,4861480960,2264
1790754357.5709643,3133074,2400.892,expert6_eval,4861480960,2264
1790754358.5922487,3133074,2401.913,expert6_eval,4861480960,2264
1790754359.6146798,3133074,2402.935,expert6_eval,4861480960,2264
1790754360.634533,3133074,2403.955,expert6_eval,4861480960,2264
1790754361.655446,3133074,2404.976,expert6_eval,4861480960,2264
1790754362.679765,3133074,2406.001,expert6_eval,4861480960,2264
1790754363.7038531,3133074,2407.025,expert6_eval,4861480960,2264
1790754364.7261727,3133074,2408.047,expert6_eval,4861480960,2264
1790754365.7443392,3133074,2409.065,expert6_eval,4861480960,2264
1790754366.7655897,3133074,2410.086,expert6_eval,4861480960,2264
1790754367.7868001,3133074,2411.108,expert6_eval,4861480960,2264
1790754368.8111467,3133074,2412.132,expert6_eval,4861480960,2264
1790754369.8359401,3133074,2413.157,expert6_eval,4861480960,2264
1790754370.8564389,3133074,2414.177,expert6_eval,4861480960,2264
1790754371.8789632,3133074,2415.2,expert6_eval,4861480960,2264
1790754372.9005663,3133074,2416.221,expert6_eval,4861480960,2264
1790754373.9284775,3133074,2417.249,expert6_eval,4861480960,2264
1790754374.9506562,3133074,2418.271,expert6_eval,4861480960,2264
1790754375.9718575,3133074,2419.293,expert6_eval,4861480960,2264
1790754376.9907904,3133074,2420.312,expert6_eval,4861480960,2264
1790754378.0109525,3133074,2421.332,expert6_eval,4861480960,2264
1790754379.0328767,3133074,2422.354,expert6_eval,4861480960,2264
1790754380.055062,3133074,2423.376,expert6_eval,4861480960,2264
1790754381.073953,3133074,2424.395,expert6_eval,4861480960,2264
1790754382.0939512,3133074,2425.415,expert6_eval,4861480960,2264
1790754383.1142914,3133074,2426.435,expert6_eval,4861480960,2264
1790754384.1519377,3133074,2427.473,expert6_eval,4861480960,2264
1790754385.171018,3133074,2428.492,expert6_eval,4861480960,2264
1790754386.1921763,3133074,2429.513,expert6_eval,4861480960,2264
1790754387.2129903,3133074,2430.534,expert6_eval,4861480960,2264
1790754388.2386448,3133074,2431.559,expert6_eval,4861480960,2264
1790754389.2607474,3133074,2432.581,expert6_eval,4861480960,2264
1790754390.2790644,3133074,2433.6,expert6_eval,4861480960,2264
1790754391.2984726,3133074,2434.619,expert6_eval,4861480960,2264
1790754392.3188753,3133074,2435.64,expert6_eval,4861480960,2264
1790754393.3412135,3133074,2436.662,expert6_eval,4861480960,2264
1790754394.3644304,3133074,2437.685,expert6_eval,4861480960,2264
1790754395.390113,3133074,2438.711,expert6_eval,4861480960,2264
1790754396.412007,3133074,2439.733,expert6_eval,4861480960,2264
1790754397.4342046,3133074,2440.755,expert6_eval,4861480960,2264
1790754398.4759827,3133074,2441.797,expert6_eval,4861480960,2264
1790754399.4976976,3133074,2442.818,expert6_eval,4861480960,2264
1790754400.5213153,3133074,2443.842,expert6_eval,4861480960,2264
1790754401.5419037,3133074,2444.863,expert6_eval,4861480960,2264
1790754402.566366,3133074,2445.887,expert6_eval,4861480960,2264
1790754403.5914874,3133074,2446.912,expert6_eval,4861480960,2264
1790754404.6133974,3133074,2447.934,expert6_eval,4861480960,2264
1790754405.6669476,3133074,2448.988,expert6_eval,4861480960,2264
1790754406.6908016,3133074,2450.012,expert6_eval,4861480960,2264
1790754407.7151873,3133074,2451.036,expert6_eval,4861480960,2264
1790754408.742785,3133074,2452.064,expert7_fit,4443480064,1108
1790754409.7671487,3133074,2453.088,expert7_fit,4443480064,1368
1790754410.7924218,3133074,2454.113,expert7_fit,4443480064,1368
1790754411.8136177,3133074,2455.134,starting,4443480064,1464
1790754412.8375518,3133074,2456.158,starting,4443480064,1464
1790754413.8620994,3133074,2457.183,starting,4443480064,1464
1790754414.8824277,3133074,2458.203,starting,4443480064,1464
1790754415.9058087,3133074,2459.227,starting,4443480064,1464
1790754416.9274404,3133074,2460.248,starting,4443480064,1464
1790754417.9481509,3133074,2461.269,starting,4443480064,1464
1790754418.974092,3133074,2462.295,expert7_route,4536107008,1524
1790754419.9986923,3133074,2463.319,expert7_route,4536107008,1664
1790754421.0256438,3133074,2464.346,expert7_route,4536107008,1684
1790754422.0473354,3133074,2465.368,expert7_route,4536107008,1704
1790754423.0751698,3133074,2466.396,expert7_route,4536107008,1724
1790754424.0993145,3133074,2467.42,expert7_route,4536107008,1724
1790754425.1245244,3133074,2468.445,expert7_route,4536107008,1744
1790754426.1504095,3133074,2469.471,expert7_route,4536107008,1744
1790754427.1727004,3133074,2470.493,expert7_route,4536107008,1744
1790754428.1986537,3133074,2471.519,expert7_route,4536107008,1744
1790754429.2376251,3133074,2472.558,expert7_route,4536107008,1744
1790754430.2594104,3133074,2473.58,expert7_route,4536107008,1744
1790754431.2815394,3133074,2474.602,expert7_route,4536107008,1744
1790754432.3043838,3133074,2475.625,expert7_route,4536107008,1744
1790754433.3280575,3133074,2476.649,expert7_route,4536107008,1744
1790754434.3487554,3133074,2477.67,expert7_route,4536107008,1744
1790754435.3702495,3133074,2478.691,expert7_route,4536107008,1744
1790754436.3903217,3133074,2479.711,expert7_route,4536107008,1744
1790754437.4114022,3133074,2480.732,expert7_route,4536107008,1744
1790754438.4311855,3133074,2481.752,expert7_route,4536107008,1744
1790754439.450545,3133074,2482.771,expert7_route,4536107008,1744
1790754440.4723017,3133074,2483.793,expert7_route,4536107008,1744
1790754441.4959843,3133074,2484.817,expert7_route,4536107008,1744
1790754442.5216668,3133074,2485.842,expert7_route,4536107008,1744
1790754443.5422304,3133074,2486.863,expert7_route,4536107008,1744
1790754444.5628645,3133074,2487.884,expert7_route,4536107008,1744
1790754445.587458,3133074,2488.908,expert7_route,4536107008,1744
1790754446.6110425,3133074,2489.932,expert7_route,4536107008,1744
1790754447.6336594,3133074,2490.954,expert7_route,4536107008,1744
1790754448.6578374,3133074,2491.979,expert7_route,4536107008,1744
1790754449.6840968,3133074,2493.005,expert7_route,4536107008,1744
1790754450.7070746,3133074,2494.028,expert7_route,4536107008,1744
1790754451.73162,3133074,2495.052,expert7_route,4536107008,1744
1790754452.7582734,3133074,2496.079,expert7_route,4536107008,1744
1790754453.7814415,3133074,2497.102,expert7_route,4536107008,1744
1790754454.8003316,3133074,2498.121,expert7_route,4536107008,1744
1790754455.8204942,3133074,2499.141,expert7_route,4536107008,1744
1790754456.842659,3133074,2500.163,expert7_route,4536107008,1744
1790754457.8647184,3133074,2501.185,expert7_route,4536107008,1744
1790754458.8854527,3133074,2502.206,expert7_cal,4496941056,1744
1790754459.9067504,3133074,2503.227,expert7_cal,4496941056,1744
1790754460.9326155,3133074,2504.253,expert7_cal,4496941056,1744
1790754461.9549708,3133074,2505.276,expert7_cal,4496941056,1744
1790754462.9803677,3133074,2506.301,expert7_cal,4496941056,1744
1790754464.0037746,3133074,2507.325,expert7_cal,4496941056,1744
1790754465.024353,3133074,2508.345,expert7_cal,4496941056,1744
1790754466.0474932,3133074,2509.368,expert7_cal,4496941056,1744
1790754467.073643,3133074,2510.394,expert7_cal,4496941056,1744
1790754468.09417,3133074,2511.415,expert7_cal,4496941056,1744
1790754469.1163077,3133074,2512.437,expert7_cal,4496941056,1744
1790754470.137435,3133074,2513.458,expert7_cal,4496941056,1744
1790754471.158751,3133074,2514.479,expert7_cal,4496941056,1744
1790754472.180538,3133074,2515.501,expert7_cal,4496941056,1744
1790754473.2033885,3133074,2516.524,expert7_cal,4496941056,1744
1790754474.222974,3133074,2517.544,expert7_cal,4496941056,1744
1790754475.2550905,3133074,2518.576,expert7_cal,4496941056,1744
1790754476.2764661,3133074,2519.597,expert7_cal,4496941056,1744
1790754477.3016922,3133074,2520.622,expert7_cal,4496941056,1744
1790754478.3261547,3133074,2521.647,expert7_cal,4496941056,1744
1790754479.347759,3133074,2522.669,expert7_cal,4496941056,1744
1790754480.4064913,3133074,2523.727,expert7_cal,4496941056,1744
1790754481.4317074,3133074,2524.752,expert7_cal,4496941056,1744
1790754482.456478,3133074,2525.777,expert7_eval,5197692928,1744
1790754483.4872117,3133074,2526.808,expert7_eval,4861480960,1744
1790754484.515815,3133074,2527.837,expert7_eval,4861480960,1744
1790754485.5399072,3133074,2528.861,expert7_eval,4861480960,1744
1790754486.5656288,3133074,2529.886,expert7_eval,4861480960,1744
1790754487.5862577,3133074,2530.907,expert7_eval,4861480960,1744
1790754488.6066718,3133074,2531.927,expert7_eval,4861480960,1744
1790754489.6273568,3133074,2532.948,expert7_eval,4861480960,1744
1790754490.6524248,3133074,2533.973,expert7_eval,4861480960,1744
1790754491.6897576,3133074,2535.011,expert7_eval,4861480960,1744
1790754492.7176638,3133074,2536.038,expert7_eval,4861480960,1744
1790754493.7420707,3133074,2537.063,expert7_eval,4861480960,1744
1790754494.7609873,3133074,2538.082,expert7_eval,4861480960,1744
1790754495.7853725,3133074,2539.106,expert7_eval,4861480960,1744
1790754496.808744,3133074,2540.129,expert7_eval,4861480960,1744
1790754497.830341,3133074,2541.151,expert7_eval,4861480960,1744
1790754498.8491437,3133074,2542.17,expert7_eval,4861480960,1744
1790754499.8698754,3133074,2543.191,expert7_eval,4861480960,1744
1790754500.895133,3133074,2544.216,expert7_eval,4861480960,1744
1790754501.9211018,3133074,2545.242,expert7_eval,4861480960,1744
1790754502.9487317,3133074,2546.269,expert7_eval,4861480960,1744
1790754503.9728773,3133074,2547.294,expert7_eval,4861480960,1744
1790754504.9925773,3133074,2548.313,expert7_eval,4861480960,1744
1790754506.011726,3133074,2549.332,expert7_eval,4861480960,1744
1790754507.0328758,3133074,2550.354,expert7_eval,4861480960,1744
1790754508.054142,3133074,2551.375,expert7_eval,4861480960,1744
1790754509.0780616,3133074,2552.399,expert7_eval,4861480960,1744
1790754510.0999255,3133074,2553.421,expert7_eval,4861480960,1744
1790754511.1260827,3133074,2554.447,expert7_eval,4861480960,1744
1790754512.1526346,3133074,2555.473,expert7_eval,4861480960,1744
1790754513.1726248,3133074,2556.493,expert7_eval,4861480960,1744
1790754514.1956744,3133074,2557.516,expert7_eval,4861480960,1744
1790754515.219035,3133074,2558.54,expert7_eval,4861480960,1744
1790754516.2430193,3133074,2559.564,expert7_eval,4861480960,1744
1790754517.2711096,3133074,2560.592,expert7_eval,4861480960,1744
1790754518.2958117,3133074,2561.617,expert7_eval,4861480960,1744
1790754519.318635,3133074,2562.639,expert7_eval,4861480960,1744
1790754520.3441398,3133074,2563.665,expert7_eval,4861480960,1744
1790754521.3687682,3133074,2564.69,expert7_eval,4861480960,1744
1790754522.393545,3133074,2565.714,expert7_eval,4861480960,1744
1790754523.4177647,3133074,2566.739,expert7_eval,4861480960,1744
1790754524.4432156,3133074,2567.764,expert7_eval,4861480960,1744
1790754525.4619308,3133074,2568.783,expert7_eval,4861480960,1744
1790754526.483018,3133074,2569.804,expert7_eval,4861480960,1744
1790754527.5072298,3133074,2570.828,expert7_eval,4861480960,1744
1790754528.5278206,3133074,2571.849,expert7_eval,4861480960,1744
1790754529.5488698,3133074,2572.87,expert7_eval,4861480960,1744
1790754530.5715485,3133074,2573.892,expert7_eval,4861480960,1744
1790754531.5932035,3133074,2574.914,expert7_eval,4861480960,1744
1790754532.6125586,3133074,2575.933,expert7_eval,4861480960,1744
1790754533.6344612,3133074,2576.955,expert7_eval,4861480960,1744
1790754534.6539204,3133074,2577.975,expert7_eval,4861480960,1744
1790754535.6746259,3133074,2578.995,expert7_eval,4861480960,1744
1790754536.6942792,3133074,2580.015,expert7_eval,4861480960,1744
1790754537.715684,3133074,2581.036,expert7_eval,4861480960,1744
1790754538.7353349,3133074,2582.056,expert7_eval,4861480960,1744
1790754539.7550032,3133074,2583.076,expert7_eval,4861480960,1744
1790754540.777983,3133074,2584.099,expert7_eval,4861480960,1744
1790754541.8014343,3133074,2585.122,expert7_eval,4861480960,1744
1790754542.825807,3133074,2586.147,expert7_eval,4861480960,1744
1790754543.84716,3133074,2587.168,expert7_eval,4861480960,1744
1790754544.8714006,3133074,2588.192,expert7_eval,4861480960,1744
1790754545.8941095,3133074,2589.215,expert7_eval,4861480960,1744
1790754546.9170349,3133074,2590.238,expert7_eval,4861480960,1744
1790754547.9411337,3133074,2591.262,expert7_eval,4861480960,1744
1790754548.964632,3133074,2592.285,expert7_eval,4861480960,1744
1790754549.987007,3133074,2593.308,expert7_eval,4861480960,1744
1790754551.0086107,3133074,2594.329,expert7_eval,4861480960,1744
1790754552.0293255,3133074,2595.35,expert7_eval,4861480960,1744
1790754553.0489895,3133074,2596.37,expert7_eval,4861480960,1744
1790754554.0733678,3133074,2597.394,expert7_eval,4861480960,1744
1790754555.099961,3133074,2598.421,expert7_eval,4861480960,1744
1790754556.1239748,3133074,2599.445,expert7_eval,4861480960,1744
1790754557.1466758,3133074,2600.467,expert7_eval,4861480960,1744
1790754558.168563,3133074,2601.489,expert7_eval,4861480960,1744
1790754559.1920106,3133074,2602.513,expert7_eval,4861480960,1744
1790754560.2157745,3133074,2603.537,expert7_eval,4861480960,1744
1790754561.2401726,3133074,2604.561,expert7_eval,4861480960,1744
1790754562.2607095,3133074,2605.581,expert7_eval,4861480960,1744
1790754563.283775,3133074,2606.605,expert7_eval,4861480960,1744
1790754564.3055215,3133074,2607.626,expert7_eval,4861480960,1744
1790754565.3299286,3133074,2608.651,expert7_eval,4861480960,1744
1790754566.3536599,3133074,2609.674,expert7_eval,4861480960,1744
1790754567.3776572,3133074,2610.698,expert7_eval,4861480960,1744
1790754568.4030783,3133074,2611.724,expert7_eval,4861480960,1744
1790754569.428662,3133074,2612.749,expert7_eval,4861480960,1744
1790754570.4506986,3133074,2613.771,expert7_eval,4861480960,1744
1790754571.4762712,3133074,2614.797,expert7_eval,4861480960,1744
1790754572.4974082,3133074,2615.818,expert7_eval,4861480960,1744
1790754573.5219653,3133074,2616.843,expert7_eval,4861480960,1744
1790754574.5463827,3133074,2617.867,expert7_eval,4861480960,1744
1790754575.5714524,3133074,2618.892,expert7_eval,4861480960,1744
1790754576.5969253,3133074,2619.918,expert7_eval,4861480960,1744
1790754577.624548,3133074,2620.945,expert7_eval,4861480960,1744
1790754578.6483076,3133074,2621.969,expert7_eval,4861480960,1744
1790754579.6701877,3133074,2622.991,expert7_eval,4861480960,1744
1790754580.7011778,3133074,2624.022,expert7_eval,4861480960,1744
1790754581.7220564,3133074,2625.043,expert7_eval,4861480960,1744
1790754582.7469454,3133074,2626.068,expert7_eval,4861480960,1744
1790754583.767564,3133074,2627.088,expert7_eval,4861480960,1744
1790754584.7884424,3133074,2628.109,expert7_eval,4861480960,1744
1790754585.812538,3133074,2629.133,expert7_eval,4861480960,1744
1790754586.83369,3133074,2630.154,expert7_eval,4861480960,1744
1790754587.8567536,3133074,2631.178,expert7_eval,4861480960,1744
1790754588.9177835,3133074,2632.239,expert7_eval,4861480960,1744
1790754589.941501,3133074,2633.262,expert7_eval,4861480960,1744
1790754590.969787,3133074,2634.291,expert7_eval,4861480960,1744
1790754591.9967735,3133074,2635.318,expert7_eval,4861480960,1744
1790754593.0189028,3133074,2636.34,expert7_eval,4861480960,1744
1790754594.0414262,3133074,2637.362,expert7_eval,4861480960,1744
1790754595.0645578,3133074,2638.385,expert7_eval,4861480960,1744
1790754596.086646,3133074,2639.407,expert7_eval,4861480960,1744
1790754597.1098614,3133074,2640.431,expert7_eval,4861480960,1744
1790754598.134996,3133074,2641.456,expert7_eval,4861480960,1744
1790754599.1587224,3133074,2642.479,expert7_eval,4861480960,1744
1790754600.1885104,3133074,2643.509,expert7_eval,4861480960,1744
1790754601.2145007,3133074,2644.535,expert7_eval,4861480960,1744
1790754602.2389371,3133074,2645.56,expert7_eval,4861480960,1744
1790754603.2577047,3133074,2646.578,expert7_eval,4861480960,1744
1790754604.2784941,3133074,2647.599,expert7_eval,4861480960,1744
1790754605.3024704,3133074,2648.623,expert7_eval,4861480960,1744
1790754606.3267143,3133074,2649.647,expert7_eval,4861480960,1744
1790754607.3509243,3133074,2650.672,expert7_eval,4861480960,1744
1790754608.3733363,3133074,2651.694,expert7_eval,4861480960,1744
1790754609.395809,3133074,2652.717,expert7_eval,4861480960,1744
1790754610.417581,3133074,2653.738,expert7_eval,4861480960,1744
1790754611.4399676,3133074,2654.761,expert7_eval,4861480960,1744
1790754612.4660099,3133074,2655.787,expert7_eval,4861480960,1744
1790754613.487375,3133074,2656.808,expert7_eval,4861480960,1744
1790754614.5122917,3133074,2657.833,expert7_eval,4861480960,1744
1790754615.532157,3133074,2658.853,expert7_eval,4861480960,1744
1790754616.5525165,3133074,2659.873,expert8_fit,4443480064,628
1790754617.5789604,3133074,2660.9,expert8_fit,4443480064,1348
1790754618.602379,3133074,2661.923,expert8_fit,4443480064,1348
1790754619.62801,3133074,2662.949,expert8_fit,4443480064,1348
1790754620.6528459,3133074,2663.974,starting,4443480064,1444
1790754621.6765873,3133074,2664.997,starting,4443480064,1444
1790754622.6977878,3133074,2666.019,starting,4443480064,1444
1790754623.7237904,3133074,2667.045,starting,4443480064,1444
1790754624.7482798,3133074,2668.069,starting,4443480064,1444
1790754625.772288,3133074,2669.093,starting,4443480064,1444
1790754626.7936878,3133074,2670.114,starting,4443480064,1444
1790754627.8164248,3133074,2671.137,expert8_route,4536107008,1444
1790754628.8371994,3133074,2672.158,expert8_route,4536107008,1684
1790754629.8557436,3133074,2673.176,expert8_route,4536107008,1704
1790754630.8766854,3133074,2674.197,expert8_route,4536107008,1724
1790754631.9010024,3133074,2675.222,expert8_route,4536107008,1744
1790754632.9217036,3133074,2676.242,expert8_route,4536107008,1744
1790754633.9447765,3133074,2677.266,expert8_route,4536107008,1744
1790754634.9694004,3133074,2678.29,expert8_route,4536107008,1764
1790754635.9923847,3133074,2679.313,expert8_route,4536107008,1764
1790754637.0149336,3133074,2680.336,expert8_route,4536107008,1764
1790754638.0389948,3133074,2681.36,expert8_route,4536107008,1764
1790754639.0680583,3133074,2682.389,expert8_route,4536107008,1764
1790754640.0922675,3133074,2683.413,expert8_route,4536107008,1764
1790754641.1125703,3133074,2684.433,expert8_route,4536107008,1764
1790754642.1330593,3133074,2685.454,expert8_route,4536107008,1764
1790754643.153912,3133074,2686.475,expert8_route,4536107008,1764
1790754644.1737993,3133074,2687.495,expert8_route,4536107008,1764
1790754645.1935947,3133074,2688.514,expert8_route,4536107008,1764
1790754646.2130187,3133074,2689.534,expert8_route,4536107008,1764
1790754647.2357655,3133074,2690.557,expert8_route,4536107008,1764
1790754648.2555647,3133074,2691.576,expert8_route,4536107008,1764
1790754649.2773414,3133074,2692.598,expert8_route,4536107008,1764
1790754650.298723,3133074,2693.619,expert8_route,4536107008,1764
1790754651.3236353,3133074,2694.644,expert8_route,4536107008,1764
1790754652.3436706,3133074,2695.664,expert8_route,4536107008,1764
1790754653.362452,3133074,2696.683,expert8_route,4536107008,1764
1790754654.382193,3133074,2697.703,expert8_route,4536107008,1764
1790754655.4038222,3133074,2698.725,expert8_route,4536107008,1764
1790754656.425595,3133074,2699.746,expert8_route,4536107008,1764
1790754657.4478989,3133074,2700.769,expert8_route,4536107008,1764
1790754658.4739504,3133074,2701.795,expert8_route,4536107008,1764
1790754659.493896,3133074,2702.815,expert8_route,4536107008,1764
1790754660.5140793,3133074,2703.835,expert8_route,4536107008,1764
1790754661.5373964,3133074,2704.858,expert8_route,4536107008,1764
1790754662.558804,3133074,2705.88,expert8_route,4536107008,1764
1790754663.579818,3133074,2706.901,expert8_route,4536107008,1764
1790754664.6019614,3133074,2707.923,expert8_route,4536107008,1764
1790754665.6229417,3133074,2708.944,expert8_route,4536107008,1764
1790754666.6433783,3133074,2709.964,expert8_route,4536107008,1764
1790754667.6644232,3133074,2710.985,expert8_route,4536107008,1764
1790754668.6837468,3133074,2712.004,expert8_cal,4496941056,1764
1790754669.7045057,3133074,2713.025,expert8_cal,4496941056,1764
1790754670.7258332,3133074,2714.047,expert8_cal,4496941056,1764
1790754671.7469606,3133074,2715.068,expert8_cal,4496941056,1764
1790754672.7686353,3133074,2716.089,expert8_cal,4496941056,1764
1790754673.793046,3133074,2717.114,expert8_cal,4496941056,1764
1790754674.8175511,3133074,2718.138,expert8_cal,4496941056,1764
1790754675.8409674,3133074,2719.162,expert8_cal,4496941056,1764
1790754676.8668814,3133074,2720.188,expert8_cal,4496941056,1764
1790754677.8862076,3133074,2721.207,expert8_cal,4496941056,1764
1790754678.9044414,3133074,2722.225,expert8_cal,4496941056,1764
1790754679.923784,3133074,2723.245,expert8_cal,4496941056,1764
1790754680.9453375,3133074,2724.266,expert8_cal,4496941056,1764
1790754681.9772651,3133074,2725.298,expert8_cal,4496941056,1764
1790754682.9955266,3133074,2726.316,expert8_cal,4496941056,1764
1790754684.0140426,3133074,2727.335,expert8_cal,4496941056,1764
1790754685.0325484,3133074,2728.353,expert8_cal,4496941056,1764
1790754686.0514693,3133074,2729.372,expert8_cal,4496941056,1764
1790754687.0737338,3133074,2730.394,expert8_cal,4496941056,1764
1790754688.097793,3133074,2731.419,expert8_cal,4496941056,1764
1790754689.1213372,3133074,2732.442,expert8_cal,4496941056,1764
1790754690.14269,3133074,2733.463,expert8_cal,4496941056,1764
1790754691.1639078,3133074,2734.485,expert8_cal,4496941056,1764
1790754692.189187,3133074,2735.51,expert8_cal,4496941056,1764
1790754693.2134109,3133074,2736.534,expert8_cal,4496941056,1764
1790754694.24366,3133074,2737.564,expert8_eval,4861480960,1764
1790754695.2718942,3133074,2738.593,expert8_eval,4861480960,1764
1790754696.3348186,3133074,2739.656,expert8_eval,4861480960,1764
1790754697.3586414,3133074,2740.679,expert8_eval,4861480960,1764
1790754698.3804455,3133074,2741.701,expert8_eval,4861480960,1764
1790754699.4047964,3133074,2742.726,expert8_eval,4861480960,1764
1790754700.429442,3133074,2743.75,expert8_eval,4861480960,1764
1790754701.4503505,3133074,2744.771,expert8_eval,4861480960,1764
1790754702.4744816,3133074,2745.795,expert8_eval,4861480960,1764
1790754703.4993148,3133074,2746.82,expert8_eval,4861480960,1764
1790754704.5242035,3133074,2747.845,expert8_eval,4861480960,1764
1790754705.5461047,3133074,2748.867,expert8_eval,4861480960,1764
1790754706.5668669,3133074,2749.888,expert8_eval,4861480960,1764
1790754707.5871003,3133074,2750.908,expert8_eval,4861480960,1764
1790754708.6096108,3133074,2751.93,expert8_eval,4861480960,1764
1790754709.6316936,3133074,2752.952,expert8_eval,4861480960,1764
1790754710.6541374,3133074,2753.975,expert8_eval,4861480960,1764
1790754711.6752005,3133074,2754.996,expert8_eval,4861480960,1764
1790754712.700159,3133074,2756.021,expert8_eval,4861480960,1764
1790754713.726023,3133074,2757.047,expert8_eval,4861480960,1764
1790754714.7474475,3133074,2758.068,expert8_eval,4861480960,1764
1790754715.772283,3133074,2759.093,expert8_eval,4861480960,1764
1790754716.7968702,3133074,2760.118,expert8_eval,4861480960,1764
1790754717.8153465,3133074,2761.136,expert8_eval,4861480960,1764
1790754718.8368967,3133074,2762.158,expert8_eval,4861480960,1764
1790754719.857727,3133074,2763.178,expert8_eval,4861480960,1764
1790754720.8792603,3133074,2764.2,expert8_eval,4861480960,1764
1790754721.9008527,3133074,2765.222,expert8_eval,4861480960,1764
1790754722.9241745,3133074,2766.245,expert8_eval,4861480960,1764
1790754723.9467208,3133074,2767.267,expert8_eval,4861480960,1764
1790754724.9670677,3133074,2768.288,expert8_eval,4861480960,1764
1790754725.9874501,3133074,2769.308,expert8_eval,4861480960,1764
1790754727.0195777,3133074,2770.34,expert8_eval,4861480960,1764
1790754728.0390701,3133074,2771.36,expert8_eval,4861480960,1764
1790754729.0601707,3133074,2772.381,expert8_eval,4861480960,1764
1790754730.0846732,3133074,2773.405,expert8_eval,4861480960,1764
1790754731.1065683,3133074,2774.427,expert8_eval,4861480960,1764
1790754732.133262,3133074,2775.454,expert8_eval,4861480960,1764
1790754733.155033,3133074,2776.476,expert8_eval,4861480960,1764
1790754734.1794565,3133074,2777.5,expert8_eval,4861480960,1764
1790754735.1999671,3133074,2778.521,expert8_eval,4861480960,1764
1790754736.2263882,3133074,2779.547,expert8_eval,4861480960,1764
1790754737.248307,3133074,2780.569,expert8_eval,4861480960,1764
1790754738.2711866,3133074,2781.592,expert8_eval,4861480960,1764
1790754739.2930312,3133074,2782.614,expert8_eval,4861480960,1764
1790754740.3398376,3133074,2783.661,expert8_eval,4861480960,1764
1790754741.3603768,3133074,2784.681,expert8_eval,4861480960,1764
1790754742.3808708,3133074,2785.702,expert8_eval,4861480960,1764
1790754743.3995843,3133074,2786.72,expert8_eval,4861480960,1764
1790754744.4204898,3133074,2787.741,expert8_eval,4861480960,1764
1790754745.4449716,3133074,2788.766,expert8_eval,4861480960,1764
1790754746.4694755,3133074,2789.79,expert8_eval,4861480960,1764
1790754747.4926102,3133074,2790.813,expert8_eval,4861480960,1764
1790754748.5150661,3133074,2791.836,expert8_eval,4861480960,1764
1790754749.54083,3133074,2792.862,expert8_eval,4861480960,1764
1790754750.5638669,3133074,2793.885,expert8_eval,4861480960,1764
1790754751.588963,3133074,2794.91,expert8_eval,4861480960,1764
1790754752.6103806,3133074,2795.931,expert8_eval,4861480960,1764
1790754753.6370575,3133074,2796.958,expert8_eval,4861480960,1764
1790754754.661668,3133074,2797.982,expert8_eval,4861480960,1764
1790754755.6882665,3133074,2799.009,expert8_eval,4861480960,1764
1790754756.7083998,3133074,2800.029,expert8_eval,4861480960,1764
1790754757.7662623,3133074,2801.087,expert8_eval,4861480960,1764
1790754758.790878,3133074,2802.112,expert8_eval,4861480960,1764
1790754759.8167846,3133074,2803.138,expert8_eval,4861480960,1764
1790754760.837182,3133074,2804.158,expert8_eval,4861480960,1764
1790754761.8765655,3133074,2805.197,expert8_eval,4861480960,1764
1790754762.897334,3133074,2806.218,expert8_eval,4861480960,1764
1790754763.915988,3133074,2807.237,expert8_eval,4861480960,1764
1790754764.9355109,3133074,2808.256,expert8_eval,4861480960,1764
1790754765.9566734,3133074,2809.277,expert8_eval,4861480960,1764
1790754766.9812186,3133074,2810.302,expert8_eval,4861480960,1764
1790754768.005794,3133074,2811.327,expert8_eval,4861480960,1764
1790754769.0288773,3133074,2812.35,expert8_eval,4861480960,1764
1790754770.0547023,3133074,2813.375,expert8_eval,4861480960,1764
1790754771.0832028,3133074,2814.404,expert8_eval,4861480960,1764
1790754772.105058,3133074,2815.426,expert8_eval,4861480960,1764
1790754773.1292975,3133074,2816.45,expert8_eval,4861480960,1764
1790754774.152023,3133074,2817.473,expert8_eval,4861480960,1764
1790754775.1747682,3133074,2818.496,expert8_eval,4861480960,1764
1790754776.1958413,3133074,2819.517,expert8_eval,4861480960,1764
1790754777.218467,3133074,2820.539,expert8_eval,4861480960,1764
1790754778.242261,3133074,2821.563,expert8_eval,4861480960,1764
1790754779.2636087,3133074,2822.584,expert8_eval,4861480960,1764
1790754780.2888176,3133074,2823.61,expert8_eval,4861480960,1764
1790754781.3105905,3133074,2824.631,expert8_eval,4861480960,1764
1790754782.3363268,3133074,2825.657,expert8_eval,4861480960,1764
1790754783.360878,3133074,2826.682,expert8_eval,4861480960,1764
1790754784.3805583,3133074,2827.701,expert8_eval,4861480960,1764
1790754785.4043932,3133074,2828.725,expert8_eval,4861480960,1764
1790754786.4239585,3133074,2829.745,expert8_eval,4861480960,1764
1790754787.4449341,3133074,2830.766,expert8_eval,4861480960,1764
1790754788.4653687,3133074,2831.786,expert8_eval,4861480960,1764
1790754789.488961,3133074,2832.81,expert8_eval,4861480960,1764
1790754790.5125206,3133074,2833.833,expert8_eval,4861480960,1764
1790754791.5377057,3133074,2834.858,expert8_eval,4861480960,1764
1790754792.5969667,3133074,2835.918,expert8_eval,4861480960,1764
1790754793.6188264,3133074,2836.94,expert8_eval,4861480960,1764
1790754794.6381848,3133074,2837.959,expert8_eval,4861480960,1764
1790754795.6615007,3133074,2838.982,expert8_eval,4861480960,1764
1790754796.6846077,3133074,2840.005,expert8_eval,4861480960,1764
1790754797.7049036,3133074,2841.026,expert8_eval,4861480960,1764
1790754798.7257311,3133074,2842.046,expert8_eval,4861480960,1764
1790754799.7520392,3133074,2843.073,expert8_eval,4861480960,1764
1790754800.7734735,3133074,2844.094,expert8_eval,4861480960,1764
1790754801.7988298,3133074,2845.12,expert8_eval,4861480960,1764
1790754802.8184392,3133074,2846.139,expert8_eval,4861480960,1764
1790754803.8419507,3133074,2847.163,expert8_eval,4861480960,1764
1790754804.8635557,3133074,2848.184,expert8_eval,4861480960,1764
1790754805.8901565,3133074,2849.211,expert8_eval,4861480960,1764
1790754806.917892,3133074,2850.239,expert8_eval,4861480960,1764
1790754807.940636,3133074,2851.261,expert8_eval,4861480960,1764
1790754808.9653995,3133074,2852.286,expert8_eval,4861480960,1764
1790754809.9890273,3133074,2853.31,expert8_eval,4861480960,1764
1790754811.0089915,3133074,2854.33,expert8_eval,4861480960,1764
1790754812.0307562,3133074,2855.352,expert8_eval,4861480960,1764
1790754813.055409,3133074,2856.376,expert8_eval,4861480960,1764
1790754814.078313,3133074,2857.399,expert8_eval,4861480960,1764
1790754815.102004,3133074,2858.423,expert8_eval,4861480960,1764
1790754816.1208293,3133074,2859.442,expert8_eval,4861480960,1764
1790754817.1431801,3133074,2860.464,expert8_eval,4861480960,1764
1790754818.1663442,3133074,2861.487,expert8_eval,4861480960,1764
1790754819.1883202,3133074,2862.509,expert8_eval,4861480960,1764
1790754820.2133112,3133074,2863.534,expert8_eval,4861480960,1764
1790754821.2336814,3133074,2864.554,expert8_eval,4861480960,1764
1790754822.260851,3133074,2865.582,expert8_eval,4861480960,1764
1790754823.2839775,3133074,2866.605,expert8_eval,4861480960,1764
1790754824.3026292,3133074,2867.623,expert8_eval,4861480960,1764
1790754825.324324,3133074,2868.645,expert8_eval,4861480960,1764
1790754826.347271,3133074,2869.668,expert8_eval,4861480960,1764
1790754827.3709927,3133074,2870.692,expert8_eval,4861480960,1764
1790754828.392771,3133074,2871.714,expert8_eval,4861480960,1764
1790754829.4144847,3133074,2872.735,expert8_eval,4861480960,1764
1790754830.4349904,3133074,2873.756,expert8_eval,4861480960,1764
1790754831.455912,3133074,2874.777,starting,4449771520,592
1790754832.479708,3133074,2875.8,fit_scorer,5270450176,592
1790754833.5027578,3133074,2876.824,fit_scorer,5240041472,592
1790754834.5384648,3133074,2877.859,fit_scorer,5254246400,592
1790754835.5692124,3133074,2878.89,fit_scorer,5254246400,592
1790754836.6021807,3133074,2879.923,fit_scorer,5254246400,592
1790754837.6311774,3133074,2880.952,fit_scorer,5254246400,592
1790754838.6585283,3133074,2881.979,fit_scorer,5254246400,592
1790754839.6945753,3133074,2883.015,fit_scorer,5254246400,592
1790754840.7257016,3133074,2884.046,fit_scorer,5254246400,592
1790754841.759684,3133074,2885.08,fit_scorer,5254246400,592
1790754842.7932386,3133074,2886.114,fit_scorer,5254246400,592
1790754843.8258736,3133074,2887.147,fit_scorer,5254246400,592
1790754844.8510413,3133074,2888.172,fit_verifier,4679454720,592
1790754845.8777332,3133074,2889.198,fit_verifier,5406519296,592
1790754846.9040656,3133074,2890.225,fit_verifier,5427208192,592
1790754847.9259455,3133074,2891.247,fit_verifier,5487165440,592
1790754848.9531443,3133074,2892.274,fit_verifier,5600935936,592
1790754849.97991,3133074,2893.301,fit_verifier,5600935936,592
1790754851.008994,3133074,2894.33,fit_verifier,5600935936,592
1790754852.0406256,3133074,2895.361,fit_verifier,5600935936,592
1790754853.0681484,3133074,2896.389,fit_verifier,5600935936,592
1790754854.093693,3133074,2897.414,fit_verifier,5600935936,592
1790754855.1257792,3133074,2898.447,fit_verifier,5600935936,592
1790754856.1517222,3133074,2899.472,fit_verifier,5600935936,592
1790754857.183168,3133074,2900.504,fit_verifier,5600935936,592
1790754858.2112195,3133074,2901.532,fit_verifier,5600935936,592
1790754859.238762,3133074,2902.56,fit_verifier,5600935936,592
1790754860.2653089,3133074,2903.586,fit_verifier,5600935936,592
1790754861.2912726,3133074,2904.612,fit_verifier,5600935936,592
1790754862.3214438,3133074,2905.642,fit_verifier,5600935936,592
1790754863.3505843,3133074,2906.671,fit_verifier,5600935936,592
1790754864.3770373,3133074,2907.698,fit_verifier,5600935936,592
1790754865.4072502,3133074,2908.728,fit_verifier,5600935936,592
1790754866.4371054,3133074,2909.758,fit_verifier,5600935936,592
1790754867.4672637,3133074,2910.788,fit_verifier,5600935936,592
1790754868.4951758,3133074,2911.816,fit_verifier,5600935936,592
1790754869.523954,3133074,2912.845,fit_verifier,5600935936,592
1790754870.5505497,3133074,2913.871,fit_verifier,5600935936,592
1790754871.5781374,3133074,2914.899,fit_verifier,5600935936,592
1790754872.6063814,3133074,2915.927,fit_verifier,5600935936,592
1790754873.633717,3133074,2916.954,fit_verifier,5600935936,592
1790754874.6594021,3133074,2917.98,fit_verifier,5600935936,592
1790754875.6848612,3133074,2919.006,fit_verifier,5600935936,592
1790754876.7160633,3133074,2920.037,fit_verifier,5600935936,592
1790754877.7455246,3133074,2921.066,fit_verifier,5600935936,592
1790754878.7767506,3133074,2922.097,fit_verifier,5600935936,592
1790754879.808231,3133074,2923.129,fit_verifier,5600935936,592
1790754880.8404164,3133074,2924.161,fit_verifier,5600935936,592
1790754881.8716676,3133074,2925.192,fit_verifier,5600935936,592
1790754882.8954544,3133074,2926.216,fit_verifier,5600935936,592
1790754883.9272604,3133074,2927.248,fit_verifier,5600935936,592
1790754884.9646778,3133074,2928.285,fit_verifier,5600935936,592
1790754885.9937418,3133074,2929.314,fit_verifier,5600935936,592
1790754887.0215306,3133074,2930.342,fit_verifier,5600935936,592
1790754888.0470154,3133074,2931.368,fit_verifier,5600935936,592
1790754889.0743062,3133074,2932.395,fit_verifier,5600935936,592
1790754890.1084075,3133074,2933.429,fit_verifier,5600935936,592
1790754891.137453,3133074,2934.458,fit_verifier,5600935936,592
1790754892.17042,3133074,2935.491,fit_verifier,5600935936,592
1790754893.2002678,3133074,2936.521,fit_verifier,5600935936,592
1790754894.2328944,3133074,2937.554,fit_verifier,5600935936,592
1790754895.262226,3133074,2938.583,fit_verifier,5600935936,592
1790754896.2914386,3133074,2939.612,fit_verifier,5600935936,592
1790754897.320195,3133074,2940.641,fit_verifier,5600935936,592
1790754898.3453064,3133074,2941.666,fit_verifier,5600935936,592
1790754899.3719935,3133074,2942.693,fit_verifier,5600935936,592
1790754900.4025714,3133074,2943.723,fit_verifier,5600935936,592
1790754901.428153,3133074,2944.749,policy_calibration,4807983104,592
1790754902.4520607,3133074,2945.773,policy_calibration,4807983104,592
1790754903.4798222,3133074,2946.801,test_policy_scoring,5233033216,592
1790754904.506213,3133074,2947.827,test_policy_scoring,5234278400,592
1790754905.5299046,3133074,2948.851,test_policy_scoring,5234278400,592
1790754906.5538769,3133074,2949.875,test_policy_scoring,5234278400,592
1790754907.5801735,3133074,2950.901,test_policy_scoring,5234278400,592
1790754908.6026366,3133074,2951.923,test_policy_scoring,5234278400,592
1790754909.628156,3133074,2952.949,test_policy_scoring,5234278400,592
1790754910.655197,3133074,2953.976,test_policy_scoring,5729943552,592
1790754911.679969,3133074,2955.001,starting,6029950976,592
1790754912.7044692,3133074,2956.025,starting,4511195136,592
1790754913.7313535,3133074,2957.052,starting,4889473024,592
