{
  "seed": 42,
  "baseline_accuracy": 0.8034214127678836,
  "ensemble_accuracy": 0.8844138652911548,
  "xgboost_accuracy": 0.994239494178789,
  "improvement_ensemble": 0.08099245252327125,
  "improvement_xgb": 0.1908180814109054,
  "runtime_minutes": 11.542514105637869,
  "clustering_groups": [
    [
      2,
      10
    ],
    [
      0
    ],
    [
      1,
      3,
      5,
      6,
      7,
      8,
      9,
      11,
      12,
      13,
      14
    ],
    [
      4
    ]
  ],
  "timestamp": "2025-09-12T17:48:50.490074",
  "baseline_per_class_acc": [
    1.0,
    0.0,
    0.0,
    0.0,
    0.0,
    0.0,
    0.0,
    0.0,
    0.0,
    0.0,
    0.0,
    0.0,
    0.0,
    0.0,
    0.0
  ],
  "baseline_per_class_f1": [
    0.890996865269328,
    0.0,
    0.0,
    0.0,
    0.0,
    0.0,
    0.0,
    0.0,
    0.0,
    0.0,
    0.0,
    0.0,
    0.0,
    0.0,
    0.0
  ],
  "ensemble_per_class_acc": [
    0.9769613244267473,
    0.0,
    0.7650785408282488,
    0.0,
    0.7984161580935775,
    0.0,
    0.0,
    0.0,
    0.0,
    0.0,
    0.0,
    0.0,
    0.0,
    0.0,
    0.0
  ],
  "ensemble_per_class_f1": [
    0.9364711706276377,
    0.0,
    0.7874139889104148,
    0.0,
    0.783167046750285,
    0.0,
    0.0,
    0.0,
    0.0,
    0.0,
    0.0,
    0.0,
    0.0,
    0.0,
    0.0
  ],
  "xgboost_per_class_acc": [
    0.998180732489917,
    0.0,
    0.9922367908607036,
    0.882699868938401,
    0.9943766346992153,
    0.5415162454873647,
    0.8765571913929785,
    0.9970200085142614,
    1.0,
    0.0,
    0.9934057164458072,
    0.9900058788947678,
    0.0,
    0.0,
    0.0
  ],
  "xgboost_per_class_f1": [
    0.9965424735265964,
    0.0,
    0.99585667752443,
    0.932987012987013,
    0.9902971629512254,
    0.6859756097560976,
    0.9325301204819277,
    0.9978696207925011,
    1.0,
    0.0,
    0.9936456921994308,
    0.9926318891836133,
    0.0,
    0.0,
    0.0
  ]
}