{
  "seed": 42,
  "baseline_accuracy": 0.8034214127678836,
  "ensemble_accuracy": 0.8034214127678836,
  "improvement_ensemble": 0.0,
  "runtime_minutes": 369.744945983092,
  "clustering_groups": [
    [
      2,
      10
    ],
    [
      0
    ],
    [
      1,
      3,
      5,
      6,
      7,
      8,
      9,
      11,
      12,
      13,
      14
    ],
    [
      4
    ]
  ],
  "timestamp": "2025-09-16T19:54:48.129398",
  "baseline_per_class_acc": [
    1.0,
    0.0,
    0.0,
    0.0,
    0.0,
    0.0,
    0.0,
    0.0,
    0.0,
    0.0,
    0.0,
    0.0,
    0.0,
    0.0,
    0.0
  ],
  "baseline_per_class_f1": [
    0.890996865269328,
    0.0,
    0.0,
    0.0,
    0.0,
    0.0,
    0.0,
    0.0,
    0.0,
    0.0,
    0.0,
    0.0,
    0.0,
    0.0,
    0.0
  ],
  "ensemble_per_class_acc": [
    1.0,
    0.0,
    0.0,
    0.0,
    0.0,
    0.0,
    0.0,
    0.0,
    0.0,
    0.0,
    0.0,
    0.0,
    0.0,
    0.0,
    0.0
  ],
  "ensemble_per_class_f1": [
    0.890996865269328,
    0.0,
    0.0,
    0.0,
    0.0,
    0.0,
    0.0,
    0.0,
    0.0,
    0.0,
    0.0,
    0.0,
    0.0,
    0.0,
    0.0
  ]
}