{
  "seed": 42,
  "baseline_accuracy": 0.8034214127678836,
  "ensemble_accuracy": 0.9801676876525732,
  "improvement_ensemble": 0.17674627488468964,
  "runtime_minutes": 438.52822372516,
  "clustering_groups": [
    [
      5,
      9
    ],
    [
      2,
      3,
      4,
      6
    ],
    [
      8
    ],
    [
      0,
      1,
      7,
      10,
      11,
      12,
      13,
      14
    ]
  ],
  "timestamp": "2025-09-18T08:53:28.837519",
  "baseline_per_class_acc": [
    1.0,
    0.0,
    0.0,
    0.0,
    0.0,
    0.0,
    0.0,
    0.0,
    0.0,
    0.0,
    0.0,
    0.0,
    0.0,
    0.0,
    0.0
  ],
  "baseline_per_class_f1": [
    0.890996865269328,
    0.0,
    0.0,
    0.0,
    0.0,
    0.0,
    0.0,
    0.0,
    0.0,
    0.0,
    0.0,
    0.0,
    0.0,
    0.0,
    0.0
  ],
  "ensemble_per_class_acc": [
    0.9865124788546831,
    0.33860759493670883,
    0.9960275217447747,
    0.9770642201834863,
    0.9928799767509445,
    0.0,
    0.0,
    0.9910600255427842,
    0.0,
    0.0,
    0.9499548480584665,
    0.9811875367430923,
    0.04139433551198257,
    0.0,
    0.0
  ],
  "ensemble_per_class_f1": [
    0.9901500392437516,
    0.5,
    0.9912405364202476,
    0.6533026618468617,
    0.9701142897707106,
    0.0,
    0.0,
    0.9708090075062552,
    0.0,
    0.0,
    0.9239348012582214,
    0.9602991944764097,
    0.0794979079497908,
    0.0,
    0.0
  ]
}