{
  "seed": 42,
  "baseline_accuracy": 80.31892008491648,
  "ensemble_accuracy": 98.14666599085533,
  "improvement": 17.82774590593884,
  "runtime_minutes": 974.1013808051745,
  "clustering_groups": [
    [
      5,
      6
    ],
    [
      1,
      2,
      3,
      4,
      7,
      10,
      11,
      12,
      13,
      14
    ],
    [
      9
    ],
    [
      8
    ],
    [
      0
    ]
  ],
  "timestamp": "2025-09-01T14:01:36.649207",
  "baseline_per_class_acc": [
    1.0,
    0.0,
    0.0,
    0.0,
    0.0,
    0.0,
    0.0,
    0.0,
    0.0,
    0.0,
    0.0,
    0.0,
    0.0,
    0.0,
    0.0
  ],
  "baseline_per_class_f1": [
    0.8908540495594404,
    0.0,
    0.0,
    0.0,
    0.0,
    0.0,
    0.0,
    0.0,
    0.0,
    0.0,
    0.0,
    0.0,
    0.0,
    0.0,
    0.0
  ],
  "ensemble_per_class_acc": [
    0.9881097041955045,
    0.3543441226575809,
    0.9889606332014164,
    0.9815414507772021,
    0.9949157698045975,
    0.0,
    0.0,
    0.9911764705882353,
    0.0,
    0.0,
    0.9512604689238261,
    0.9779536461277558,
    0.06415929203539823,
    0.0,
    0.0
  ],
  "ensemble_per_class_f1": [
    0.9885384021888106,
    0.5180572851805728,
    0.9940202813215571,
    0.9845704076660712,
    0.9769300790806167,
    0.0,
    0.0,
    0.9905521730002099,
    0.0,
    0.0,
    0.9242833688547158,
    0.9592459107291378,
    0.11934156378600823,
    0.0,
    0.0
  ]
}