{
  "seed": 42,
  "baseline_accuracy": 0.8034214127678836,
  "ensemble_accuracy": 0.8821483256577668,
  "xgboost_accuracy": 0.9958036830932042,
  "improvement_ensemble": 0.0787269128898832,
  "improvement_xgb": 0.19238227032532063,
  "runtime_minutes": 48.48631030321121,
  "clustering_groups": [
    [
      2,
      10
    ],
    [
      0
    ],
    [
      1,
      3,
      5,
      6,
      7,
      8,
      9,
      11,
      12,
      13,
      14
    ],
    [
      4
    ]
  ],
  "timestamp": "2025-09-10T22:46:25.189031",
  "baseline_per_class_acc": [
    1.0,
    0.0,
    0.0,
    0.0,
    0.0,
    0.0,
    0.0,
    0.0,
    0.0,
    0.0,
    0.0,
    0.0,
    0.0,
    0.0,
    0.0
  ],
  "baseline_per_class_f1": [
    0.890996865269328,
    0.0,
    0.0,
    0.0,
    0.0,
    0.0,
    0.0,
    0.0,
    0.0,
    0.0,
    0.0,
    0.0,
    0.0,
    0.0,
    0.0
  ],
  "ensemble_per_class_acc": [
    0.9926055578622432,
    0.0,
    0.738283785538102,
    0.3656618610747051,
    0.6143272304562627,
    0.0,
    0.0,
    0.0,
    0.0,
    0.0,
    0.0,
    0.0,
    0.0,
    0.0,
    0.0
  ],
  "ensemble_per_class_f1": [
    0.9357217147883623,
    0.0,
    0.7907287162303083,
    0.4071506749361547,
    0.7234180897299887,
    0.0,
    0.0,
    0.0,
    0.0,
    0.0,
    0.0,
    0.0,
    0.0,
    0.0,
    0.0
  ],
  "xgboost_per_class_acc": [
    0.9980839005095417,
    0.28639240506329117,
    0.9969102946903804,
    0.9295543905635649,
    0.9952339436210403,
    0.8182912154031288,
    0.9093997734994338,
    0.998297147722435,
    1.0,
    0.0,
    0.9974168889262238,
    0.9958847736625515,
    0.23529411764705882,
    0.0,
    0.0
  ],
  "xgboost_per_class_f1": [
    0.9974195326715021,
    0.44526445264452646,
    0.9984138128299139,
    0.9630006788866259,
    0.9901980627439642,
    0.8962108731466227,
    0.951985773562537,
    0.9991478483170004,
    1.0,
    0.0,
    0.995743967125815,
    0.9979381443298969,
    0.3717728055077453,
    0.0,
    0.0
  ]
}