{
  "seed": 42,
  "baseline_accuracy": 0.8034214127678836,
  "ensemble_accuracy": 0.9693291668778578,
  "improvement_ensemble": 0.16590775410997416,
  "runtime_minutes": 46.24068340063095,
  "clustering_groups": [
    [
      5,
      6
    ],
    [
      0,
      1,
      2,
      3,
      4,
      7,
      10,
      11,
      12,
      13,
      14
    ],
    [
      8
    ],
    [
      9
    ]
  ],
  "timestamp": "2025-09-18T04:16:20.012230",
  "baseline_per_class_acc": [
    1.0,
    0.0,
    0.0,
    0.0,
    0.0,
    0.0,
    0.0,
    0.0,
    0.0,
    0.0,
    0.0,
    0.0,
    0.0,
    0.0,
    0.0
  ],
  "baseline_per_class_f1": [
    0.890996865269328,
    0.0,
    0.0,
    0.0,
    0.0,
    0.0,
    0.0,
    0.0,
    0.0,
    0.0,
    0.0,
    0.0,
    0.0,
    0.0,
    0.0
  ],
  "ensemble_per_class_acc": [
    0.9834446656582447,
    0.37341772151898733,
    0.9982863819291186,
    0.9692005242463958,
    0.9757337983144435,
    0.019855595667870037,
    0.31483578708946774,
    0.9948914431673053,
    0.0,
    0.14285714285714285,
    0.8074847218430392,
    0.9829512051734274,
    0.4074074074074074,
    0.0,
    0.022857142857142857
  ],
  "ensemble_per_class_f1": [
    0.9893991211691373,
    0.543778801843318,
    0.9990645706119268,
    0.9817457683372054,
    0.9872314149826885,
    0.032305433186490456,
    0.04904728299223712,
    0.9745621351125938,
    0.0,
    0.003194888178913738,
    0.8863327263087527,
    0.9861397817752875,
    0.5508100147275405,
    0.0,
    0.0446927374301676
  ]
}