{
  "seed": 42,
  "baseline_accuracy": 0.0,
  "ensemble_accuracy": 0.0,
  "xgboost_accuracy": 99.89332396627387,
  "improvement_ensemble": 0.0,
  "improvement_xgb": 99.89332396627387,
  "runtime_minutes": 5.738634749253591,
  "clustering_groups": null,
  "timestamp": "2025-09-05T11:13:18.188828",
  "baseline_per_class_acc": [],
  "baseline_per_class_f1": [],
  "ensemble_per_class_acc": [],
  "ensemble_per_class_f1": [],
  "xgboost_per_class_acc": [
    0.9993762804595272,
    0.7189097103918228,
    0.9995053113934597,
    0.9957901554404145,
    0.9997103002737663,
    0.9878787878787879,
    0.9959746981023577,
    0.9991596638655462,
    1.0,
    0.36363636363636365,
    0.9995172225603997,
    0.9994347088750707,
    0.9402654867256637,
    0.3333333333333333,
    0.12244897959183673
  ],
  "xgboost_per_class_f1": [
    0.9995060967331197,
    0.8274509803921568,
    0.9996614759647935,
    0.9965969859017987,
    0.9989723251505327,
    0.9899787427877316,
    0.996547756041427,
    0.9995796553173603,
    1.0,
    0.5333333333333333,
    0.9966929002009377,
    0.9991523029104267,
    0.8110687022900763,
    0.5,
    0.19591836734693877
  ]
}