{
  "seed": 42,
  "baseline_accuracy": 0.883222158439253,
  "ensemble_accuracy": 0.7264189975281807,
  "xgboost_accuracy": 0.9985619363409295,
  "improvement_ensemble": -0.15680316091107227,
  "improvement_xgb": 0.11533977790167649,
  "runtime_minutes": 424.33476141293846,
  "clustering_groups": [
    [
      2,
      4,
      10
    ],
    [
      1,
      12,
      14
    ],
    [
      8,
      9,
      13
    ],
    [
      0
    ],
    [
      3,
      5,
      6,
      7,
      11
    ]
  ],
  "timestamp": "2025-09-15T03:43:12.717150",
  "baseline_per_class_acc": [
    0.9954987800637624,
    0.0,
    0.7509282097883941,
    0.6775884665792923,
    0.5606945655332752,
    0.5222623345367028,
    0.18289920724801811,
    0.0,
    0.0,
    0.0,
    0.0,
    0.0,
    0.0,
    0.0,
    0.0
  ],
  "baseline_per_class_f1": [
    0.9350330970228182,
    0.0,
    0.796924942136008,
    0.7906709998088319,
    0.7034299204273045,
    0.6267148014440433,
    0.30243445692883897,
    0.0,
    0.0,
    0.0,
    0.0,
    0.0,
    0.0,
    0.0,
    0.0
  ],
  "ensemble_per_class_acc": [
    0.724772701597581,
    0.0,
    0.8281968064390497,
    0.0,
    0.6231182795698925,
    0.0,
    0.0,
    0.0,
    0.0,
    0.0,
    0.9972488817019132,
    0.0,
    0.0,
    0.0,
    0.0
  ],
  "ensemble_per_class_f1": [
    0.8195477058885499,
    0.0,
    0.8229512003199133,
    0.0,
    0.7561272348979088,
    0.0,
    0.0,
    0.0,
    0.0,
    0.0,
    0.3292882503051148,
    0.0,
    0.0,
    0.0,
    0.0
  ],
  "xgboost_per_class_acc": [
    0.9990859647913051,
    0.680379746835443,
    0.9987018044917565,
    0.9908256880733946,
    0.9995495495495496,
    0.98676293622142,
    0.9875424688561721,
    0.9991485738612176,
    1.0,
    0.0,
    0.9995799819392234,
    0.9964726631393298,
    0.9324618736383442,
    0.0,
    0.06285714285714286
  ],
  "xgboost_per_class_f1": [
    0.999249429368222,
    0.8029878618113913,
    0.999311536313212,
    0.9944097336402499,
    0.9973178299069214,
    0.9897404948702474,
    0.9928835752917734,
    0.9995741056218058,
    1.0,
    0.0,
    0.9968271254594385,
    0.9982332155477032,
    0.8160152526215443,
    0.0,
    0.1164021164021164
  ]
}