{
  "seed": 42,
  "baseline_accuracy": 0.0,
  "ensemble_accuracy": 98.22882421793501,
  "xgboost_accuracy": 0.0,
  "improvement_ensemble": 98.22882421793501,
  "improvement_xgb": 0.0,
  "runtime_minutes": 22.19057815472285,
  "clustering_groups": [
    [
      5,
      6,
      7,
      8,
      11,
      12,
      13,
      14
    ],
    [
      0,
      1,
      9
    ],
    [
      10
    ],
    [
      2,
      3,
      4
    ]
  ],
  "timestamp": "2025-09-09T22:18:14.614118",
  "baseline_per_class_acc": [],
  "baseline_per_class_f1": [],
  "ensemble_per_class_acc": [
    0.9987998703038323,
    0.0,
    0.9945216149552123,
    0.7961992136304062,
    0.9400755594303981,
    0.0,
    0.0,
    0.0,
    0.0,
    0.0,
    0.9898145620261671,
    0.0,
    0.0,
    0.0,
    0.0
  ],
  "ensemble_per_class_f1": [
    0.9899625914763824,
    0.0,
    0.9942376576857187,
    0.7706945765937203,
    0.9642016155474082,
    0.0,
    0.0,
    0.0,
    0.0,
    0.0,
    0.9917202344004797,
    0.0,
    0.0,
    0.0,
    0.0
  ],
  "xgboost_per_class_acc": [],
  "xgboost_per_class_f1": []
}