{
  "seed": 42,
  "baseline_accuracy": 0.8034214127678836,
  "ensemble_accuracy": 0.8034214127678836,
  "xgboost_accuracy": 0.9949738496374783,
  "improvement_ensemble": 0.0,
  "improvement_xgb": 0.19155243686959467,
  "runtime_minutes": 54.39736768007278,
  "clustering_groups": [
    [
      2,
      10
    ],
    [
      0
    ],
    [
      1,
      3,
      5,
      6,
      7,
      8,
      9,
      11,
      12,
      13,
      14
    ],
    [
      4
    ]
  ],
  "timestamp": "2025-09-12T02:13:50.941553",
  "baseline_per_class_acc": [
    1.0,
    0.0,
    0.0,
    0.0,
    0.0,
    0.0,
    0.0,
    0.0,
    0.0,
    0.0,
    0.0,
    0.0,
    0.0,
    0.0,
    0.0
  ],
  "baseline_per_class_f1": [
    0.890996865269328,
    0.0,
    0.0,
    0.0,
    0.0,
    0.0,
    0.0,
    0.0,
    0.0,
    0.0,
    0.0,
    0.0,
    0.0,
    0.0,
    0.0
  ],
  "ensemble_per_class_acc": [
    1.0,
    0.0,
    0.0,
    0.0,
    0.0,
    0.0,
    0.0,
    0.0,
    0.0,
    0.0,
    0.0,
    0.0,
    0.0,
    0.0,
    0.0
  ],
  "ensemble_per_class_f1": [
    0.890996865269328,
    0.0,
    0.0,
    0.0,
    0.0,
    0.0,
    0.0,
    0.0,
    0.0,
    0.0,
    0.0,
    0.0,
    0.0,
    0.0,
    0.0
  ],
  "xgboost_per_class_acc": [
    0.9971551937886686,
    0.27689873417721517,
    0.9969102946903804,
    0.9282437745740498,
    0.9936936936936936,
    0.8303249097472925,
    0.9161947904869762,
    0.9970200085142614,
    1.0,
    0.0,
    0.9973328853140685,
    0.9947089947089947,
    0.28322440087145967,
    0.0,
    0.0
  ],
  "xgboost_per_class_f1": [
    0.9969028940302788,
    0.43370508054522927,
    0.9983748716148576,
    0.9621327899473595,
    0.9849845524532432,
    0.9043250327653998,
    0.9554177738411573,
    0.9985077808569601,
    1.0,
    0.0,
    0.9957122938703624,
    0.9973474801061007,
    0.42414355628058725,
    0.0,
    0.0
  ]
}