{
  "seed": 42,
  "baseline_accuracy": 14.35,
  "ensemble_accuracy": 26.38,
  "xgboost_accuracy": 21.01,
  "ensemble_improvement": 12.03,
  "xgboost_improvement": 6.660000000000002,
  "runtime_minutes": 1.0145913163820903,
  "clustering_groups": [
    [
      2,
      4,
      6
    ],
    [
      1,
      9
    ],
    [
      0,
      8
    ],
    [
      3,
      5,
      7
    ]
  ],
  "timestamp": "2025-09-15T14:27:06.032351",
  "baseline_per_class_acc": [
    0.924,
    0.018,
    0.493,
    0.0,
    0.0,
    0.0,
    0.0,
    0.0,
    0.0,
    0.0
  ],
  "baseline_per_class_f1": [
    0.2529081702477077,
    0.032667876588021776,
    0.21476802439555653,
    0.0,
    0.0,
    0.0,
    0.0,
    0.0,
    0.0,
    0.0
  ],
  "ensemble_per_class_acc": [
    0.96,
    0.922,
    0.351,
    0.405,
    0.0,
    0.0,
    0.0,
    0.0,
    0.0,
    0.0
  ],
  "ensemble_per_class_f1": [
    0.37691401648998824,
    0.4949006977992485,
    0.32025547445255476,
    0.2710843373493976,
    0.0,
    0.0,
    0.0,
    0.0,
    0.0,
    0.0
  ],
  "xgboost_per_class_acc": [
    0.925,
    0.619,
    0.282,
    0.104,
    0.136,
    0.031,
    0.003,
    0.001,
    0.0,
    0.0
  ],
  "xgboost_per_class_f1": [
    0.29309252217997467,
    0.3432215137233158,
    0.24500434404865334,
    0.15580524344569288,
    0.1951219512195122,
    0.05927342256214149,
    0.005982053838484547,
    0.001998001998001998,
    0.0,
    0.0
  ]
}