{
  "seed": 42,
  "baseline_accuracy": 37.2,
  "ensemble_accuracy": 6.6000000000000005,
  "improvement": -30.6,
  "runtime_minutes": 2.378815162181854,
  "clustering_groups": [
    [
      23,
      30,
      49,
      59,
      60,
      67,
      68,
      71,
      72,
      73,
      77,
      79,
      80,
      87,
      94,
      95,
      96
    ],
    [
      1,
      2,
      3,
      4,
      5,
      6,
      8,
      11,
      12,
      13,
      14,
      15,
      17,
      18,
      19,
      21,
      25,
      26,
      27,
      31,
      32,
      33,
      34,
      35,
      36,
      37,
      38,
      42,
      43,
      44,
      45,
      46,
      47,
      48,
      50,
      51,
      52,
      54,
      55,
      56,
      57,
      58,
      62,
      63,
      64,
      65,
      66,
      70,
      74,
      75,
      78,
      81,
      82,
      84,
      85,
      88,
      89,
      90,
      91,
      92,
      93,
      97,
      98
    ],
    [
      0,
      7,
      9,
      10,
      16,
      20,
      22,
      24,
      28,
      29,
      39,
      40,
      41,
      53,
      61,
      69,
      76,
      83,
      86,
      99
    ]
  ],
  "timestamp": "2025-06-10T10:38:16.598955",
  "baseline_per_class_acc": [
    0.91,
    0.9,
    0.71,
    0.56,
    0.64,
    0.79,
    0.78,
    0.77,
    0.84,
    0.77,
    0.49,
    0.5,
    0.78,
    0.84,
    0.59,
    0.63,
    0.69,
    0.78,
    0.66,
    0.53,
    0.8,
    0.64,
    0.48,
    0.82,
    0.63,
    0.4,
    0.35,
    0.34,
    0.66,
    0.46,
    0.78,
    0.44,
    0.35,
    0.58,
    0.48,
    0.2,
    0.45,
    0.33,
    0.34,
    0.59,
    0.3,
    0.67,
    0.46,
    0.43,
    0.08,
    0.23,
    0.15,
    0.52,
    0.62,
    0.46,
    0.1,
    0.31,
    0.56,
    0.7,
    0.56,
    0.07,
    0.46,
    0.26,
    0.18,
    0.25,
    0.71,
    0.18,
    0.45,
    0.21,
    0.08,
    0.04,
    0.11,
    0.14,
    0.45,
    0.37,
    0.19,
    0.17,
    0.03,
    0.12,
    0.01,
    0.26,
    0.38,
    0.02,
    0.06,
    0.1,
    0.01,
    0.06,
    0.35,
    0.04,
    0.04,
    0.07,
    0.11,
    0.07,
    0.03,
    0.06,
    0.01,
    0.07,
    0.03,
    0.0,
    0.34,
    0.04,
    0.01,
    0.13,
    0.0,
    0.0
  ],
  "baseline_per_class_f1": [
    0.5416666666666666,
    0.4639175257731959,
    0.3234624145785877,
    0.25925925925925924,
    0.26229508196721313,
    0.42245989304812837,
    0.4126984126984127,
    0.42777777777777776,
    0.4883720930232558,
    0.4888888888888889,
    0.2857142857142857,
    0.32679738562091504,
    0.41935483870967744,
    0.4067796610169492,
    0.39464882943143814,
    0.4359861591695502,
    0.42201834862385323,
    0.6215139442231076,
    0.41379310344827586,
    0.4380165289256198,
    0.6896551724137931,
    0.5079365079365079,
    0.366412213740458,
    0.5674740484429066,
    0.6,
    0.36363636363636365,
    0.30434782608695654,
    0.2698412698412698,
    0.6376811594202898,
    0.4339622641509434,
    0.41935483870967744,
    0.4444444444444444,
    0.34146341463414637,
    0.453125,
    0.4266666666666667,
    0.23391812865497075,
    0.4639175257731959,
    0.35294117647058826,
    0.3469387755102041,
    0.5592417061611374,
    0.3333333333333333,
    0.6568627450980392,
    0.4088888888888889,
    0.47513812154696133,
    0.10738255033557047,
    0.2754491017964072,
    0.22058823529411764,
    0.5073170731707317,
    0.6813186813186813,
    0.5380116959064327,
    0.11494252873563218,
    0.3803680981595092,
    0.49122807017543857,
    0.7253886010362695,
    0.5463414634146342,
    0.1076923076923077,
    0.5786163522012578,
    0.35374149659863946,
    0.2647058823529412,
    0.32679738562091504,
    0.7208121827411168,
    0.288,
    0.5202312138728323,
    0.32558139534883723,
    0.11347517730496454,
    0.06837606837606838,
    0.17054263565891473,
    0.21212121212121213,
    0.569620253164557,
    0.4713375796178344,
    0.2923076923076923,
    0.2786885245901639,
    0.05405405405405406,
    0.17518248175182483,
    0.018691588785046728,
    0.3880597014925373,
    0.5205479452054794,
    0.03773584905660377,
    0.10256410256410256,
    0.17543859649122806,
    0.01818181818181818,
    0.10619469026548672,
    0.5185185185185185,
    0.07339449541284404,
    0.07272727272727272,
    0.12612612612612611,
    0.19130434782608696,
    0.12389380530973451,
    0.05454545454545454,
    0.10714285714285714,
    0.019417475728155338,
    0.12612612612612611,
    0.05454545454545454,
    0.0,
    0.4927536231884058,
    0.07407407407407407,
    0.01904761904761905,
    0.22033898305084745,
    0.0,
    0.0
  ],
  "ensemble_per_class_acc": [
    0.6,
    0.1,
    0.06,
    0.3,
    0.07,
    0.68,
    0.36,
    0.01,
    0.81,
    0.51,
    0.13,
    0.33,
    0.22,
    0.59,
    0.07,
    0.08,
    0.0,
    0.61,
    0.48,
    0.0,
    0.12,
    0.02,
    0.01,
    0.0,
    0.0,
    0.03,
    0.0,
    0.0,
    0.0,
    0.0,
    0.0,
    0.0,
    0.0,
    0.01,
    0.0,
    0.0,
    0.0,
    0.4,
    0.0,
    0.0,
    0.0,
    0.0,
    0.0,
    0.0,
    0.0,
    0.0,
    0.0,
    0.0,
    0.0,
    0.0,
    0.0,
    0.0,
    0.0,
    0.0,
    0.0,
    0.0,
    0.0,
    0.0,
    0.0,
    0.0,
    0.0,
    0.0,
    0.0,
    0.0,
    0.0,
    0.0,
    0.0,
    0.0,
    0.0,
    0.0,
    0.0,
    0.0,
    0.0,
    0.0,
    0.0,
    0.0,
    0.0,
    0.0,
    0.0,
    0.0,
    0.0,
    0.0,
    0.0,
    0.0,
    0.0,
    0.0,
    0.0,
    0.0,
    0.0,
    0.0,
    0.0,
    0.0,
    0.0,
    0.0,
    0.0,
    0.0,
    0.0,
    0.0,
    0.0,
    0.0
  ],
  "ensemble_per_class_f1": [
    0.39867109634551495,
    0.16129032258064516,
    0.053811659192825115,
    0.1001669449081803,
    0.05668016194331984,
    0.12110418521816563,
    0.1276595744680851,
    0.015037593984962405,
    0.05147759771210677,
    0.2649350649350649,
    0.1368421052631579,
    0.09016393442622951,
    0.05962059620596206,
    0.1342434584755404,
    0.07142857142857142,
    0.08465608465608465,
    0.0,
    0.1831831831831832,
    0.14701378254211334,
    0.0,
    0.19834710743801653,
    0.035398230088495575,
    0.01834862385321101,
    0.0,
    0.0,
    0.03773584905660377,
    0.0,
    0.0,
    0.0,
    0.0,
    0.0,
    0.0,
    0.0,
    0.015151515151515152,
    0.0,
    0.0,
    0.0,
    0.11851851851851852,
    0.0,
    0.0,
    0.0,
    0.0,
    0.0,
    0.0,
    0.0,
    0.0,
    0.0,
    0.0,
    0.0,
    0.0,
    0.0,
    0.0,
    0.0,
    0.0,
    0.0,
    0.0,
    0.0,
    0.0,
    0.0,
    0.0,
    0.0,
    0.0,
    0.0,
    0.0,
    0.0,
    0.0,
    0.0,
    0.0,
    0.0,
    0.0,
    0.0,
    0.0,
    0.0,
    0.0,
    0.0,
    0.0,
    0.0,
    0.0,
    0.0,
    0.0,
    0.0,
    0.0,
    0.0,
    0.0,
    0.0,
    0.0,
    0.0,
    0.0,
    0.0,
    0.0,
    0.0,
    0.0,
    0.0,
    0.0,
    0.0,
    0.0,
    0.0,
    0.0,
    0.0,
    0.0
  ]
}