{
  "seed": 42,
  "baseline_accuracy": 0.0,
  "ensemble_accuracy": 88.12784150180995,
  "xgboost_accuracy": 0.0,
  "improvement_ensemble": 88.12784150180995,
  "improvement_xgb": 0.0,
  "runtime_minutes": 26.176930058002473,
  "clustering_groups": [
    [
      2,
      10
    ],
    [
      0
    ],
    [
      1,
      3,
      5,
      6,
      7,
      8,
      9,
      11,
      12,
      13,
      14
    ],
    [
      4
    ]
  ],
  "timestamp": "2025-09-10T05:50:42.930691",
  "baseline_per_class_acc": [],
  "baseline_per_class_f1": [],
  "ensemble_per_class_acc": [
    0.9894585185000433,
    0.0,
    0.7840321952486045,
    0.48853211009174313,
    0.6037198488811392,
    0.0,
    0.0,
    0.0,
    0.0,
    0.0,
    0.0,
    0.0,
    0.0,
    0.0,
    0.0
  ],
  "ensemble_per_class_f1": [
    0.9362447645741623,
    0.0,
    0.7829547811657332,
    0.6057282145033516,
    0.7064905031542791,
    0.0,
    0.0,
    0.0,
    0.0,
    0.0,
    0.0,
    0.0,
    0.0,
    0.0,
    0.0
  ],
  "xgboost_per_class_acc": [],
  "xgboost_per_class_f1": []
}