{
  "seed": 42,
  "baseline_accuracy": 80.34214127678835,
  "ensemble_accuracy": 80.34214127678835,
  "xgboost_accuracy": 99.89851042537215,
  "improvement_ensemble": 0.0,
  "improvement_xgb": 19.556369148583798,
  "runtime_minutes": 733.9749575853348,
  "clustering_groups": [
    [
      2,
      10
    ],
    [
      0
    ],
    [
      1,
      3,
      5,
      6,
      7,
      8,
      9,
      11,
      12,
      13,
      14
    ],
    [
      4
    ]
  ],
  "timestamp": "2025-09-10T18:26:25.358459",
  "baseline_per_class_acc": [
    1.0,
    0.0,
    0.0,
    0.0,
    0.0,
    0.0,
    0.0,
    0.0,
    0.0,
    0.0,
    0.0,
    0.0,
    0.0,
    0.0,
    0.0
  ],
  "baseline_per_class_f1": [
    0.890996865269328,
    0.0,
    0.0,
    0.0,
    0.0,
    0.0,
    0.0,
    0.0,
    0.0,
    0.0,
    0.0,
    0.0,
    0.0,
    0.0,
    0.0
  ],
  "ensemble_per_class_acc": [
    1.0,
    0.0,
    0.0,
    0.0,
    0.0,
    0.0,
    0.0,
    0.0,
    0.0,
    0.0,
    0.0,
    0.0,
    0.0,
    0.0,
    0.0
  ],
  "ensemble_per_class_f1": [
    0.890996865269328,
    0.0,
    0.0,
    0.0,
    0.0,
    0.0,
    0.0,
    0.0,
    0.0,
    0.0,
    0.0,
    0.0,
    0.0,
    0.0,
    0.0
  ],
  "xgboost_per_class_acc": [
    0.9993911322446093,
    0.7246835443037974,
    0.9996884330780216,
    0.994429882044561,
    0.9998111014240046,
    0.9915764139590855,
    0.9966024915062288,
    0.9995742869306088,
    1.0,
    0.35714285714285715,
    0.9996849864544175,
    0.9976484420928865,
    0.9520697167755992,
    0.0,
    0.12
  ],
  "xgboost_per_class_f1": [
    0.9995179796524318,
    0.8297101449275363,
    0.9997792867065681,
    0.9957349081364829,
    0.9990272091064843,
    0.9927710843373494,
    0.9974497024652876,
    0.9997870981477539,
    1.0,
    0.5263157894736842,
    0.9968796464995497,
    0.9988228369629194,
    0.8315889628924833,
    0.0,
    0.19534883720930232
  ]
}