{
  "seed": 42,
  "baseline_accuracy": 0.8034214127678836,
  "ensemble_accuracy": 0.8034214127678836,
  "xgboost_accuracy": 0.9985890473771252,
  "improvement_ensemble": 0.0,
  "improvement_xgb": 0.19516763460924158,
  "runtime_minutes": 357.2249818881353,
  "clustering_groups": [
    [
      2,
      10
    ],
    [
      0
    ],
    [
      1,
      3,
      5,
      6,
      7,
      8,
      9,
      11,
      12,
      13,
      14
    ],
    [
      4
    ]
  ],
  "timestamp": "2025-09-12T08:30:41.861528",
  "baseline_per_class_acc": [
    1.0,
    0.0,
    0.0,
    0.0,
    0.0,
    0.0,
    0.0,
    0.0,
    0.0,
    0.0,
    0.0,
    0.0,
    0.0,
    0.0,
    0.0
  ],
  "baseline_per_class_f1": [
    0.890996865269328,
    0.0,
    0.0,
    0.0,
    0.0,
    0.0,
    0.0,
    0.0,
    0.0,
    0.0,
    0.0,
    0.0,
    0.0,
    0.0,
    0.0
  ],
  "ensemble_per_class_acc": [
    1.0,
    0.0,
    0.0,
    0.0,
    0.0,
    0.0,
    0.0,
    0.0,
    0.0,
    0.0,
    0.0,
    0.0,
    0.0,
    0.0,
    0.0
  ],
  "ensemble_per_class_f1": [
    0.890996865269328,
    0.0,
    0.0,
    0.0,
    0.0,
    0.0,
    0.0,
    0.0,
    0.0,
    0.0,
    0.0,
    0.0,
    0.0,
    0.0,
    0.0
  ],
  "xgboost_per_class_acc": [
    0.9992165412496901,
    0.6487341772151899,
    0.9988316240425809,
    0.987221494102228,
    0.9994478349317059,
    0.98014440433213,
    0.9858437146092865,
    0.9991485738612176,
    1.0,
    0.0,
    0.9995379801331458,
    0.9970605526161082,
    0.8932461873638344,
    0.0,
    0.06285714285714286
  ],
  "xgboost_per_class_f1": [
    0.9992605232384973,
    0.780209324452902,
    0.9993765262118772,
    0.9932421295533213,
    0.9979325203664879,
    0.9869736443501969,
    0.992022792022792,
    0.9995741056218058,
    1.0,
    0.0,
    0.9968061155034295,
    0.9985281130409185,
    0.7953443258971872,
    0.0,
    0.11578947368421053
  ]
}