{
  "seed": 42,
  "baseline_accuracy": 63.23,
  "ensemble_accuracy": 75.41,
  "xgboost_accuracy": 21.65,
  "ensemble_improvement": 12.18,
  "xgboost_improvement": -41.58,
  "runtime_minutes": 8.32202978928884,
  "clustering_groups": [
    [
      0,
      8
    ],
    [
      1,
      9
    ],
    [
      2,
      3,
      4,
      5,
      6,
      7
    ]
  ],
  "timestamp": "2025-09-15T14:51:31.136569",
  "baseline_per_class_acc": [
    0.962,
    0.957,
    0.808,
    0.709,
    0.668,
    0.51,
    0.588,
    0.493,
    0.351,
    0.277
  ],
  "baseline_per_class_f1": [
    0.6269143043336591,
    0.7556257402289775,
    0.6879523201362282,
    0.5587076438140268,
    0.6823289070480082,
    0.5961426066627703,
    0.7110036275695284,
    0.6402597402597403,
    0.5169366715758469,
    0.4294573643410853
  ],
  "ensemble_per_class_acc": [
    0.98,
    0.986,
    0.869,
    0.842,
    0.85,
    0.623,
    0.716,
    0.652,
    0.504,
    0.519
  ],
  "ensemble_per_class_f1": [
    0.7086044830079538,
    0.8348856900931414,
    0.7950594693504117,
    0.6907301066447908,
    0.8325171400587659,
    0.7202312138728324,
    0.8192219679633868,
    0.7757287328970851,
    0.6640316205533597,
    0.6788750817527796
  ],
  "xgboost_per_class_acc": [
    0.918,
    0.636,
    0.301,
    0.117,
    0.148,
    0.035,
    0.01,
    0.0,
    0.0,
    0.0
  ],
  "xgboost_per_class_f1": [
    0.29873088187438984,
    0.35451505016722407,
    0.24896608767576509,
    0.17005813953488372,
    0.2103766879886283,
    0.06647673314339982,
    0.019762845849802372,
    0.0,
    0.0,
    0.0
  ]
}