{
  "seed": 42,
  "baseline_accuracy": 0.0,
  "ensemble_accuracy": 0.9767104411672833,
  "improvement_ensemble": 0.9767104411672833,
  "runtime_minutes": 43.47888973553975,
  "clustering_groups": [
    [
      5,
      9
    ],
    [
      2,
      3,
      4,
      6
    ],
    [
      8
    ],
    [
      0,
      1,
      7,
      10,
      11,
      12,
      13,
      14
    ]
  ],
  "timestamp": "2025-09-18T01:22:41.177480",
  "baseline_per_class_acc": [],
  "baseline_per_class_f1": [],
  "ensemble_per_class_acc": [
    0.9858317206896198,
    0.5838607594936709,
    0.9792548357782682,
    0.9672346002621232,
    0.9639203719848881,
    0.0,
    0.0,
    0.9382716049382716,
    0.0,
    0.0,
    0.9544490413087763,
    0.9547325102880658,
    0.04139433551198257,
    0.0,
    0.0
  ],
  "ensemble_per_class_f1": [
    0.9880285702732409,
    0.5918203688853247,
    0.9886627259263143,
    0.6146158650843223,
    0.9557543798985708,
    0.0,
    0.0,
    0.9418803418803419,
    0.0,
    0.0,
    0.9239370190792751,
    0.9444605990113405,
    0.07883817427385892,
    0.0,
    0.0
  ]
}