{
  "seed": 42,
  "baseline_accuracy": 99.3348366206447,
  "ensemble_accuracy": 80.31892008491648,
  "xgboost_accuracy": 99.89332396627387,
  "improvement_ensemble": -19.01591653572821,
  "improvement_xgb": 0.5584873456291746,
  "runtime_minutes": 352.70324570735295,
  "clustering_groups": [
    [
      2,
      3,
      4,
      10
    ],
    [
      8,
      9
    ],
    [
      0,
      1
    ],
    [
      5,
      6,
      7,
      11,
      12,
      13,
      14
    ]
  ],
  "timestamp": "2025-09-05T07:37:58.473159",
  "baseline_per_class_acc": [
    0.9957865910571826,
    0.0,
    0.9974744844823995,
    0.9332901554404145,
    0.9962628735315845,
    0.5951515151515151,
    0.8033352501437608,
    0.9966386554621849,
    0.0,
    0.0,
    0.9959068869251275,
    0.9886941775014132,
    0.6128318584070797,
    0.0,
    0.0
  ],
  "baseline_per_class_f1": [
    0.9966612710378115,
    0.0,
    0.9979421724407398,
    0.9121696470960595,
    0.9837305929215564,
    0.7344801795063575,
    0.7994277539341917,
    0.9285574476414171,
    0.0,
    0.0,
    0.9946959055745404,
    0.9123630672926447,
    0.6259887005649718,
    0.0,
    0.0
  ],
  "ensemble_per_class_acc": [
    1.0,
    0.0,
    0.0,
    0.0,
    0.0,
    0.0,
    0.0,
    0.0,
    0.0,
    0.0,
    0.0,
    0.0,
    0.0,
    0.0,
    0.0
  ],
  "ensemble_per_class_f1": [
    0.8908540495594404,
    0.0,
    0.0,
    0.0,
    0.0,
    0.0,
    0.0,
    0.0,
    0.0,
    0.0,
    0.0,
    0.0,
    0.0,
    0.0,
    0.0
  ],
  "xgboost_per_class_acc": [
    0.9993762804595272,
    0.7189097103918228,
    0.9995053113934597,
    0.9957901554404145,
    0.9997103002737663,
    0.9878787878787879,
    0.9959746981023577,
    0.9991596638655462,
    1.0,
    0.36363636363636365,
    0.9995172225603997,
    0.9994347088750707,
    0.9402654867256637,
    0.3333333333333333,
    0.12244897959183673
  ],
  "xgboost_per_class_f1": [
    0.9995060967331197,
    0.8274509803921568,
    0.9996614759647935,
    0.9965969859017987,
    0.9989723251505327,
    0.9899787427877316,
    0.996547756041427,
    0.9995796553173603,
    1.0,
    0.5333333333333333,
    0.9966929002009377,
    0.9991523029104267,
    0.8110687022900763,
    0.5,
    0.19591836734693877
  ]
}