{
  "seed": 42,
  "baseline_accuracy": 0.9989827467723132,
  "ensemble_accuracy": 0.9995072863856628,
  "improvement_ensemble": 0.0005245396133495284,
  "runtime_minutes": 8.581283601125081,
  "expert_groups": [
    [
      0,
      4,
      10
    ],
    [
      2,
      3,
      7,
      11
    ],
    [
      6,
      5,
      1,
      12
    ],
    [
      14,
      9,
      13,
      8
    ]
  ],
  "timestamp": "2025-09-19T00:28:06.257077",
  "baseline_per_class_acc": [
    0.9993881979421737,
    0.7262658227848101,
    0.9996624691678567,
    0.9937745740498034,
    0.9997820401046208,
    0.9927797833935018,
    0.9966024915062288,
    0.9995742869306088,
    1.0,
    0.35714285714285715,
    0.9996639855513787,
    0.9982363315696648,
    0.9498910675381264,
    0.0,
    0.13714285714285715
  ],
  "baseline_per_class_f1": [
    0.9995157782910202,
    0.8300180831826401,
    0.9997663005375088,
    0.9950787401574803,
    0.9990054229856186,
    0.9939759036144579,
    0.9974497024652876,
    0.9997870981477539,
    1.0,
    0.5263157894736842,
    0.9968691427314897,
    0.999117387466902,
    0.8320610687022901,
    0.0,
    0.2191780821917808
  ],
  "ensemble_per_class_acc": [
    0.9994410153860148,
    1.0,
    1.0,
    1.0,
    0.9998692240627725,
    0.9957882069795427,
    0.9988674971687429,
    1.0,
    1.0,
    1.0,
    0.9996849864544175,
    1.0,
    0.9956427015250545,
    1.0,
    0.9885714285714285
  ],
  "ensemble_per_class_f1": [
    0.9997101596029994,
    1.0,
    1.0,
    1.0,
    0.9991433134891825,
    0.997588908981314,
    0.9971735443753533,
    1.0,
    1.0,
    1.0,
    0.9968900849205767,
    1.0,
    0.9956427015250545,
    0.8333333333333334,
    0.9942528735632183
  ]
}