{
  "seed": 42,
  "baseline_accuracy": 0.9989727395850646,
  "baseline_macro_accuracy": 0.7935325483032956,
  "ensemble_accuracy": 0.9986686280680785,
  "ensemble_macro_accuracy": 0.8630480454660597,
  "improvement_ensemble": -0.00030411151698606087,
  "runtime_minutes": 7.439051326115926,
  "expert_groups": [
    [
      0,
      4,
      10,
      2,
      3,
      7,
      11,
      6,
      5,
      1,
      12,
      14,
      9,
      13,
      8
    ],
    [
      0,
      4,
      10,
      2,
      3,
      7,
      11,
      6,
      5,
      1,
      12,
      14,
      9,
      13,
      8
    ],
    [
      0,
      4,
      10,
      2,
      3,
      7,
      11,
      6,
      5,
      1,
      12,
      14,
      9,
      13,
      8
    ],
    [
      0,
      4,
      10,
      2,
      3,
      7,
      11,
      6,
      5,
      1,
      12,
      14,
      9,
      13,
      8
    ]
  ],
  "timestamp": "2025-10-01T15:34:17.849344",
  "baseline_per_class_acc": [
    0.99939242378881,
    0.7346938775510204,
    0.9996094512790471,
    0.996600291403594,
    0.9997827267789245,
    0.9881818181818182,
    0.993103448275862,
    0.9993698802772527,
    0.6666666666666666,
    0.5,
    0.9996536632977551,
    1.0,
    0.9801324503311258,
    0.0,
    0.04580152671755725
  ],
  "baseline_per_class_f1": [
    0.9995244427614024,
    0.8311688311688312,
    0.9997461086264476,
    0.9956331877729258,
    0.9991206262009966,
    0.9913360693114455,
    0.9956784788245462,
    0.9996848408446265,
    0.8,
    0.6666666666666666,
    0.9968602825745683,
    1.0,
    0.8222222222222222,
    0.0,
    0.08333333333333333
  ],
  "baseline_per_class_precision": [
    0.9996564966178129,
    0.9568106312292359,
    0.9998828033440113,
    0.9946679592825982,
    0.9984594019875884,
    0.9945105215004575,
    0.9982668977469671,
    1.0,
    1.0,
    1.0,
    0.9940824697078806,
    1.0,
    0.7081339712918661,
    0.0,
    0.46153846153846156
  ],
  "baseline_per_class_recall": [
    0.99939242378881,
    0.7346938775510204,
    0.9996094512790471,
    0.996600291403594,
    0.9997827267789245,
    0.9881818181818182,
    0.993103448275862,
    0.9993698802772527,
    0.6666666666666666,
    0.5,
    0.9996536632977551,
    1.0,
    0.9801324503311258,
    0.0,
    0.04580152671755725
  ],
  "baseline_per_class_support": [
    454264,
    392,
    25605,
    2059,
    46025,
    1100,
    1160,
    1587,
    3,
    8,
    31761,
    1180,
    302,
    5,
    131
  ],
  "ensemble_per_class_acc": [
    0.9988398816547206,
    0.9923469387755102,
    0.9992970123022847,
    0.9985429820301117,
    0.9995871808799566,
    0.9918181818181818,
    0.993103448275862,
    0.9993698802772527,
    1.0,
    0.75,
    0.9991813859765121,
    1.0,
    0.9701986754966887,
    0.2,
    0.05343511450381679
  ],
  "ensemble_per_class_f1": [
    0.9993601709147574,
    0.7930682976554536,
    0.9992189635646503,
    0.9939569736524051,
    0.9986216477278894,
    0.9895691609977324,
    0.9943892965041001,
    0.9996848408446265,
    0.8571428571428571,
    0.8571428571428571,
    0.9966240087932794,
    0.9995764506565015,
    0.8161559888579387,
    0.2857142857142857,
    0.09271523178807947
  ],
  "ensemble_per_class_precision": [
    0.9998810024879294,
    0.6604414261460102,
    0.9991409270178453,
    0.9894128970163619,
    0.9976579780543869,
    0.9873303167420815,
    0.9956784788245462,
    1.0,
    0.75,
    1.0,
    0.9940796892619972,
    0.9991532599491956,
    0.7043269230769231,
    0.5,
    0.35
  ],
  "ensemble_per_class_recall": [
    0.9988398816547206,
    0.9923469387755102,
    0.9992970123022847,
    0.9985429820301117,
    0.9995871808799566,
    0.9918181818181818,
    0.993103448275862,
    0.9993698802772527,
    1.0,
    0.75,
    0.9991813859765121,
    1.0,
    0.9701986754966887,
    0.2,
    0.05343511450381679
  ],
  "ensemble_per_class_support": [
    454264,
    392,
    25605,
    2059,
    46025,
    1100,
    1160,
    1587,
    3,
    8,
    31761,
    1180,
    302,
    5,
    131
  ]
}