{
  "fixed_seed_result": {
    "seed": 42,
    "baseline_accuracy": 0.9989727395850646,
    "baseline_macro_accuracy": 0.7935325483032956,
    "ensemble_accuracy": 0.9978287852159369,
    "ensemble_macro_accuracy": 0.8630480454660597,
    "improvement_ensemble": -0.001143954369127731,
    "runtime_minutes": 4.60671192407608,
    "expert_groups": [
      [
        0,
        4,
        10,
        2,
        3,
        7,
        11,
        6,
        5,
        1,
        12,
        14,
        9,
        13,
        8
      ],
      [
        0,
        4,
        10,
        2,
        3,
        7,
        11,
        6,
        5,
        1,
        12,
        14,
        9,
        13,
        8
      ],
      [
        0,
        4,
        10,
        2,
        3,
        7,
        11,
        6,
        5,
        1,
        12,
        14,
        9,
        13,
        8
      ],
      [
        0,
        4,
        10,
        2,
        3,
        7,
        11,
        6,
        5,
        1,
        12,
        14,
        9,
        13,
        8
      ]
    ],
    "timestamp": "2025-10-17T15:39:25.320222",
    "baseline_per_class_acc": [
      0.99939242378881,
      0.7346938775510204,
      0.9996094512790471,
      0.996600291403594,
      0.9997827267789245,
      0.9881818181818182,
      0.993103448275862,
      0.9993698802772527,
      0.6666666666666666,
      0.5,
      0.9996536632977551,
      1.0,
      0.9801324503311258,
      0.0,
      0.04580152671755725
    ],
    "baseline_per_class_f1": [
      0.9995244427614024,
      0.8311688311688312,
      0.9997461086264476,
      0.9956331877729258,
      0.9991206262009966,
      0.9913360693114455,
      0.9956784788245462,
      0.9996848408446265,
      0.8,
      0.6666666666666666,
      0.9968602825745683,
      1.0,
      0.8222222222222222,
      0.0,
      0.08333333333333333
    ],
    "baseline_per_class_precision": [
      0.9996564966178129,
      0.9568106312292359,
      0.9998828033440113,
      0.9946679592825982,
      0.9984594019875884,
      0.9945105215004575,
      0.9982668977469671,
      1.0,
      1.0,
      1.0,
      0.9940824697078806,
      1.0,
      0.7081339712918661,
      0.0,
      0.46153846153846156
    ],
    "baseline_per_class_recall": [
      0.99939242378881,
      0.7346938775510204,
      0.9996094512790471,
      0.996600291403594,
      0.9997827267789245,
      0.9881818181818182,
      0.993103448275862,
      0.9993698802772527,
      0.6666666666666666,
      0.5,
      0.9996536632977551,
      1.0,
      0.9801324503311258,
      0.0,
      0.04580152671755725
    ],
    "baseline_per_class_support": [
      454264,
      392,
      25605,
      2059,
      46025,
      1100,
      1160,
      1587,
      3,
      8,
      31761,
      1180,
      302,
      5,
      131
    ],
    "ensemble_per_class_acc": [
      0.9977436028388779,
      0.9923469387755102,
      0.9992970123022847,
      0.9980573093734822,
      0.9998261814231396,
      0.9936363636363637,
      0.993103448275862,
      0.9993698802772527,
      1.0,
      0.75,
      0.9994647523692579,
      1.0,
      0.8443708609271523,
      0.2,
      0.35877862595419846
    ],
    "ensemble_per_class_f1": [
      0.9988232001463286,
      0.7291471415182755,
      0.9991214197856264,
      0.992513885534895,
      0.994575084291519,
      0.9882459312839059,
      0.9948186528497409,
      0.9996848408446265,
      1.0,
      0.8571428571428571,
      0.9967188407617313,
      0.9995764506565015,
      0.799373040752351,
      0.25,
      0.40869565217391307
    ],
    "ensemble_per_class_precision": [
      0.9999051363169065,
      0.5762962962962963,
      0.9989458889669712,
      0.9870317002881844,
      0.9893788566145643,
      0.9829136690647482,
      0.9965397923875432,
      1.0,
      1.0,
      1.0,
      0.9939879759519038,
      0.9991532599491956,
      0.7589285714285714,
      0.3333333333333333,
      0.47474747474747475
    ],
    "ensemble_per_class_recall": [
      0.9977436028388779,
      0.9923469387755102,
      0.9992970123022847,
      0.9980573093734822,
      0.9998261814231396,
      0.9936363636363637,
      0.993103448275862,
      0.9993698802772527,
      1.0,
      0.75,
      0.9994647523692579,
      1.0,
      0.8443708609271523,
      0.2,
      0.35877862595419846
    ],
    "ensemble_per_class_support": [
      454264,
      392,
      25605,
      2059,
      46025,
      1100,
      1160,
      1587,
      3,
      8,
      31761,
      1180,
      302,
      5,
      131
    ]
  },
  "timestamp": "2025-10-17T15:39:25.358170"
}