epoch,pid,elapsed_seconds,phase,rss_bytes,gpu_used_mib
1790748796.5930395,3039400,0.246,starting,524513280,0
1790748797.771292,3039400,1.424,starting,818790400,0
1790748798.802144,3039400,2.455,residual_clustering,1747230720,0
1790748799.8342614,3039400,3.487,residual_clustering,1740640256,0
1790748800.8579514,3039400,4.511,starting,1883709440,0
1790748801.8790772,3039400,5.532,starting,6118727680,0
1790748802.897303,3039400,6.55,starting,10399318016,0
1790748804.0871108,3039400,7.74,starting,14873632768,0
1790748805.2036972,3039400,8.857,starting,18028187648,0
1790748806.3410861,3039400,9.994,starting,21097615360,0
1790748807.5807848,3039400,11.234,starting,24070275072,0
1790748808.7934687,3039400,12.447,starting,27160879104,0
1790748811.33867,3039400,14.992,block2_selection,1561071616,0
1790748812.3619413,3039400,16.015,block2_selection,1833885696,0
1790748813.3833368,3039400,17.036,block2_selection,1833885696,0
1790748814.4066656,3039400,18.06,block2_selection,1842786304,0
1790748815.4295406,3039400,19.083,block2_selection,1842786304,0
1790748816.4589374,3039400,20.112,block2_selection,1842786304,0
1790748817.4876218,3039400,21.141,block2_selection,1843703808,0
1790748818.5164733,3039400,22.17,block2_selection,1843703808,0
1790748819.5436246,3039400,23.197,block2_selection,1843703808,0
1790748820.5688655,3039400,24.222,block2_selection,1848758272,0
1790748821.599588,3039400,25.253,starting,1373478912,0
1790748822.6211972,3039400,26.274,input_loading,3209666560,0
1790748823.642627,3039400,27.296,input_loading,7487451136,0
1790748824.667434,3039400,28.321,input_loading,11848785920,0
1790748825.8845549,3039400,29.538,input_loading,15755415552,0
1790748827.3174486,3039400,30.971,input_loading,19595575296,0
1790748828.4579208,3039400,32.111,input_loading,22654709760,0
1790748829.5961645,3039400,33.249,input_loading,25417854976,0
1790748831.3974614,3039400,35.051,input_loading,23313760256,0
1790748832.7349038,3039400,36.388,starting,999297024,0
1790748833.7604482,3039400,37.414,starting,1196470272,0
1790748834.7882624,3039400,38.441,starting,1169866752,0
1790748835.8155184,3039400,39.469,starting,1157615616,0
1790748836.8378174,3039400,40.491,starting,1201741824,0
1790748837.8604608,3039400,41.514,starting,1201741824,0
1790748838.885135,3039400,42.538,starting,1157615616,0
1790748840.2886963,3039400,43.942,starting,1201741824,0
1790748841.3100276,3039400,44.963,starting,1201741824,0
1790748842.34076,3039400,45.994,starting,1157615616,0
1790748843.3611698,3039400,47.014,starting,1157615616,0
1790748844.3833258,3039400,48.036,starting,1157615616,0
1790748845.406872,3039400,49.06,starting,1157615616,0
1790748846.426789,3039400,50.08,starting,1157615616,0
1790748847.4473634,3039400,51.101,starting,1157615616,0
1790748848.471047,3039400,52.124,starting,2149871616,0
1790748849.4941776,3039400,53.147,starting,4594810880,452
1790748850.518254,3039400,54.171,starting,4594810880,656
1790748851.5393326,3039400,55.192,starting,4979314688,2744
1790748852.5686839,3039400,56.222,affinity1_eval,5163651072,2746
1790748853.5946133,3039400,57.248,affinity1_eval,5272576000,2746
1790748854.6197445,3039400,58.273,starting,4985602048,2746
1790748855.6408067,3039400,59.294,starting,5001785344,2788
1790748856.666146,3039400,60.319,starting,5010010112,2788
1790748857.6932702,3039400,61.346,affinity2_eval,5292691456,2788
1790748858.7176592,3039400,62.371,affinity2_eval,5292691456,2788
1790748859.7453716,3039400,63.399,affinity2_eval,5292691456,2788
1790748860.7702825,3039400,64.423,affinity2_eval,5292691456,2788
1790748861.7945492,3039400,65.448,starting,5004537856,2788
1790748862.8221784,3039400,66.475,affinity3_eval,5276377088,2788
1790748863.8498433,3039400,67.503,affinity3_eval,5276377088,2788
1790748864.8833714,3039400,68.537,affinity3_eval,5276377088,2788
1790748865.9087536,3039400,69.562,affinity3_eval,5276377088,2788
1790748866.9335597,3039400,70.587,starting,4988223488,2788
1790748867.9560905,3039400,71.609,starting,5003718656,2788
1790748868.9779363,3039400,72.631,starting,5011533824,2788
1790748870.0023286,3039400,73.655,affinity4_eval,5284188160,2788
1790748871.03307,3039400,74.686,affinity4_eval,5284188160,2788
1790748872.056445,3039400,75.71,affinity4_eval,5284188160,2788
1790748873.0801697,3039400,76.733,affinity4_eval,5284188160,2788
1790748874.1092234,3039400,77.762,starting,4996038656,2788
1790748875.1295342,3039400,78.783,starting,5001203712,2788
1790748876.152199,3039400,79.805,affinity5_route,5040537600,2788
1790748877.178057,3039400,80.831,affinity5_eval,5289488384,2788
1790748878.2049909,3039400,81.858,affinity5_eval,5289488384,2788
1790748879.2293851,3039400,82.883,affinity5_eval,5289488384,2788
1790748880.2545152,3039400,83.908,affinity5_eval,5289488384,2788
1790748881.2792656,3039400,84.932,starting,5001334784,2788
1790748882.3046856,3039400,85.958,affinity6_eval,5276815360,2788
1790748883.3314838,3039400,86.985,affinity6_eval,5276815360,2788
1790748884.356663,3039400,88.01,affinity6_eval,5276815360,2788
1790748885.3784294,3039400,89.032,expert1_fit,4435030016,562
1790748886.402401,3039400,90.056,expert1_fit,4450029568,1338
1790748887.4271896,3039400,91.08,starting,4450050048,1402
1790748888.4500654,3039400,92.103,starting,4450050048,1402
1790748889.4685438,3039400,93.122,starting,4450050048,1402
1790748890.490879,3039400,94.144,starting,4450050048,1402
1790748891.5102332,3039400,95.163,starting,4450050048,1402
1790748892.5308113,3039400,96.184,expert1_route,4504727552,1502
1790748893.5537012,3039400,97.207,expert1_route,4504727552,1562
1790748894.5748708,3039400,98.228,expert1_route,4504727552,1582
1790748895.6003556,3039400,99.253,expert1_route,4504727552,1582
1790748896.6260107,3039400,100.279,expert1_route,4505886720,1582
1790748897.6499627,3039400,101.303,expert1_route,4505886720,1582
1790748898.673982,3039400,102.327,expert1_route,4505886720,1582
1790748899.6951184,3039400,103.348,expert1_route,4505886720,1582
1790748900.7166715,3039400,104.37,expert1_route,4505886720,1582
1790748901.7381682,3039400,105.391,expert1_route,4505886720,1582
1790748902.7628593,3039400,106.416,expert1_route,4505886720,1582
1790748903.7885702,3039400,107.442,expert1_route,4505886720,1582
1790748904.8107228,3039400,108.464,expert1_route,4505886720,1582
1790748905.8411489,3039400,109.494,expert1_cal,4483694592,1582
1790748906.862736,3039400,110.516,expert1_cal,4483694592,1582
1790748907.885537,3039400,111.539,expert1_cal,4483694592,1582
1790748908.906816,3039400,112.56,expert1_cal,4483694592,1582
1790748909.932172,3039400,113.585,expert1_cal,4483694592,1582
1790748910.9570987,3039400,114.61,expert1_cal,4483694592,1582
1790748911.9823768,3039400,115.636,expert1_cal,4483694592,1582
1790748913.0074177,3039400,116.661,expert1_cal,4483694592,1582
1790748914.032047,3039400,117.685,expert1_cal,4483694592,1582
1790748915.0530066,3039400,118.706,expert1_cal,4483694592,1582
1790748916.0760105,3039400,119.729,expert1_cal,4483694592,1582
1790748917.106317,3039400,120.759,expert1_cal,4483694592,1582
1790748918.132493,3039400,121.786,expert1_eval,5570928640,1582
1790748919.1930945,3039400,122.846,expert1_eval,5011111936,1582
1790748920.2221587,3039400,123.875,expert1_eval,5011111936,1582
1790748921.2449033,3039400,124.898,expert1_eval,5011111936,1582
1790748922.265175,3039400,125.918,expert1_eval,5011111936,1582
1790748923.2869744,3039400,126.94,expert1_eval,5011111936,1582
1790748924.3117216,3039400,127.965,expert1_eval,5011111936,1582
1790748925.3336031,3039400,128.987,expert1_eval,5011111936,1582
1790748926.3574939,3039400,130.011,expert1_eval,5011111936,1582
1790748927.3840163,3039400,131.037,expert1_eval,5011111936,1582
1790748928.40701,3039400,132.06,expert1_eval,5011111936,1582
1790748929.4292974,3039400,133.082,expert1_eval,5011111936,1582
1790748930.4527159,3039400,134.106,expert1_eval,5011111936,1582
1790748931.4744918,3039400,135.128,expert1_eval,5011111936,1582
1790748932.496657,3039400,136.15,expert1_eval,5011111936,1582
1790748933.5173478,3039400,137.17,expert1_eval,5011111936,1582
1790748934.5379822,3039400,138.191,expert1_eval,5011111936,1582
1790748935.56245,3039400,139.216,expert1_eval,5011111936,1582
1790748936.5878067,3039400,140.241,expert1_eval,5011111936,1582
1790748937.6096654,3039400,141.263,expert1_eval,5011111936,1582
1790748938.6383357,3039400,142.291,expert1_eval,5011111936,1582
1790748939.6611986,3039400,143.314,expert1_eval,5011111936,1582
1790748940.6811423,3039400,144.334,expert1_eval,5011111936,1582
1790748941.7060094,3039400,145.359,expert1_eval,5011111936,1582
1790748942.7293293,3039400,146.382,expert1_eval,5011111936,1582
1790748943.7517908,3039400,147.405,expert1_eval,5011111936,1582
1790748944.7756119,3039400,148.429,expert1_eval,5011111936,1582
1790748945.8462925,3039400,149.499,expert1_eval,5011111936,1582
1790748946.8713906,3039400,150.525,expert1_eval,5011111936,1582
1790748947.8977313,3039400,151.551,expert1_eval,5011111936,1582
1790748948.9329958,3039400,152.586,expert1_eval,5011111936,1582
1790748949.9657905,3039400,153.619,expert1_eval,5011111936,1582
1790748950.992887,3039400,154.646,expert1_eval,5011111936,1582
1790748952.016349,3039400,155.669,expert1_eval,5011111936,1582
1790748953.0407832,3039400,156.694,expert1_eval,5011111936,1582
1790748954.1047394,3039400,157.758,expert1_eval,5011111936,1582
1790748955.1304553,3039400,158.784,expert1_eval,5011111936,1582
1790748956.1582713,3039400,159.811,expert1_eval,5011111936,1582
1790748957.1852043,3039400,160.838,expert1_eval,5011111936,1582
1790748958.2093668,3039400,161.863,expert1_eval,5011111936,1582
1790748959.2331402,3039400,162.886,expert1_eval,5011111936,1582
1790748960.2560828,3039400,163.909,expert1_eval,5011111936,1582
1790748961.277289,3039400,164.93,expert1_eval,5011111936,1582
1790748962.3000634,3039400,165.953,expert1_eval,5011111936,1582
1790748963.3220792,3039400,166.975,expert1_eval,5011111936,1582
1790748964.3493986,3039400,168.003,expert1_eval,5011111936,1582
1790748965.3768241,3039400,169.03,expert1_eval,5011111936,1582
1790748966.3977156,3039400,170.051,expert1_eval,5011111936,1582
1790748967.419086,3039400,171.072,expert1_eval,5011111936,1582
1790748968.4450045,3039400,172.098,expert1_eval,5011111936,1582
1790748969.4683385,3039400,173.121,expert1_eval,5011111936,1582
1790748970.4922247,3039400,174.145,expert1_eval,5011111936,1582
1790748971.5205305,3039400,175.174,expert1_eval,5011111936,1582
1790748972.544585,3039400,176.198,expert1_eval,5011111936,1582
1790748973.5661223,3039400,177.219,expert1_eval,5011111936,1582
1790748974.5882423,3039400,178.241,expert1_eval,5011111936,1582
1790748975.6163025,3039400,179.269,expert1_eval,5011111936,1582
1790748976.637324,3039400,180.29,expert1_eval,5011111936,1582
1790748977.6637466,3039400,181.317,expert1_eval,5011111936,1582
1790748978.6859133,3039400,182.339,expert1_eval,5011111936,1582
1790748979.7083106,3039400,183.361,expert1_eval,5011111936,1582
1790748980.7322454,3039400,184.385,expert1_eval,5011111936,1582
1790748981.7575874,3039400,185.411,expert1_eval,5011111936,1582
1790748982.7787423,3039400,186.432,expert1_eval,5011111936,1582
1790748983.8029592,3039400,187.456,expert1_eval,5011111936,1582
1790748984.822607,3039400,188.476,expert1_eval,5011111936,1582
1790748985.8496876,3039400,189.503,expert1_eval,5011111936,1582
1790748986.8707082,3039400,190.524,expert1_eval,5011111936,1582
1790748987.8902879,3039400,191.543,expert1_eval,5011111936,1582
1790748988.915847,3039400,192.569,expert1_eval,5011111936,1582
1790748989.9406235,3039400,193.594,expert1_eval,5011111936,1582
1790748990.9601934,3039400,194.613,expert1_eval,5011111936,1582
1790748991.9836822,3039400,195.637,expert1_eval,5011111936,1582
1790748993.018892,3039400,196.672,expert1_eval,5011111936,1582
1790748994.0409746,3039400,197.694,expert1_eval,5011111936,1582
1790748995.0638554,3039400,198.717,expert1_eval,5011111936,1582
1790748996.087823,3039400,199.741,expert1_eval,5011111936,1582
1790748997.1160116,3039400,200.769,expert1_eval,5011111936,1582
1790748998.1419725,3039400,201.795,expert1_eval,5011111936,1582
1790748999.166903,3039400,202.82,expert1_eval,5011111936,1582
1790749000.1894352,3039400,203.843,expert1_eval,5011111936,1582
1790749001.216079,3039400,204.869,expert1_eval,5011111936,1582
1790749002.2381353,3039400,205.891,expert1_eval,5011111936,1582
1790749003.2594721,3039400,206.913,expert1_eval,5011111936,1582
1790749004.2845843,3039400,207.938,expert1_eval,5011111936,1582
1790749005.306331,3039400,208.959,expert1_eval,5011111936,1582
1790749006.3293424,3039400,209.982,expert1_eval,5011111936,1582
1790749007.352306,3039400,211.005,expert1_eval,5011111936,1582
1790749008.3759525,3039400,212.029,expert1_eval,5011111936,1582
1790749009.3996444,3039400,213.053,expert1_eval,5011111936,1582
1790749010.4202158,3039400,214.073,expert1_eval,5011111936,1582
1790749011.440689,3039400,215.094,expert1_eval,5011111936,1582
1790749012.4616938,3039400,216.115,expert1_eval,5011111936,1582
1790749013.4830873,3039400,217.136,expert1_eval,5011111936,1582
1790749014.504626,3039400,218.158,expert1_eval,5011111936,1582
1790749015.5325868,3039400,219.186,expert1_eval,5011111936,1582
1790749016.554473,3039400,220.208,expert1_eval,5011111936,1582
1790749017.575713,3039400,221.229,expert1_eval,5011111936,1582
1790749018.5994003,3039400,222.253,expert1_eval,5011111936,1582
1790749019.6193576,3039400,223.272,expert1_eval,5011111936,1582
1790749020.639891,3039400,224.293,expert1_eval,5011111936,1582
1790749021.6621048,3039400,225.315,expert1_eval,5011111936,1582
1790749022.6837647,3039400,226.337,expert1_eval,5011111936,1582
1790749023.705551,3039400,227.359,expert1_eval,5011111936,1582
1790749024.7271233,3039400,228.38,expert1_eval,5011111936,1582
1790749025.752636,3039400,229.406,expert1_eval,5011111936,1582
1790749026.7760746,3039400,230.429,expert1_eval,5011111936,1582
1790749027.8009822,3039400,231.454,expert1_eval,5011111936,1582
1790749028.82609,3039400,232.479,expert1_eval,5011111936,1582
1790749029.8465214,3039400,233.5,expert1_eval,5011111936,1582
1790749030.8681293,3039400,234.521,expert1_eval,5011111936,1582
1790749031.8909483,3039400,235.544,expert1_eval,5011111936,1582
1790749032.9137135,3039400,236.567,expert1_eval,5011111936,1582
1790749033.939557,3039400,237.593,expert1_eval,5011111936,1582
1790749034.9991114,3039400,238.652,expert1_eval,5011111936,1582
1790749036.025832,3039400,239.679,expert1_eval,5011111936,1582
1790749037.0526264,3039400,240.706,expert1_eval,5011111936,1582
1790749038.0773914,3039400,241.731,expert1_eval,5011111936,1582
1790749039.1012511,3039400,242.754,expert1_eval,5011111936,1582
1790749040.1233752,3039400,243.777,expert1_eval,5011111936,1582
1790749041.1467376,3039400,244.8,expert1_eval,5011111936,1582
1790749042.1719549,3039400,245.825,expert1_eval,5011111936,1582
1790749043.1929572,3039400,246.846,expert1_eval,5011111936,1582
1790749044.2147226,3039400,247.868,expert1_eval,5011111936,1582
1790749045.2434788,3039400,248.897,expert1_eval,5011111936,1582
1790749046.268009,3039400,249.921,expert1_eval,5011111936,1582
1790749047.2894273,3039400,250.943,expert1_eval,5011111936,1582
1790749048.3136945,3039400,251.967,expert1_eval,5011111936,1582
1790749049.3373206,3039400,252.99,expert1_eval,5011111936,1582
1790749050.3631523,3039400,254.016,expert1_eval,5011111936,1582
1790749051.391621,3039400,255.045,expert1_eval,5011111936,1582
1790749052.4167714,3039400,256.07,expert1_eval,5011111936,1582
1790749053.4400213,3039400,257.093,expert1_eval,5011111936,1582
1790749054.4614675,3039400,258.115,expert1_eval,5011111936,1582
1790749055.4872837,3039400,259.14,expert1_eval,5011111936,1582
1790749056.5108109,3039400,260.164,expert1_eval,5011111936,1582
1790749057.5329392,3039400,261.186,expert1_eval,5011111936,1582
1790749058.5567918,3039400,262.21,expert1_eval,5011111936,1582
1790749059.579512,3039400,263.233,expert1_eval,5011111936,1582
1790749060.601917,3039400,264.255,expert1_eval,5011111936,1582
1790749061.6237333,3039400,265.277,expert1_eval,5011111936,1582
1790749062.6442978,3039400,266.297,expert1_eval,5011111936,1582
1790749063.6663175,3039400,267.319,expert1_eval,5011111936,1582
1790749064.6890893,3039400,268.342,expert1_eval,5011111936,1582
1790749065.719404,3039400,269.373,expert1_eval,5011111936,1582
1790749066.7438293,3039400,270.397,expert1_eval,5011111936,1582
1790749067.7665834,3039400,271.42,expert1_eval,5011111936,1582
1790749068.7890713,3039400,272.442,expert1_eval,5011111936,1582
1790749069.8118572,3039400,273.465,expert1_eval,5011111936,1582
1790749070.8325167,3039400,274.486,expert1_eval,5011111936,1582
1790749071.8549001,3039400,275.508,expert1_eval,5011111936,1582
1790749072.8771398,3039400,276.53,expert1_eval,5011111936,1582
1790749073.9026785,3039400,277.556,expert1_eval,5011111936,1582
1790749074.927657,3039400,278.581,expert1_eval,5011111936,1582
1790749075.9569845,3039400,279.61,expert1_eval,5011111936,1582
1790749076.9781535,3039400,280.631,expert1_eval,5011111936,1582
1790749078.0029204,3039400,281.656,expert1_eval,5011111936,1582
1790749079.0244064,3039400,282.678,expert1_eval,5011111936,1582
1790749080.0455656,3039400,283.699,expert1_eval,5011111936,1582
1790749081.0682263,3039400,284.721,expert1_eval,5011111936,1582
1790749082.0943363,3039400,285.747,expert1_eval,5011111936,1582
1790749083.122173,3039400,286.775,expert1_eval,5011111936,1582
1790749084.1481555,3039400,287.801,expert1_eval,5011111936,1582
1790749085.1741257,3039400,288.827,expert1_eval,5011111936,1582
1790749086.196824,3039400,289.85,expert1_eval,5011111936,1582
1790749087.2186995,3039400,290.872,expert1_eval,5011111936,1582
1790749088.2415905,3039400,291.895,expert1_eval,5011111936,1582
1790749089.2692432,3039400,292.922,expert1_eval,5011111936,1582
1790749090.2978501,3039400,293.951,expert1_eval,5011111936,1582
1790749091.3230524,3039400,294.976,expert1_eval,5011111936,1582
1790749092.3448014,3039400,295.998,expert1_eval,5011111936,1582
1790749093.3925054,3039400,297.046,expert1_eval,5011111936,1582
1790749094.4131238,3039400,298.066,expert1_eval,5011111936,1582
1790749095.439099,3039400,299.092,expert1_eval,5011111936,1582
1790749096.4621785,3039400,300.115,expert1_eval,5011111936,1582
1790749097.4877136,3039400,301.141,expert1_eval,5011111936,1582
1790749098.5062504,3039400,302.159,expert1_eval,5011111936,1582
1790749099.529261,3039400,303.182,expert1_eval,5011111936,1582
1790749100.5586746,3039400,304.212,expert1_eval,5011111936,1582
1790749101.5812182,3039400,305.234,expert1_eval,5011111936,1582
1790749102.609168,3039400,306.262,expert1_eval,5011111936,1582
1790749103.6353314,3039400,307.288,expert1_eval,5011111936,1582
1790749104.660235,3039400,308.313,expert1_eval,5011111936,1582
1790749105.686622,3039400,309.34,expert1_eval,5011111936,1582
1790749106.7109466,3039400,310.364,expert1_eval,5011111936,1582
1790749107.7330143,3039400,311.386,expert1_eval,5011111936,1582
1790749108.7623858,3039400,312.416,expert1_eval,5011111936,1582
1790749109.7880251,3039400,313.441,expert1_eval,5011111936,1582
1790749110.8093266,3039400,314.462,expert1_eval,5011111936,1582
1790749111.8322074,3039400,315.485,expert1_eval,5011111936,1582
1790749112.875534,3039400,316.529,expert1_eval,5011111936,1582
1790749113.8982623,3039400,317.551,expert1_eval,5011111936,1582
1790749114.932154,3039400,318.585,expert1_eval,5011111936,1582
1790749115.9567904,3039400,319.61,expert1_eval,5011111936,1582
1790749116.9830208,3039400,320.636,expert1_eval,5011111936,1582
1790749118.0058765,3039400,321.659,expert1_eval,5011111936,1582
1790749119.0283277,3039400,322.681,expert1_eval,5011111936,1582
1790749120.0508056,3039400,323.704,expert1_eval,5011111936,1582
1790749121.0741472,3039400,324.727,expert1_eval,5011111936,1582
1790749122.0953743,3039400,325.749,expert1_eval,5011111936,1582
1790749123.115791,3039400,326.769,expert1_eval,5011111936,1582
1790749124.137989,3039400,327.791,expert1_eval,5011111936,1582
1790749125.1948044,3039400,328.848,expert1_eval,5011111936,1582
1790749126.216325,3039400,329.869,expert1_eval,5011111936,1582
1790749127.2360432,3039400,330.889,expert1_eval,5011111936,1582
1790749128.256359,3039400,331.909,expert1_eval,5011111936,1582
1790749129.2772694,3039400,332.93,expert1_eval,5011111936,1582
1790749130.2994988,3039400,333.953,expert1_eval,5011111936,1582
1790749131.3272288,3039400,334.98,expert1_eval,5011111936,1582
1790749132.3540795,3039400,336.007,expert1_eval,5011111936,1582
1790749133.3811057,3039400,337.034,expert1_eval,5011111936,1582
1790749134.4034123,3039400,338.057,expert1_eval,5011111936,1582
1790749135.4282343,3039400,339.081,expert1_eval,5011111936,1582
1790749136.4521415,3039400,340.105,expert1_eval,5011111936,1582
1790749137.4732814,3039400,341.126,expert1_eval,5011111936,1582
1790749138.496254,3039400,342.149,expert1_eval,5011111936,1582
1790749139.5198615,3039400,343.173,expert1_eval,5011111936,1582
1790749140.5479832,3039400,344.201,expert2_fit,4451295232,656
1790749141.5731432,3039400,345.226,expert2_fit,4453945344,4264
1790749142.596127,3039400,346.249,expert2_fit,4453945344,4270
1790749143.621085,3039400,347.274,expert2_fit,4453945344,4270
1790749144.639696,3039400,348.293,expert2_fit,4453945344,4270
1790749145.6594431,3039400,349.313,expert2_fit,4453945344,4270
1790749146.683132,3039400,350.336,expert2_fit,4453945344,4270
1790749147.7037838,3039400,351.357,expert2_fit,4453945344,4270
1790749148.723426,3039400,352.377,expert2_fit,4453945344,4270
1790749149.7433078,3039400,353.396,expert2_fit,4453945344,4270
1790749150.7630033,3039400,354.416,expert2_fit,4453945344,4270
1790749151.783504,3039400,355.437,expert2_fit,4453945344,4270
1790749152.8052392,3039400,356.458,expert2_fit,4453945344,4270
1790749153.826743,3039400,357.48,expert2_fit,4453945344,4270
1790749154.8482714,3039400,358.501,expert2_fit,4453945344,4270
1790749155.8723934,3039400,359.526,expert2_fit,4453945344,4330
1790749156.8924458,3039400,360.546,expert2_fit,4453945344,4370
1790749157.9111738,3039400,361.564,expert2_fit,4453945344,4410
1790749158.9337735,3039400,362.587,expert2_fit,4453945344,4470
1790749159.9589484,3039400,363.612,expert2_fit,4453945344,4510
1790749160.9831917,3039400,364.636,expert2_fit,4453945344,4570
1790749162.0047905,3039400,365.658,expert2_fit,4453945344,4610
1790749163.027445,3039400,366.681,expert2_fit,4453945344,4670
1790749164.0517256,3039400,367.705,expert2_fit,4453945344,4710
1790749165.0739977,3039400,368.727,expert2_fit,4453945344,4710
1790749166.0926945,3039400,369.746,expert2_fit,4453945344,4710
1790749167.112821,3039400,370.766,expert2_fit,4453945344,4710
1790749168.1321027,3039400,371.785,expert2_fit,4453945344,4710
1790749169.151457,3039400,372.805,expert2_fit,4453945344,4710
1790749170.2254796,3039400,373.879,expert2_fit,4453945344,4710
1790749171.252977,3039400,374.906,expert2_fit,4453945344,4710
1790749172.2793996,3039400,375.933,expert2_fit,4453945344,4710
1790749173.3054905,3039400,376.959,expert2_fit,4453945344,4710
1790749174.3305907,3039400,377.984,expert2_fit,4453945344,4710
1790749175.3498306,3039400,379.003,expert2_fit,4453945344,4710
1790749176.3717809,3039400,380.025,expert2_fit,4453945344,4710
1790749177.3947031,3039400,381.048,expert2_fit,4453945344,4710
1790749178.4197693,3039400,382.073,expert2_fit,4453945344,4710
1790749179.4408376,3039400,383.094,expert2_fit,4453945344,4710
1790749180.4614675,3039400,384.115,expert2_fit,4453945344,4710
1790749181.4808524,3039400,385.134,expert2_fit,4453945344,4710
1790749182.5014296,3039400,386.155,expert2_fit,4453945344,4710
1790749183.520689,3039400,387.174,expert2_fit,4453945344,4710
1790749184.5402873,3039400,388.193,expert2_fit,4453945344,4710
1790749185.5632446,3039400,389.216,expert2_fit,4453945344,4710
1790749186.588684,3039400,390.242,expert2_fit,4453945344,4710
1790749187.6109455,3039400,391.264,expert2_fit,4453945344,4710
1790749188.635366,3039400,392.289,expert2_fit,4453945344,4710
1790749189.6606805,3039400,393.314,expert2_fit,4453945344,4710
1790749190.6846845,3039400,394.338,expert2_fit,4453945344,4710
1790749191.7062948,3039400,395.359,expert2_fit,4453945344,4710
1790749192.7298706,3039400,396.383,expert2_fit,4453945344,4710
1790749193.7546175,3039400,397.408,expert2_fit,4453945344,4710
1790749194.7758856,3039400,398.429,expert2_fit,4453945344,4710
1790749195.7979233,3039400,399.451,expert2_fit,4453945344,4710
1790749196.819507,3039400,400.473,expert2_fit,4453945344,4710
1790749197.8445125,3039400,401.498,expert2_fit,4453945344,4710
1790749198.8714578,3039400,402.525,expert2_fit,4618739712,4710
1790749199.8966303,3039400,403.55,expert2_fit,5189627904,4710
1790749200.9228444,3039400,404.576,expert2_fit,5189627904,4710
1790749201.9464707,3039400,405.6,expert2_fit,5189627904,4710
1790749202.9713655,3039400,406.625,expert2_fit,5189627904,4710
1790749203.9971604,3039400,407.65,expert2_fit,5189627904,4710
1790749205.0178392,3039400,408.671,expert2_fit,5189627904,4710
1790749206.0393412,3039400,409.692,expert2_fit,5189627904,4710
1790749207.059703,3039400,410.713,expert2_fit,5189627904,4710
1790749208.079563,3039400,411.733,expert2_fit,5189627904,4710
1790749209.0997427,3039400,412.753,expert2_fit,5189627904,4710
1790749210.125439,3039400,413.779,expert2_fit,5189627904,4710
1790749211.148763,3039400,414.802,expert2_fit,5189627904,4710
1790749212.174781,3039400,415.828,expert2_fit,5189627904,4710
1790749213.1978602,3039400,416.851,expert2_fit,5189627904,4710
1790749214.2182057,3039400,417.871,expert2_fit,5189627904,4710
1790749215.2393937,3039400,418.893,expert2_fit,5189627904,4710
1790749216.2601001,3039400,419.913,expert2_fit,5189627904,4710
1790749217.28024,3039400,420.933,expert2_fit,5189627904,4710
1790749218.2997558,3039400,421.953,expert2_fit,5189627904,4710
1790749219.3218188,3039400,422.975,expert2_fit,5189627904,4710
1790749220.3414557,3039400,423.995,expert2_fit,5189627904,4710
1790749221.3631964,3039400,425.016,expert2_fit,5189627904,4710
1790749222.3825722,3039400,426.036,expert2_fit,5189627904,4710
1790749223.404694,3039400,427.058,expert2_fit,5189627904,4710
1790749224.429157,3039400,428.082,expert2_fit,5189627904,4710
1790749225.45411,3039400,429.107,expert2_fit,5202317312,4710
1790749226.4784858,3039400,430.132,expert2_fit,5202317312,4710
1790749227.5204957,3039400,431.174,expert2_fit,6001561600,4710
1790749228.5420554,3039400,432.195,expert2_fit,6001561600,4710
1790749229.5640385,3039400,433.217,expert2_fit,6001561600,4710
1790749230.5881968,3039400,434.241,expert2_fit,6001561600,4710
1790749231.6122782,3039400,435.265,expert2_fit,6001561600,4710
1790749232.6319852,3039400,436.285,expert2_fit,6001561600,4710
1790749233.6538887,3039400,437.307,expert2_fit,6001561600,4710
1790749234.6763513,3039400,438.329,expert2_fit,6001561600,4710
1790749235.6961393,3039400,439.349,expert2_fit,6001561600,4710
1790749236.7157505,3039400,440.369,expert2_fit,6001561600,4710
1790749237.7373004,3039400,441.39,expert2_fit,6001561600,4710
1790749238.7605922,3039400,442.414,expert2_fit,6001561600,4710
1790749239.7811282,3039400,443.434,expert2_fit,6001561600,4710
1790749240.8060682,3039400,444.459,expert2_fit,6001561600,4710
1790749241.8292341,3039400,445.482,expert2_fit,6001561600,4710
1790749242.8504035,3039400,446.504,expert2_fit,6001561600,4710
1790749243.8713334,3039400,447.524,expert2_fit,6001561600,4710
1790749244.8946729,3039400,448.548,expert2_fit,6001561600,4710
1790749245.9151292,3039400,449.568,expert2_fit,6001561600,4710
1790749246.933972,3039400,450.587,expert2_fit,6001561600,4710
1790749247.9548354,3039400,451.608,expert2_fit,6001561600,4710
1790749248.97601,3039400,452.629,expert2_fit,6001561600,4710
1790749249.9982226,3039400,453.651,expert2_fit,6001561600,4710
1790749251.0172281,3039400,454.67,expert2_fit,6001561600,4710
1790749252.0392177,3039400,455.692,expert2_fit,6001561600,4710
1790749253.060442,3039400,456.714,expert2_fit,6001561600,4710
1790749254.0847673,3039400,457.738,expert2_fit,6014246912,4710
1790749255.1079319,3039400,458.761,expert2_fit,6014246912,4710
1790749256.139471,3039400,459.793,starting,7915651072,4804
1790749257.187687,3039400,460.841,starting,6813626368,4804
1790749258.211118,3039400,461.864,starting,6813626368,4804
1790749259.2345936,3039400,462.888,starting,6813626368,4804
1790749260.2599916,3039400,463.913,starting,6813626368,4804
1790749261.2843134,3039400,464.937,starting,6813626368,4804
1790749262.3093998,3039400,465.963,starting,6813626368,4804
1790749263.33281,3039400,466.986,starting,6813626368,4804
1790749264.3520048,3039400,468.005,starting,6813626368,4804
1790749265.3733168,3039400,469.026,starting,6813626368,4804
1790749266.3951519,3039400,470.048,starting,6813626368,4804
1790749267.414727,3039400,471.068,starting,6813626368,4804
1790749268.4360526,3039400,472.089,starting,6813626368,4804
1790749269.4563725,3039400,473.11,starting,6813626368,4804
1790749270.4772573,3039400,474.13,starting,6813626368,4804
1790749271.4978447,3039400,475.151,starting,6813626368,4804
1790749272.5195723,3039400,476.173,starting,6813626368,4804
1790749273.5414069,3039400,477.195,starting,6813626368,4804
1790749274.5600882,3039400,478.213,starting,6813626368,4804
1790749275.5795455,3039400,479.233,starting,6813626368,4804
1790749276.6008132,3039400,480.254,starting,6813626368,4804
1790749277.6228166,3039400,481.276,starting,6813626368,4804
1790749278.6435258,3039400,482.297,starting,6813626368,4804
1790749279.666631,3039400,483.32,starting,6813626368,4804
1790749280.6911433,3039400,484.344,starting,6813626368,4804
1790749281.7145162,3039400,485.368,starting,6813626368,4804
1790749282.7406023,3039400,486.394,starting,6813626368,4804
1790749283.7615619,3039400,487.415,starting,6813626368,4804
1790749284.782858,3039400,488.436,starting,6813626368,4804
1790749285.8043365,3039400,489.457,starting,6813626368,4804
1790749286.8271632,3039400,490.48,starting,6813626368,4804
1790749287.8516214,3039400,491.505,starting,6813626368,4804
1790749288.8722115,3039400,492.525,starting,6813626368,4804
1790749289.8920648,3039400,493.545,starting,6813626368,4804
1790749290.9169734,3039400,494.57,starting,6813626368,4804
1790749291.9431896,3039400,495.596,starting,6813626368,4804
1790749292.9672456,3039400,496.62,starting,6813626368,4804
1790749293.991584,3039400,497.645,starting,6813626368,4804
1790749295.0162773,3039400,498.669,starting,6813626368,4804
1790749296.037386,3039400,499.691,starting,6813626368,4804
1790749297.058736,3039400,500.712,starting,6813626368,4804
1790749298.0854783,3039400,501.739,starting,6813626368,4804
1790749299.1093645,3039400,502.763,starting,6813626368,4804
1790749300.133943,3039400,503.787,starting,6813626368,4804
1790749301.157303,3039400,504.81,starting,6813626368,4804
1790749302.1813662,3039400,505.835,starting,6813626368,4804
1790749303.2015035,3039400,506.855,starting,6813626368,4804
1790749304.2222242,3039400,507.875,starting,6813626368,4804
1790749305.2431896,3039400,508.896,starting,6813626368,4804
1790749306.2677104,3039400,509.921,starting,6813626368,4804
1790749307.2935598,3039400,510.947,starting,6813626368,4804
1790749308.317702,3039400,511.971,starting,6813626368,4804
1790749309.3412135,3039400,512.994,starting,6813626368,4804
1790749310.3659387,3039400,514.019,starting,6813626368,4804
1790749311.390289,3039400,515.043,starting,6813626368,4804
1790749312.4165423,3039400,516.07,starting,6813626368,4804
1790749313.4354067,3039400,517.089,starting,6813626368,4804
1790749314.4555118,3039400,518.109,starting,6813626368,4804
1790749315.4773333,3039400,519.13,starting,6813626368,4804
1790749316.4983191,3039400,520.151,starting,6813626368,4804
1790749317.5234969,3039400,521.177,starting,6813626368,4804
1790749318.5459783,3039400,522.199,starting,6813626368,4804
1790749319.5653026,3039400,523.218,starting,6813626368,4804
1790749320.590857,3039400,524.244,starting,6813626368,4804
1790749321.6160035,3039400,525.269,starting,6813626368,4804
1790749322.6439216,3039400,526.297,starting,6813626368,4804
1790749323.6692152,3039400,527.322,starting,6813626368,4804
1790749324.6944475,3039400,528.348,expert2_route,6915272704,4804
1790749325.718715,3039400,529.372,expert2_route,6915272704,4804
1790749326.7419372,3039400,530.395,expert2_route,6915272704,4804
1790749327.7613676,3039400,531.415,expert2_route,6915272704,4804
1790749328.7830122,3039400,532.436,expert2_route,6915272704,4824
1790749329.8097494,3039400,533.463,expert2_route,6939389952,4824
1790749330.8379393,3039400,534.491,expert2_route,6939389952,4844
1790749331.8619473,3039400,535.515,expert2_route,6939389952,4844
1790749332.8842251,3039400,536.537,expert2_route,6939389952,4844
1790749333.9545264,3039400,537.608,expert2_route,6939389952,4864
1790749334.975397,3039400,538.629,expert2_route,6939389952,4864
1790749335.9974873,3039400,539.651,expert2_route,6939389952,4864
1790749337.021912,3039400,540.675,expert2_route,6939389952,4864
1790749338.0466917,3039400,541.7,expert2_route,6939389952,4864
1790749339.0716717,3039400,542.725,expert2_route,6891679744,4884
1790749340.0939803,3039400,543.747,expert2_route,6891679744,4884
1790749341.1157398,3039400,544.769,expert2_route,6891679744,4884
1790749342.1410828,3039400,545.794,expert2_route,6891679744,4884
1790749343.1623755,3039400,546.816,expert2_route,6891679744,4884
1790749344.1854217,3039400,547.839,expert2_route,6915272704,4884
1790749345.2065907,3039400,548.86,expert2_route,6915272704,4884
1790749346.2281659,3039400,549.881,expert2_route,6915272704,4884
1790749347.24923,3039400,550.902,expert2_route,6915272704,4884
1790749348.269655,3039400,551.923,expert2_route,6915272704,4884
1790749349.2913468,3039400,552.944,expert2_route,6939389952,4884
1790749350.3128684,3039400,553.966,expert2_route,6939389952,4884
1790749351.338133,3039400,554.991,expert2_route,6939389952,4884
1790749352.3639824,3039400,556.017,expert2_route,6939389952,4884
1790749353.3887322,3039400,557.042,expert2_route,6939389952,4884
1790749354.4139297,3039400,558.067,expert2_route,6939389952,4884
1790749355.4393265,3039400,559.092,expert2_route,6939389952,4884
1790749356.4624782,3039400,560.116,expert2_route,6939389952,4884
1790749357.4852698,3039400,561.138,expert2_route,6939389952,4884
1790749358.5072966,3039400,562.16,expert2_route,6939389952,4884
1790749359.532663,3039400,563.186,expert2_route,6891679744,4884
1790749360.553883,3039400,564.207,expert2_route,6891679744,4884
1790749361.577987,3039400,565.231,expert2_route,6891679744,4884
1790749362.6001117,3039400,566.253,expert2_route,6891679744,4884
1790749363.630807,3039400,567.284,expert2_route,6891679744,4884
1790749364.6516557,3039400,568.305,expert2_route,6891679744,4884
1790749365.6948457,3039400,569.348,expert2_route,6891679744,4884
1790749366.7156007,3039400,570.369,expert2_route,6891679744,4884
1790749367.7403333,3039400,571.393,expert2_route,6891679744,4884
1790749368.764607,3039400,572.418,expert2_route,6891679744,4884
1790749369.7883139,3039400,573.441,expert2_route,6891679744,4884
1790749370.8093963,3039400,574.463,expert2_route,6891679744,4884
1790749371.834294,3039400,575.487,expert2_cal,6893080576,4884
1790749372.8581307,3039400,576.511,expert2_cal,6893080576,4884
1790749373.8795943,3039400,577.533,expert2_cal,6893080576,4884
1790749374.900917,3039400,578.554,expert2_cal,6893080576,4884
1790749375.9231756,3039400,579.576,expert2_cal,6893080576,4884
1790749376.9503481,3039400,580.603,expert2_cal,6917197824,4884
1790749377.973087,3039400,581.626,expert2_cal,6917197824,4884
1790749378.9950907,3039400,582.648,expert2_cal,6917197824,4884
1790749380.015251,3039400,583.668,expert2_cal,6917197824,4884
1790749381.0369928,3039400,584.69,expert2_cal,6917197824,4884
1790749382.0585947,3039400,585.712,expert2_cal,6917197824,4884
1790749383.082417,3039400,586.736,expert2_cal,6917197824,4884
1790749384.1038098,3039400,587.757,expert2_cal,6917197824,4884
1790749385.1264284,3039400,588.78,expert2_cal,6917197824,4884
1790749386.1503441,3039400,589.803,expert2_cal,6869487616,4884
1790749387.1731174,3039400,590.826,expert2_cal,6869487616,4884
1790749388.1968617,3039400,591.85,expert2_cal,6869487616,4884
1790749389.217609,3039400,592.871,expert2_cal,6869487616,4884
1790749390.2401097,3039400,593.893,expert2_cal,6869487616,4884
1790749391.270213,3039400,594.923,expert2_cal,6869487616,4884
1790749392.2909813,3039400,595.944,expert2_cal,6869487616,4884
1790749393.311834,3039400,596.965,expert2_cal,6869487616,4884
1790749394.3362982,3039400,597.989,expert2_cal,6869487616,4884
1790749395.358855,3039400,599.012,expert2_cal,6869487616,4884
1790749396.3822951,3039400,600.035,expert2_cal,6869487616,4884
1790749397.4061232,3039400,601.059,expert2_cal,6869487616,4884
1790749398.430127,3039400,602.083,expert2_cal,6869487616,4884
1790749399.4534283,3039400,603.107,expert2_cal,6869487616,4884
1790749400.4738255,3039400,604.127,expert2_cal,6869487616,4884
1790749401.4968362,3039400,605.15,expert2_cal,6869487616,4884
1790749402.5218766,3039400,606.175,expert2_cal,6869487616,4884
1790749403.5466125,3039400,607.2,expert2_eval,7740715008,4884
1790749404.5753675,3039400,608.229,expert2_eval,8006148096,4884
1790749405.5975175,3039400,609.251,expert2_eval,7510921216,4884
1790749406.6196458,3039400,610.273,expert2_eval,7510921216,4884
1790749407.6430962,3039400,611.296,expert2_eval,7510921216,4884
1790749408.6694558,3039400,612.323,expert2_eval,7510921216,4884
1790749409.6927943,3039400,613.346,expert2_eval,7510921216,4884
1790749410.7133172,3039400,614.366,expert2_eval,7510921216,4884
1790749411.7384903,3039400,615.392,expert2_eval,7534514176,4884
1790749412.7628145,3039400,616.416,expert2_eval,7534514176,4884
1790749413.7894983,3039400,617.443,expert2_eval,7534514176,4884
1790749414.8144643,3039400,618.468,expert2_eval,7534514176,4884
1790749415.8391309,3039400,619.492,expert2_eval,7534514176,4884
1790749416.8654346,3039400,620.519,expert2_eval,7534514176,4884
1790749417.8910925,3039400,621.544,expert2_eval,7534514176,4884
1790749418.9179847,3039400,622.571,expert2_eval,7534514176,4884
1790749419.9427924,3039400,623.596,expert2_eval,7534514176,4884
1790749420.9675462,3039400,624.621,expert2_eval,7534514176,4884
1790749421.992686,3039400,625.646,expert2_eval,7534514176,4884
1790749423.014839,3039400,626.668,expert2_eval,7534514176,4884
1790749424.0396092,3039400,627.693,expert2_eval,7534514176,4884
1790749425.0647328,3039400,628.718,expert2_eval,7534514176,4884
1790749426.0916042,3039400,629.745,expert2_eval,7534514176,4884
1790749427.115998,3039400,630.769,expert2_eval,7534514176,4884
1790749428.1405098,3039400,631.794,expert2_eval,7534514176,4884
1790749429.1629193,3039400,632.816,expert2_eval,7534514176,4884
1790749430.1856234,3039400,633.839,expert2_eval,7534514176,4884
1790749431.2074006,3039400,634.861,expert2_eval,7534514176,4884
1790749432.2311606,3039400,635.884,expert2_eval,7534514176,4884
1790749433.2543757,3039400,636.908,expert2_eval,7534514176,4884
1790749434.2774143,3039400,637.931,expert2_eval,7534514176,4884
1790749435.296739,3039400,638.95,expert2_eval,7534514176,4884
1790749436.3188832,3039400,639.972,expert2_eval,7534514176,4884
1790749437.3428261,3039400,640.996,expert2_eval,7534514176,4884
1790749438.3624516,3039400,642.016,expert2_eval,7534514176,4884
1790749439.3870947,3039400,643.04,expert2_eval,7534514176,4884
1790749440.4101894,3039400,644.063,expert2_eval,7534514176,4884
1790749441.43281,3039400,645.086,expert2_eval,7534514176,4884
1790749442.456085,3039400,646.109,expert2_eval,7534514176,4884
1790749443.4796946,3039400,647.133,expert2_eval,7534514176,4884
1790749444.5023427,3039400,648.155,expert2_eval,7534514176,4884
1790749445.52463,3039400,649.178,expert2_eval,7534514176,4884
1790749446.5441747,3039400,650.197,expert2_eval,7534514176,4884
1790749447.5672185,3039400,651.22,expert2_eval,7534514176,4884
1790749448.5910375,3039400,652.244,expert2_eval,7534514176,4884
1790749449.6149585,3039400,653.268,expert2_eval,7534514176,4884
1790749450.6395595,3039400,654.293,expert2_eval,7534514176,4884
1790749451.6604564,3039400,655.314,expert2_eval,7534514176,4884
1790749452.6819773,3039400,656.335,expert2_eval,7534514176,4884
1790749453.7069001,3039400,657.36,expert2_eval,7534514176,4884
1790749454.731117,3039400,658.384,expert2_eval,7534514176,4884
1790749455.7564342,3039400,659.41,expert2_eval,7534514176,4884
1790749456.7814262,3039400,660.435,expert2_eval,7534514176,4884
1790749457.8034441,3039400,661.457,expert2_eval,7534514176,4884
1790749458.8235064,3039400,662.477,expert2_eval,7534514176,4884
1790749459.8463209,3039400,663.499,expert2_eval,7534514176,4884
1790749460.8679347,3039400,664.521,expert2_eval,7534514176,4884
1790749461.8929925,3039400,665.546,expert2_eval,7534514176,4884
1790749462.918257,3039400,666.571,expert2_eval,7534514176,4884
1790749463.9393635,3039400,667.593,expert2_eval,7534514176,4884
1790749464.960799,3039400,668.614,expert2_eval,7534514176,4884
1790749465.982146,3039400,669.635,expert2_eval,7534514176,4884
1790749467.0050328,3039400,670.658,expert2_eval,7534514176,4884
1790749468.028715,3039400,671.682,expert2_eval,7534514176,4884
1790749469.054747,3039400,672.708,expert2_eval,7534514176,4884
1790749470.0793812,3039400,673.733,expert2_eval,7534514176,4884
1790749471.1052094,3039400,674.758,expert2_eval,7534514176,4884
1790749472.1329079,3039400,675.786,expert2_eval,7534514176,4884
1790749473.1543367,3039400,676.807,expert2_eval,7534514176,4884
1790749474.1798067,3039400,677.833,expert2_eval,7534514176,4884
1790749475.206574,3039400,678.86,expert2_eval,7534514176,4884
1790749476.2319176,3039400,679.885,expert2_eval,7534514176,4884
1790749477.2597811,3039400,680.913,expert2_eval,7534514176,4884
1790749478.2840652,3039400,681.937,expert2_eval,7534514176,4884
1790749479.3092961,3039400,682.962,expert2_eval,7534514176,4884
1790749480.3334856,3039400,683.987,expert2_eval,7534514176,4884
1790749481.358857,3039400,685.012,expert2_eval,7534514176,4884
1790749482.3826323,3039400,686.036,expert2_eval,7534514176,4884
1790749483.4039986,3039400,687.057,expert2_eval,7534514176,4884
1790749484.4283402,3039400,688.081,expert2_eval,7534514176,4884
1790749485.4537175,3039400,689.107,expert2_eval,7534514176,4884
1790749486.4796152,3039400,690.133,expert2_eval,7534514176,4884
1790749487.5045516,3039400,691.158,expert2_eval,7534514176,4884
1790749488.5284524,3039400,692.182,expert2_eval,7534514176,4884
1790749489.5485728,3039400,693.202,expert2_eval,7534514176,4884
1790749490.5697296,3039400,694.223,expert2_eval,7534514176,4884
1790749491.5921433,3039400,695.245,expert2_eval,7534514176,4884
1790749492.6168892,3039400,696.27,expert2_eval,7534514176,4884
1790749493.6419454,3039400,697.295,expert2_eval,7534514176,4884
1790749494.665881,3039400,698.319,expert2_eval,7534514176,4884
1790749495.687562,3039400,699.341,expert2_eval,7534514176,4884
1790749496.7124195,3039400,700.366,expert2_eval,7534514176,4884
1790749497.735873,3039400,701.389,expert2_eval,7534514176,4884
1790749498.761629,3039400,702.415,expert2_eval,7534514176,4884
1790749499.7867863,3039400,703.44,expert2_eval,7534514176,4884
1790749500.8119395,3039400,704.465,expert2_eval,7534514176,4884
1790749501.8362088,3039400,705.489,expert2_eval,7534514176,4884
1790749502.8613732,3039400,706.515,expert2_eval,7534514176,4884
1790749503.8827398,3039400,707.536,expert2_eval,7534514176,4884
1790749504.9072747,3039400,708.56,expert2_eval,7534514176,4884
1790749505.9314942,3039400,709.585,expert2_eval,7534514176,4884
1790749506.9534936,3039400,710.607,expert2_eval,7534514176,4884
1790749507.972697,3039400,711.626,expert2_eval,7534514176,4884
1790749508.992272,3039400,712.645,expert2_eval,7534514176,4884
1790749510.0128903,3039400,713.666,expert2_eval,7534514176,4884
1790749511.0345228,3039400,714.688,expert2_eval,7534514176,4884
1790749512.0550282,3039400,715.708,expert2_eval,7534514176,4884
1790749513.0795436,3039400,716.733,expert2_eval,7534514176,4884
1790749514.1040883,3039400,717.757,expert2_eval,7534514176,4884
1790749515.1284058,3039400,718.782,expert2_eval,7534514176,4884
1790749516.1531842,3039400,719.806,expert2_eval,7534514176,4884
1790749517.178534,3039400,720.832,expert2_eval,7534514176,4884
1790749518.200025,3039400,721.853,expert2_eval,7534514176,4884
1790749519.225274,3039400,722.878,expert2_eval,7534514176,4884
1790749520.2501447,3039400,723.903,expert2_eval,7534514176,4884
1790749521.2750692,3039400,724.928,expert2_eval,7534514176,4884
1790749522.2966976,3039400,725.95,expert2_eval,7534514176,4884
1790749523.3216362,3039400,726.975,expert2_eval,7534514176,4884
1790749524.3440514,3039400,727.997,expert2_eval,7534514176,4884
1790749525.366976,3039400,729.02,expert2_eval,7534514176,4884
1790749526.3924828,3039400,730.046,expert2_eval,7534514176,4884
1790749527.4120297,3039400,731.065,expert2_eval,7534514176,4884
1790749528.4312077,3039400,732.084,expert2_eval,7534514176,4884
1790749529.4503741,3039400,733.104,expert2_eval,7534514176,4884
1790749530.4728758,3039400,734.126,expert2_eval,7534514176,4884
1790749531.5023806,3039400,735.156,expert2_eval,7534514176,4884
1790749532.5280519,3039400,736.181,expert2_eval,7534514176,4884
1790749533.5517623,3039400,737.205,expert2_eval,7534514176,4884
1790749534.573017,3039400,738.226,expert2_eval,7534514176,4884
1790749535.5955937,3039400,739.249,expert2_eval,7534514176,4884
1790749536.6162062,3039400,740.269,expert2_eval,7534514176,4884
1790749537.6372936,3039400,741.29,expert2_eval,7534514176,4884
1790749538.659217,3039400,742.312,expert2_eval,7534514176,4884
1790749539.6779084,3039400,743.331,expert2_eval,7534514176,4884
1790749540.6976802,3039400,744.351,expert2_eval,7534514176,4884
1790749541.7194777,3039400,745.373,expert2_eval,7534514176,4884
1790749542.7430675,3039400,746.396,expert2_eval,7534514176,4884
1790749543.7647722,3039400,747.418,expert2_eval,7534514176,4884
1790749544.7857833,3039400,748.439,expert2_eval,7534514176,4884
1790749545.8103364,3039400,749.463,expert2_eval,7534514176,4884
1790749546.835006,3039400,750.488,expert2_eval,7534514176,4884
1790749547.864018,3039400,751.517,expert2_eval,7534514176,4884
1790749548.8850517,3039400,752.538,expert2_eval,7534514176,4884
1790749549.9060004,3039400,753.559,expert2_eval,7534514176,4884
1790749550.9270735,3039400,754.58,expert2_eval,7534514176,4884
1790749551.9496298,3039400,755.603,expert2_eval,7534514176,4884
1790749552.9930737,3039400,756.646,expert2_eval,7534514176,4884
1790749554.0118437,3039400,757.665,expert2_eval,7534514176,4884
1790749555.0329375,3039400,758.686,expert2_eval,7534514176,4884
1790749556.0521054,3039400,759.705,expert2_eval,7534514176,4884
1790749557.0724983,3039400,760.726,expert2_eval,7534514176,4884
1790749558.093407,3039400,761.747,expert2_eval,7534514176,4884
1790749559.1144445,3039400,762.768,expert2_eval,7534514176,4884
1790749560.1345296,3039400,763.788,expert2_eval,7534514176,4884
1790749561.156426,3039400,764.81,expert2_eval,7534514176,4884
1790749562.1827567,3039400,765.836,expert2_eval,7534514176,4884
1790749563.2065556,3039400,766.86,expert2_eval,7534514176,4884
1790749564.2304673,3039400,767.884,expert2_eval,7534514176,4884
1790749565.2544868,3039400,768.908,expert2_eval,7534514176,4884
1790749566.275427,3039400,769.929,expert2_eval,7534514176,4884
1790749567.2998183,3039400,770.953,expert2_eval,7534514176,4884
1790749568.3224564,3039400,771.976,expert2_eval,7534514176,4884
1790749569.3437095,3039400,772.997,expert2_eval,7534514176,4884
1790749570.3647187,3039400,774.018,expert2_eval,7534514176,4884
1790749571.3884544,3039400,775.042,expert2_eval,7534514176,4884
1790749572.4358494,3039400,776.089,expert2_eval,7534514176,4884
1790749573.4563994,3039400,777.11,expert2_eval,7534514176,4884
1790749574.4773967,3039400,778.131,expert2_eval,7534514176,4884
1790749575.49867,3039400,779.152,expert2_eval,7534514176,4884
1790749576.5182147,3039400,780.171,expert2_eval,7534514176,4884
1790749577.5398257,3039400,781.193,expert2_eval,7534514176,4884
1790749578.5589364,3039400,782.212,expert2_eval,7534514176,4884
1790749579.579963,3039400,783.233,expert2_eval,7534514176,4884
1790749580.602143,3039400,784.255,expert2_eval,7534514176,4884
1790749581.6220121,3039400,785.275,expert2_eval,7534514176,4884
1790749582.6427917,3039400,786.296,expert2_eval,7534514176,4884
1790749583.6643136,3039400,787.317,expert2_eval,7534514176,4884
1790749584.6854405,3039400,788.339,expert2_eval,7534514176,4884
1790749585.7080717,3039400,789.361,expert2_eval,7534514176,4884
1790749586.7312937,3039400,790.384,expert2_eval,7534514176,4884
1790749587.7502751,3039400,791.403,expert2_eval,7534514176,4884
1790749588.7704186,3039400,792.424,expert2_eval,7534514176,4884
1790749589.7916708,3039400,793.445,expert2_eval,7534514176,4884
1790749590.8104901,3039400,794.464,expert2_eval,7534514176,4884
1790749591.831284,3039400,795.484,expert2_eval,7534514176,4884
1790749592.850796,3039400,796.504,expert2_eval,7534514176,4884
1790749593.8711917,3039400,797.524,expert2_eval,7534514176,4884
1790749594.8953965,3039400,798.549,expert2_eval,7534514176,4884
1790749595.9180944,3039400,799.571,expert2_eval,7534514176,4884
1790749596.9386249,3039400,800.592,expert2_eval,7534514176,4884
1790749597.9625506,3039400,801.616,expert2_eval,7534514176,4884
1790749598.9871247,3039400,802.64,expert2_eval,7534514176,4884
1790749600.015705,3039400,803.669,expert2_eval,7534514176,4884
1790749601.0363758,3039400,804.69,expert2_eval,7534514176,4884
1790749602.0603874,3039400,805.714,expert2_eval,7534514176,4884
1790749603.0844162,3039400,806.738,expert2_eval,7534514176,4884
1790749604.1084156,3039400,807.762,expert2_eval,7534514176,4884
1790749605.134946,3039400,808.788,expert2_eval,7534514176,4884
1790749606.1592734,3039400,809.812,expert2_eval,7534514176,4884
1790749607.183638,3039400,810.837,expert2_eval,7534514176,4884
1790749608.204256,3039400,811.857,expert2_eval,7534514176,4884
1790749609.22381,3039400,812.877,expert2_eval,7534514176,4884
1790749610.2442863,3039400,813.897,expert2_eval,7534514176,4884
1790749611.2680962,3039400,814.921,expert2_eval,7534514176,4884
1790749612.2885034,3039400,815.942,expert2_eval,7534514176,4884
1790749613.309119,3039400,816.962,expert2_eval,7534514176,4884
1790749614.32985,3039400,817.983,expert2_eval,7534514176,4884
1790749615.3504937,3039400,819.004,expert2_eval,7534514176,4884
1790749616.3695292,3039400,820.023,expert2_eval,7534514176,4884
1790749617.417252,3039400,821.07,expert2_eval,7534514176,4884
1790749618.4366062,3039400,822.09,expert2_eval,7534514176,4884
1790749619.457202,3039400,823.11,expert2_eval,7534514176,4884
1790749620.480787,3039400,824.134,expert2_eval,7534514176,4884
1790749621.504075,3039400,825.157,expert2_eval,7534514176,4884
1790749622.532271,3039400,826.185,expert2_eval,7534514176,4884
1790749623.5563223,3039400,827.209,expert2_eval,7534514176,4884
1790749624.580109,3039400,828.233,expert2_eval,7534514176,4884
1790749625.6036572,3039400,829.257,expert2_eval,7534514176,4884
1790749626.6264446,3039400,830.28,expert2_eval,7534514176,4884
1790749627.6515722,3039400,831.305,expert2_eval,7534514176,4884
1790749628.6724863,3039400,832.326,expert2_eval,7534514176,4884
1790749629.6944962,3039400,833.348,expert2_eval,7534514176,4884
1790749630.717745,3039400,834.371,expert2_eval,7534514176,4884
1790749631.7421896,3039400,835.395,expert2_eval,7534514176,4884
1790749632.7663755,3039400,836.42,expert2_eval,7534514176,4884
1790749633.7858415,3039400,837.439,expert2_eval,7534514176,4884
1790749634.807007,3039400,838.46,expert2_eval,7534514176,4884
1790749635.8303978,3039400,839.484,expert2_eval,7534514176,4884
1790749636.8514643,3039400,840.505,expert2_eval,7534514176,4884
1790749637.8765166,3039400,841.53,expert2_eval,7534514176,4884
1790749638.900978,3039400,842.554,expert2_eval,7534514176,4884
1790749639.9215972,3039400,843.575,expert2_eval,7534514176,4884
1790749640.946374,3039400,844.6,expert2_eval,7534514176,4884
1790749641.9675436,3039400,845.621,expert2_eval,7534514176,4884
1790749642.9903605,3039400,846.644,expert2_eval,7534514176,4884
1790749644.013181,3039400,847.666,expert2_eval,7534514176,4884
1790749645.033625,3039400,848.687,expert2_eval,7534514176,4884
1790749646.0540905,3039400,849.707,expert2_eval,7534514176,4884
1790749647.073326,3039400,850.726,expert2_eval,7534514176,4884
1790749648.0959003,3039400,851.749,expert2_eval,7534514176,4884
1790749649.1190417,3039400,852.772,expert2_eval,7534514176,4884
1790749650.1438675,3039400,853.797,expert2_eval,7534514176,4884
1790749651.1671572,3039400,854.82,expert2_eval,7534514176,4884
1790749652.1874752,3039400,855.841,expert2_eval,7534514176,4884
1790749653.210461,3039400,856.864,expert2_eval,7534514176,4884
1790749654.231049,3039400,857.884,expert2_eval,7534514176,4884
1790749655.2519844,3039400,858.905,expert2_eval,7534514176,4884
1790749656.2749677,3039400,859.928,expert2_eval,7534514176,4884
1790749657.2976933,3039400,860.951,expert2_eval,7534514176,4884
1790749658.3193614,3039400,861.973,expert2_eval,7534514176,4884
1790749659.3417346,3039400,862.995,expert2_eval,7534514176,4884
1790749660.3636203,3039400,864.017,expert2_eval,7534514176,4884
1790749661.3857567,3039400,865.039,expert2_eval,7534514176,4884
1790749662.4044669,3039400,866.058,expert2_eval,7534514176,4884
1790749663.4248612,3039400,867.078,expert2_eval,7534514176,4884
1790749664.4469097,3039400,868.1,expert2_eval,7534514176,4884
1790749665.4705696,3039400,869.124,expert2_eval,7534514176,4884
1790749666.4936724,3039400,870.147,expert2_eval,7534514176,4884
1790749667.5152984,3039400,871.168,expert2_eval,7534514176,4884
1790749668.5377607,3039400,872.191,expert2_eval,7534514176,4884
1790749669.587736,3039400,873.241,expert2_eval,7534514176,4884
1790749670.6116385,3039400,874.265,expert2_eval,7534514176,4884
1790749671.6292427,3039400,875.282,expert2_eval,7534514176,4884
1790749672.6517913,3039400,876.305,expert2_eval,7534514176,4884
1790749673.6733575,3039400,877.326,expert2_eval,7534514176,4884
1790749674.6935751,3039400,878.347,expert2_eval,7534514176,4884
1790749675.7139885,3039400,879.367,expert2_eval,7534514176,4884
1790749676.7353168,3039400,880.388,expert2_eval,7534514176,4884
1790749677.759597,3039400,881.413,expert2_eval,7534514176,4884
1790749678.7836022,3039400,882.437,expert2_eval,7534514176,4884
1790749679.8080955,3039400,883.461,expert2_eval,7534514176,4884
1790749680.8295262,3039400,884.483,expert2_eval,7534514176,4884
1790749681.8505764,3039400,885.504,expert2_eval,7534514176,4884
1790749682.874969,3039400,886.528,expert2_eval,7534514176,4884
1790749683.8982756,3039400,887.551,expert2_eval,7534514176,4884
1790749684.917977,3039400,888.571,expert2_eval,7534514176,4884
1790749685.9396214,3039400,889.593,expert2_eval,7534514176,4884
1790749686.9643412,3039400,890.617,expert2_eval,7534514176,4884
1790749687.9892497,3039400,891.642,expert2_eval,7534514176,4884
1790749689.0105836,3039400,892.664,expert2_eval,7534514176,4884
1790749690.0368974,3039400,893.69,expert2_eval,7534514176,4884
1790749691.0618327,3039400,894.715,expert2_eval,7534514176,4884
1790749692.0867302,3039400,895.74,expert2_eval,7534514176,4884
1790749693.1107836,3039400,896.764,expert2_eval,7534514176,4884
1790749694.1342876,3039400,897.787,expert2_eval,7534514176,4884
1790749695.1592798,3039400,898.812,expert2_eval,7534514176,4884
1790749696.1838245,3039400,899.837,expert2_eval,7534514176,4884
1790749697.2065067,3039400,900.86,expert2_eval,7534514176,4884
1790749698.230365,3039400,901.884,expert2_eval,7534514176,4884
1790749699.2531984,3039400,902.906,expert2_eval,7534514176,4884
1790749700.2740297,3039400,903.927,expert2_eval,7534514176,4884
1790749701.3237946,3039400,904.977,expert2_eval,7534514176,4884
1790749702.348709,3039400,906.002,expert2_eval,7534514176,4884
1790749703.3836677,3039400,907.037,expert2_eval,7534514176,4884
1790749704.4077234,3039400,908.061,expert2_eval,7534514176,4884
1790749705.4276261,3039400,909.081,expert2_eval,7534514176,4884
1790749706.4499593,3039400,910.103,expert2_eval,7534514176,4884
1790749707.4746077,3039400,911.128,expert2_eval,7534514176,4884
1790749708.499602,3039400,912.153,expert2_eval,7534514176,4884
1790749709.524893,3039400,913.178,expert2_eval,7534514176,4884
1790749710.5497127,3039400,914.203,expert2_eval,7534514176,4884
1790749711.5746534,3039400,915.228,expert2_eval,7534514176,4884
1790749712.5985847,3039400,916.252,expert2_eval,7534514176,4884
1790749713.6195214,3039400,917.273,expert2_eval,7534514176,4884
1790749714.64201,3039400,918.295,expert2_eval,7534514176,4884
1790749715.6629894,3039400,919.316,expert2_eval,7534514176,4884
1790749716.6858613,3039400,920.339,expert2_eval,7534514176,4884
1790749717.7101898,3039400,921.363,expert2_eval,7534514176,4884
1790749718.7328186,3039400,922.386,expert2_eval,7534514176,4884
1790749719.7568707,3039400,923.41,expert2_eval,7534514176,4884
1790749720.779883,3039400,924.433,expert2_eval,7534514176,4884
1790749721.799445,3039400,925.453,expert2_eval,7534514176,4884
1790749722.82085,3039400,926.474,expert2_eval,7534514176,4884
1790749723.8414435,3039400,927.495,expert2_eval,7534514176,4884
1790749724.8624291,3039400,928.516,expert2_eval,7534514176,4884
1790749725.8858204,3039400,929.539,expert2_eval,7534514176,4884
1790749726.9064488,3039400,930.56,expert2_eval,7534514176,4884
1790749727.9311347,3039400,931.584,expert2_eval,7534514176,4884
1790749728.9522164,3039400,932.605,expert2_eval,7534514176,4884
1790749729.9770863,3039400,933.63,expert2_eval,7534514176,4884
1790749730.99943,3039400,934.653,expert2_eval,7534514176,4884
1790749732.0186293,3039400,935.672,expert2_eval,7534514176,4884
1790749733.0467994,3039400,936.7,expert2_eval,7534514176,4884
1790749734.0684566,3039400,937.722,expert2_eval,7534514176,4884
1790749735.0901103,3039400,938.743,expert2_eval,7534514176,4884
1790749736.1089973,3039400,939.762,expert2_eval,7534514176,4884
1790749737.130668,3039400,940.784,expert2_eval,7534514176,4884
1790749738.1551397,3039400,941.808,expert2_eval,7534514176,4884
1790749739.1771572,3039400,942.83,expert2_eval,7534514176,4884
1790749740.2009509,3039400,943.854,expert2_eval,7534514176,4884
1790749741.2234435,3039400,944.877,expert2_eval,7534514176,4884
1790749742.2473168,3039400,945.9,expert2_eval,7534514176,4884
1790749743.2700071,3039400,946.923,expert2_eval,7534514176,4884
1790749744.2979033,3039400,947.951,expert2_eval,7534514176,4884
1790749745.3222082,3039400,948.975,expert2_eval,7534514176,4884
1790749746.3466125,3039400,950.0,expert2_eval,7534514176,4884
1790749747.3713317,3039400,951.024,expert2_eval,7534514176,4884
1790749748.3927236,3039400,952.046,expert2_eval,7534514176,4884
1790749749.4201775,3039400,953.073,expert2_eval,7534514176,4884
1790749750.4420114,3039400,954.095,expert2_eval,7534514176,4884
1790749751.4618304,3039400,955.115,expert2_eval,7534514176,4884
1790749752.4800525,3039400,956.133,expert2_eval,7534514176,4884
1790749753.5008721,3039400,957.154,expert2_eval,7534514176,4884
1790749754.5229287,3039400,958.176,expert2_eval,7534514176,4884
1790749755.5438154,3039400,959.197,expert2_eval,7534514176,4884
1790749756.5656583,3039400,960.219,expert2_eval,7534514176,4884
1790749757.5859056,3039400,961.239,expert2_eval,7534514176,4884
1790749758.6078653,3039400,962.261,expert2_eval,7534514176,4884
1790749759.631846,3039400,963.285,expert2_eval,7534514176,4884
1790749760.653859,3039400,964.307,expert2_eval,7534514176,4884
1790749761.674286,3039400,965.327,expert2_eval,7534514176,4884
1790749762.6962516,3039400,966.349,expert2_eval,7534514176,4884
1790749763.7217517,3039400,967.375,expert2_eval,7534514176,4884
1790749764.7455966,3039400,968.399,expert2_eval,7534514176,4884
1790749765.769762,3039400,969.423,expert2_eval,7534514176,4884
1790749766.7947788,3039400,970.448,expert2_eval,7534514176,4884
1790749767.8205209,3039400,971.474,expert2_eval,7534514176,4884
1790749768.8446686,3039400,972.498,expert2_eval,7534514176,4884
1790749769.8685584,3039400,973.522,expert2_eval,7534514176,4884
1790749770.8905632,3039400,974.544,expert2_eval,7534514176,4884
1790749771.914943,3039400,975.568,expert2_eval,7534514176,4884
1790749772.940214,3039400,976.593,expert2_eval,7534514176,4884
1790749773.9651132,3039400,977.618,expert2_eval,7534514176,4884
1790749774.9877975,3039400,978.641,expert2_eval,7534514176,4884
1790749776.0133536,3039400,979.666,expert2_eval,7534514176,4884
1790749777.0379627,3039400,980.691,expert2_eval,7534514176,4884
1790749778.0614576,3039400,981.715,expert2_eval,7534514176,4884
1790749779.083609,3039400,982.737,expert2_eval,7534514176,4884
1790749780.1027198,3039400,983.756,expert2_eval,7534514176,4884
1790749781.1234794,3039400,984.777,expert2_eval,7534514176,4884
1790749782.1440597,3039400,985.797,expert2_eval,7534514176,4884
1790749783.1644027,3039400,986.818,expert2_eval,7534514176,4884
1790749784.1847708,3039400,987.838,expert2_eval,7534514176,4884
1790749785.2062979,3039400,988.859,expert2_eval,7534514176,4884
1790749786.232165,3039400,989.885,expert2_eval,7534514176,4884
1790749787.2557619,3039400,990.909,expert2_eval,7534514176,4884
1790749788.280508,3039400,991.934,expert2_eval,7534514176,4884
1790749789.3053293,3039400,992.958,expert2_eval,7534514176,4884
1790749790.330142,3039400,993.983,expert2_eval,7534514176,4884
1790749791.3563468,3039400,995.009,expert2_eval,7534514176,4884
1790749792.3780024,3039400,996.031,expert2_eval,7534514176,4884
1790749793.4022489,3039400,997.055,expert2_eval,7534514176,4884
1790749794.423135,3039400,998.076,expert2_eval,7534514176,4884
1790749795.4474218,3039400,999.101,expert2_eval,7534514176,4884
1790749796.4727201,3039400,1000.126,expert2_eval,7534514176,4884
1790749797.494143,3039400,1001.147,expert2_eval,7534514176,4884
1790749798.5185826,3039400,1002.172,expert2_eval,7534514176,4884
1790749799.540852,3039400,1003.194,expert2_eval,7534514176,4884
1790749800.5659463,3039400,1004.219,expert2_eval,7534514176,4884
1790749801.5871246,3039400,1005.24,expert2_eval,7534514176,4884
1790749802.6085913,3039400,1006.262,expert2_eval,7534514176,4884
1790749803.6279902,3039400,1007.281,expert2_eval,7534514176,4884
1790749804.6491024,3039400,1008.302,expert2_eval,7534514176,4884
1790749805.6698768,3039400,1009.323,expert2_eval,7534514176,4884
1790749806.6933763,3039400,1010.347,expert2_eval,7534514176,4884
1790749807.712298,3039400,1011.365,expert2_eval,7534514176,4884
1790749808.7324147,3039400,1012.386,expert2_eval,7534514176,4884
1790749809.7533753,3039400,1013.407,expert2_eval,7534514176,4884
1790749810.774557,3039400,1014.428,expert2_eval,7534514176,4884
1790749811.7978246,3039400,1015.451,expert2_eval,7534514176,4884
1790749812.8178003,3039400,1016.471,expert2_eval,7534514176,4884
1790749813.8384295,3039400,1017.492,expert2_eval,7534514176,4884
1790749814.8601534,3039400,1018.513,expert2_eval,7534514176,4884
1790749815.8845909,3039400,1019.538,expert2_eval,7534514176,4884
1790749816.906919,3039400,1020.56,expert2_eval,7534514176,4884
1790749817.9358828,3039400,1021.589,expert2_eval,7534514176,4884
1790749818.9595096,3039400,1022.613,expert2_eval,7534514176,4884
1790749819.984685,3039400,1023.638,expert2_eval,7534514176,4884
1790749821.0056667,3039400,1024.659,expert2_eval,7534514176,4884
1790749822.0268407,3039400,1025.68,expert2_eval,7534514176,4884
1790749823.0466342,3039400,1026.7,expert2_eval,7534514176,4884
1790749824.0719247,3039400,1027.725,expert2_eval,7534514176,4884
1790749825.096573,3039400,1028.75,expert2_eval,7534514176,4884
1790749826.121008,3039400,1029.774,expert2_eval,7534514176,4884
1790749827.1446695,3039400,1030.798,expert2_eval,7534514176,4884
1790749828.16967,3039400,1031.823,expert2_eval,7534514176,4884
1790749829.1933184,3039400,1032.846,expert2_eval,7534514176,4884
1790749830.2145293,3039400,1033.868,expert2_eval,7534514176,4884
1790749831.2385852,3039400,1034.892,expert2_eval,7534514176,4884
1790749832.262607,3039400,1035.916,expert2_eval,7534514176,4884
1790749833.289765,3039400,1036.943,expert2_eval,7534514176,4884
1790749834.313875,3039400,1037.967,expert2_eval,7534514176,4884
1790749835.3358943,3039400,1038.989,expert2_eval,7534514176,4884
1790749836.360261,3039400,1040.013,expert2_eval,7534514176,4884
1790749837.3816442,3039400,1041.035,expert2_eval,7534514176,4884
1790749838.4066381,3039400,1042.06,expert2_eval,7534514176,4884
1790749839.4341655,3039400,1043.087,expert2_eval,7534514176,4884
1790749840.455338,3039400,1044.108,expert2_eval,7534514176,4884
1790749841.4787648,3039400,1045.132,expert2_eval,7534514176,4884
1790749842.5019772,3039400,1046.155,expert2_eval,7534514176,4884
1790749843.5249255,3039400,1047.178,expert2_eval,7534514176,4884
1790749844.5498652,3039400,1048.203,expert2_eval,7534514176,4884
1790749845.5737777,3039400,1049.227,expert2_eval,7534514176,4884
1790749846.59772,3039400,1050.251,expert2_eval,7534514176,4884
1790749847.616851,3039400,1051.27,expert2_eval,7534514176,4884
1790749848.6376832,3039400,1052.291,expert2_eval,7534514176,4884
1790749849.6607587,3039400,1053.314,expert2_eval,7534514176,4884
1790749850.6790242,3039400,1054.332,expert2_eval,7534514176,4884
1790749851.699772,3039400,1055.353,expert2_eval,7534514176,4884
1790749852.723828,3039400,1056.377,expert2_eval,7534514176,4884
1790749853.7451966,3039400,1057.398,expert2_eval,7534514176,4884
1790749854.7690802,3039400,1058.422,expert2_eval,7534514176,4884
1790749855.7936192,3039400,1059.447,expert2_eval,7534514176,4884
1790749856.8169956,3039400,1060.47,expert2_eval,7534514176,4884
1790749857.8415728,3039400,1061.495,expert2_eval,7534514176,4884
1790749858.8657725,3039400,1062.519,expert2_eval,7534514176,4884
1790749859.8901324,3039400,1063.543,expert2_eval,7534514176,4884
1790749860.9155004,3039400,1064.569,expert2_eval,7534514176,4884
1790749861.9403737,3039400,1065.594,expert2_eval,7534514176,4884
1790749862.9648788,3039400,1066.618,expert2_eval,7534514176,4884
1790749863.9884694,3039400,1067.642,expert2_eval,7534514176,4884
1790749865.008491,3039400,1068.662,expert2_eval,7534514176,4884
1790749866.029485,3039400,1069.683,expert2_eval,7534514176,4884
1790749867.0543027,3039400,1070.707,expert2_eval,7534514176,4884
1790749868.0783126,3039400,1071.731,expert2_eval,7534514176,4884
1790749869.0998607,3039400,1072.753,expert2_eval,7534514176,4884
1790749870.1210568,3039400,1073.774,expert2_eval,7534514176,4884
1790749871.142938,3039400,1074.796,expert2_eval,7534514176,4884
1790749872.1664002,3039400,1075.82,expert2_eval,7534514176,4884
1790749873.1885657,3039400,1076.842,expert2_eval,7534514176,4884
1790749874.2079387,3039400,1077.861,expert2_eval,7534514176,4884
1790749875.2274852,3039400,1078.881,expert2_eval,7534514176,4884
1790749876.2486656,3039400,1079.902,expert2_eval,7534514176,4884
1790749877.2702231,3039400,1080.923,expert2_eval,7534514176,4884
1790749878.2924871,3039400,1081.946,expert2_eval,7534514176,4884
1790749879.3174064,3039400,1082.971,expert2_eval,7534514176,4884
1790749880.337331,3039400,1083.99,expert2_eval,7534514176,4884
1790749881.3591535,3039400,1085.012,expert2_eval,7534514176,4884
1790749882.3794777,3039400,1086.033,expert2_eval,7534514176,4884
1790749883.4024663,3039400,1087.056,expert2_eval,7534514176,4884
1790749884.4253402,3039400,1088.078,expert2_eval,7534514176,4884
1790749885.4454665,3039400,1089.099,expert2_eval,7534514176,4884
1790749886.4685013,3039400,1090.122,expert2_eval,7534514176,4884
1790749887.4893827,3039400,1091.143,expert2_eval,7534514176,4884
1790749888.5079563,3039400,1092.161,expert2_eval,7534514176,4884
1790749889.5275424,3039400,1093.181,expert2_eval,7534514176,4884
1790749890.5483265,3039400,1094.201,expert2_eval,7534514176,4884
1790749891.569307,3039400,1095.222,expert2_eval,7534514176,4884
1790749892.5910964,3039400,1096.244,expert2_eval,7534514176,4884
1790749893.613197,3039400,1097.266,expert2_eval,7534514176,4884
1790749894.6362288,3039400,1098.289,expert2_eval,7534514176,4884
1790749895.657851,3039400,1099.311,expert2_eval,7534514176,4884
1790749896.6783,3039400,1100.331,expert2_eval,7534514176,4884
1790749897.701323,3039400,1101.354,expert2_eval,7534514176,4884
1790749898.7256212,3039400,1102.379,expert2_eval,7534514176,4884
1790749899.746805,3039400,1103.4,expert2_eval,7534514176,4884
1790749900.7710848,3039400,1104.424,expert2_eval,7534514176,4884
1790749901.7912195,3039400,1105.444,expert2_eval,7534514176,4884
1790749902.8135204,3039400,1106.467,expert2_eval,7534514176,4884
1790749903.835022,3039400,1107.488,expert2_eval,7534514176,4884
1790749904.8575065,3039400,1108.511,expert2_eval,7534514176,4884
1790749905.8803346,3039400,1109.533,expert2_eval,7534514176,4884
1790749906.904663,3039400,1110.558,expert2_eval,7534514176,4884
1790749907.9290485,3039400,1111.582,expert2_eval,7534514176,4884
1790749908.951118,3039400,1112.604,expert2_eval,7534514176,4884
1790749909.9719112,3039400,1113.625,expert2_eval,7534514176,4884
1790749910.995724,3039400,1114.649,expert2_eval,7534514176,4884
1790749912.0189753,3039400,1115.672,expert2_eval,7534514176,4884
1790749913.043089,3039400,1116.696,expert2_eval,7534514176,4884
1790749914.0648224,3039400,1117.718,expert2_eval,7534514176,4884
1790749915.0848978,3039400,1118.738,expert2_eval,7534514176,4884
1790749916.1063123,3039400,1119.759,expert2_eval,7534514176,4884
1790749917.127615,3039400,1120.781,expert2_eval,7534514176,4884
1790749918.149423,3039400,1121.803,expert2_eval,7534514176,4884
1790749919.173353,3039400,1122.826,expert2_eval,7534514176,4884
1790749920.194506,3039400,1123.848,expert2_eval,7534514176,4884
1790749921.2154846,3039400,1124.869,expert2_eval,7534514176,4884
1790749922.237622,3039400,1125.891,expert2_eval,7534514176,4884
1790749923.2564566,3039400,1126.91,expert2_eval,7534514176,4884
1790749924.2765424,3039400,1127.93,expert2_eval,7534514176,4884
1790749925.2984803,3039400,1128.952,expert2_eval,7534514176,4884
1790749926.3226514,3039400,1129.976,expert2_eval,7534514176,4884
1790749927.34642,3039400,1131.0,expert2_eval,7534514176,4884
1790749928.3702664,3039400,1132.023,expert2_eval,7534514176,4884
1790749929.391082,3039400,1133.044,expert2_eval,7534514176,4884
1790749930.4097214,3039400,1134.063,expert2_eval,7534514176,4884
1790749931.4298851,3039400,1135.083,expert2_eval,7534514176,4884
1790749932.4543135,3039400,1136.107,expert2_eval,7534514176,4884
1790749933.4790294,3039400,1137.132,expert2_eval,7534514176,4884
1790749934.5045652,3039400,1138.158,expert2_eval,7534514176,4884
1790749935.5301883,3039400,1139.183,expert2_eval,7534514176,4884
1790749936.55482,3039400,1140.208,expert2_eval,7534514176,4884
1790749937.5793436,3039400,1141.232,expert2_eval,7534514176,4884
1790749938.6033697,3039400,1142.257,expert2_eval,7534514176,4884
1790749939.6253457,3039400,1143.278,expert2_eval,7534514176,4884
1790749940.6479812,3039400,1144.301,expert2_eval,7534514176,4884
1790749941.6662524,3039400,1145.319,expert2_eval,7534514176,4884
1790749942.6868525,3039400,1146.34,expert2_eval,7534514176,4884
1790749943.7098632,3039400,1147.363,expert2_eval,7534514176,4884
1790749944.730105,3039400,1148.383,expert2_eval,7534514176,4884
1790749945.7513363,3039400,1149.404,expert2_eval,7534514176,4884
1790749946.7763984,3039400,1150.43,expert2_eval,7534514176,4884
1790749947.802119,3039400,1151.455,expert2_eval,7534514176,4884
1790749948.8250282,3039400,1152.478,expert2_eval,7534514176,4884
1790749949.8464792,3039400,1153.5,expert2_eval,7534514176,4884
1790749950.8666625,3039400,1154.52,expert2_eval,7534514176,4884
1790749951.8871064,3039400,1155.54,expert2_eval,7534514176,4884
1790749952.9095998,3039400,1156.563,expert2_eval,7534514176,4884
1790749953.9323986,3039400,1157.586,expert2_eval,7534514176,4884
1790749954.956218,3039400,1158.609,expert2_eval,7534514176,4884
1790749955.9794858,3039400,1159.633,expert2_eval,7534514176,4884
1790749957.0007493,3039400,1160.654,expert2_eval,7534514176,4884
1790749958.0258017,3039400,1161.679,expert2_eval,7534514176,4884
1790749959.050646,3039400,1162.704,expert2_eval,7534514176,4884
1790749960.0758157,3039400,1163.729,expert2_eval,7534514176,4884
1790749961.1023614,3039400,1164.756,expert2_eval,7534514176,4884
1790749962.124988,3039400,1165.778,expert2_eval,7534514176,4884
1790749963.1472926,3039400,1166.8,expert2_eval,7534514176,4884
1790749964.1673126,3039400,1167.82,expert2_eval,7534514176,4884
1790749965.1890998,3039400,1168.842,expert2_eval,7534514176,4884
1790749966.2138598,3039400,1169.867,expert2_eval,7534514176,4884
1790749967.2359335,3039400,1170.889,expert2_eval,7534514176,4884
1790749968.2576098,3039400,1171.911,expert2_eval,7534514176,4884
1790749969.2807353,3039400,1172.934,expert2_eval,7534514176,4884
1790749970.3017344,3039400,1173.955,expert2_eval,7534514176,4884
1790749971.3259075,3039400,1174.979,expert2_eval,7534514176,4884
1790749972.3496764,3039400,1176.003,expert2_eval,7534514176,4884
1790749973.3719938,3039400,1177.025,expert2_eval,7534514176,4884
1790749974.3969843,3039400,1178.05,expert2_eval,7534514176,4884
1790749975.4411633,3039400,1179.094,expert2_eval,7534514176,4884
1790749976.4714375,3039400,1180.125,expert2_eval,7534514176,4884
1790749977.493327,3039400,1181.146,expert2_eval,7534514176,4884
1790749978.5156245,3039400,1182.169,expert2_eval,7534514176,4884
1790749979.5367754,3039400,1183.19,expert2_eval,7534514176,4884
1790749980.561222,3039400,1184.214,expert2_eval,7534514176,4884
1790749981.582967,3039400,1185.236,expert2_eval,7534514176,4884
1790749982.6046526,3039400,1186.258,expert2_eval,7534514176,4884
1790749983.6238039,3039400,1187.277,expert2_eval,7534514176,4884
1790749984.643306,3039400,1188.296,expert2_eval,7534514176,4884
1790749985.6642082,3039400,1189.317,expert2_eval,7534514176,4884
1790749986.6833706,3039400,1190.337,expert2_eval,7534514176,4884
1790749987.704947,3039400,1191.358,expert2_eval,7534514176,4884
1790749988.7297611,3039400,1192.383,expert2_eval,7534514176,4884
1790749989.7507694,3039400,1193.404,expert2_eval,7534514176,4884
1790749990.7745316,3039400,1194.428,expert2_eval,7534514176,4884
1790749991.8000035,3039400,1195.453,expert2_eval,7534514176,4884
1790749992.823663,3039400,1196.477,expert2_eval,7534514176,4884
1790749993.8457074,3039400,1197.499,expert2_eval,7534514176,4884
1790749994.864529,3039400,1198.518,expert2_eval,7534514176,4884
1790749995.8846462,3039400,1199.538,expert2_eval,7534514176,4884
1790749996.9042573,3039400,1200.557,expert2_eval,7534514176,4884
1790749997.9236221,3039400,1201.577,expert2_eval,7534514176,4884
1790749998.9435446,3039400,1202.597,expert2_eval,7534514176,4884
1790749999.9637935,3039400,1203.617,expert2_eval,7534514176,4884
1790750000.983897,3039400,1204.637,expert2_eval,7534514176,4884
1790750002.0057864,3039400,1205.659,expert2_eval,7534514176,4884
1790750003.0259542,3039400,1206.679,expert2_eval,7534514176,4884
1790750004.0463684,3039400,1207.7,expert2_eval,7534514176,4884
1790750005.067861,3039400,1208.721,expert2_eval,7534514176,4884
1790750006.0899956,3039400,1209.743,expert2_eval,7534514176,4884
1790750007.1098773,3039400,1210.763,expert2_eval,7534514176,4884
1790750008.1299171,3039400,1211.783,expert2_eval,7534514176,4884
1790750009.1507704,3039400,1212.804,expert2_eval,7534514176,4884
1790750010.1705399,3039400,1213.824,expert2_eval,7534514176,4884
1790750011.1910074,3039400,1214.844,expert2_eval,7534514176,4884
1790750012.2120132,3039400,1215.865,expert2_eval,7534514176,4884
1790750013.2347283,3039400,1216.888,expert2_eval,7534514176,4884
1790750014.2557974,3039400,1217.909,expert2_eval,7534514176,4884
1790750015.274944,3039400,1218.928,expert2_eval,7534514176,4884
1790750016.2953274,3039400,1219.948,expert2_eval,7534514176,4884
1790750017.319262,3039400,1220.972,expert2_eval,7534514176,4884
1790750018.341985,3039400,1221.995,expert2_eval,7534514176,4884
1790750019.3660202,3039400,1223.019,expert2_eval,7534514176,4884
1790750020.3908615,3039400,1224.044,expert2_eval,7534514176,4884
1790750021.4149568,3039400,1225.068,expert2_eval,7534514176,4884
1790750022.4392886,3039400,1226.092,expert2_eval,7534514176,4884
1790750023.4632912,3039400,1227.116,expert2_eval,7534514176,4884
1790750024.486612,3039400,1228.14,expert2_eval,7534514176,4884
1790750025.5087495,3039400,1229.162,expert2_eval,7534514176,4884
1790750026.530657,3039400,1230.184,expert2_eval,7534514176,4884
1790750027.5539873,3039400,1231.207,expert2_eval,7534514176,4884
1790750028.5958512,3039400,1232.249,expert2_eval,7534514176,4884
1790750029.6256506,3039400,1233.279,expert2_eval,7534514176,4884
1790750030.6480248,3039400,1234.301,expert2_eval,7534514176,4884
1790750031.6700919,3039400,1235.323,expert2_eval,7534514176,4884
1790750032.6921618,3039400,1236.345,expert2_eval,7534514176,4884
1790750033.7124884,3039400,1237.366,expert2_eval,7534514176,4884
1790750034.7336326,3039400,1238.387,expert2_eval,7534514176,4884
1790750035.7553673,3039400,1239.409,expert2_eval,7534514176,4884
1790750036.7780373,3039400,1240.431,expert2_eval,7534514176,4884
1790750037.7968528,3039400,1241.45,expert2_eval,7534514176,4884
1790750038.8171625,3039400,1242.47,expert2_eval,7534514176,4884
1790750039.8377807,3039400,1243.491,expert2_eval,7534514176,4884
1790750040.8583813,3039400,1244.512,expert2_eval,7534514176,4884
1790750041.8794384,3039400,1245.533,expert2_eval,7534514176,4884
1790750042.901319,3039400,1246.554,expert2_eval,7534514176,4884
1790750043.9237943,3039400,1247.577,expert2_eval,7534514176,4884
1790750044.944442,3039400,1248.598,expert2_eval,7534514176,4884
1790750045.9646661,3039400,1249.618,expert2_eval,7534514176,4884
1790750046.9853384,3039400,1250.638,expert2_eval,7534514176,4884
1790750048.0056303,3039400,1251.659,expert2_eval,7534514176,4884
1790750049.0268574,3039400,1252.68,expert2_eval,7534514176,4884
1790750050.0789576,3039400,1253.732,expert2_eval,7534514176,4884
1790750051.0987587,3039400,1254.752,expert2_eval,7534514176,4884
1790750052.1198657,3039400,1255.773,expert2_eval,7534514176,4884
1790750053.1445339,3039400,1256.798,expert2_eval,7534514176,4884
1790750054.1693418,3039400,1257.822,expert2_eval,7534514176,4884
1790750055.1942005,3039400,1258.847,expert2_eval,7534514176,4884
1790750056.21888,3039400,1259.872,expert2_eval,7534514176,4884
1790750057.2402337,3039400,1260.893,expert2_eval,7534514176,4884
1790750058.2648535,3039400,1261.918,expert2_eval,7534514176,4884
1790750059.290006,3039400,1262.943,expert2_eval,7534514176,4884
1790750060.3132648,3039400,1263.966,expert2_eval,7534514176,4884
1790750061.3334293,3039400,1264.987,expert2_eval,7534514176,4884
1790750062.3544095,3039400,1266.008,expert2_eval,7534514176,4884
1790750063.374213,3039400,1267.027,expert2_eval,7534514176,4884
1790750064.395478,3039400,1268.049,expert2_eval,7534514176,4884
1790750065.4162612,3039400,1269.069,expert2_eval,7534514176,4884
1790750066.4415908,3039400,1270.095,expert2_eval,7534514176,4884
1790750067.4655995,3039400,1271.119,expert2_eval,7534514176,4884
1790750068.4906683,3039400,1272.144,expert2_eval,7534514176,4884
1790750069.511491,3039400,1273.165,expert2_eval,7534514176,4884
1790750070.536896,3039400,1274.19,expert2_eval,7534514176,4884
1790750071.5593858,3039400,1275.213,expert2_eval,7534514176,4884
1790750072.5798795,3039400,1276.233,expert2_eval,7534514176,4884
1790750073.6020176,3039400,1277.255,expert2_eval,7534514176,4884
1790750074.6211855,3039400,1278.274,expert2_eval,7534514176,4884
1790750075.6419296,3039400,1279.295,expert2_eval,7534514176,4884
1790750076.665095,3039400,1280.318,expert2_eval,7534514176,4884
1790750077.6865954,3039400,1281.34,expert2_eval,7534514176,4884
1790750078.7100625,3039400,1282.363,expert2_eval,7534514176,4884
1790750079.7319868,3039400,1283.385,expert2_eval,7534514176,4884
1790750080.7546632,3039400,1284.408,expert2_eval,7534514176,4884
1790750081.781583,3039400,1285.435,expert2_eval,7534514176,4884
1790750082.8063705,3039400,1286.46,expert2_eval,7534514176,4884
1790750083.8255482,3039400,1287.479,expert2_eval,7534514176,4884
1790750084.8450284,3039400,1288.498,expert2_eval,7534514176,4884
1790750085.8659353,3039400,1289.519,expert2_eval,7534514176,4884
1790750086.884573,3039400,1290.538,expert2_eval,7534514176,4884
1790750087.905101,3039400,1291.558,expert2_eval,7534514176,4884
1790750088.9241776,3039400,1292.577,expert2_eval,7534514176,4884
1790750089.943984,3039400,1293.597,expert2_eval,7534514176,4884
1790750090.9653065,3039400,1294.618,expert2_eval,7534514176,4884
1790750091.9892328,3039400,1295.642,expert2_eval,7534514176,4884
1790750093.0109863,3039400,1296.664,expert2_eval,7534514176,4884
1790750094.030558,3039400,1297.684,expert2_eval,7534514176,4884
1790750095.0522227,3039400,1298.705,expert2_eval,7534514176,4884
1790750096.0718827,3039400,1299.725,expert2_eval,7534514176,4884
1790750097.0929363,3039400,1300.746,expert2_eval,7534514176,4884
1790750098.1162443,3039400,1301.769,expert2_eval,7534514176,4884
1790750099.1376324,3039400,1302.791,expert2_eval,7534514176,4884
1790750100.1618357,3039400,1303.815,expert2_eval,7534514176,4884
1790750101.184538,3039400,1304.838,expert2_eval,7534514176,4884
1790750102.2084687,3039400,1305.862,expert2_eval,7534514176,4884
1790750103.2284899,3039400,1306.882,expert2_eval,7534514176,4884
1790750104.2501473,3039400,1307.903,expert2_eval,7534514176,4884
1790750105.2682993,3039400,1308.921,expert2_eval,7534514176,4884
1790750106.2897477,3039400,1309.943,expert2_eval,7534514176,4884
1790750107.3117702,3039400,1310.965,expert2_eval,7534514176,4884
1790750108.337167,3039400,1311.99,expert2_eval,7534514176,4884
1790750109.3622997,3039400,1313.015,expert2_eval,7534514176,4884
1790750110.384093,3039400,1314.037,expert2_eval,7534514176,4884
1790750111.4059052,3039400,1315.059,expert2_eval,7534514176,4884
1790750112.4280648,3039400,1316.081,expert2_eval,7534514176,4884
1790750113.4508104,3039400,1317.104,expert2_eval,7534514176,4884
1790750114.474473,3039400,1318.128,expert2_eval,7534514176,4884
1790750115.4988613,3039400,1319.152,expert2_eval,7534514176,4884
1790750116.524146,3039400,1320.177,expert2_eval,7534514176,4884
1790750117.5480635,3039400,1321.201,expert2_eval,7534514176,4884
1790750118.5677063,3039400,1322.221,expert2_eval,7534514176,4884
1790750119.5891895,3039400,1323.242,expert2_eval,7534514176,4884
1790750120.6142635,3039400,1324.267,expert2_eval,7534514176,4884
1790750121.6369708,3039400,1325.29,expert2_eval,7534514176,4884
1790750122.6584985,3039400,1326.312,expert2_eval,7534514176,4884
1790750123.6817174,3039400,1327.335,expert2_eval,7534514176,4884
1790750124.7034686,3039400,1328.357,expert2_eval,7534514176,4884
1790750125.725355,3039400,1329.378,expert2_eval,7534514176,4884
1790750126.7481406,3039400,1330.401,expert2_eval,7534514176,4884
1790750127.7703032,3039400,1331.423,expert2_eval,7534514176,4884
1790750128.7898045,3039400,1332.443,expert2_eval,7534514176,4884
1790750129.8086698,3039400,1333.462,expert2_eval,7534514176,4884
1790750130.8290138,3039400,1334.482,expert2_eval,7534514176,4884
1790750131.8488429,3039400,1335.502,expert2_eval,7534514176,4884
1790750132.8779824,3039400,1336.531,expert2_eval,7534514176,4884
1790750133.8988059,3039400,1337.552,expert2_eval,7534514176,4884
1790750134.9210598,3039400,1338.574,expert2_eval,7534514176,4884
1790750135.9450488,3039400,1339.598,expert2_eval,7534514176,4884
1790750136.964636,3039400,1340.618,expert2_eval,7534514176,4884
1790750137.9856153,3039400,1341.639,expert2_eval,7534514176,4884
1790750139.0048072,3039400,1342.658,expert2_eval,7534514176,4884
1790750140.0275507,3039400,1343.681,expert2_eval,7534514176,4884
1790750141.052336,3039400,1344.705,expert2_eval,7534514176,4884
1790750142.0775435,3039400,1345.731,expert2_eval,7534514176,4884
1790750143.1026044,3039400,1346.756,expert2_eval,7534514176,4884
1790750144.1276364,3039400,1347.781,expert2_eval,7534514176,4884
1790750145.1548529,3039400,1348.808,expert2_eval,7534514176,4884
1790750146.1760483,3039400,1349.829,expert2_eval,7534514176,4884
1790750147.197183,3039400,1350.85,expert2_eval,7534514176,4884
1790750148.2190652,3039400,1351.872,expert2_eval,7534514176,4884
1790750149.241931,3039400,1352.895,expert2_eval,7534514176,4884
1790750150.2655268,3039400,1353.919,expert2_eval,7534514176,4884
1790750151.286733,3039400,1354.94,expert2_eval,7534514176,4884
1790750152.3104403,3039400,1355.964,expert2_eval,7534514176,4884
1790750153.3351295,3039400,1356.988,expert2_eval,7534514176,4884
1790750154.3589842,3039400,1358.012,expert2_eval,7534514176,4884
1790750155.380262,3039400,1359.033,expert2_eval,7534514176,4884
1790750156.4033203,3039400,1360.056,expert2_eval,7534514176,4884
1790750157.4244127,3039400,1361.078,expert2_eval,7534514176,4884
1790750158.44703,3039400,1362.1,expert2_eval,7534514176,4884
1790750159.4684923,3039400,1363.122,expert2_eval,7534514176,4884
1790750160.49288,3039400,1364.146,expert2_eval,7534514176,4884
1790750161.517873,3039400,1365.171,expert2_eval,7534514176,4884
1790750162.542299,3039400,1366.195,expert2_eval,7534514176,4884
1790750163.5633636,3039400,1367.217,expert2_eval,7534514176,4884
1790750164.5828142,3039400,1368.236,expert2_eval,7534514176,4884
1790750165.602034,3039400,1369.255,expert2_eval,7534514176,4884
1790750166.6244013,3039400,1370.278,expert2_eval,7534514176,4884
1790750167.645646,3039400,1371.299,expert2_eval,7534514176,4884
1790750168.665829,3039400,1372.319,expert2_eval,7534514176,4884
1790750169.687976,3039400,1373.341,expert2_eval,7534514176,4884
1790750170.711599,3039400,1374.365,expert2_eval,7534514176,4884
1790750171.7372792,3039400,1375.39,expert2_eval,7534514176,4884
1790750172.7602117,3039400,1376.413,expert2_eval,7534514176,4884
1790750173.7848086,3039400,1377.438,expert2_eval,7534514176,4884
1790750174.8067856,3039400,1378.46,expert2_eval,7534514176,4884
1790750175.8272204,3039400,1379.48,expert2_eval,7534514176,4884
1790750176.8487809,3039400,1380.502,expert2_eval,7534514176,4884
1790750177.8725796,3039400,1381.526,expert2_eval,7534514176,4884
1790750178.8940263,3039400,1382.547,expert2_eval,7534514176,4884
1790750179.9180903,3039400,1383.571,expert2_eval,7534514176,4884
1790750180.938124,3039400,1384.591,expert2_eval,7534514176,4884
1790750181.962303,3039400,1385.615,expert2_eval,7534514176,4884
1790750182.9875386,3039400,1386.641,expert2_eval,7534514176,4884
1790750184.013101,3039400,1387.666,expert2_eval,7534514176,4884
1790750185.0375173,3039400,1388.691,expert2_eval,7534514176,4884
1790750186.0599432,3039400,1389.713,expert2_eval,7534514176,4884
1790750187.0807164,3039400,1390.734,expert2_eval,7534514176,4884
1790750188.1021192,3039400,1391.755,expert2_eval,7534514176,4884
1790750189.1269042,3039400,1392.78,expert2_eval,7534514176,4884
1790750190.147496,3039400,1393.801,expert2_eval,7534514176,4884
1790750191.1670184,3039400,1394.82,expert2_eval,7534514176,4884
1790750192.1860597,3039400,1395.839,expert2_eval,7534514176,4884
1790750193.204919,3039400,1396.858,expert2_eval,7534514176,4884
1790750194.224851,3039400,1397.878,expert2_eval,7534514176,4884
1790750195.2465172,3039400,1398.9,expert2_eval,7534514176,4884
1790750196.2705688,3039400,1399.924,expert2_eval,7534514176,4884
1790750197.294367,3039400,1400.948,expert2_eval,7534514176,4884
1790750198.3161318,3039400,1401.969,expert2_eval,7534514176,4884
1790750199.336051,3039400,1402.989,expert2_eval,7534514176,4884
1790750200.3569489,3039400,1404.01,expert2_eval,7534514176,4884
1790750201.3792627,3039400,1405.032,expert2_eval,7534514176,4884
1790750202.4014633,3039400,1406.055,expert2_eval,7534514176,4884
1790750203.424201,3039400,1407.077,expert2_eval,7534514176,4884
1790750204.4448183,3039400,1408.098,expert2_eval,7534514176,4884
1790750205.464706,3039400,1409.118,expert2_eval,7534514176,4884
1790750206.486812,3039400,1410.14,expert2_eval,7534514176,4884
1790750207.5095773,3039400,1411.163,expert2_eval,7534514176,4884
1790750208.5337727,3039400,1412.187,expert2_eval,7534514176,4884
1790750209.5574741,3039400,1413.211,expert2_eval,7534514176,4884
1790750210.5818312,3039400,1414.235,expert2_eval,7534514176,4884
1790750211.6040215,3039400,1415.257,expert2_eval,7534514176,4884
1790750212.6244407,3039400,1416.278,expert2_eval,7534514176,4884
1790750213.6435292,3039400,1417.297,expert2_eval,7534514176,4884
1790750214.6632817,3039400,1418.316,expert2_eval,7534514176,4884
1790750215.681866,3039400,1419.335,expert2_eval,7534514176,4884
1790750216.7027571,3039400,1420.356,expert2_eval,7534514176,4884
1790750217.7218547,3039400,1421.375,expert2_eval,7534514176,4884
1790750218.741391,3039400,1422.395,expert2_eval,7534514176,4884
1790750219.7615921,3039400,1423.415,expert2_eval,7534514176,4884
1790750220.7853203,3039400,1424.438,expert2_eval,7534514176,4884
1790750221.8051798,3039400,1425.458,expert2_eval,7534514176,4884
1790750222.8249083,3039400,1426.478,expert2_eval,7534514176,4884
1790750223.8472052,3039400,1427.5,expert2_eval,7534514176,4884
1790750224.8718245,3039400,1428.525,expert2_eval,7534514176,4884
1790750225.8934312,3039400,1429.547,expert2_eval,7534514176,4884
1790750226.916491,3039400,1430.57,expert2_eval,7534514176,4884
1790750227.9369726,3039400,1431.59,expert2_eval,7534514176,4884
1790750228.9593954,3039400,1432.613,expert2_eval,7534514176,4884
1790750229.9843335,3039400,1433.637,expert2_eval,7534514176,4884
1790750231.0082152,3039400,1434.661,expert2_eval,7534514176,4884
1790750232.029548,3039400,1435.683,expert2_eval,7534514176,4884
1790750233.0509965,3039400,1436.704,expert2_eval,7534514176,4884
1790750234.0720475,3039400,1437.725,expert2_eval,7534514176,4884
1790750235.0959988,3039400,1438.749,expert2_eval,7534514176,4884
1790750236.1205893,3039400,1439.774,expert2_eval,7534514176,4884
1790750237.1427765,3039400,1440.796,expert2_eval,7534514176,4884
1790750238.1633606,3039400,1441.816,expert2_eval,7534514176,4884
1790750239.1878273,3039400,1442.841,expert2_eval,7534514176,4884
1790750240.2108974,3039400,1443.864,expert2_eval,7534514176,4884
1790750241.2363107,3039400,1444.889,expert2_eval,7534514176,4884
1790750242.257304,3039400,1445.91,expert2_eval,7534514176,4884
1790750243.2761986,3039400,1446.929,expert2_eval,7534514176,4884
1790750244.2989748,3039400,1447.952,expert2_eval,7534514176,4884
1790750245.3186564,3039400,1448.972,expert2_eval,7534514176,4884
1790750246.3384135,3039400,1449.992,expert2_eval,7534514176,4884
1790750247.3600554,3039400,1451.013,expert2_eval,7534514176,4884
1790750248.3846858,3039400,1452.038,expert2_eval,7534514176,4884
1790750249.4092555,3039400,1453.062,expert2_eval,7534514176,4884
1790750250.4331996,3039400,1454.086,expert2_eval,7534514176,4884
1790750251.4534101,3039400,1455.107,expert2_eval,7534514176,4884
1790750252.4725997,3039400,1456.126,expert2_eval,7534514176,4884
1790750253.4933248,3039400,1457.146,expert2_eval,7534514176,4884
1790750254.5141625,3039400,1458.167,expert2_eval,7534514176,4884
1790750255.5358129,3039400,1459.189,expert2_eval,7534514176,4884
1790750256.5610652,3039400,1460.214,expert2_eval,7534514176,4884
1790750257.581255,3039400,1461.234,expert2_eval,7534514176,4884
1790750258.6006904,3039400,1462.254,expert2_eval,7534514176,4884
1790750259.621446,3039400,1463.275,expert2_eval,7534514176,4884
1790750260.6413908,3039400,1464.295,expert2_eval,7534514176,4884
1790750261.6625865,3039400,1465.316,expert2_eval,7534514176,4884
1790750262.6814923,3039400,1466.335,expert2_eval,7534514176,4884
1790750263.700805,3039400,1467.354,expert2_eval,7534514176,4884
1790750264.7213705,3039400,1468.375,expert2_eval,7534514176,4884
1790750265.7398272,3039400,1469.393,expert2_eval,7534514176,4884
1790750266.7592804,3039400,1470.412,expert2_eval,7534514176,4884
1790750267.7802808,3039400,1471.433,expert2_eval,7534514176,4884
1790750268.805108,3039400,1472.458,expert2_eval,7534514176,4884
1790750269.8277915,3039400,1473.481,expert2_eval,7534514176,4884
1790750270.8530717,3039400,1474.506,expert2_eval,7534514176,4884
1790750271.8776565,3039400,1475.531,expert2_eval,7534514176,4884
1790750272.903586,3039400,1476.557,expert2_eval,7534514176,4884
1790750273.929065,3039400,1477.582,expert2_eval,7534514176,4884
1790750274.9534018,3039400,1478.607,expert2_eval,7534514176,4884
1790750275.9762192,3039400,1479.629,expert2_eval,7534514176,4884
1790750276.9980278,3039400,1480.651,expert2_eval,7534514176,4884
1790750278.0206914,3039400,1481.674,expert2_eval,7534514176,4884
1790750279.045401,3039400,1482.699,expert2_eval,7534514176,4884
1790750280.069296,3039400,1483.722,expert2_eval,7534514176,4884
1790750281.0915422,3039400,1484.745,expert2_eval,7534514176,4884
1790750282.115457,3039400,1485.769,expert2_eval,7534514176,4884
1790750283.1360114,3039400,1486.789,expert2_eval,7534514176,4884
1790750284.155745,3039400,1487.809,expert2_eval,7534514176,4884
1790750285.1756003,3039400,1488.829,expert2_eval,7534514176,4884
1790750286.1963906,3039400,1489.85,expert2_eval,7534514176,4884
1790750287.217701,3039400,1490.871,expert2_eval,7534514176,4884
1790750288.2441728,3039400,1491.897,expert2_eval,7534514176,4884
1790750289.26493,3039400,1492.918,expert2_eval,7534514176,4884
1790750290.2898242,3039400,1493.943,expert2_eval,7534514176,4884
1790750291.314065,3039400,1494.967,expert2_eval,7534514176,4884
1790750292.3356206,3039400,1495.989,expert2_eval,7534514176,4884
1790750293.359545,3039400,1497.013,expert2_eval,7534514176,4884
1790750294.3840258,3039400,1498.037,expert2_eval,7534514176,4884
1790750295.4065876,3039400,1499.06,expert2_eval,7534514176,4884
1790750296.4251637,3039400,1500.078,expert2_eval,7534514176,4884
1790750297.4460595,3039400,1501.099,expert2_eval,7534514176,4884
1790750298.467057,3039400,1502.12,expert2_eval,7534514176,4884
1790750299.4903176,3039400,1503.143,expert2_eval,7534514176,4884
1790750300.509401,3039400,1504.163,expert2_eval,7534514176,4884
1790750301.5337222,3039400,1505.187,expert2_eval,7534514176,4884
1790750302.5559137,3039400,1506.209,expert2_eval,7534514176,4884
1790750303.5773973,3039400,1507.231,expert2_eval,7534514176,4884
1790750304.6029613,3039400,1508.256,expert2_eval,7534514176,4884
1790750305.6264782,3039400,1509.28,expert2_eval,7534514176,4884
1790750306.6476266,3039400,1510.301,expert2_eval,7534514176,4884
1790750307.6696424,3039400,1511.323,expert2_eval,7534514176,4884
1790750308.6891575,3039400,1512.342,expert2_eval,7534514176,4884
1790750309.7115324,3039400,1513.365,expert2_eval,7534514176,4884
1790750310.7299047,3039400,1514.383,expert2_eval,7534514176,4884
1790750311.7512772,3039400,1515.404,expert2_eval,7534514176,4884
1790750312.7717166,3039400,1516.425,expert2_eval,7534514176,4884
1790750313.7930634,3039400,1517.446,expert2_eval,7534514176,4884
1790750314.8596876,3039400,1518.513,expert2_eval,7534514176,4884
1790750315.880844,3039400,1519.534,expert2_eval,7534514176,4884
1790750316.900147,3039400,1520.553,expert2_eval,7534514176,4884
1790750317.9192228,3039400,1521.572,expert2_eval,7534514176,4884
1790750318.9376917,3039400,1522.591,expert2_eval,7534514176,4884
1790750319.9561436,3039400,1523.609,expert2_eval,7534514176,4884
1790750320.97485,3039400,1524.628,expert2_eval,7534514176,4884
1790750321.9953063,3039400,1525.648,expert2_eval,7534514176,4884
1790750323.0154426,3039400,1526.669,expert2_eval,7534514176,4884
1790750324.0365021,3039400,1527.69,expert2_eval,7534514176,4884
1790750325.0558598,3039400,1528.709,expert2_eval,7534514176,4884
1790750326.0771942,3039400,1529.73,expert2_eval,7534514176,4884
1790750327.099343,3039400,1530.752,expert2_eval,7534514176,4884
1790750328.1217752,3039400,1531.775,expert2_eval,7534514176,4884
1790750329.1420038,3039400,1532.795,expert2_eval,7534514176,4884
1790750330.1616273,3039400,1533.815,expert2_eval,7534514176,4884
1790750331.1821444,3039400,1534.835,expert2_eval,7534514176,4884
1790750332.2016912,3039400,1535.855,expert2_eval,7534514176,4884
1790750333.2228546,3039400,1536.876,expert2_eval,7534514176,4884
1790750334.247464,3039400,1537.901,expert2_eval,7534514176,4884
1790750335.26946,3039400,1538.923,expert2_eval,7534514176,4884
1790750336.2955635,3039400,1539.949,expert2_eval,7534514176,4884
1790750337.3201451,3039400,1540.973,expert2_eval,7534514176,4884
1790750338.344962,3039400,1541.998,expert2_eval,7534514176,4884
1790750339.3702147,3039400,1543.023,expert2_eval,7534514176,4884
1790750340.3928735,3039400,1544.046,expert2_eval,7534514176,4884
1790750341.419332,3039400,1545.072,expert2_eval,7534514176,4884
1790750342.4409392,3039400,1546.094,expert2_eval,7534514176,4884
1790750343.4619868,3039400,1547.115,expert2_eval,7534514176,4884
1790750344.483218,3039400,1548.136,expert2_eval,7534514176,4884
1790750345.504387,3039400,1549.158,expert2_eval,7534514176,4884
1790750346.5263002,3039400,1550.179,expert2_eval,7534514176,4884
1790750347.5493925,3039400,1551.203,expert2_eval,7534514176,4884
1790750348.5679765,3039400,1552.221,expert2_eval,7534514176,4884
1790750349.5876973,3039400,1553.241,expert2_eval,7534514176,4884
1790750350.6068647,3039400,1554.26,expert2_eval,7534514176,4884
1790750351.6270983,3039400,1555.28,expert2_eval,7534514176,4884
1790750352.6470368,3039400,1556.3,expert2_eval,7534514176,4884
1790750353.666624,3039400,1557.32,expert2_eval,7534514176,4884
1790750354.6870208,3039400,1558.34,expert2_eval,7534514176,4884
1790750355.7120416,3039400,1559.365,expert2_eval,7534514176,4884
1790750356.7365828,3039400,1560.39,expert2_eval,7534514176,4884
1790750357.7596571,3039400,1561.413,expert2_eval,7534514176,4884
1790750358.7832901,3039400,1562.436,expert2_eval,7534514176,4884
1790750359.80322,3039400,1563.456,expert2_eval,7534514176,4884
1790750360.8244815,3039400,1564.478,expert2_eval,7534514176,4884
1790750361.8441036,3039400,1565.497,expert2_eval,7534514176,4884
1790750362.8636656,3039400,1566.517,expert2_eval,7534514176,4884
1790750363.8829443,3039400,1567.536,expert2_eval,7534514176,4884
1790750364.9033055,3039400,1568.556,expert2_eval,7534514176,4884
1790750365.9252014,3039400,1569.578,expert2_eval,7534514176,4884
1790750366.9490507,3039400,1570.602,expert2_eval,7534514176,4884
1790750367.9761097,3039400,1571.629,expert2_eval,7534514176,4884
1790750369.0005498,3039400,1572.654,expert2_eval,7534514176,4884
1790750370.0239131,3039400,1573.677,expert2_eval,7534514176,4884
1790750371.0435877,3039400,1574.697,expert2_eval,7534514176,4884
1790750372.0643063,3039400,1575.717,expert2_eval,7534514176,4884
1790750373.0843499,3039400,1576.737,expert2_eval,7534514176,4884
1790750374.1060884,3039400,1577.759,expert2_eval,7534514176,4884
1790750375.1273098,3039400,1578.78,expert2_eval,7534514176,4884
1790750376.1468709,3039400,1579.8,expert2_eval,7534514176,4884
1790750377.1667278,3039400,1580.82,expert2_eval,7534514176,4884
1790750378.1887953,3039400,1581.842,expert2_eval,7534514176,4884
1790750379.2083023,3039400,1582.861,expert2_eval,7534514176,4884
1790750380.2287838,3039400,1583.882,expert2_eval,7534514176,4884
1790750381.249856,3039400,1584.903,expert2_eval,7534514176,4884
1790750382.2731283,3039400,1585.926,expert2_eval,7534514176,4884
1790750383.2923331,3039400,1586.945,expert2_eval,7534514176,4884
1790750384.3146243,3039400,1587.968,expert2_eval,7534514176,4884
1790750385.3383343,3039400,1588.991,expert2_eval,7534514176,4884
1790750386.362026,3039400,1590.015,expert2_eval,7534514176,4884
1790750387.3809252,3039400,1591.034,expert2_eval,7534514176,4884
1790750388.4013927,3039400,1592.055,expert2_eval,7534514176,4884
1790750389.4240372,3039400,1593.077,expert2_eval,7534514176,4884
1790750390.4471023,3039400,1594.1,expert2_eval,7534514176,4884
1790750391.4729822,3039400,1595.126,expert2_eval,7534514176,4884
1790750392.4944625,3039400,1596.148,expert2_eval,7534514176,4884
1790750393.5172014,3039400,1597.17,expert2_eval,7534514176,4884
1790750394.5418353,3039400,1598.195,expert2_eval,7534514176,4884
1790750395.565255,3039400,1599.218,expert2_eval,7534514176,4884
1790750396.586823,3039400,1600.24,expert2_eval,7534514176,4884
1790750397.608843,3039400,1601.262,expert2_eval,7534514176,4884
1790750398.6334121,3039400,1602.287,expert2_eval,7534514176,4884
1790750399.6879103,3039400,1603.341,expert2_eval,7534514176,4884
1790750400.7167537,3039400,1604.37,expert2_eval,7534514176,4884
1790750401.7418776,3039400,1605.395,expert2_eval,7534514176,4884
1790750402.7623522,3039400,1606.415,expert2_eval,7534514176,4884
1790750403.783904,3039400,1607.437,expert2_eval,7534514176,4884
1790750404.8051887,3039400,1608.458,expert2_eval,7534514176,4884
1790750405.825835,3039400,1609.479,expert2_eval,7534514176,4884
1790750406.8466446,3039400,1610.5,expert2_eval,7534514176,4884
1790750407.8668666,3039400,1611.52,expert2_eval,7534514176,4884
1790750408.8878536,3039400,1612.541,expert2_eval,7534514176,4884
1790750409.9086223,3039400,1613.562,expert2_eval,7534514176,4884
1790750410.9280157,3039400,1614.581,expert2_eval,7534514176,4884
1790750411.9484682,3039400,1615.602,expert2_eval,7534514176,4884
1790750412.96759,3039400,1616.621,expert2_eval,7534514176,4884
1790750413.9874926,3039400,1617.641,expert2_eval,7534514176,4884
1790750415.0080976,3039400,1618.661,expert2_eval,7534514176,4884
1790750416.0330832,3039400,1619.686,expert2_eval,7534514176,4884
1790750417.055907,3039400,1620.709,expert2_eval,7534514176,4884
1790750418.0749729,3039400,1621.728,expert2_eval,7534514176,4884
1790750419.0951355,3039400,1622.748,expert2_eval,7534514176,4884
1790750420.1169734,3039400,1623.77,expert2_eval,7534514176,4884
1790750421.1377733,3039400,1624.791,expert2_eval,7534514176,4884
1790750422.160071,3039400,1625.813,expert2_eval,7534514176,4884
1790750423.1835341,3039400,1626.837,expert2_eval,7534514176,4884
1790750424.2056966,3039400,1627.859,expert2_eval,7534514176,4884
1790750425.226831,3039400,1628.88,expert2_eval,7534514176,4884
1790750426.2466211,3039400,1629.9,expert2_eval,7534514176,4884
1790750427.2669227,3039400,1630.92,expert2_eval,7534514176,4884
1790750428.287393,3039400,1631.941,expert2_eval,7534514176,4884
1790750429.3072681,3039400,1632.96,expert2_eval,7534514176,4884
1790750430.3283172,3039400,1633.981,expert2_eval,7534514176,4884
1790750431.3530114,3039400,1635.006,expert2_eval,7534514176,4884
1790750432.3777409,3039400,1636.031,expert2_eval,7534514176,4884
1790750433.3980691,3039400,1637.051,expert2_eval,7534514176,4884
1790750434.4206753,3039400,1638.074,expert2_eval,7534514176,4884
1790750435.4423697,3039400,1639.096,expert2_eval,7534514176,4884
1790750436.4626973,3039400,1640.116,expert2_eval,7534514176,4884
1790750437.4844522,3039400,1641.138,expert2_eval,7534514176,4884
1790750438.5035176,3039400,1642.157,expert2_eval,7534514176,4884
1790750439.5240662,3039400,1643.177,expert2_eval,7534514176,4884
1790750440.545643,3039400,1644.199,expert2_eval,7534514176,4884
1790750441.5662858,3039400,1645.219,expert2_eval,7534514176,4884
1790750442.5908713,3039400,1646.244,expert2_eval,7534514176,4884
1790750443.610885,3039400,1647.264,expert2_eval,7534514176,4884
1790750444.6310344,3039400,1648.284,expert2_eval,7534514176,4884
1790750445.6530483,3039400,1649.306,expert2_eval,7534514176,4884
1790750446.6780462,3039400,1650.331,expert2_eval,7534514176,4884
1790750447.7014353,3039400,1651.355,expert2_eval,7534514176,4884
1790750448.7206957,3039400,1652.374,expert2_eval,7534514176,4884
1790750449.7392006,3039400,1653.392,expert2_eval,7534514176,4884
1790750450.7593606,3039400,1654.412,expert2_eval,7534514176,4884
1790750451.7826214,3039400,1655.436,expert2_eval,7534514176,4884
1790750452.8050847,3039400,1656.458,expert2_eval,7534514176,4884
1790750453.826406,3039400,1657.48,expert2_eval,7534514176,4884
1790750454.8474107,3039400,1658.501,expert2_eval,7534514176,4884
1790750455.8684063,3039400,1659.522,expert2_eval,7534514176,4884
1790750456.8934636,3039400,1660.547,expert2_eval,7534514176,4884
1790750457.9184895,3039400,1661.572,expert2_eval,7534514176,4884
1790750458.9416578,3039400,1662.595,expert2_eval,7534514176,4884
1790750459.9636552,3039400,1663.617,expert2_eval,7534514176,4884
1790750460.9847262,3039400,1664.638,expert2_eval,7534514176,4884
1790750462.009517,3039400,1665.663,expert2_eval,7534514176,4884
1790750463.033866,3039400,1666.687,expert2_eval,7534514176,4884
1790750464.0593138,3039400,1667.712,expert2_eval,7534514176,4884
1790750465.0836294,3039400,1668.737,expert2_eval,7534514176,4884
1790750466.1058714,3039400,1669.759,expert2_eval,7534514176,4884
1790750467.1304457,3039400,1670.784,expert2_eval,7534514176,4884
1790750468.1547947,3039400,1671.808,expert2_eval,7534514176,4884
1790750469.179035,3039400,1672.832,expert2_eval,7534514176,4884
1790750470.2018757,3039400,1673.855,expert2_eval,7534514176,4884
1790750471.2229538,3039400,1674.876,expert2_eval,7534514176,4884
1790750472.244378,3039400,1675.898,expert2_eval,7534514176,4884
1790750473.268689,3039400,1676.922,expert2_eval,7534514176,4884
1790750474.2934847,3039400,1677.947,expert2_eval,7534514176,4884
1790750475.31302,3039400,1678.966,expert2_eval,7534514176,4884
1790750476.3328407,3039400,1679.986,expert2_eval,7534514176,4884
1790750477.3541605,3039400,1681.007,expert2_eval,7534514176,4884
1790750478.3797143,3039400,1682.033,expert2_eval,7534514176,4884
1790750479.4031644,3039400,1683.056,expert2_eval,7534514176,4884
1790750480.4252508,3039400,1684.078,expert2_eval,7534514176,4884
1790750481.4464462,3039400,1685.1,expert2_eval,7534514176,4884
1790750482.4720023,3039400,1686.125,expert2_eval,7534514176,4884
1790750483.4969604,3039400,1687.15,expert2_eval,7534514176,4884
1790750484.5216186,3039400,1688.175,expert2_eval,7534514176,4884
1790750485.5473654,3039400,1689.201,expert2_eval,7534514176,4884
1790750486.5725036,3039400,1690.226,expert2_eval,7534514176,4884
1790750487.5981102,3039400,1691.251,expert2_eval,7534514176,4884
1790750488.6224666,3039400,1692.276,expert2_eval,7534514176,4884
1790750489.6436653,3039400,1693.297,expert2_eval,7534514176,4884
1790750490.6682422,3039400,1694.321,expert2_eval,7534514176,4884
1790750491.6926122,3039400,1695.346,expert2_eval,7534514176,4884
1790750492.716855,3039400,1696.37,expert2_eval,7534514176,4884
1790750493.7413104,3039400,1697.394,expert2_eval,7534514176,4884
1790750494.7637873,3039400,1698.417,expert2_eval,7534514176,4884
1790750495.789483,3039400,1699.443,expert2_eval,7534514176,4884
1790750496.8162556,3039400,1700.469,expert2_eval,7534514176,4884
1790750497.83882,3039400,1701.492,expert2_eval,7534514176,4884
1790750498.8625197,3039400,1702.516,expert2_eval,7534514176,4884
1790750499.8872616,3039400,1703.54,expert2_eval,7534514176,4884
1790750500.913769,3039400,1704.567,expert2_eval,7534514176,4884
1790750501.936804,3039400,1705.59,expert2_eval,7534514176,4884
1790750502.960984,3039400,1706.614,expert2_eval,7534514176,4884
1790750503.9829884,3039400,1707.636,expert2_eval,7534514176,4884
1790750505.006822,3039400,1708.66,expert2_eval,7534514176,4884
1790750506.0316274,3039400,1709.685,expert2_eval,7534514176,4884
1790750507.0531423,3039400,1710.706,expert2_eval,7534514176,4884
1790750508.0789733,3039400,1711.732,expert2_eval,7534514176,4884
1790750509.0982494,3039400,1712.751,expert2_eval,7534514176,4884
1790750510.119381,3039400,1713.773,expert2_eval,7534514176,4884
1790750511.1395097,3039400,1714.793,expert2_eval,7534514176,4884
1790750512.1602085,3039400,1715.813,expert2_eval,7534514176,4884
1790750513.181509,3039400,1716.835,expert2_eval,7534514176,4884
1790750514.2068818,3039400,1717.86,expert2_eval,7534514176,4884
1790750515.2308857,3039400,1718.884,expert2_eval,7534514176,4884
1790750516.254201,3039400,1719.907,expert2_eval,7534514176,4884
1790750517.2790177,3039400,1720.932,expert2_eval,7534514176,4884
1790750518.29935,3039400,1721.952,expert2_eval,7534514176,4884
1790750519.3208497,3039400,1722.974,expert2_eval,7534514176,4884
1790750520.3430712,3039400,1723.996,expert2_eval,7534514176,4884
1790750521.3642333,3039400,1725.017,expert2_eval,7534514176,4884
1790750522.3844516,3039400,1726.038,expert2_eval,7534514176,4884
1790750523.4049747,3039400,1727.058,expert2_eval,7534514176,4884
1790750524.4266005,3039400,1728.08,expert2_eval,7534514176,4884
1790750525.4520674,3039400,1729.105,expert2_eval,7534514176,4884
1790750526.4775376,3039400,1730.131,expert2_eval,7534514176,4884
1790750527.5042043,3039400,1731.157,expert2_eval,7534514176,4884
1790750528.527722,3039400,1732.181,expert2_eval,7534514176,4884
1790750529.5525286,3039400,1733.206,expert2_eval,7534514176,4884
1790750530.576118,3039400,1734.229,expert2_eval,7534514176,4884
1790750531.5974596,3039400,1735.251,expert2_eval,7534514176,4884
1790750532.6176007,3039400,1736.271,expert2_eval,7534514176,4884
1790750533.6378398,3039400,1737.291,expert2_eval,7534514176,4884
1790750534.661769,3039400,1738.315,expert2_eval,7534514176,4884
1790750535.6830354,3039400,1739.336,expert2_eval,7534514176,4884
1790750536.7047732,3039400,1740.358,expert2_eval,7534514176,4884
1790750537.726446,3039400,1741.38,expert2_eval,7534514176,4884
1790750538.7475884,3039400,1742.401,expert2_eval,7534514176,4884
1790750539.7690425,3039400,1743.422,expert2_eval,7534514176,4884
1790750540.7910137,3039400,1744.444,expert2_eval,7534514176,4884
1790750541.8167884,3039400,1745.47,expert2_eval,7534514176,4884
1790750542.8386438,3039400,1746.492,expert2_eval,7534514176,4884
1790750543.858634,3039400,1747.512,expert2_eval,7534514176,4884
1790750544.8795671,3039400,1748.533,expert2_eval,7534514176,4884
1790750545.901669,3039400,1749.555,expert2_eval,7534514176,4884
1790750546.922912,3039400,1750.576,expert2_eval,7534514176,4884
1790750547.9447665,3039400,1751.598,expert2_eval,7534514176,4884
1790750548.967793,3039400,1752.621,expert2_eval,7534514176,4884
1790750549.9910386,3039400,1753.644,expert2_eval,7534514176,4884
1790750551.0097091,3039400,1754.663,expert2_eval,7534514176,4884
1790750552.0303435,3039400,1755.683,expert2_eval,7534514176,4884
1790750553.0516982,3039400,1756.705,expert2_eval,7534514176,4884
1790750554.0762923,3039400,1757.729,expert2_eval,7534514176,4884
1790750555.097614,3039400,1758.751,expert2_eval,7534514176,4884
1790750556.1187682,3039400,1759.772,expert2_eval,7534514176,4884
1790750557.1436753,3039400,1760.797,expert2_eval,7534514176,4884
1790750558.1688755,3039400,1761.822,expert2_eval,7534514176,4884
1790750559.195128,3039400,1762.848,expert2_eval,7534514176,4884
1790750560.2151723,3039400,1763.868,expert2_eval,7534514176,4884
1790750561.236953,3039400,1764.89,expert2_eval,7534514176,4884
1790750562.259556,3039400,1765.913,expert2_eval,7534514176,4884
1790750563.281356,3039400,1766.934,expert2_eval,7534514176,4884
1790750564.301897,3039400,1767.955,expert2_eval,7534514176,4884
1790750565.3212745,3039400,1768.974,expert2_eval,7534514176,4884
1790750566.3426948,3039400,1769.996,expert2_eval,7534514176,4884
1790750567.3674738,3039400,1771.021,expert2_eval,7534514176,4884
1790750568.388542,3039400,1772.042,expert2_eval,7534514176,4884
1790750569.4127474,3039400,1773.066,expert2_eval,7534514176,4884
1790750570.4333148,3039400,1774.086,expert2_eval,7534514176,4884
1790750571.4524536,3039400,1775.106,expert2_eval,7534514176,4884
1790750572.4720988,3039400,1776.125,expert2_eval,7534514176,4884
1790750573.4933393,3039400,1777.146,expert2_eval,7534514176,4884
1790750574.5180888,3039400,1778.171,expert2_eval,7534514176,4884
1790750575.5409393,3039400,1779.194,expert2_eval,7534514176,4884
1790750576.5607977,3039400,1780.214,expert2_eval,7534514176,4884
1790750577.5799053,3039400,1781.233,expert2_eval,7534514176,4884
1790750578.6023145,3039400,1782.255,expert2_eval,7534514176,4884
1790750579.6229887,3039400,1783.276,expert2_eval,7534514176,4884
1790750580.6443274,3039400,1784.297,expert2_eval,7534514176,4884
1790750581.6662443,3039400,1785.319,expert2_eval,7534514176,4884
1790750582.6900003,3039400,1786.343,expert2_eval,7534514176,4884
1790750583.7150738,3039400,1787.368,expert2_eval,7534514176,4884
1790750584.7378566,3039400,1788.391,expert2_eval,7534514176,4884
1790750585.7567623,3039400,1789.41,expert2_eval,7534514176,4884
1790750586.7784433,3039400,1790.432,expert2_eval,7534514176,4884
1790750587.80172,3039400,1791.455,expert2_eval,7534514176,4884
1790750588.8231308,3039400,1792.476,expert2_eval,7534514176,4884
1790750589.845984,3039400,1793.499,expert2_eval,7534514176,4884
1790750590.8667784,3039400,1794.52,expert2_eval,7534514176,4884
1790750591.8884118,3039400,1795.542,expert2_eval,7534514176,4884
1790750592.9124131,3039400,1796.566,expert2_eval,7534514176,4884
1790750593.933789,3039400,1797.587,expert2_eval,7534514176,4884
1790750594.955349,3039400,1798.608,expert2_eval,7534514176,4884
1790750595.974103,3039400,1799.627,expert2_eval,7534514176,4884
1790750596.9955504,3039400,1800.649,expert2_eval,7534514176,4884
1790750598.0194306,3039400,1801.673,expert2_eval,7534514176,4884
1790750599.0403125,3039400,1802.693,expert2_eval,7534514176,4884
1790750600.061337,3039400,1803.714,expert2_eval,7534514176,4884
1790750601.0801387,3039400,1804.733,expert2_eval,7534514176,4884
1790750602.0996711,3039400,1805.753,expert2_eval,7534514176,4884
1790750603.1209195,3039400,1806.774,expert2_eval,7534514176,4884
1790750604.1429787,3039400,1807.796,expert2_eval,7534514176,4884
1790750605.166638,3039400,1808.82,expert2_eval,7534514176,4884
1790750606.1896412,3039400,1809.843,expert2_eval,7534514176,4884
1790750607.2088423,3039400,1810.862,expert2_eval,7534514176,4884
1790750608.2277927,3039400,1811.881,expert2_eval,7534514176,4884
1790750609.248404,3039400,1812.902,expert2_eval,7534514176,4884
1790750610.2686315,3039400,1813.922,expert2_eval,7534514176,4884
1790750611.2882903,3039400,1814.941,expert2_eval,7534514176,4884
1790750612.3107162,3039400,1815.964,expert2_eval,7534514176,4884
1790750613.3313365,3039400,1816.984,expert2_eval,7534514176,4884
1790750614.352959,3039400,1818.006,expert2_eval,7534514176,4884
1790750615.3732495,3039400,1819.026,expert2_eval,7534514176,4884
1790750616.3947585,3039400,1820.048,expert2_eval,7534514176,4884
1790750617.4203894,3039400,1821.074,expert2_eval,7534514176,4884
1790750618.4416325,3039400,1822.095,expert2_eval,7534514176,4884
1790750619.4621472,3039400,1823.115,expert2_eval,7534514176,4884
1790750620.4836764,3039400,1824.137,expert2_eval,7534514176,4884
1790750621.5075433,3039400,1825.161,expert2_eval,7534514176,4884
1790750622.5327344,3039400,1826.186,expert2_eval,7534514176,4884
1790750623.5555334,3039400,1827.209,expert2_eval,7534514176,4884
1790750624.578086,3039400,1828.231,expert2_eval,7534514176,4884
1790750625.603501,3039400,1829.257,expert2_eval,7534514176,4884
1790750626.627734,3039400,1830.281,expert2_eval,7534514176,4884
1790750627.6528962,3039400,1831.306,expert2_eval,7534514176,4884
1790750628.6723194,3039400,1832.325,expert2_eval,7534514176,4884
1790750629.6915987,3039400,1833.345,expert2_eval,7534514176,4884
1790750630.7119465,3039400,1834.365,expert2_eval,7534514176,4884
1790750631.7311168,3039400,1835.384,expert2_eval,7534514176,4884
1790750632.7522018,3039400,1836.405,expert2_eval,7534514176,4884
1790750633.7738905,3039400,1837.427,expert2_eval,7534514176,4884
1790750634.7987058,3039400,1838.452,expert2_eval,7534514176,4884
1790750635.8221722,3039400,1839.475,expert2_eval,7534514176,4884
1790750636.8444326,3039400,1840.498,expert2_eval,7534514176,4884
1790750637.8656256,3039400,1841.519,expert2_eval,7534514176,4884
1790750638.8861165,3039400,1842.539,expert2_eval,7534514176,4884
1790750639.9064157,3039400,1843.56,expert2_eval,7534514176,4884
1790750640.927915,3039400,1844.581,expert2_eval,7534514176,4884
1790750641.9476848,3039400,1845.601,expert2_eval,7534514176,4884
1790750642.967329,3039400,1846.62,expert2_eval,7534514176,4884
1790750643.9890249,3039400,1847.642,expert2_eval,7534514176,4884
1790750645.0089655,3039400,1848.662,expert2_eval,7534514176,4884
1790750646.0275044,3039400,1849.681,expert2_eval,7534514176,4884
1790750647.0502384,3039400,1850.703,expert2_eval,7534514176,4884
1790750648.0735738,3039400,1851.727,expert2_eval,7534514176,4884
1790750649.0938902,3039400,1852.747,expert2_eval,7534514176,4884
1790750650.1189938,3039400,1853.772,expert2_eval,7534514176,4884
1790750651.1442337,3039400,1854.797,expert2_eval,7534514176,4884
1790750652.1707149,3039400,1855.824,expert2_eval,7534514176,4884
1790750653.1942804,3039400,1856.847,expert2_eval,7534514176,4884
1790750654.2155607,3039400,1857.869,expert2_eval,7534514176,4884
1790750655.2354689,3039400,1858.889,starting,6204669952,3884
1790750656.2563307,3039400,1859.909,expert3_fit,6204669952,696
1790750657.2752705,3039400,1860.928,expert3_fit,6204669952,1548
1790750658.295437,3039400,1861.949,expert3_fit,6204669952,1668
1790750659.3147895,3039400,1862.968,expert3_fit,6204669952,1668
1790750660.3387625,3039400,1863.992,expert3_fit,6204669952,1668
1790750661.3598766,3039400,1865.013,expert3_fit,6204669952,1668
1790750662.3843942,3039400,1866.038,expert3_fit,6204669952,1668
1790750663.406072,3039400,1867.059,starting,6204669952,1764
1790750664.4305968,3039400,1868.084,starting,6204669952,1764
1790750665.4554176,3039400,1869.109,starting,6204669952,1764
1790750666.4772909,3039400,1870.13,starting,6204669952,1764
1790750667.5018983,3039400,1871.155,starting,6204669952,1764
1790750668.5204844,3039400,1872.174,starting,6204669952,1764
1790750669.5430317,3039400,1873.196,starting,6204669952,1764
1790750670.5692503,3039400,1874.222,starting,6204669952,1764
1790750671.5934722,3039400,1875.247,starting,6204669952,1764
1790750672.6178808,3039400,1876.271,starting,6204669952,1764
1790750673.6445038,3039400,1877.298,starting,6204669952,1764
1790750674.6663291,3039400,1878.319,starting,6204669952,1764
1790750675.6924767,3039400,1879.346,starting,6204669952,1764
1790750676.7163966,3039400,1880.37,starting,6204669952,1764
1790750677.737638,3039400,1881.391,expert3_route,6259261440,1764
1790750678.7644958,3039400,1882.418,expert3_route,6259261440,2104
1790750679.7855856,3039400,1883.439,expert3_route,6259261440,2124
1790750680.8107789,3039400,1884.464,expert3_route,6259261440,2124
1790750681.8329318,3039400,1885.486,expert3_route,6259261440,2164
1790750682.8576696,3039400,1886.511,expert3_route,6259261440,2184
1790750683.8799863,3039400,1887.533,expert3_route,6259261440,2184
1790750684.9044127,3039400,1888.558,expert3_route,6259261440,2184
1790750685.9713395,3039400,1889.624,expert3_route,6259261440,2184
1790750686.9958272,3039400,1890.649,expert3_route,6259261440,2184
1790750688.0222085,3039400,1891.675,expert3_route,6259261440,2184
1790750689.0459487,3039400,1892.699,expert3_route,6259261440,2184
1790750690.070245,3039400,1893.723,expert3_route,6259261440,2184
1790750691.0914683,3039400,1894.745,expert3_route,6259261440,2184
1790750692.1191213,3039400,1895.772,expert3_route,6259261440,2184
1790750693.1403716,3039400,1896.794,expert3_route,6259261440,2184
1790750694.1612885,3039400,1897.814,expert3_route,6259261440,2184
1790750695.186204,3039400,1898.839,expert3_route,6259261440,2184
1790750696.2079372,3039400,1899.861,expert3_route,6259261440,2184
1790750697.2305686,3039400,1900.884,expert3_route,6259261440,2184
1790750698.254504,3039400,1901.908,expert3_route,6259261440,2184
1790750699.2787623,3039400,1902.932,expert3_route,6259261440,2184
1790750700.2995975,3039400,1903.953,expert3_route,6259261440,2184
1790750701.3251448,3039400,1904.978,expert3_route,6259261440,2184
1790750702.3460615,3039400,1905.999,expert3_route,6259261440,2184
1790750703.3654578,3039400,1907.019,expert3_route,6259261440,2184
1790750704.3844981,3039400,1908.038,expert3_route,6259261440,2184
1790750705.4067888,3039400,1909.06,expert3_cal,6237069312,2184
1790750706.4273317,3039400,1910.08,expert3_cal,6237069312,2184
1790750707.4468853,3039400,1911.1,expert3_cal,6237069312,2184
1790750708.4699302,3039400,1912.123,expert3_cal,6237069312,2184
1790750709.495462,3039400,1913.149,expert3_cal,6237069312,2184
1790750710.515361,3039400,1914.169,expert3_cal,6237069312,2184
1790750711.5351562,3039400,1915.188,expert3_cal,6237069312,2184
1790750712.5555336,3039400,1916.209,expert3_cal,6237069312,2184
1790750713.578486,3039400,1917.232,expert3_cal,6237069312,2184
1790750714.6011093,3039400,1918.254,expert3_cal,6237069312,2184
1790750715.6236882,3039400,1919.277,expert3_cal,6237069312,2184
1790750716.6492164,3039400,1920.302,expert3_cal,6237069312,2184
1790750717.6731162,3039400,1921.326,expert3_cal,6237069312,2184
1790750718.6955533,3039400,1922.349,expert3_cal,6237069312,2184
1790750719.717069,3039400,1923.37,expert3_cal,6237069312,2184
1790750720.7404563,3039400,1924.394,expert3_cal,6237069312,2184
1790750721.7618961,3039400,1925.415,expert3_cal,6237069312,2184
1790750722.7850032,3039400,1926.438,expert3_cal,6237069312,2184
1790750723.8085303,3039400,1927.462,expert3_cal,6237069312,2184
1790750724.836312,3039400,1928.489,expert3_eval,6764486656,2184
1790750725.8607526,3039400,1929.514,expert3_eval,6764486656,2184
1790750726.8832154,3039400,1930.536,expert3_eval,6764486656,2184
1790750727.9036133,3039400,1931.557,expert3_eval,6764486656,2184
1790750728.9237907,3039400,1932.577,expert3_eval,6764486656,2184
1790750729.9449785,3039400,1933.598,expert3_eval,6764486656,2184
1790750730.9679692,3039400,1934.621,expert3_eval,6764486656,2184
1790750731.9907002,3039400,1935.644,expert3_eval,6764486656,2184
1790750733.0119803,3039400,1936.665,expert3_eval,6764486656,2184
1790750734.0389776,3039400,1937.692,expert3_eval,6764486656,2184
1790750735.0637946,3039400,1938.717,expert3_eval,6764486656,2184
1790750736.0881295,3039400,1939.741,expert3_eval,6764486656,2184
1790750737.1140387,3039400,1940.767,expert3_eval,6764486656,2184
1790750738.1372263,3039400,1941.79,expert3_eval,6764486656,2184
1790750739.1619265,3039400,1942.815,expert3_eval,6764486656,2184
1790750740.185983,3039400,1943.839,expert3_eval,6764486656,2184
1790750741.2110493,3039400,1944.864,expert3_eval,6764486656,2184
1790750742.232596,3039400,1945.886,expert3_eval,6764486656,2184
1790750743.254055,3039400,1946.907,expert3_eval,6764486656,2184
1790750744.2791247,3039400,1947.932,expert3_eval,6764486656,2184
1790750745.2983928,3039400,1948.952,expert3_eval,6764486656,2184
1790750746.3176618,3039400,1949.971,expert3_eval,6764486656,2184
1790750747.3409653,3039400,1950.994,expert3_eval,6764486656,2184
1790750748.365319,3039400,1952.018,expert3_eval,6764486656,2184
1790750749.386533,3039400,1953.04,expert3_eval,6764486656,2184
1790750750.4116168,3039400,1954.065,expert3_eval,6764486656,2184
1790750751.4368715,3039400,1955.09,expert3_eval,6764486656,2184
1790750752.4613585,3039400,1956.114,expert3_eval,6764486656,2184
1790750753.481451,3039400,1957.135,expert3_eval,6764486656,2184
1790750754.5025449,3039400,1958.156,expert3_eval,6764486656,2184
1790750755.524822,3039400,1959.178,expert3_eval,6764486656,2184
1790750756.5502505,3039400,1960.203,expert3_eval,6764486656,2184
1790750757.5810728,3039400,1961.234,expert3_eval,6764486656,2184
1790750758.6012177,3039400,1962.254,expert3_eval,6764486656,2184
1790750759.6199656,3039400,1963.273,expert3_eval,6764486656,2184
1790750760.642616,3039400,1964.296,expert3_eval,6764486656,2184
1790750761.669315,3039400,1965.322,expert3_eval,6764486656,2184
1790750762.6907694,3039400,1966.344,expert3_eval,6764486656,2184
1790750763.7118487,3039400,1967.365,expert3_eval,6764486656,2184
1790750764.7315056,3039400,1968.385,expert3_eval,6764486656,2184
1790750765.7520247,3039400,1969.405,expert3_eval,6764486656,2184
1790750766.7737303,3039400,1970.427,expert3_eval,6764486656,2184
1790750767.7964535,3039400,1971.45,expert3_eval,6764486656,2184
1790750768.8167672,3039400,1972.47,expert3_eval,6764486656,2184
1790750769.8349102,3039400,1973.488,expert3_eval,6764486656,2184
1790750770.8569155,3039400,1974.51,expert3_eval,6764486656,2184
1790750771.8988938,3039400,1975.552,expert3_eval,6764486656,2184
1790750772.9259315,3039400,1976.579,expert3_eval,6764486656,2184
1790750773.950583,3039400,1977.604,expert3_eval,6764486656,2184
1790750774.976212,3039400,1978.629,expert3_eval,6764486656,2184
1790750776.0004313,3039400,1979.654,expert3_eval,6764486656,2184
1790750777.0209439,3039400,1980.674,expert3_eval,6764486656,2184
1790750778.0414088,3039400,1981.695,expert3_eval,6764486656,2184
1790750779.060876,3039400,1982.714,expert3_eval,6764486656,2184
1790750780.0834594,3039400,1983.737,expert3_eval,6764486656,2184
1790750781.1087115,3039400,1984.762,expert3_eval,6764486656,2184
1790750782.1304953,3039400,1985.784,expert3_eval,6764486656,2184
1790750783.1496184,3039400,1986.803,expert3_eval,6764486656,2184
1790750784.1701388,3039400,1987.823,expert3_eval,6764486656,2184
1790750785.1911645,3039400,1988.844,expert3_eval,6764486656,2184
1790750786.2106147,3039400,1989.864,expert3_eval,6764486656,2184
1790750787.2320654,3039400,1990.885,expert3_eval,6764486656,2184
1790750788.2619562,3039400,1991.915,expert3_eval,6764486656,2184
1790750789.2842338,3039400,1992.937,expert3_eval,6764486656,2184
1790750790.3083045,3039400,1993.961,expert3_eval,6764486656,2184
1790750791.330491,3039400,1994.984,expert3_eval,6764486656,2184
1790750792.3504167,3039400,1996.004,expert3_eval,6764486656,2184
1790750793.3716514,3039400,1997.025,expert3_eval,6764486656,2184
1790750794.3966799,3039400,1998.05,expert3_eval,6764486656,2184
1790750795.4211872,3039400,1999.074,expert3_eval,6764486656,2184
1790750796.4431994,3039400,2000.096,expert3_eval,6764486656,2184
1790750797.4686294,3039400,2001.122,expert3_eval,6764486656,2184
1790750798.4936664,3039400,2002.147,expert3_eval,6764486656,2184
1790750799.5160792,3039400,2003.169,expert3_eval,6764486656,2184
1790750800.5363846,3039400,2004.19,expert3_eval,6764486656,2184
1790750801.561085,3039400,2005.214,expert3_eval,6764486656,2184
1790750802.5833144,3039400,2006.236,expert3_eval,6764486656,2184
1790750803.6068575,3039400,2007.26,expert3_eval,6764486656,2184
1790750804.6274858,3039400,2008.281,expert3_eval,6764486656,2184
1790750805.647254,3039400,2009.3,expert3_eval,6764486656,2184
1790750806.668566,3039400,2010.322,expert3_eval,6764486656,2184
1790750807.6918137,3039400,2011.345,expert3_eval,6764486656,2184
1790750808.7185645,3039400,2012.372,expert3_eval,6764486656,2184
1790750809.7395418,3039400,2013.393,expert3_eval,6764486656,2184
1790750810.764933,3039400,2014.418,expert3_eval,6764486656,2184
1790750811.7900386,3039400,2015.443,expert3_eval,6764486656,2184
1790750812.8091676,3039400,2016.462,expert3_eval,6764486656,2184
1790750813.8318567,3039400,2017.485,expert3_eval,6764486656,2184
1790750814.8550482,3039400,2018.508,expert3_eval,6764486656,2184
1790750815.8781767,3039400,2019.531,expert3_eval,6764486656,2184
1790750816.9002242,3039400,2020.553,expert3_eval,6764486656,2184
1790750817.921473,3039400,2021.575,expert3_eval,6764486656,2184
1790750818.9415948,3039400,2022.595,expert3_eval,6764486656,2184
1790750819.9592152,3039400,2023.612,expert3_eval,6764486656,2184
1790750820.9799745,3039400,2024.633,expert3_eval,6764486656,2184
1790750822.0014544,3039400,2025.655,expert3_eval,6764486656,2184
1790750823.0224795,3039400,2026.676,expert3_eval,6764486656,2184
1790750824.0415971,3039400,2027.695,expert3_eval,6764486656,2184
1790750825.0635538,3039400,2028.717,expert3_eval,6764486656,2184
1790750826.0868285,3039400,2029.74,expert3_eval,6764486656,2184
1790750827.1090398,3039400,2030.762,expert3_eval,6764486656,2184
1790750828.1319478,3039400,2031.785,expert3_eval,6764486656,2184
1790750829.155874,3039400,2032.809,expert3_eval,6764486656,2184
1790750830.1805415,3039400,2033.834,expert3_eval,6764486656,2184
1790750831.204441,3039400,2034.858,expert3_eval,6764486656,2184
1790750832.2288136,3039400,2035.882,expert3_eval,6764486656,2184
1790750833.2497425,3039400,2036.903,expert3_eval,6764486656,2184
1790750834.2691033,3039400,2037.922,expert3_eval,6764486656,2184
1790750835.2912164,3039400,2038.944,expert3_eval,6764486656,2184
1790750836.3123543,3039400,2039.965,expert3_eval,6764486656,2184
1790750837.3329935,3039400,2040.986,expert3_eval,6764486656,2184
1790750838.354662,3039400,2042.008,expert3_eval,6764486656,2184
1790750839.377506,3039400,2043.031,expert3_eval,6764486656,2184
1790750840.4021852,3039400,2044.055,expert3_eval,6764486656,2184
1790750841.4245288,3039400,2045.078,expert3_eval,6764486656,2184
1790750842.4470153,3039400,2046.1,expert3_eval,6764486656,2184
1790750843.468517,3039400,2047.122,expert3_eval,6764486656,2184
1790750844.489967,3039400,2048.143,expert3_eval,6764486656,2184
1790750845.5202906,3039400,2049.173,expert3_eval,6764486656,2184
1790750846.5450058,3039400,2050.198,expert3_eval,6764486656,2184
1790750847.5673099,3039400,2051.22,expert3_eval,6764486656,2184
1790750848.5920522,3039400,2052.245,expert3_eval,6764486656,2184
1790750849.6155674,3039400,2053.269,expert3_eval,6764486656,2184
1790750850.6376674,3039400,2054.291,expert3_eval,6764486656,2184
1790750851.6593091,3039400,2055.312,expert3_eval,6764486656,2184
1790750852.685218,3039400,2056.338,expert3_eval,6764486656,2184
1790750853.7072818,3039400,2057.36,expert3_eval,6764486656,2184
1790750854.7286146,3039400,2058.382,expert3_eval,6764486656,2184
1790750855.7545128,3039400,2059.408,expert3_eval,6764486656,2184
1790750856.7778893,3039400,2060.431,expert3_eval,6764486656,2184
1790750857.799821,3039400,2061.453,expert3_eval,6764486656,2184
1790750858.8201067,3039400,2062.473,expert3_eval,6764486656,2184
1790750859.8404279,3039400,2063.494,expert3_eval,6764486656,2184
1790750860.861762,3039400,2064.515,expert3_eval,6764486656,2184
1790750861.8849454,3039400,2065.538,expert3_eval,6764486656,2184
1790750862.9090614,3039400,2066.562,expert3_eval,6764486656,2184
1790750863.9276621,3039400,2067.581,expert3_eval,6764486656,2184
1790750864.951326,3039400,2068.604,expert3_eval,6764486656,2184
1790750865.976738,3039400,2069.63,expert3_eval,6764486656,2184
1790750867.000865,3039400,2070.654,expert3_eval,6764486656,2184
1790750868.022541,3039400,2071.676,expert3_eval,6764486656,2184
1790750869.0418878,3039400,2072.695,expert3_eval,6764486656,2184
1790750870.0637443,3039400,2073.717,expert3_eval,6764486656,2184
1790750871.0894718,3039400,2074.743,expert3_eval,6764486656,2184
1790750872.110425,3039400,2075.764,expert3_eval,6764486656,2184
1790750873.129496,3039400,2076.783,expert3_eval,6764486656,2184
1790750874.151529,3039400,2077.805,expert3_eval,6764486656,2184
1790750875.171791,3039400,2078.825,expert3_eval,6764486656,2184
1790750876.196695,3039400,2079.85,expert3_eval,6764486656,2184
1790750877.2188814,3039400,2080.872,expert3_eval,6764486656,2184
1790750878.240456,3039400,2081.894,expert3_eval,6764486656,2184
1790750879.2702267,3039400,2082.923,expert3_eval,6764486656,2184
1790750880.2919223,3039400,2083.945,expert3_eval,6764486656,2184
1790750881.3123403,3039400,2084.965,expert3_eval,6764486656,2184
1790750882.3362956,3039400,2085.989,expert3_eval,6764486656,2184
1790750883.3570642,3039400,2087.01,expert3_eval,6764486656,2184
1790750884.3783686,3039400,2088.032,expert3_eval,6764486656,2184
1790750885.4050562,3039400,2089.058,expert3_eval,6764486656,2184
1790750886.4292939,3039400,2090.082,expert3_eval,6764486656,2184
1790750887.4938734,3039400,2091.147,expert3_eval,6764486656,2184
1790750888.5144718,3039400,2092.168,expert3_eval,6764486656,2184
1790750889.5394425,3039400,2093.193,expert3_eval,6764486656,2184
1790750890.5686815,3039400,2094.222,expert3_eval,6764486656,2184
1790750891.5919778,3039400,2095.245,expert3_eval,6764486656,2184
1790750892.6136107,3039400,2096.267,expert3_eval,6764486656,2184
1790750893.6350799,3039400,2097.288,expert3_eval,6764486656,2184
1790750894.6598022,3039400,2098.313,expert3_eval,6764486656,2184
1790750895.6846323,3039400,2099.338,expert3_eval,6764486656,2184
1790750896.7095156,3039400,2100.363,expert3_eval,6764486656,2184
1790750897.7360342,3039400,2101.389,expert3_eval,6764486656,2184
1790750898.7602856,3039400,2102.413,expert3_eval,6764486656,2184
1790750899.780735,3039400,2103.434,expert3_eval,6764486656,2184
1790750900.833322,3039400,2104.486,expert3_eval,6764486656,2184
1790750901.8551292,3039400,2105.508,expert3_eval,6764486656,2184
1790750902.8784678,3039400,2106.532,expert3_eval,6764486656,2184
1790750903.9343722,3039400,2107.588,expert3_eval,6764486656,2184
1790750904.9558032,3039400,2108.609,expert3_eval,6764486656,2184
1790750905.9764495,3039400,2109.63,expert3_eval,6764486656,2184
1790750906.9975333,3039400,2110.651,expert3_eval,6764486656,2184
1790750908.018395,3039400,2111.672,expert3_eval,6764486656,2184
1790750909.0438938,3039400,2112.697,expert3_eval,6764486656,2184
1790750910.067726,3039400,2113.721,expert3_eval,6764486656,2184
1790750911.091737,3039400,2114.745,expert3_eval,6764486656,2184
1790750912.114991,3039400,2115.768,expert3_eval,6764486656,2184
1790750913.1345553,3039400,2116.788,expert3_eval,6764486656,2184
1790750914.1568546,3039400,2117.81,expert3_eval,6764486656,2184
1790750915.178852,3039400,2118.832,expert3_eval,6764486656,2184
1790750916.2079597,3039400,2119.861,expert3_eval,6764486656,2184
1790750917.2321773,3039400,2120.885,expert3_eval,6764486656,2184
1790750918.2552319,3039400,2121.908,expert3_eval,6764486656,2184
1790750919.2838912,3039400,2122.937,expert3_eval,6764486656,2184
1790750920.3084958,3039400,2123.962,expert3_eval,6764486656,2184
1790750921.333212,3039400,2124.986,expert3_eval,6764486656,2184
1790750922.3536901,3039400,2126.007,expert3_eval,6764486656,2184
1790750923.3756094,3039400,2127.029,expert3_eval,6764486656,2184
1790750924.4013581,3039400,2128.054,expert3_eval,6764486656,2184
1790750925.4252472,3039400,2129.078,expert3_eval,6764486656,2184
1790750926.4485164,3039400,2130.102,expert3_eval,6764486656,2184
1790750927.4731553,3039400,2131.126,expert3_eval,6764486656,2184
1790750928.4945495,3039400,2132.148,expert3_eval,6764486656,2184
1790750929.5175447,3039400,2133.171,expert3_eval,6764486656,2184
1790750930.539499,3039400,2134.193,expert3_eval,6764486656,2184
1790750931.558913,3039400,2135.212,expert3_eval,6764486656,2184
1790750932.5798697,3039400,2136.233,expert3_eval,6764486656,2184
1790750933.6014092,3039400,2137.255,expert3_eval,6764486656,2184
1790750934.6260114,3039400,2138.279,expert3_eval,6764486656,2184
1790750935.6486814,3039400,2139.302,expert3_eval,6764486656,2184
1790750936.6716201,3039400,2140.325,expert3_eval,6764486656,2184
1790750937.695962,3039400,2141.349,expert3_eval,6764486656,2184
1790750938.7631428,3039400,2142.416,expert3_eval,6764486656,2184
1790750939.7818997,3039400,2143.435,expert3_eval,6764486656,2184
1790750940.8049471,3039400,2144.458,expert3_eval,6764486656,2184
1790750941.8250577,3039400,2145.478,expert3_eval,6764486656,2184
1790750942.845794,3039400,2146.499,expert3_eval,6764486656,2184
1790750943.8700798,3039400,2147.523,expert3_eval,6764486656,2184
1790750944.891133,3039400,2148.544,expert3_eval,6764486656,2184
1790750945.910475,3039400,2149.564,expert3_eval,6764486656,2184
1790750946.9375114,3039400,2150.591,expert3_eval,6764486656,2184
1790750947.9570405,3039400,2151.61,expert3_eval,6764486656,2184
1790750948.9775558,3039400,2152.631,expert3_eval,6764486656,2184
1790750950.0004663,3039400,2153.654,expert3_eval,6764486656,2184
1790750951.0253012,3039400,2154.678,expert3_eval,6764486656,2184
1790750952.0465107,3039400,2155.7,expert3_eval,6764486656,2184
1790750953.0715792,3039400,2156.725,expert3_eval,6764486656,2184
1790750954.1214526,3039400,2157.775,expert3_eval,6764486656,2184
1790750955.1441655,3039400,2158.797,expert3_eval,6764486656,2184
1790750956.1671722,3039400,2159.82,expert3_eval,6764486656,2184
1790750957.1889055,3039400,2160.842,expert3_eval,6764486656,2184
1790750958.2074761,3039400,2161.861,expert3_eval,6764486656,2184
1790750959.230328,3039400,2162.883,expert3_eval,6764486656,2184
1790750960.255609,3039400,2163.909,expert3_eval,6764486656,2184
1790750961.278657,3039400,2164.932,expert3_eval,6764486656,2184
1790750962.3025599,3039400,2165.956,expert3_eval,6764486656,2184
1790750963.324236,3039400,2166.977,expert3_eval,6764486656,2184
1790750964.344166,3039400,2167.997,expert3_eval,6764486656,2184
1790750965.365977,3039400,2169.019,expert3_eval,6764486656,2184
1790750966.3891082,3039400,2170.042,expert3_eval,6764486656,2184
1790750967.410527,3039400,2171.064,expert3_eval,6764486656,2184
1790750968.4364717,3039400,2172.09,expert3_eval,6764486656,2184
1790750969.4567246,3039400,2173.11,expert3_eval,6764486656,2184
1790750970.4782498,3039400,2174.131,expert3_eval,6764486656,2184
1790750971.5055048,3039400,2175.159,expert3_eval,6764486656,2184
1790750972.5264022,3039400,2176.18,expert3_eval,6764486656,2184
1790750973.5489905,3039400,2177.202,expert3_eval,6764486656,2184
1790750974.5739048,3039400,2178.227,expert3_eval,6764486656,2184
1790750975.5939167,3039400,2179.247,expert3_eval,6764486656,2184
1790750976.6140678,3039400,2180.267,expert3_eval,6764486656,2184
1790750977.635321,3039400,2181.288,expert3_eval,6764486656,2184
1790750978.6570206,3039400,2182.31,expert3_eval,6764486656,2184
1790750979.6788912,3039400,2183.332,expert3_eval,6764486656,2184
1790750980.7001595,3039400,2184.353,expert3_eval,6764486656,2184
1790750981.7195826,3039400,2185.373,expert3_eval,6764486656,2184
1790750982.7409492,3039400,2186.394,expert3_eval,6764486656,2184
1790750983.7648747,3039400,2187.418,expert3_eval,6764486656,2184
1790750984.7850537,3039400,2188.438,expert3_eval,6764486656,2184
1790750985.8061326,3039400,2189.459,expert3_eval,6764486656,2184
1790750986.82777,3039400,2190.481,expert3_eval,6764486656,2184
1790750987.8491166,3039400,2191.502,expert3_eval,6764486656,2184
1790750988.8706646,3039400,2192.524,expert3_eval,6764486656,2184
1790750989.8992548,3039400,2193.552,expert3_eval,6764486656,2184
1790750990.9179327,3039400,2194.571,expert3_eval,6764486656,2184
1790750991.9408424,3039400,2195.594,expert3_eval,6764486656,2184
1790750992.96277,3039400,2196.616,expert3_eval,6764486656,2184
1790750993.983532,3039400,2197.637,expert3_eval,6764486656,2184
1790750995.0103812,3039400,2198.664,expert3_eval,6764486656,2184
1790750996.0345132,3039400,2199.688,expert3_eval,6764486656,2184
1790750997.054838,3039400,2200.708,expert3_eval,6764486656,2184
1790750998.0752785,3039400,2201.728,expert3_eval,6764486656,2184
1790750999.0939715,3039400,2202.747,expert3_eval,6764486656,2184
1790751000.1144822,3039400,2203.768,expert3_eval,6764486656,2184
1790751001.1363006,3039400,2204.789,expert3_eval,6764486656,2184
1790751002.1575089,3039400,2205.811,expert3_eval,6764486656,2184
1790751003.1848364,3039400,2206.838,expert3_eval,6764486656,2184
1790751004.20694,3039400,2207.86,expert3_eval,6764486656,2184
1790751005.2310581,3039400,2208.884,expert3_eval,6764486656,2184
1790751006.2547612,3039400,2209.908,expert3_eval,6764486656,2184
1790751007.2803338,3039400,2210.933,expert3_eval,6764486656,2184
1790751008.3009543,3039400,2211.954,expert3_eval,6764486656,2184
1790751009.3258007,3039400,2212.979,expert3_eval,6764486656,2184
1790751010.3506424,3039400,2214.004,expert3_eval,6764486656,2184
1790751011.3771937,3039400,2215.03,expert3_eval,6764486656,2184
1790751012.4041429,3039400,2216.057,expert3_eval,6764486656,2184
1790751013.425976,3039400,2217.079,expert3_eval,6764486656,2184
1790751014.4503376,3039400,2218.103,expert3_eval,6764486656,2184
1790751015.4757848,3039400,2219.129,expert3_eval,6764486656,2184
1790751016.4978566,3039400,2220.151,expert3_eval,6764486656,2184
1790751017.5239856,3039400,2221.177,expert3_eval,6764486656,2184
1790751018.5481,3039400,2222.201,expert3_eval,6764486656,2184
1790751019.569654,3039400,2223.223,expert3_eval,6764486656,2184
1790751020.5907812,3039400,2224.244,expert3_eval,6764486656,2184
1790751021.612615,3039400,2225.266,expert3_eval,6764486656,2184
1790751022.6398444,3039400,2226.293,expert3_eval,6764486656,2184
1790751023.6654558,3039400,2227.319,expert3_eval,6764486656,2184
1790751024.6876307,3039400,2228.341,expert3_eval,6764486656,2184
1790751025.709588,3039400,2229.363,expert3_eval,6764486656,2184
1790751026.7323425,3039400,2230.385,expert3_eval,6764486656,2184
1790751027.7569444,3039400,2231.41,expert3_eval,6764486656,2184
1790751028.7823474,3039400,2232.435,expert3_eval,6764486656,2184
1790751029.8074088,3039400,2233.461,expert3_eval,6764486656,2184
1790751030.8290079,3039400,2234.482,expert3_eval,6764486656,2184
1790751031.8516517,3039400,2235.505,expert3_eval,6764486656,2184
1790751032.8729477,3039400,2236.526,expert3_eval,6764486656,2184
1790751033.8940275,3039400,2237.547,expert3_eval,6764486656,2184
1790751034.917225,3039400,2238.57,expert3_eval,6764486656,2184
1790751035.9384928,3039400,2239.592,expert3_eval,6764486656,2184
1790751036.9656239,3039400,2240.619,expert3_eval,6764486656,2184
1790751037.9900553,3039400,2241.643,expert3_eval,6764486656,2184
1790751039.0093331,3039400,2242.662,expert3_eval,6764486656,2184
1790751040.0287156,3039400,2243.682,expert3_eval,6764486656,2184
1790751041.0524645,3039400,2244.706,expert3_eval,6764486656,2184
1790751042.0742347,3039400,2245.727,expert3_eval,6764486656,2184
1790751043.0930088,3039400,2246.746,expert3_eval,6764486656,2184
1790751044.1124783,3039400,2247.766,expert3_eval,6764486656,2184
1790751045.1358383,3039400,2248.789,expert3_eval,6764486656,2184
1790751046.1603372,3039400,2249.813,expert3_eval,6764486656,2184
1790751047.18086,3039400,2250.834,expert3_eval,6764486656,2184
1790751048.2030976,3039400,2251.856,expert3_eval,6764486656,2184
1790751049.2284906,3039400,2252.882,expert3_eval,6764486656,2184
1790751050.2515035,3039400,2253.905,expert3_eval,6764486656,2184
1790751051.276095,3039400,2254.929,expert3_eval,6764486656,2184
1790751052.299055,3039400,2255.952,expert3_eval,6764486656,2184
1790751053.3209295,3039400,2256.974,expert3_eval,6764486656,2184
1790751054.3617277,3039400,2258.015,expert3_eval,6764486656,2184
1790751055.3826346,3039400,2259.036,expert3_eval,6764486656,2184
1790751056.408067,3039400,2260.061,expert3_eval,6764486656,2184
1790751057.4340298,3039400,2261.087,expert3_eval,6764486656,2184
1790751058.4547958,3039400,2262.108,expert3_eval,6764486656,2184
1790751059.4745672,3039400,2263.128,expert3_eval,6764486656,2184
1790751060.495391,3039400,2264.149,expert3_eval,6764486656,2184
1790751061.5171704,3039400,2265.17,expert3_eval,6764486656,2184
1790751062.5402215,3039400,2266.193,expert3_eval,6764486656,2184
1790751063.563435,3039400,2267.217,expert3_eval,6764486656,2184
1790751064.5915449,3039400,2268.245,expert3_eval,6764486656,2184
1790751065.613282,3039400,2269.266,expert3_eval,6764486656,2184
1790751066.6353252,3039400,2270.288,expert3_eval,6764486656,2184
1790751067.6608999,3039400,2271.314,expert3_eval,6764486656,2184
1790751068.683484,3039400,2272.337,expert3_eval,6764486656,2184
1790751069.7056227,3039400,2273.359,expert3_eval,6764486656,2184
1790751070.7253487,3039400,2274.378,expert3_eval,6764486656,2184
1790751071.746301,3039400,2275.399,expert3_eval,6764486656,2184
1790751072.7673428,3039400,2276.42,expert3_eval,6764486656,2184
1790751073.792686,3039400,2277.446,expert3_eval,6764486656,2184
1790751074.8164763,3039400,2278.47,expert3_eval,6764486656,2184
1790751075.8434415,3039400,2279.497,expert3_eval,6764486656,2184
1790751076.8726864,3039400,2280.526,expert3_eval,6764486656,2184
1790751077.8977904,3039400,2281.551,expert3_eval,6764486656,2184
1790751078.9223123,3039400,2282.575,expert3_eval,6764486656,2184
1790751079.943458,3039400,2283.597,expert3_eval,6764486656,2184
1790751080.9657915,3039400,2284.619,expert3_eval,6764486656,2184
1790751081.9874814,3039400,2285.641,expert3_eval,6764486656,2184
1790751083.0094469,3039400,2286.663,expert3_eval,6764486656,2184
1790751084.031668,3039400,2287.685,expert3_eval,6764486656,2184
1790751085.0528014,3039400,2288.706,expert3_eval,6764486656,2184
1790751086.075447,3039400,2289.729,expert3_eval,6764486656,2184
1790751087.1030643,3039400,2290.756,expert3_eval,6764486656,2184
1790751088.124091,3039400,2291.777,expert3_eval,6764486656,2184
1790751089.1469433,3039400,2292.8,expert3_eval,6764486656,2184
1790751090.1704724,3039400,2293.824,expert3_eval,6764486656,2184
1790751091.1911898,3039400,2294.844,expert3_eval,6764486656,2184
1790751092.212614,3039400,2295.866,expert3_eval,6764486656,2184
1790751093.2352865,3039400,2296.888,expert3_eval,6764486656,2184
1790751094.2560134,3039400,2297.909,expert3_eval,6764486656,2184
1790751095.2746994,3039400,2298.928,expert3_eval,6764486656,2184
1790751096.3001766,3039400,2299.953,expert3_eval,6764486656,2184
1790751097.3251407,3039400,2300.978,expert4_fit,6204669952,666
1790751098.35104,3039400,2302.004,expert4_fit,6204669952,1468
1790751099.3719757,3039400,2303.025,expert4_fit,6204669952,1548
1790751100.3965297,3039400,2304.05,expert4_fit,6204669952,1548
1790751101.415781,3039400,2305.069,expert4_fit,6204669952,1548
1790751102.4349048,3039400,2306.088,expert4_fit,6204669952,1548
1790751103.454885,3039400,2307.108,expert4_fit,6204669952,1548
1790751104.4753594,3039400,2308.128,expert4_fit,6204669952,1548
1790751105.4951816,3039400,2309.148,starting,6204669952,1644
1790751106.5133784,3039400,2310.167,starting,6204669952,1644
1790751107.539376,3039400,2311.193,starting,6204669952,1644
1790751108.5635505,3039400,2312.217,starting,6204669952,1644
1790751109.585501,3039400,2313.239,starting,6204669952,1644
1790751110.6086867,3039400,2314.262,starting,6204669952,1644
1790751111.6294014,3039400,2315.283,starting,6204669952,1644
1790751112.6499164,3039400,2316.303,starting,6204669952,1644
1790751113.6704907,3039400,2317.324,starting,6204669952,1644
1790751114.690033,3039400,2318.343,starting,6204669952,1644
1790751115.7151954,3039400,2319.368,starting,6204669952,1644
1790751116.7384114,3039400,2320.392,starting,6204669952,1644
1790751117.762554,3039400,2321.416,starting,6204669952,1644
1790751118.7869246,3039400,2322.44,expert4_route,6259261440,1644
1790751119.8105996,3039400,2323.464,expert4_route,6259261440,2024
1790751120.8356023,3039400,2324.489,expert4_route,6259261440,2024
1790751121.8597932,3039400,2325.513,expert4_route,6259261440,2044
1790751122.883694,3039400,2326.537,expert4_route,6259261440,2064
1790751123.9083977,3039400,2327.562,expert4_route,6259261440,2064
1790751124.9358492,3039400,2328.589,expert4_route,6259261440,2084
1790751125.9621172,3039400,2329.615,expert4_route,6259261440,2084
1790751126.9871075,3039400,2330.64,expert4_route,6259261440,2084
1790751128.0117888,3039400,2331.665,expert4_route,6259261440,2084
1790751129.0340014,3039400,2332.687,expert4_route,6259261440,2084
1790751130.058787,3039400,2333.712,expert4_route,4599246848,2084
1790751131.0839698,3039400,2334.737,expert4_route,4599246848,2084
1790751132.109059,3039400,2335.762,expert4_route,4599246848,2084
1790751133.1348875,3039400,2336.788,expert4_route,4599246848,2084
1790751134.1603737,3039400,2337.814,expert4_route,4599246848,2084
1790751135.1792607,3039400,2338.832,expert4_route,4599246848,2084
1790751136.2001414,3039400,2339.853,expert4_route,4599246848,2084
1790751137.2215238,3039400,2340.875,expert4_route,4599246848,2084
1790751138.2455716,3039400,2341.899,expert4_route,4599246848,2084
1790751139.2663634,3039400,2342.92,expert4_route,4599246848,2084
1790751140.2882986,3039400,2343.941,expert4_route,4599246848,2084
1790751141.3128905,3039400,2344.966,expert4_route,4599246848,2084
1790751142.3367987,3039400,2345.99,expert4_route,4599246848,2084
1790751143.3581493,3039400,2347.011,expert4_route,4599246848,2084
1790751144.379697,3039400,2348.033,expert4_route,4599246848,2084
1790751145.4053335,3039400,2349.058,expert4_route,4599246848,2084
1790751146.4350314,3039400,2350.088,expert4_cal,4577054720,2084
1790751147.4601252,3039400,2351.113,expert4_cal,4577054720,2084
1790751148.4812303,3039400,2352.134,expert4_cal,4577054720,2084
1790751149.5015259,3039400,2353.155,expert4_cal,4577054720,2084
1790751150.5222375,3039400,2354.175,expert4_cal,4577054720,2084
1790751151.542765,3039400,2355.196,expert4_cal,4577054720,2084
1790751152.5649233,3039400,2356.218,expert4_cal,4577054720,2084
1790751153.5851486,3039400,2357.238,expert4_cal,4577054720,2084
1790751154.6068547,3039400,2358.26,expert4_cal,4577054720,2084
1790751155.6309748,3039400,2359.284,expert4_cal,4577054720,2084
1790751156.6519215,3039400,2360.305,expert4_cal,4577054720,2084
1790751157.6765654,3039400,2361.33,expert4_cal,4577054720,2084
1790751158.6966672,3039400,2362.35,expert4_cal,4577054720,2084
1790751159.7214217,3039400,2363.375,expert4_cal,4577054720,2084
1790751160.7422743,3039400,2364.395,expert4_cal,4577054720,2084
1790751161.7673593,3039400,2365.42,expert4_cal,4577054720,2084
1790751162.7914279,3039400,2366.445,expert4_cal,4577054720,2084
1790751163.8169916,3039400,2367.47,expert4_cal,4577054720,2084
1790751164.841811,3039400,2368.495,expert4_eval,5664288768,2084
1790751165.8988533,3039400,2369.552,expert4_eval,5104472064,2084
1790751166.9249604,3039400,2370.578,expert4_eval,5104472064,2084
1790751167.9502642,3039400,2371.603,expert4_eval,5104472064,2084
1790751168.9707198,3039400,2372.624,expert4_eval,5104472064,2084
1790751169.9926865,3039400,2373.646,expert4_eval,5104472064,2084
1790751171.0148294,3039400,2374.668,expert4_eval,5104472064,2084
1790751172.0364947,3039400,2375.69,expert4_eval,5104472064,2084
1790751173.0560703,3039400,2376.709,expert4_eval,5104472064,2084
1790751174.0774205,3039400,2377.731,expert4_eval,5104472064,2084
1790751175.0988963,3039400,2378.752,expert4_eval,5104472064,2084
1790751176.1246462,3039400,2379.778,expert4_eval,5104472064,2084
1790751177.1508846,3039400,2380.804,expert4_eval,5104472064,2084
1790751178.174106,3039400,2381.827,expert4_eval,5104472064,2084
1790751179.1993756,3039400,2382.853,expert4_eval,5104472064,2084
1790751180.2270517,3039400,2383.88,expert4_eval,5104472064,2084
1790751181.2505322,3039400,2384.904,expert4_eval,5104472064,2084
1790751182.272035,3039400,2385.925,expert4_eval,5104472064,2084
1790751183.292775,3039400,2386.946,expert4_eval,5104472064,2084
1790751184.3169181,3039400,2387.97,expert4_eval,5104472064,2084
1790751185.3382988,3039400,2388.991,expert4_eval,5104472064,2084
1790751186.3600516,3039400,2390.013,expert4_eval,5104472064,2084
1790751187.3894732,3039400,2391.043,expert4_eval,5104472064,2084
1790751188.4115431,3039400,2392.065,expert4_eval,5104472064,2084
1790751189.440468,3039400,2393.094,expert4_eval,5104472064,2084
1790751190.461565,3039400,2394.115,expert4_eval,5104472064,2084
1790751191.4913752,3039400,2395.145,expert4_eval,5104472064,2084
1790751192.5149593,3039400,2396.168,expert4_eval,5104472064,2084
1790751193.5404449,3039400,2397.194,expert4_eval,5104472064,2084
1790751194.563402,3039400,2398.217,expert4_eval,5104472064,2084
1790751195.582897,3039400,2399.236,expert4_eval,5104472064,2084
1790751196.60555,3039400,2400.259,expert4_eval,5104472064,2084
1790751197.6289105,3039400,2401.282,expert4_eval,5104472064,2084
1790751198.6497848,3039400,2402.303,expert4_eval,5104472064,2084
1790751199.6744397,3039400,2403.328,expert4_eval,5104472064,2084
1790751200.6993244,3039400,2404.352,expert4_eval,5104472064,2084
1790751201.7423325,3039400,2405.395,expert4_eval,5104472064,2084
1790751202.7631004,3039400,2406.416,expert4_eval,5104472064,2084
1790751203.7818234,3039400,2407.435,expert4_eval,5104472064,2084
1790751204.8070836,3039400,2408.46,expert4_eval,5104472064,2084
1790751205.8365922,3039400,2409.49,expert4_eval,5104472064,2084
1790751206.8579807,3039400,2410.511,expert4_eval,5104472064,2084
1790751207.8818924,3039400,2411.535,expert4_eval,5104472064,2084
1790751208.9011645,3039400,2412.554,expert4_eval,5104472064,2084
1790751209.9256637,3039400,2413.579,expert4_eval,5104472064,2084
1790751210.9474425,3039400,2414.601,expert4_eval,5104472064,2084
1790751211.9687843,3039400,2415.622,expert4_eval,5104472064,2084
1790751212.9889176,3039400,2416.642,expert4_eval,5104472064,2084
1790751214.0114477,3039400,2417.665,expert4_eval,5104472064,2084
1790751215.03283,3039400,2418.686,expert4_eval,5104472064,2084
1790751216.0543377,3039400,2419.707,expert4_eval,5104472064,2084
1790751217.0806694,3039400,2420.734,expert4_eval,5104472064,2084
1790751218.10464,3039400,2421.758,expert4_eval,5104472064,2084
1790751219.1301115,3039400,2422.783,expert4_eval,5104472064,2084
1790751220.1548564,3039400,2423.808,expert4_eval,5104472064,2084
1790751221.1786308,3039400,2424.832,expert4_eval,5104472064,2084
1790751222.2026398,3039400,2425.856,expert4_eval,5104472064,2084
1790751223.223726,3039400,2426.877,expert4_eval,5104472064,2084
1790751224.2470953,3039400,2427.9,expert4_eval,5104472064,2084
1790751225.2710888,3039400,2428.924,expert4_eval,5104472064,2084
1790751226.3004541,3039400,2429.954,expert4_eval,5104472064,2084
1790751227.3268416,3039400,2430.98,expert4_eval,5104472064,2084
1790751228.348604,3039400,2432.002,expert4_eval,5104472064,2084
1790751229.36771,3039400,2433.021,expert4_eval,5104472064,2084
1790751230.3884504,3039400,2434.042,expert4_eval,5104472064,2084
1790751231.4105756,3039400,2435.064,expert4_eval,5104472064,2084
1790751232.4320958,3039400,2436.085,expert4_eval,5104472064,2084
1790751233.4549882,3039400,2437.108,expert4_eval,5104472064,2084
1790751234.4764817,3039400,2438.13,expert4_eval,5104472064,2084
1790751235.4979126,3039400,2439.151,expert4_eval,5104472064,2084
1790751236.518979,3039400,2440.172,expert4_eval,5104472064,2084
1790751237.5412755,3039400,2441.194,expert4_eval,5104472064,2084
1790751238.5652761,3039400,2442.218,expert4_eval,5104472064,2084
1790751239.5875943,3039400,2443.241,expert4_eval,5104472064,2084
1790751240.6130557,3039400,2444.266,expert4_eval,5104472064,2084
1790751241.6374593,3039400,2445.291,expert4_eval,5104472064,2084
1790751242.6593492,3039400,2446.312,expert4_eval,5104472064,2084
1790751243.683739,3039400,2447.337,expert4_eval,5104472064,2084
1790751244.7087603,3039400,2448.362,expert4_eval,5104472064,2084
1790751245.7286828,3039400,2449.382,expert4_eval,5104472064,2084
1790751246.7514458,3039400,2450.405,expert4_eval,5104472064,2084
1790751247.7829826,3039400,2451.436,expert4_eval,5104472064,2084
1790751248.8091424,3039400,2452.462,expert4_eval,5104472064,2084
1790751249.8339741,3039400,2453.487,expert4_eval,5104472064,2084
1790751250.8592765,3039400,2454.512,expert4_eval,5104472064,2084
1790751251.8839798,3039400,2455.537,expert4_eval,5104472064,2084
1790751252.9082775,3039400,2456.561,expert4_eval,5104472064,2084
1790751253.9309568,3039400,2457.584,expert4_eval,5104472064,2084
1790751254.9567904,3039400,2458.61,expert4_eval,5104472064,2084
1790751255.9813673,3039400,2459.635,expert4_eval,5104472064,2084
1790751257.0052536,3039400,2460.658,expert4_eval,5104472064,2084
1790751258.0289664,3039400,2461.682,expert4_eval,5104472064,2084
1790751259.0513377,3039400,2462.704,expert4_eval,5104472064,2084
1790751260.0761456,3039400,2463.729,expert4_eval,5104472064,2084
1790751261.0983148,3039400,2464.751,expert4_eval,5104472064,2084
1790751262.120447,3039400,2465.774,expert4_eval,5104472064,2084
1790751263.142604,3039400,2466.796,expert4_eval,5104472064,2084
1790751264.1652522,3039400,2467.818,expert4_eval,5104472064,2084
1790751265.1905155,3039400,2468.844,expert4_eval,5104472064,2084
1790751266.2152917,3039400,2469.868,expert4_eval,5104472064,2084
1790751267.235898,3039400,2470.889,expert4_eval,5104472064,2084
1790751268.2599394,3039400,2471.913,expert4_eval,5104472064,2084
1790751269.2832708,3039400,2472.936,expert4_eval,5104472064,2084
1790751270.3057356,3039400,2473.959,expert4_eval,5104472064,2084
1790751271.3254206,3039400,2474.979,expert4_eval,5104472064,2084
1790751272.3457713,3039400,2475.999,expert4_eval,5104472064,2084
1790751273.366777,3039400,2477.02,expert4_eval,5104472064,2084
1790751274.3883584,3039400,2478.041,expert4_eval,5104472064,2084
1790751275.4141276,3039400,2479.067,expert4_eval,5104472064,2084
1790751276.438267,3039400,2480.091,expert4_eval,5104472064,2084
1790751277.46052,3039400,2481.114,expert4_eval,5104472064,2084
1790751278.4819777,3039400,2482.135,expert4_eval,5104472064,2084
1790751279.5052388,3039400,2483.158,expert4_eval,5104472064,2084
1790751280.5288994,3039400,2484.182,expert4_eval,5104472064,2084
1790751281.5825055,3039400,2485.236,expert4_eval,5104472064,2084
1790751282.6056154,3039400,2486.259,expert4_eval,5104472064,2084
1790751283.6297474,3039400,2487.283,expert4_eval,5104472064,2084
1790751284.6524665,3039400,2488.306,expert4_eval,5104472064,2084
1790751285.67584,3039400,2489.329,expert4_eval,5104472064,2084
1790751286.7049475,3039400,2490.358,expert4_eval,5104472064,2084
1790751287.7265768,3039400,2491.38,expert4_eval,5104472064,2084
1790751288.7490103,3039400,2492.402,expert4_eval,5104472064,2084
1790751289.773375,3039400,2493.427,expert4_eval,5104472064,2084
1790751290.7950704,3039400,2494.448,expert4_eval,5104472064,2084
1790751291.818171,3039400,2495.471,expert4_eval,5104472064,2084
1790751292.8418772,3039400,2496.495,expert4_eval,5104472064,2084
1790751293.8653386,3039400,2497.518,expert4_eval,5104472064,2084
1790751294.886364,3039400,2498.54,expert4_eval,5104472064,2084
1790751295.9108462,3039400,2499.564,expert4_eval,5104472064,2084
1790751296.935701,3039400,2500.589,expert4_eval,5104472064,2084
1790751297.9645827,3039400,2501.618,expert4_eval,5104472064,2084
1790751298.9893146,3039400,2502.642,expert4_eval,5104472064,2084
1790751300.0143282,3039400,2503.667,expert4_eval,5104472064,2084
1790751301.0425384,3039400,2504.696,expert4_eval,5104472064,2084
1790751302.0718029,3039400,2505.725,expert4_eval,5104472064,2084
1790751303.0930414,3039400,2506.746,expert4_eval,5104472064,2084
1790751304.1182847,3039400,2507.771,expert4_eval,5104472064,2084
1790751305.1393936,3039400,2508.793,expert4_eval,5104472064,2084
1790751306.1692135,3039400,2509.822,expert4_eval,5104472064,2084
1790751307.1947112,3039400,2510.848,expert4_eval,5104472064,2084
1790751308.2165806,3039400,2511.87,expert4_eval,5104472064,2084
1790751309.2372708,3039400,2512.89,expert4_eval,5104472064,2084
1790751310.259959,3039400,2513.913,expert4_eval,5104472064,2084
1790751311.327539,3039400,2514.981,expert4_eval,5104472064,2084
1790751312.3523476,3039400,2516.005,expert4_eval,5104472064,2084
1790751313.3769286,3039400,2517.03,expert4_eval,5104472064,2084
1790751314.3980238,3039400,2518.051,expert4_eval,5104472064,2084
1790751315.4182708,3039400,2519.071,expert4_eval,5104472064,2084
1790751316.440743,3039400,2520.094,expert4_eval,5104472064,2084
1790751317.465628,3039400,2521.119,expert4_eval,5104472064,2084
1790751318.490459,3039400,2522.144,expert4_eval,5104472064,2084
1790751319.5362287,3039400,2523.189,expert4_eval,5104472064,2084
1790751320.5631244,3039400,2524.216,expert4_eval,5104472064,2084
1790751321.5869925,3039400,2525.24,expert4_eval,5104472064,2084
1790751322.6120703,3039400,2526.265,expert4_eval,5104472064,2084
1790751323.6374533,3039400,2527.291,expert4_eval,5104472064,2084
1790751324.6621983,3039400,2528.315,expert4_eval,5104472064,2084
1790751325.6868246,3039400,2529.34,expert4_eval,5104472064,2084
1790751326.7074938,3039400,2530.361,expert4_eval,5104472064,2084
1790751327.733361,3039400,2531.387,expert4_eval,5104472064,2084
1790751328.7583973,3039400,2532.412,expert4_eval,5104472064,2084
1790751329.780934,3039400,2533.434,expert4_eval,5104472064,2084
1790751330.800436,3039400,2534.454,expert4_eval,5104472064,2084
1790751331.8244572,3039400,2535.478,expert4_eval,5104472064,2084
1790751332.8468246,3039400,2536.5,expert4_eval,5104472064,2084
1790751333.868456,3039400,2537.522,expert4_eval,5104472064,2084
1790751334.8882596,3039400,2538.541,expert4_eval,5104472064,2084
1790751335.9108207,3039400,2539.564,expert4_eval,5104472064,2084
1790751336.9321835,3039400,2540.585,expert4_eval,5104472064,2084
1790751337.9553516,3039400,2541.608,expert4_eval,5104472064,2084
1790751338.9779835,3039400,2542.631,expert4_eval,5104472064,2084
1790751340.0001242,3039400,2543.653,expert4_eval,5104472064,2084
1790751341.041891,3039400,2544.695,expert4_eval,5104472064,2084
1790751342.0653393,3039400,2545.718,expert4_eval,5104472064,2084
1790751343.0863752,3039400,2546.74,expert4_eval,5104472064,2084
1790751344.107158,3039400,2547.76,expert4_eval,5104472064,2084
1790751345.1282868,3039400,2548.781,expert4_eval,5104472064,2084
1790751346.1475494,3039400,2549.801,expert4_eval,5104472064,2084
1790751347.1692505,3039400,2550.822,expert4_eval,5104472064,2084
1790751348.193004,3039400,2551.846,expert4_eval,5104472064,2084
1790751349.2181165,3039400,2552.871,expert4_eval,5104472064,2084
1790751350.2434835,3039400,2553.897,expert4_eval,5104472064,2084
1790751351.2659948,3039400,2554.919,expert4_eval,5104472064,2084
1790751352.2932494,3039400,2555.946,expert4_eval,5104472064,2084
1790751353.316947,3039400,2556.97,expert4_eval,5104472064,2084
1790751354.3392656,3039400,2557.992,expert4_eval,5104472064,2084
1790751355.3603387,3039400,2559.013,expert4_eval,5104472064,2084
1790751356.3797774,3039400,2560.033,expert4_eval,5104472064,2084
1790751357.4019759,3039400,2561.055,expert4_eval,5104472064,2084
1790751358.4242356,3039400,2562.077,expert4_eval,5104472064,2084
1790751359.446537,3039400,2563.1,expert4_eval,5104472064,2084
1790751360.4734747,3039400,2564.127,expert4_eval,5104472064,2084
1790751361.4975529,3039400,2565.151,expert4_eval,5104472064,2084
1790751362.5224087,3039400,2566.176,expert4_eval,5104472064,2084
1790751363.5467892,3039400,2567.2,expert4_eval,5104472064,2084
1790751364.5716887,3039400,2568.225,expert4_eval,5104472064,2084
1790751365.6265154,3039400,2569.28,expert4_eval,5104472064,2084
1790751366.6504831,3039400,2570.304,expert4_eval,5104472064,2084
1790751367.6725569,3039400,2571.326,expert4_eval,5104472064,2084
1790751368.6943445,3039400,2572.347,expert4_eval,5104472064,2084
1790751369.716639,3039400,2573.37,expert4_eval,5104472064,2084
1790751370.7371616,3039400,2574.39,expert4_eval,5104472064,2084
1790751371.7571487,3039400,2575.41,expert4_eval,5104472064,2084
1790751372.7820082,3039400,2576.435,expert4_eval,5104472064,2084
1790751373.8065264,3039400,2577.46,expert4_eval,5104472064,2084
1790751374.8337874,3039400,2578.487,expert4_eval,5104472064,2084
1790751375.8588333,3039400,2579.512,expert4_eval,5104472064,2084
1790751376.8782108,3039400,2580.531,expert4_eval,5104472064,2084
1790751377.8985436,3039400,2581.552,expert4_eval,5104472064,2084
1790751378.9204772,3039400,2582.574,expert4_eval,5104472064,2084
1790751379.9478111,3039400,2583.601,expert4_eval,5104472064,2084
1790751380.970413,3039400,2584.624,expert4_eval,5104472064,2084
1790751381.9925573,3039400,2585.646,expert4_eval,5104472064,2084
1790751383.017216,3039400,2586.67,expert4_eval,5104472064,2084
1790751384.0438006,3039400,2587.697,expert4_eval,5104472064,2084
1790751385.0683854,3039400,2588.722,expert4_eval,5104472064,2084
1790751386.0913637,3039400,2589.745,expert4_eval,5104472064,2084
1790751387.1112473,3039400,2590.764,expert4_eval,5104472064,2084
1790751388.13547,3039400,2591.789,expert4_eval,5104472064,2084
1790751389.159814,3039400,2592.813,expert4_eval,5104472064,2084
1790751390.183999,3039400,2593.837,expert4_eval,5104472064,2084
1790751391.2096636,3039400,2594.863,expert4_eval,5104472064,2084
1790751392.2333992,3039400,2595.887,expert4_eval,5104472064,2084
1790751393.2547877,3039400,2596.908,expert4_eval,5104472064,2084
1790751394.2747009,3039400,2597.928,expert4_eval,5104472064,2084
1790751395.2968318,3039400,2598.95,expert4_eval,5104472064,2084
1790751396.3171737,3039400,2599.97,expert4_eval,5104472064,2084
1790751397.3377225,3039400,2600.991,expert4_eval,5104472064,2084
1790751398.359453,3039400,2602.013,expert4_eval,5104472064,2084
1790751399.3877883,3039400,2603.041,expert4_eval,5104472064,2084
1790751400.4127998,3039400,2604.066,expert4_eval,5104472064,2084
1790751401.434544,3039400,2605.088,expert4_eval,5104472064,2084
1790751402.459667,3039400,2606.113,expert4_eval,5104472064,2084
1790751403.482877,3039400,2607.136,expert4_eval,5104472064,2084
1790751404.5033805,3039400,2608.157,expert4_eval,5104472064,2084
1790751405.5246327,3039400,2609.178,expert4_eval,5104472064,2084
1790751406.5519142,3039400,2610.205,expert4_eval,5104472064,2084
1790751407.5712042,3039400,2611.224,expert4_eval,5104472064,2084
1790751408.5902529,3039400,2612.243,expert4_eval,5104472064,2084
1790751409.6116855,3039400,2613.265,expert4_eval,5104472064,2084
1790751410.6358762,3039400,2614.289,expert4_eval,5104472064,2084
1790751411.6585596,3039400,2615.312,expert4_eval,5104472064,2084
1790751412.68287,3039400,2616.336,expert4_eval,5104472064,2084
1790751413.7072,3039400,2617.36,expert4_eval,5104472064,2084
1790751414.7313359,3039400,2618.384,expert4_eval,5104472064,2084
1790751415.7520158,3039400,2619.405,expert4_eval,5104472064,2084
1790751416.7742083,3039400,2620.427,expert4_eval,5104472064,2084
1790751417.79328,3039400,2621.446,expert4_eval,5104472064,2084
1790751418.812946,3039400,2622.466,expert4_eval,5104472064,2084
1790751419.8318393,3039400,2623.485,expert4_eval,5104472064,2084
1790751420.8527124,3039400,2624.506,expert4_eval,5104472064,2084
1790751421.8737583,3039400,2625.527,expert4_eval,5104472064,2084
1790751422.897866,3039400,2626.551,expert4_eval,5104472064,2084
1790751423.9197936,3039400,2627.573,expert4_eval,5104472064,2084
1790751424.9406538,3039400,2628.594,expert4_eval,5104472064,2084
1790751425.964869,3039400,2629.618,expert4_eval,5104472064,2084
1790751426.9918513,3039400,2630.645,expert4_eval,5104472064,2084
1790751428.01726,3039400,2631.67,expert4_eval,5104472064,2084
1790751429.0363383,3039400,2632.689,expert4_eval,5104472064,2084
1790751430.0554454,3039400,2633.709,expert4_eval,5104472064,2084
1790751431.079011,3039400,2634.732,expert4_eval,5104472064,2084
1790751432.1048017,3039400,2635.758,expert4_eval,5104472064,2084
1790751433.1246257,3039400,2636.778,expert4_eval,5104472064,2084
1790751434.147217,3039400,2637.8,expert4_eval,5104472064,2084
1790751435.173664,3039400,2638.827,expert4_eval,5104472064,2084
1790751436.1949706,3039400,2639.848,expert4_eval,5104472064,2084
1790751437.219874,3039400,2640.873,expert4_eval,5104472064,2084
1790751438.2433777,3039400,2641.897,expert4_eval,5104472064,2084
1790751439.2650566,3039400,2642.918,expert4_eval,5104472064,2084
1790751440.2888238,3039400,2643.942,expert4_eval,5104472064,2084
1790751441.3134043,3039400,2644.967,expert4_eval,5104472064,2084
1790751442.3327007,3039400,2645.986,expert4_eval,5104472064,2084
1790751443.3531165,3039400,2647.006,expert4_eval,5104472064,2084
1790751444.3734813,3039400,2648.027,expert4_eval,5104472064,2084
1790751445.394897,3039400,2649.048,expert4_eval,5104472064,2084
1790751446.4193416,3039400,2650.072,expert4_eval,5104472064,2084
1790751447.4443307,3039400,2651.097,expert4_eval,5104472064,2084
1790751448.4663582,3039400,2652.119,expert4_eval,5104472064,2084
1790751449.4869375,3039400,2653.14,expert4_eval,5104472064,2084
1790751450.5072513,3039400,2654.16,expert4_eval,5104472064,2084
1790751451.5258012,3039400,2655.179,expert4_eval,5104472064,2084
1790751452.54847,3039400,2656.202,expert4_eval,5104472064,2084
1790751453.570484,3039400,2657.224,expert4_eval,5104472064,2084
1790751454.5963733,3039400,2658.25,expert4_eval,5104472064,2084
1790751455.6179986,3039400,2659.271,expert4_eval,5104472064,2084
1790751456.6387625,3039400,2660.292,expert4_eval,5104472064,2084
1790751457.6602023,3039400,2661.313,expert4_eval,5104472064,2084
1790751458.6833441,3039400,2662.336,expert4_eval,5104472064,2084
1790751459.7077365,3039400,2663.361,expert4_eval,5104472064,2084
1790751460.730992,3039400,2664.384,expert4_eval,5104472064,2084
1790751461.7532468,3039400,2665.406,expert4_eval,5104472064,2084
1790751462.7766638,3039400,2666.43,expert4_eval,5104472064,2084
1790751463.801396,3039400,2667.455,expert4_eval,5104472064,2084
1790751464.8247762,3039400,2668.478,expert4_eval,5104472064,2084
1790751465.8458667,3039400,2669.499,expert4_eval,5104472064,2084
1790751466.866289,3039400,2670.519,expert4_eval,5104472064,2084
1790751467.8879368,3039400,2671.541,expert4_eval,5104472064,2084
1790751468.9119098,3039400,2672.565,expert4_eval,5104472064,2084
1790751469.9365253,3039400,2673.59,expert4_eval,5104472064,2084
1790751470.9591727,3039400,2674.612,expert4_eval,5104472064,2084
1790751471.9867413,3039400,2675.64,expert4_eval,5104472064,2084
1790751473.007666,3039400,2676.661,expert4_eval,5104472064,2084
1790751474.0293057,3039400,2677.682,expert4_eval,5104472064,2084
1790751475.0517545,3039400,2678.705,expert4_eval,5104472064,2084
1790751476.0732536,3039400,2679.726,expert4_eval,5104472064,2084
1790751477.0974936,3039400,2680.751,expert4_eval,5104472064,2084
1790751478.122698,3039400,2681.776,expert4_eval,5104472064,2084
1790751479.1431687,3039400,2682.796,expert4_eval,5104472064,2084
1790751480.1624472,3039400,2683.816,expert4_eval,5104472064,2084
1790751481.1827166,3039400,2684.836,expert4_eval,5104472064,2084
1790751482.202906,3039400,2685.856,expert4_eval,5104472064,2084
1790751483.2321868,3039400,2686.885,expert4_eval,5104472064,2084
1790751484.2656898,3039400,2687.919,expert4_eval,5104472064,2084
1790751485.298878,3039400,2688.952,expert4_eval,5104472064,2084
1790751486.32745,3039400,2689.981,expert4_eval,5104472064,2084
1790751487.356815,3039400,2691.01,expert4_eval,5104472064,2084
1790751488.3860738,3039400,2692.039,expert4_eval,5104472064,2084
1790751489.4177175,3039400,2693.071,expert4_eval,5104472064,2084
1790751490.4451723,3039400,2694.098,expert4_eval,5104472064,2084
1790751491.470451,3039400,2695.124,expert4_eval,5104472064,2084
1790751492.4945352,3039400,2696.148,expert4_eval,5104472064,2084
1790751493.5231445,3039400,2697.176,expert5_fit,4453945344,772
1790751494.5463738,3039400,2698.2,expert5_fit,4453945344,1328
1790751495.570632,3039400,2699.224,expert5_fit,4453945344,1328
1790751496.5916798,3039400,2700.245,starting,4453945344,1424
1790751497.6138353,3039400,2701.267,starting,4453945344,1424
1790751498.6395125,3039400,2702.293,starting,4453945344,1424
1790751499.6616044,3039400,2703.315,starting,4453945344,1424
1790751500.6816645,3039400,2704.335,starting,4453945344,1424
1790751501.7040758,3039400,2705.357,starting,4453945344,1424
1790751502.7287257,3039400,2706.382,starting,4453945344,1424
1790751503.7542536,3039400,2707.407,expert5_route,4508536832,1564
1790751504.783878,3039400,2708.437,expert5_route,4508536832,1664
1790751505.8068259,3039400,2709.46,expert5_route,4508536832,1684
1790751506.8300564,3039400,2710.483,expert5_route,4508536832,1704
1790751507.8560328,3039400,2711.509,expert5_route,4508536832,1724
1790751508.8841505,3039400,2712.537,expert5_route,4508536832,1724
1790751509.904152,3039400,2713.557,expert5_route,4508536832,1724
1790751510.9256275,3039400,2714.579,expert5_route,4508536832,1744
1790751511.9489357,3039400,2715.602,expert5_route,4508536832,1744
1790751512.9713802,3039400,2716.625,expert5_route,4508536832,1744
1790751513.9939413,3039400,2717.647,expert5_route,4508536832,1744
1790751515.0192337,3039400,2718.672,expert5_route,4508536832,1744
1790751516.042395,3039400,2719.696,expert5_route,4508536832,1744
1790751517.0631213,3039400,2720.716,expert5_route,4508536832,1744
1790751518.0825212,3039400,2721.736,expert5_route,4508536832,1744
1790751519.1014712,3039400,2722.755,expert5_route,4508536832,1744
1790751520.135627,3039400,2723.789,expert5_route,4508536832,1744
1790751521.159547,3039400,2724.813,expert5_route,4508536832,1744
1790751522.1792061,3039400,2725.832,expert5_cal,4486344704,1744
1790751523.2001896,3039400,2726.853,expert5_cal,4486344704,1744
1790751524.2252223,3039400,2727.878,expert5_cal,4486344704,1744
1790751525.248812,3039400,2728.902,expert5_cal,4486344704,1744
1790751526.2712102,3039400,2729.924,expert5_cal,4486344704,1744
1790751527.2932353,3039400,2730.946,expert5_cal,4486344704,1744
1790751528.316361,3039400,2731.97,expert5_cal,4486344704,1744
1790751529.3364072,3039400,2732.99,expert5_cal,4486344704,1744
1790751530.3565779,3039400,2734.01,expert5_cal,4486344704,1744
1790751531.376193,3039400,2735.029,expert5_cal,4486344704,1744
1790751532.3979726,3039400,2736.051,expert5_cal,4486344704,1744
1790751533.4178417,3039400,2737.071,expert5_cal,4486344704,1744
1790751534.4433973,3039400,2738.097,expert5_eval,5181411328,1744
1790751535.4725296,3039400,2739.126,expert5_eval,5573578752,1744
1790751536.4944944,3039400,2740.148,expert5_eval,5013762048,1744
1790751537.5188806,3039400,2741.172,expert5_eval,5013762048,1744
1790751538.5386758,3039400,2742.192,expert5_eval,5013762048,1744
1790751539.5588286,3039400,2743.212,expert5_eval,5013762048,1744
1790751540.5812666,3039400,2744.234,expert5_eval,5013762048,1744
1790751541.6056986,3039400,2745.259,expert5_eval,5013762048,1744
1790751542.6277268,3039400,2746.281,expert5_eval,5013762048,1744
1790751543.6520162,3039400,2747.305,expert5_eval,5013762048,1744
1790751544.6727629,3039400,2748.326,expert5_eval,5013762048,1744
1790751545.6953456,3039400,2749.348,expert5_eval,5013762048,1744
1790751546.7170775,3039400,2750.37,expert5_eval,5013762048,1744
1790751547.7431448,3039400,2751.396,expert5_eval,5013762048,1744
1790751548.7693338,3039400,2752.422,expert5_eval,5013762048,1744
1790751549.79349,3039400,2753.447,expert5_eval,5013762048,1744
1790751550.8131058,3039400,2754.466,expert5_eval,5013762048,1744
1790751551.834865,3039400,2755.488,expert5_eval,5013762048,1744
1790751552.8543386,3039400,2756.507,expert5_eval,5013762048,1744
1790751553.8783746,3039400,2757.532,expert5_eval,5013762048,1744
1790751554.9051204,3039400,2758.558,expert5_eval,5013762048,1744
1790751555.9299874,3039400,2759.583,expert5_eval,5013762048,1744
1790751556.9505496,3039400,2760.604,expert5_eval,5013762048,1744
1790751557.9722455,3039400,2761.625,expert5_eval,5013762048,1744
1790751558.9935741,3039400,2762.647,expert5_eval,5013762048,1744
1790751560.014715,3039400,2763.668,expert5_eval,5013762048,1744
1790751561.068091,3039400,2764.721,expert5_eval,5013762048,1744
1790751562.0892773,3039400,2765.742,expert5_eval,5013762048,1744
1790751563.1090727,3039400,2766.762,expert5_eval,5013762048,1744
1790751564.131622,3039400,2767.785,expert5_eval,5013762048,1744
1790751565.1523004,3039400,2768.805,expert5_eval,5013762048,1744
1790751566.173436,3039400,2769.827,expert5_eval,5013762048,1744
1790751567.197267,3039400,2770.85,expert5_eval,5013762048,1744
1790751568.2260208,3039400,2771.879,expert5_eval,5013762048,1744
1790751569.2451682,3039400,2772.898,expert5_eval,5013762048,1744
1790751570.267139,3039400,2773.92,expert5_eval,5013762048,1744
1790751571.292141,3039400,2774.945,expert5_eval,5013762048,1744
1790751572.3187766,3039400,2775.972,expert5_eval,5013762048,1744
1790751573.340884,3039400,2776.994,expert5_eval,5013762048,1744
1790751574.3630385,3039400,2778.016,expert5_eval,5013762048,1744
1790751575.384696,3039400,2779.038,expert5_eval,5013762048,1744
1790751576.441449,3039400,2780.095,expert5_eval,5013762048,1744
1790751577.4698784,3039400,2781.123,expert5_eval,5013762048,1744
1790751578.4977725,3039400,2782.151,expert5_eval,5013762048,1744
1790751579.5215108,3039400,2783.175,expert5_eval,5013762048,1744
1790751580.548631,3039400,2784.202,expert5_eval,5013762048,1744
1790751581.571593,3039400,2785.225,expert5_eval,5013762048,1744
1790751582.5950422,3039400,2786.248,expert5_eval,5013762048,1744
1790751583.614879,3039400,2787.268,expert5_eval,5013762048,1744
1790751584.637822,3039400,2788.291,expert5_eval,5013762048,1744
1790751585.6632116,3039400,2789.316,expert5_eval,5013762048,1744
1790751586.6898363,3039400,2790.343,expert5_eval,5013762048,1744
1790751587.7160316,3039400,2791.369,expert5_eval,5013762048,1744
1790751588.7408712,3039400,2792.394,expert5_eval,5013762048,1744
1790751589.7678955,3039400,2793.421,expert5_eval,5013762048,1744
1790751590.7925017,3039400,2794.446,expert5_eval,5013762048,1744
1790751591.8138428,3039400,2795.467,expert5_eval,5013762048,1744
1790751592.835577,3039400,2796.489,expert5_eval,5013762048,1744
1790751593.8574376,3039400,2797.511,expert5_eval,5013762048,1744
1790751594.8802435,3039400,2798.533,expert5_eval,5013762048,1744
1790751595.9008691,3039400,2799.554,expert5_eval,5013762048,1744
1790751596.923412,3039400,2800.577,expert5_eval,5013762048,1744
1790751597.945449,3039400,2801.599,expert5_eval,5013762048,1744
1790751598.9733398,3039400,2802.626,expert5_eval,5013762048,1744
1790751599.993646,3039400,2803.647,expert5_eval,5013762048,1744
1790751601.0153027,3039400,2804.668,expert5_eval,5013762048,1744
1790751602.0382087,3039400,2805.691,expert5_eval,5013762048,1744
1790751603.058743,3039400,2806.712,expert5_eval,5013762048,1744
1790751604.0791688,3039400,2807.732,expert5_eval,5013762048,1744
1790751605.1022904,3039400,2808.755,expert5_eval,5013762048,1744
1790751606.125821,3039400,2809.779,expert5_eval,5013762048,1744
1790751607.1520226,3039400,2810.805,expert5_eval,5013762048,1744
1790751608.177378,3039400,2811.831,expert5_eval,5013762048,1744
1790751609.1979084,3039400,2812.851,expert5_eval,5013762048,1744
1790751610.2225835,3039400,2813.876,expert5_eval,5013762048,1744
1790751611.24438,3039400,2814.898,expert5_eval,5013762048,1744
1790751612.2657,3039400,2815.919,expert5_eval,5013762048,1744
1790751613.290864,3039400,2816.944,expert5_eval,5013762048,1744
1790751614.3159695,3039400,2817.969,expert5_eval,5013762048,1744
1790751615.3410115,3039400,2818.994,expert5_eval,5013762048,1744
1790751616.364702,3039400,2820.018,expert5_eval,5013762048,1744
1790751617.3869333,3039400,2821.04,expert5_eval,5013762048,1744
1790751618.4142325,3039400,2822.067,expert5_eval,5013762048,1744
1790751619.4397016,3039400,2823.093,expert5_eval,5013762048,1744
1790751620.463937,3039400,2824.117,expert5_eval,5013762048,1744
1790751621.4869816,3039400,2825.14,expert5_eval,5013762048,1744
1790751622.5090015,3039400,2826.162,expert5_eval,5013762048,1744
1790751623.531524,3039400,2827.185,expert5_eval,5013762048,1744
1790751624.557881,3039400,2828.211,expert5_eval,5013762048,1744
1790751625.5990407,3039400,2829.252,expert5_eval,5013762048,1744
1790751626.6226964,3039400,2830.276,expert5_eval,5013762048,1744
1790751627.6493614,3039400,2831.303,expert5_eval,5013762048,1744
1790751628.6710927,3039400,2832.324,expert5_eval,5013762048,1744
1790751629.6961694,3039400,2833.349,expert5_eval,5013762048,1744
1790751630.7223642,3039400,2834.376,expert5_eval,5013762048,1744
1790751631.7472308,3039400,2835.4,expert5_eval,5013762048,1744
1790751632.7689824,3039400,2836.422,expert5_eval,5013762048,1744
1790751633.7923374,3039400,2837.445,expert5_eval,5013762048,1744
1790751634.8115168,3039400,2838.465,expert5_eval,5013762048,1744
1790751635.8338609,3039400,2839.487,expert5_eval,5013762048,1744
1790751636.858168,3039400,2840.511,expert5_eval,5013762048,1744
1790751637.8814888,3039400,2841.535,expert5_eval,5013762048,1744
1790751638.902154,3039400,2842.555,expert5_eval,5013762048,1744
1790751639.921676,3039400,2843.575,expert5_eval,5013762048,1744
1790751640.9437966,3039400,2844.597,expert5_eval,5013762048,1744
1790751641.969098,3039400,2845.622,expert5_eval,5013762048,1744
1790751642.9912724,3039400,2846.644,expert5_eval,5013762048,1744
1790751644.0128903,3039400,2847.666,expert5_eval,5013762048,1744
1790751645.0688026,3039400,2848.722,expert5_eval,5013762048,1744
1790751646.0927682,3039400,2849.746,expert5_eval,5013762048,1744
1790751647.121734,3039400,2850.775,expert5_eval,5013762048,1744
1790751648.1528544,3039400,2851.806,expert5_eval,5013762048,1744
1790751649.174401,3039400,2852.828,expert5_eval,5013762048,1744
1790751650.1949573,3039400,2853.848,expert5_eval,5013762048,1744
1790751651.2183652,3039400,2854.872,expert5_eval,5013762048,1744
1790751652.2385223,3039400,2855.892,expert5_eval,5013762048,1744
1790751653.2598076,3039400,2856.913,expert5_eval,5013762048,1744
1790751654.3021412,3039400,2857.955,expert5_eval,5013762048,1744
1790751655.320403,3039400,2858.974,expert5_eval,5013762048,1744
1790751656.3413348,3039400,2859.994,expert5_eval,5013762048,1744
1790751657.3619769,3039400,2861.015,expert5_eval,5013762048,1744
1790751658.3819747,3039400,2862.035,expert5_eval,5013762048,1744
1790751659.4055355,3039400,2863.059,expert5_eval,5013762048,1744
1790751660.432343,3039400,2864.085,expert5_eval,5013762048,1744
1790751661.4588685,3039400,2865.112,expert5_eval,5013762048,1744
1790751662.4855812,3039400,2866.139,expert5_eval,5013762048,1744
1790751663.509374,3039400,2867.163,expert5_eval,5013762048,1744
1790751664.5314386,3039400,2868.185,expert5_eval,5013762048,1744
1790751665.5558589,3039400,2869.209,expert5_eval,5013762048,1744
1790751666.576224,3039400,2870.229,expert5_eval,5013762048,1744
1790751667.6285205,3039400,2871.282,expert5_eval,5013762048,1744
1790751668.6493642,3039400,2872.303,expert5_eval,5013762048,1744
1790751669.6694827,3039400,2873.323,expert5_eval,5013762048,1744
1790751670.6885362,3039400,2874.342,expert5_eval,5013762048,1744
1790751671.711519,3039400,2875.365,expert5_eval,5013762048,1744
1790751672.7368321,3039400,2876.39,expert5_eval,5013762048,1744
1790751673.7602534,3039400,2877.413,expert5_eval,5013762048,1744
1790751674.7854414,3039400,2878.439,expert5_eval,5013762048,1744
1790751675.8089914,3039400,2879.462,expert5_eval,5013762048,1744
1790751676.8302097,3039400,2880.483,expert5_eval,5013762048,1744
1790751677.8492956,3039400,2881.502,expert5_eval,5013762048,1744
1790751678.8695364,3039400,2882.523,expert5_eval,5013762048,1744
1790751679.891177,3039400,2883.544,expert5_eval,5013762048,1744
1790751680.9132116,3039400,2884.566,expert5_eval,5013762048,1744
1790751681.936048,3039400,2885.589,expert5_eval,5013762048,1744
1790751682.9602458,3039400,2886.613,expert5_eval,5013762048,1744
1790751683.9848785,3039400,2887.638,expert5_eval,5013762048,1744
1790751685.008119,3039400,2888.661,expert5_eval,5013762048,1744
1790751686.0351233,3039400,2889.688,expert5_eval,5013762048,1744
1790751687.0577822,3039400,2890.711,expert5_eval,5013762048,1744
1790751688.0806887,3039400,2891.734,expert5_eval,5013762048,1744
1790751689.1061397,3039400,2892.759,expert5_eval,5013762048,1744
1790751690.128086,3039400,2893.781,expert5_eval,5013762048,1744
1790751691.1505964,3039400,2894.804,expert5_eval,5013762048,1744
1790751692.1763265,3039400,2895.829,expert5_eval,5013762048,1744
1790751693.2008522,3039400,2896.854,expert5_eval,5013762048,1744
1790751694.225957,3039400,2897.879,expert5_eval,5013762048,1744
1790751695.2490685,3039400,2898.902,expert5_eval,5013762048,1744
1790751696.2752743,3039400,2899.928,expert5_eval,5013762048,1744
1790751697.2996128,3039400,2900.953,expert5_eval,5013762048,1744
1790751698.3250127,3039400,2901.978,expert5_eval,5013762048,1744
1790751699.3502336,3039400,2903.003,expert5_eval,5013762048,1744
1790751700.3761096,3039400,2904.029,expert5_eval,5013762048,1744
1790751701.397503,3039400,2905.051,expert5_eval,5013762048,1744
1790751702.4182107,3039400,2906.071,expert5_eval,5013762048,1744
1790751703.439058,3039400,2907.092,expert5_eval,5013762048,1744
1790751704.458148,3039400,2908.111,expert5_eval,5013762048,1744
1790751705.4791503,3039400,2909.132,expert5_eval,5013762048,1744
1790751706.5012136,3039400,2910.154,expert5_eval,5013762048,1744
1790751707.52431,3039400,2911.177,expert5_eval,5013762048,1744
1790751708.5442293,3039400,2912.197,expert5_eval,5013762048,1744
1790751709.5655918,3039400,2913.219,expert5_eval,5013762048,1744
1790751710.5871131,3039400,2914.24,expert5_eval,5013762048,1744
1790751711.6089773,3039400,2915.262,expert5_eval,5013762048,1744
1790751712.6297836,3039400,2916.283,expert5_eval,5013762048,1744
1790751713.649722,3039400,2917.303,expert5_eval,5013762048,1744
1790751714.6720166,3039400,2918.325,expert5_eval,5013762048,1744
1790751715.6945257,3039400,2919.348,expert5_eval,5013762048,1744
1790751716.7217546,3039400,2920.375,expert5_eval,5013762048,1744
1790751717.7438037,3039400,2921.397,expert5_eval,5013762048,1744
1790751718.7661726,3039400,2922.419,expert5_eval,5013762048,1744
1790751719.788754,3039400,2923.442,expert5_eval,5013762048,1744
1790751720.8090076,3039400,2924.462,expert5_eval,5013762048,1744
1790751721.8310726,3039400,2925.484,expert5_eval,5013762048,1744
1790751722.8566415,3039400,2926.51,expert5_eval,5013762048,1744
1790751723.8816273,3039400,2927.535,expert5_eval,5013762048,1744
1790751724.905157,3039400,2928.558,expert5_eval,5013762048,1744
1790751725.924147,3039400,2929.577,expert5_eval,5013762048,1744
1790751726.9458025,3039400,2930.599,expert5_eval,5013762048,1744
1790751727.9652138,3039400,2931.618,expert5_eval,5013762048,1744
1790751728.9858131,3039400,2932.639,expert5_eval,5013762048,1744
1790751730.0077732,3039400,2933.661,expert5_eval,5013762048,1744
1790751731.031011,3039400,2934.684,expert5_eval,5013762048,1744
1790751732.0555482,3039400,2935.709,expert5_eval,5013762048,1744
1790751733.077225,3039400,2936.73,expert5_eval,5013762048,1744
1790751734.1023126,3039400,2937.755,expert5_eval,5013762048,1744
1790751735.1285563,3039400,2938.782,expert5_eval,5013762048,1744
1790751736.1702838,3039400,2939.823,expert5_eval,5013762048,1744
1790751737.1926985,3039400,2940.846,expert5_eval,5013762048,1744
1790751738.2117162,3039400,2941.865,expert5_eval,5013762048,1744
1790751739.2328658,3039400,2942.886,expert5_eval,5013762048,1744
1790751740.2551098,3039400,2943.908,expert5_eval,5013762048,1744
1790751741.2770967,3039400,2944.93,expert5_eval,5013762048,1744
1790751742.3039987,3039400,2945.957,expert5_eval,5013762048,1744
1790751743.3289847,3039400,2946.982,expert5_eval,5013762048,1744
1790751744.3499126,3039400,2948.003,expert5_eval,5013762048,1744
1790751745.3705568,3039400,2949.024,expert5_eval,5013762048,1744
1790751746.3939757,3039400,2950.047,expert5_eval,5013762048,1744
1790751747.418573,3039400,2951.072,expert5_eval,5013762048,1744
1790751748.438064,3039400,2952.091,expert5_eval,5013762048,1744
1790751749.4590347,3039400,2953.112,expert5_eval,5013762048,1744
1790751750.4802637,3039400,2954.133,expert5_eval,5013762048,1744
1790751751.4998674,3039400,2955.153,expert5_eval,5013762048,1744
1790751752.521918,3039400,2956.175,expert5_eval,5013762048,1744
1790751753.5437155,3039400,2957.197,expert5_eval,5013762048,1744
1790751754.5677145,3039400,2958.221,expert5_eval,5013762048,1744
1790751755.5969303,3039400,2959.25,expert5_eval,5013762048,1744
1790751756.6223845,3039400,2960.276,expert5_eval,5013762048,1744
1790751757.6511495,3039400,2961.304,expert5_eval,5013762048,1744
1790751758.6797864,3039400,2962.333,expert5_eval,5013762048,1744
1790751759.7104743,3039400,2963.364,expert5_eval,5013762048,1744
1790751760.738052,3039400,2964.391,expert5_eval,5013762048,1744
1790751761.8011103,3039400,2965.454,expert5_eval,5013762048,1744
1790751762.8350513,3039400,2966.488,expert6_fit,4453945344,592
1790751763.8644307,3039400,2967.518,expert6_fit,4453945344,1344
1790751764.8967068,3039400,2968.55,starting,4453945344,1404
1790751765.9260726,3039400,2969.579,starting,4453945344,1404
1790751766.9568658,3039400,2970.61,starting,4453945344,1404
1790751767.980356,3039400,2971.633,starting,4453945344,1404
1790751769.005145,3039400,2972.658,starting,4453945344,1404
1790751770.0307672,3039400,2973.684,starting,4453945344,1404
1790751771.0621667,3039400,2974.715,expert6_route,4508536832,1444
1790751772.0885577,3039400,2975.742,expert6_route,4508536832,1564
1790751773.1142857,3039400,2976.767,expert6_route,4508536832,1604
1790751774.1450067,3039400,2977.798,expert6_route,4508536832,1604
1790751775.173971,3039400,2978.827,expert6_route,4508536832,1604
1790751776.2042994,3039400,2979.857,expert6_route,4508536832,1604
1790751777.2592945,3039400,2980.912,expert6_route,4508536832,1604
1790751778.289796,3039400,2981.943,expert6_route,4508536832,1604
1790751779.317905,3039400,2982.971,expert6_route,4508536832,1604
1790751780.3476024,3039400,2984.001,expert6_cal,4486344704,1604
1790751781.3860068,3039400,2985.039,expert6_cal,4486344704,1604
1790751782.413999,3039400,2986.067,expert6_cal,4486344704,1604
1790751783.4386623,3039400,2987.092,expert6_cal,4486344704,1604
1790751784.4662812,3039400,2988.119,expert6_cal,4486344704,1604
1790751785.495871,3039400,2989.149,expert6_eval,5269491712,1604
1790751786.5256362,3039400,2990.179,expert6_eval,5573578752,1604
1790751787.5533504,3039400,2991.206,expert6_eval,5013762048,1604
1790751788.5868833,3039400,2992.24,expert6_eval,5013762048,1604
1790751789.6101236,3039400,2993.263,expert6_eval,5013762048,1604
1790751790.633564,3039400,2994.287,expert6_eval,5013762048,1604
1790751791.6687832,3039400,2995.322,expert6_eval,5013762048,1604
1790751792.7018907,3039400,2996.355,expert6_eval,5013762048,1604
1790751793.7304754,3039400,2997.384,expert6_eval,5013762048,1604
1790751794.7580056,3039400,2998.411,expert6_eval,5013762048,1604
1790751795.793276,3039400,2999.446,expert6_eval,5013762048,1604
1790751796.8246756,3039400,3000.478,expert6_eval,5013762048,1604
1790751797.8610706,3039400,3001.514,expert6_eval,5013762048,1604
1790751798.904535,3039400,3002.558,expert6_eval,5013762048,1604
1790751799.9360533,3039400,3003.589,expert6_eval,5013762048,1604
1790751800.964536,3039400,3004.618,expert6_eval,5013762048,1604
1790751801.999266,3039400,3005.652,expert6_eval,5013762048,1604
1790751803.0312107,3039400,3006.684,expert6_eval,5013762048,1604
1790751804.0597885,3039400,3007.713,expert6_eval,5013762048,1604
1790751805.0874329,3039400,3008.741,expert6_eval,5013762048,1604
1790751806.11743,3039400,3009.771,expert6_eval,5013762048,1604
1790751807.1487293,3039400,3010.802,expert6_eval,5013762048,1604
1790751808.177285,3039400,3011.83,expert6_eval,5013762048,1604
1790751809.2089386,3039400,3012.862,expert6_eval,5013762048,1604
1790751810.2402775,3039400,3013.893,expert6_eval,5013762048,1604
1790751811.266588,3039400,3014.92,expert6_eval,5013762048,1604
1790751812.2915447,3039400,3015.945,expert6_eval,5013762048,1604
1790751813.3142304,3039400,3016.967,expert6_eval,5013762048,1604
1790751814.339788,3039400,3017.993,expert6_eval,5013762048,1604
1790751815.3686278,3039400,3019.022,expert6_eval,5013762048,1604
1790751816.3932288,3039400,3020.046,expert6_eval,5013762048,1604
1790751817.424346,3039400,3021.077,expert6_eval,5013762048,1604
1790751818.4486656,3039400,3022.102,expert6_eval,5013762048,1604
1790751819.4744768,3039400,3023.128,expert6_eval,5013762048,1604
1790751820.5012887,3039400,3024.154,expert6_eval,5013762048,1604
1790751821.5270133,3039400,3025.18,expert6_eval,5013762048,1604
1790751822.5466194,3039400,3026.2,expert6_eval,5013762048,1604
1790751823.5675728,3039400,3027.221,expert6_eval,5013762048,1604
1790751824.597294,3039400,3028.25,expert6_eval,5013762048,1604
1790751825.623147,3039400,3029.276,expert6_eval,5013762048,1604
1790751826.6501338,3039400,3030.303,expert6_eval,5013762048,1604
1790751827.6794274,3039400,3031.333,expert6_eval,5013762048,1604
1790751828.7030628,3039400,3032.356,expert6_eval,5013762048,1604
1790751829.7254028,3039400,3033.379,expert6_eval,5013762048,1604
1790751830.758249,3039400,3034.411,expert6_eval,5013762048,1604
1790751831.783283,3039400,3035.436,expert6_eval,5013762048,1604
1790751832.8092766,3039400,3036.462,expert6_eval,5013762048,1604
1790751833.8344505,3039400,3037.488,expert6_eval,5013762048,1604
1790751834.8541777,3039400,3038.507,expert6_eval,5013762048,1604
1790751835.8789468,3039400,3039.532,expert6_eval,5013762048,1604
1790751836.905202,3039400,3040.558,expert6_eval,5013762048,1604
1790751837.925927,3039400,3041.579,expert6_eval,5013762048,1604
1790751838.9476848,3039400,3042.601,expert6_eval,5013762048,1604
1790751839.9719136,3039400,3043.625,expert6_eval,5013762048,1604
1790751840.9935,3039400,3044.647,expert6_eval,5013762048,1604
1790751842.017611,3039400,3045.671,expert6_eval,5013762048,1604
1790751843.0481377,3039400,3046.701,expert6_eval,5013762048,1604
1790751844.0711453,3039400,3047.724,expert6_eval,5013762048,1604
1790751845.0901508,3039400,3048.743,expert6_eval,5013762048,1604
1790751846.1139185,3039400,3049.767,expert6_eval,5013762048,1604
1790751847.1361423,3039400,3050.789,expert6_eval,5013762048,1604
1790751848.1595361,3039400,3051.813,expert6_eval,5013762048,1604
1790751849.182265,3039400,3052.835,expert6_eval,5013762048,1604
1790751850.2032862,3039400,3053.856,expert6_eval,5013762048,1604
1790751851.2272851,3039400,3054.88,expert6_eval,5013762048,1604
1790751852.256229,3039400,3055.909,expert6_eval,5013762048,1604
1790751853.2781546,3039400,3056.931,expert6_eval,5013762048,1604
1790751854.2977262,3039400,3057.951,expert6_eval,5013762048,1604
1790751855.339404,3039400,3058.993,expert6_eval,5013762048,1604
1790751856.364163,3039400,3060.017,expert6_eval,5013762048,1604
1790751857.3892078,3039400,3061.042,expert6_eval,5013762048,1604
1790751858.413573,3039400,3062.067,expert6_eval,5013762048,1604
1790751859.4358718,3039400,3063.089,expert6_eval,5013762048,1604
1790751860.4581087,3039400,3064.111,expert6_eval,5013762048,1604
1790751861.4816022,3039400,3065.135,expert6_eval,5013762048,1604
1790751862.5096436,3039400,3066.163,expert6_eval,5013762048,1604
1790751863.5361662,3039400,3067.189,expert6_eval,5013762048,1604
1790751864.5667973,3039400,3068.22,expert6_eval,5013762048,1604
1790751865.593904,3039400,3069.247,expert6_eval,5013762048,1604
1790751866.6207016,3039400,3070.274,expert6_eval,5013762048,1604
1790751867.644957,3039400,3071.298,expert6_eval,5013762048,1604
1790751868.6712246,3039400,3072.324,expert6_eval,5013762048,1604
1790751869.6958497,3039400,3073.349,expert6_eval,5013762048,1604
1790751870.7192492,3039400,3074.372,expert6_eval,5013762048,1604
1790751871.7414198,3039400,3075.395,expert6_eval,5013762048,1604
1790751872.8067296,3039400,3076.46,expert6_eval,5013762048,1604
1790751873.8320227,3039400,3077.485,expert6_eval,5013762048,1604
1790751874.852419,3039400,3078.506,expert6_eval,5013762048,1604
1790751875.875148,3039400,3079.528,expert6_eval,5013762048,1604
1790751876.8948066,3039400,3080.548,expert6_eval,5013762048,1604
1790751877.9144568,3039400,3081.568,expert6_eval,5013762048,1604
1790751878.937945,3039400,3082.591,expert6_eval,5013762048,1604
1790751879.9612288,3039400,3083.614,expert6_eval,5013762048,1604
1790751880.986852,3039400,3084.64,expert6_eval,5013762048,1604
1790751882.018281,3039400,3085.671,expert6_eval,5013762048,1604
1790751883.0437894,3039400,3086.697,expert6_eval,5013762048,1604
1790751884.0678413,3039400,3087.721,expert6_eval,5013762048,1604
1790751885.0929022,3039400,3088.746,expert6_eval,5013762048,1604
1790751886.1360216,3039400,3089.789,expert6_eval,5013762048,1604
1790751887.1602764,3039400,3090.813,expert6_eval,5013762048,1604
1790751888.1830964,3039400,3091.836,expert6_eval,5013762048,1604
1790751889.2059743,3039400,3092.859,expert6_eval,5013762048,1604
1790751890.2313042,3039400,3093.884,expert6_eval,5013762048,1604
1790751891.2578766,3039400,3094.911,expert6_eval,5013762048,1604
1790751892.284327,3039400,3095.937,expert6_eval,5013762048,1604
1790751893.3427417,3039400,3096.996,expert6_eval,5013762048,1604
1790751894.4029338,3039400,3098.056,expert6_eval,5013762048,1604
1790751895.4313214,3039400,3099.084,expert6_eval,5013762048,1604
1790751896.4607413,3039400,3100.114,expert6_eval,5013762048,1604
1790751897.4860716,3039400,3101.139,expert6_eval,5013762048,1604
1790751898.5127006,3039400,3102.166,expert6_eval,5013762048,1604
1790751899.5333943,3039400,3103.187,expert6_eval,5013762048,1604
1790751900.5627756,3039400,3104.216,expert6_eval,5013762048,1604
1790751901.5861316,3039400,3105.239,starting,4453945344,592
1790751902.6104357,3039400,3106.264,fit_scorer,4547989504,592
1790751903.6425805,3039400,3107.296,fit_scorer,4526178304,592
1790751904.671529,3039400,3108.325,fit_scorer,4526321664,592
1790751905.702215,3039400,3109.355,fit_scorer,4526370816,592
1790751906.7316115,3039400,3110.385,fit_scorer,4526383104,592
1790751907.759616,3039400,3111.413,fit_scorer,4526391296,592
1790751908.7854416,3039400,3112.439,fit_verifier,4531449856,592
1790751909.8164825,3039400,3113.47,fit_verifier,4565585920,592
1790751910.8428047,3039400,3114.496,fit_verifier,4566593536,592
1790751911.8723981,3039400,3115.526,fit_verifier,4566593536,592
1790751912.902249,3039400,3116.555,fit_verifier,4566593536,592
1790751913.929293,3039400,3117.582,fit_verifier,4566593536,592
1790751914.9599855,3039400,3118.613,fit_verifier,4566593536,592
1790751915.9947941,3039400,3119.648,fit_verifier,4566593536,592
1790751917.0230439,3039400,3120.676,fit_verifier,4566593536,592
1790751918.0502906,3039400,3121.703,fit_verifier,4566794240,592
1790751919.0792692,3039400,3122.732,fit_verifier,4566794240,592
1790751920.1069431,3039400,3123.76,fit_verifier,4566794240,592
1790751921.1362064,3039400,3124.789,fit_verifier,4566794240,592
1790751922.1759665,3039400,3125.829,fit_verifier,4566794240,592
1790751923.2016034,3039400,3126.855,fit_verifier,4566794240,592
1790751924.2286148,3039400,3127.882,fit_verifier,4566794240,592
1790751925.2588232,3039400,3128.912,fit_verifier,4566794240,592
1790751926.290254,3039400,3129.943,fit_verifier,4566794240,592
1790751927.3180199,3039400,3130.971,fit_verifier,4566794240,592
1790751928.3466403,3039400,3132.0,fit_verifier,4566794240,592
1790751929.3735015,3039400,3133.027,fit_verifier,4566794240,592
1790751930.4025273,3039400,3134.056,fit_verifier,4566794240,592
1790751931.431974,3039400,3135.085,fit_verifier,4566794240,592
1790751932.4561126,3039400,3136.109,policy_calibration,4619821056,592
1790751933.4806087,3039400,3137.134,test_policy_scoring,5043089408,592
1790751934.505913,3039400,3138.159,test_policy_scoring,5043089408,592
1790751935.5323064,3039400,3139.185,test_policy_scoring,5043089408,592
1790751936.5602973,3039400,3140.213,test_policy_scoring,5043089408,592
1790751937.5863106,3039400,3141.239,test_policy_scoring,5043089408,592
1790751938.6105752,3039400,3142.264,test_policy_scoring,5043089408,592
1790751939.6357355,3039400,3143.289,test_policy_scoring,5043089408,592
1790751940.6618688,3039400,3144.315,test_policy_scoring,5043089408,592
1790751941.6896164,3039400,3145.343,test_policy_scoring,5043089408,592
1790751942.7148354,3039400,3146.368,test_policy_scoring,5043089408,592
1790751943.7379649,3039400,3147.391,test_policy_scoring,5043089408,592
1790751944.7568722,3039400,3148.41,test_policy_scoring,5043089408,592
1790751945.7783105,3039400,3149.431,test_policy_scoring,5237821440,592
1790751946.803034,3039400,3150.456,test_policy_scoring,5625188352,592
1790751947.8307393,3039400,3151.484,starting,5631275008,592
1790751948.8555818,3039400,3152.509,starting,4498739200,592
1790751949.876042,3039400,3153.529,starting,4876009472,592
