model,class,window,validation_FPR_target,threshold,positives,negatives,TP,FP,recall,FPR
global_raw,benign,full_test,0.001,0.9830394387245178,2652203,390270,1523591,311,0.57446243745294,0.0007968842083685653
global_raw,benign,time_quartile_1,0.001,0.9830394387245178,420631,339986,227286,0,0.5403453383131533,0.0
global_raw,benign,time_quartile_2,0.001,0.9830394387245178,752591,8028,437608,311,0.5814685533045173,0.038739412057797705
global_raw,benign,time_quartile_3,0.001,0.9830394387245178,759904,714,427771,0,0.5629276856023919,0.0
global_raw,benign,time_quartile_4,0.001,0.9830394387245178,719077,41542,430926,0,0.5992765726062717,0.0
global_raw,benign,full_test,0.01,0.8520304560661316,2652203,390270,2359375,2929,0.8895906535057837,0.007505060599072437
global_raw,benign,time_quartile_1,0.01,0.8520304560661316,420631,339986,378728,1,0.9003806186419926,2.9412975828416463e-06
global_raw,benign,time_quartile_2,0.01,0.8520304560661316,752591,8028,669629,2739,0.8897648257818656,0.34118086696562033
global_raw,benign,time_quartile_3,0.01,0.8520304560661316,759904,714,675106,189,0.88840958857961,0.2647058823529412
global_raw,benign,time_quartile_4,0.01,0.8520304560661316,719077,41542,635912,0,0.8843447920041942,0.0
global_raw,bot,full_test,0.001,0.008340119384229183,41542,3000931,41542,10233,1.0,0.003409941781400505
global_raw,bot,time_quartile_1,0.001,0.008340119384229183,0,760617,0,9614,,0.012639738528063401
global_raw,bot,time_quartile_2,0.001,0.008340119384229183,0,760619,0,198,,0.00026031429664523235
global_raw,bot,time_quartile_3,0.001,0.008340119384229183,0,760618,0,102,,0.0001341014806381127
global_raw,bot,time_quartile_4,0.001,0.008340119384229183,41542,719077,41542,319,1.0,0.0004436242572075035
global_raw,bot,full_test,0.01,0.004880782216787338,41542,3000931,41542,39937,1.0,0.013308203354225738
global_raw,bot,time_quartile_1,0.01,0.004880782216787338,0,760617,0,39153,,0.0514753154347063
global_raw,bot,time_quartile_2,0.01,0.004880782216787338,0,760619,0,262,,0.000344456291520459
global_raw,bot,time_quartile_3,0.01,0.004880782216787338,0,760618,0,128,,0.0001682842109968473
global_raw,bot,time_quartile_4,0.01,0.004880782216787338,41542,719077,41542,394,1.0,0.000547924631159111
global_raw,brute_force,full_test,0.001,0.000214698477066122,37696,3004777,37696,4622,1.0,0.0015382173119669114
global_raw,brute_force,time_quartile_1,0.001,0.000214698477066122,37696,722921,37696,530,1.0,0.0007331368157793175
global_raw,brute_force,time_quartile_2,0.001,0.000214698477066122,0,760619,0,380,,0.0004995930945716581
global_raw,brute_force,time_quartile_3,0.001,0.000214698477066122,0,760618,0,373,,0.0004903907086080003
global_raw,brute_force,time_quartile_4,0.001,0.000214698477066122,0,760619,0,3339,,0.0043898456388809645
global_raw,brute_force,full_test,0.01,6.65414409013465e-05,37696,3004777,37696,37233,1.0,0.01239126896937776
global_raw,brute_force,time_quartile_1,0.01,6.65414409013465e-05,37696,722921,37696,32109,1.0,0.0444156415431285
global_raw,brute_force,time_quartile_2,0.01,6.65414409013465e-05,0,760619,0,687,,0.0009032117262387608
global_raw,brute_force,time_quartile_3,0.01,6.65414409013465e-05,0,760618,0,706,,0.0009281926012794859
global_raw,brute_force,time_quartile_4,0.01,6.65414409013465e-05,0,760619,0,3731,,0.004905215357491727
global_raw,ddos,full_test,0.001,0.0009075201232917607,262680,2779793,262680,4819,1.0,0.0017335823206979801
global_raw,ddos,time_quartile_1,0.001,0.0009075201232917607,262680,497937,262680,660,1.0,0.0013254688846179336
global_raw,ddos,time_quartile_2,0.001,0.0009075201232917607,0,760619,0,436,,0.0005732173400874814
global_raw,ddos,time_quartile_3,0.001,0.0009075201232917607,0,760618,0,355,,0.0004667257414365687
global_raw,ddos,time_quartile_4,0.001,0.0009075201232917607,0,760619,0,3368,,0.004427972480308801
global_raw,ddos,full_test,0.01,0.00012084897753084078,262680,2779793,262680,23589,1.0,0.00848588366112153
global_raw,ddos,time_quartile_1,0.01,0.00012084897753084078,262680,497937,262680,2530,1.0,0.005080964057702079
global_raw,ddos,time_quartile_2,0.01,0.00012084897753084078,0,760619,0,1084,,0.0014251550381991509
global_raw,ddos,time_quartile_3,0.01,0.00012084897753084078,0,760618,0,1400,,0.0018406085577780174
global_raw,ddos,time_quartile_4,0.01,0.00012084897753084078,0,760619,0,18575,,0.024420899293864602
global_raw,dos,full_test,0.001,0.0022015036083757877,39483,3002990,39483,16082,1.0,0.005355329188575387
global_raw,dos,time_quartile_1,0.001,0.0022015036083757877,39483,721134,39483,11602,1.0,0.016088549423546802
global_raw,dos,time_quartile_2,0.001,0.0022015036083757877,0,760619,0,387,,0.000508796125261136
global_raw,dos,time_quartile_3,0.001,0.0022015036083757877,0,760618,0,651,,0.0008558829793667781
global_raw,dos,time_quartile_4,0.001,0.0022015036083757877,0,760619,0,3442,,0.004525261661883282
global_raw,dos,full_test,0.01,0.0007712091901339591,39483,3002990,39483,48893,1.0,0.01628143949863303
global_raw,dos,time_quartile_1,0.01,0.0007712091901339591,39483,721134,39483,43683,1.0,0.06057542703575202
global_raw,dos,time_quartile_2,0.01,0.0007712091901339591,0,760619,0,616,,0.0008098667006740562
global_raw,dos,time_quartile_3,0.01,0.0007712091901339591,0,760618,0,927,,0.0012187458093287301
global_raw,dos,time_quartile_4,0.01,0.0007712091901339591,0,760619,0,3667,,0.004821073362616501
global_raw,infiltration,full_test,0.001,0.9953670501708984,8742,3033731,874,50,0.09997712194005948,1.6481355795883024e-05
global_raw,infiltration,time_quartile_1,0.001,0.9953670501708984,0,760617,0,44,,5.784777358381419e-05
global_raw,infiltration,time_quartile_2,0.001,0.9953670501708984,8028,752591,874,6,0.1088689586447434,7.972457815732582e-06
global_raw,infiltration,time_quartile_3,0.001,0.9953670501708984,714,759904,0,0,0.0,0.0
global_raw,infiltration,time_quartile_4,0.001,0.9953670501708984,0,760619,0,0,,0.0
global_raw,infiltration,full_test,0.01,0.41516196727752686,8742,3033731,2873,15493,0.32864333104552734,0.005106912906912313
global_raw,infiltration,time_quartile_1,0.01,0.41516196727752686,0,760617,0,2202,,0.0028950181234445194
global_raw,infiltration,time_quartile_2,0.01,0.41516196727752686,8028,752591,2781,4391,0.34641255605381166,0.005834510378146962
global_raw,infiltration,time_quartile_3,0.01,0.41516196727752686,714,759904,92,5128,0.12885154061624648,0.006748220827894049
global_raw,infiltration,time_quartile_4,0.01,0.41516196727752686,0,760619,0,3772,,0.004959118822958669
global_raw,web_attacks,full_test,0.001,0.5498043298721313,127,3042346,107,320,0.84251968503937,0.00010518198784753608
global_raw,web_attacks,time_quartile_1,0.001,0.5498043298721313,127,760490,107,99,0.84251968503937,0.00013017922655130245
global_raw,web_attacks,time_quartile_2,0.001,0.5498043298721313,0,760619,0,168,,0.0002208727365474699
global_raw,web_attacks,time_quartile_3,0.001,0.5498043298721313,0,760618,0,25,,3.2868009960321736e-05
global_raw,web_attacks,time_quartile_4,0.001,0.5498043298721313,0,760619,0,28,,3.681212275791165e-05
global_raw,web_attacks,full_test,0.01,0.00788805354386568,127,3042346,127,28337,1.0,0.009314193717611344
global_raw,web_attacks,time_quartile_1,0.01,0.00788805354386568,127,760490,127,14191,1.0,0.018660337414035687
global_raw,web_attacks,time_quartile_2,0.01,0.00788805354386568,0,760619,0,4048,,0.005321981175858084
global_raw,web_attacks,time_quartile_3,0.01,0.00788805354386568,0,760618,0,3879,,0.0050998004254435205
global_raw,web_attacks,time_quartile_4,0.01,0.00788805354386568,0,760619,0,6219,,0.008176235408266163
global_calibrated,benign,full_test,0.001,0.9620804786682129,2652203,390270,1519782,308,0.5730262728757942,0.0007891972224357496
global_calibrated,benign,time_quartile_1,0.001,0.9620804786682129,420631,339986,226751,0,0.5390734396656451,0.0
global_calibrated,benign,time_quartile_2,0.001,0.9620804786682129,752591,8028,436700,308,0.5802620546884031,0.038365719980069754
global_calibrated,benign,time_quartile_3,0.001,0.9620804786682129,759904,714,426508,0,0.5612656335537121,0.0
global_calibrated,benign,time_quartile_4,0.001,0.9620804786682129,719077,41542,429823,0,0.5977426617733567,0.0
global_calibrated,benign,full_test,0.01,0.8017987012863159,2652203,390270,2358217,2927,0.8891540353434485,0.007499935941783893
global_calibrated,benign,time_quartile_1,0.01,0.8017987012863159,420631,339986,378433,1,0.8996792913503759,2.9412975828416463e-06
global_calibrated,benign,time_quartile_2,0.01,0.8017987012863159,752591,8028,669512,2737,0.8896093628544588,0.3409317389138017
global_calibrated,benign,time_quartile_3,0.01,0.8017987012863159,759904,714,674775,189,0.8879740072430202,0.2647058823529412
global_calibrated,benign,time_quartile_4,0.01,0.8017987012863159,719077,41542,635497,0,0.8837676632683287,0.0
global_calibrated,bot,full_test,0.001,0.019652152433991432,41542,3000931,41542,9482,1.0,0.0031596861107436327
global_calibrated,bot,time_quartile_1,0.001,0.019652152433991432,0,760617,0,8886,,0.011682620819676658
global_calibrated,bot,time_quartile_2,0.001,0.019652152433991432,0,760619,0,190,,0.00024979654728582906
global_calibrated,bot,time_quartile_3,0.001,0.019652152433991432,0,760618,0,98,,0.00012884259904446122
global_calibrated,bot,time_quartile_4,0.001,0.019652152433991432,41542,719077,41542,308,1.0,0.00042832686902793444
global_calibrated,bot,full_test,0.01,0.013397850096225739,41542,3000931,41542,39748,1.0,0.013245222899160294
global_calibrated,bot,time_quartile_1,0.01,0.013397850096225739,0,760617,0,38990,,0.0512610157280208
global_calibrated,bot,time_quartile_2,0.01,0.013397850096225739,0,760619,0,252,,0.00033130910482120484
global_calibrated,bot,time_quartile_3,0.01,0.013397850096225739,0,760618,0,122,,0.00016039588860637007
global_calibrated,bot,time_quartile_4,0.01,0.013397850096225739,41542,719077,41542,384,1.0,0.0005340179146322299
global_calibrated,brute_force,full_test,0.001,0.0010876173619180918,37696,3004777,37696,4580,1.0,0.0015242395691926556
global_calibrated,brute_force,time_quartile_1,0.001,0.0010876173619180918,37696,722921,37696,515,1.0,0.000712387660615752
global_calibrated,brute_force,time_quartile_2,0.001,0.0010876173619180918,0,760619,0,369,,0.00048513118920247853
global_calibrated,brute_force,time_quartile_3,0.001,0.0010876173619180918,0,760618,0,368,,0.000483817106615936
global_calibrated,brute_force,time_quartile_4,0.001,0.0010876173619180918,0,760619,0,3328,,0.004375383733511784
global_calibrated,brute_force,full_test,0.01,0.00043057402945123613,37696,3004777,37696,35226,1.0,0.011723332546807966
global_calibrated,brute_force,time_quartile_1,0.01,0.00043057402945123613,37696,722921,37696,30131,1.0,0.04167951961555965
global_calibrated,brute_force,time_quartile_2,0.01,0.00043057402945123613,0,760619,0,674,,0.0008861203835297304
global_calibrated,brute_force,time_quartile_3,0.01,0.00043057402945123613,0,760618,0,695,,0.0009137306768969443
global_calibrated,brute_force,time_quartile_4,0.01,0.00043057402945123613,0,760619,0,3726,,0.0048986417641421
global_calibrated,ddos,full_test,0.001,0.003314969129860401,262680,2779793,262680,4815,1.0,0.001732143364631827
global_calibrated,ddos,time_quartile_1,0.001,0.003314969129860401,262680,497937,262680,659,1.0,0.0013234605984291186
global_calibrated,ddos,time_quartile_2,0.001,0.003314969129860401,0,760619,0,432,,0.0005679584654077797
global_calibrated,ddos,time_quartile_3,0.001,0.003314969129860401,0,760618,0,358,,0.0004706699026318073
global_calibrated,ddos,time_quartile_4,0.001,0.003314969129860401,0,760619,0,3366,,0.00442534304296895
global_calibrated,ddos,full_test,0.01,0.0007073143497109413,262680,2779793,262680,27804,1.0,0.010002183615830388
global_calibrated,ddos,time_quartile_1,0.01,0.0007073143497109413,262680,497937,262680,2510,1.0,0.005040798333925778
global_calibrated,ddos,time_quartile_2,0.01,0.0007073143497109413,0,760619,0,1053,,0.001384398759431463
global_calibrated,ddos,time_quartile_3,0.01,0.0007073143497109413,0,760618,0,1360,,0.0017880197418415026
global_calibrated,ddos,time_quartile_4,0.01,0.0007073143497109413,0,760619,0,22881,,0.030082077886563443
global_calibrated,dos,full_test,0.001,0.006662820465862751,39483,3002990,39483,16081,1.0,0.00535499618713349
global_calibrated,dos,time_quartile_1,0.001,0.006662820465862751,39483,721134,39483,11631,1.0,0.016128763863581527
global_calibrated,dos,time_quartile_2,0.001,0.006662820465862751,0,760619,0,374,,0.0004917047825521056
global_calibrated,dos,time_quartile_3,0.001,0.006662820465862751,0,760618,0,659,,0.0008664007425540811
global_calibrated,dos,time_quartile_4,0.001,0.006662820465862751,0,760619,0,3417,,0.004492393695135146
global_calibrated,dos,full_test,0.01,0.0030678007751703262,39483,3002990,39483,49245,1.0,0.016398656006180505
global_calibrated,dos,time_quartile_1,0.01,0.0030678007751703262,39483,721134,39483,44096,1.0,0.06114813613003963
global_calibrated,dos,time_quartile_2,0.01,0.0030678007751703262,0,760619,0,587,,0.0007717398592462192
global_calibrated,dos,time_quartile_3,0.01,0.0030678007751703262,0,760618,0,921,,0.0012108574869382528
global_calibrated,dos,time_quartile_4,0.01,0.0030678007751703262,0,760619,0,3641,,0.00478689067719844
global_calibrated,infiltration,full_test,0.001,0.9860503673553467,8742,3033731,874,50,0.09997712194005948,1.6481355795883024e-05
global_calibrated,infiltration,time_quartile_1,0.001,0.9860503673553467,0,760617,0,44,,5.784777358381419e-05
global_calibrated,infiltration,time_quartile_2,0.001,0.9860503673553467,8028,752591,874,6,0.1088689586447434,7.972457815732582e-06
global_calibrated,infiltration,time_quartile_3,0.001,0.9860503673553467,714,759904,0,0,0.0,0.0
global_calibrated,infiltration,time_quartile_4,0.001,0.9860503673553467,0,760619,0,0,,0.0
global_calibrated,infiltration,full_test,0.01,0.43157851696014404,8742,3033731,2873,15446,0.32864333104552734,0.0050914204324641835
global_calibrated,infiltration,time_quartile_1,0.01,0.43157851696014404,0,760617,0,2190,,0.002879241457921661
global_calibrated,infiltration,time_quartile_2,0.01,0.43157851696014404,8028,752591,2781,4390,0.34641255605381166,0.005833181635177673
global_calibrated,infiltration,time_quartile_3,0.01,0.43157851696014404,714,759904,92,5127,0.12885154061624648,0.0067469048721943824
global_calibrated,infiltration,time_quartile_4,0.01,0.43157851696014404,0,760619,0,3739,,0.004915733106851131
global_calibrated,web_attacks,full_test,0.001,0.5068476796150208,127,3042346,109,325,0.8582677165354331,0.00010682545640765383
global_calibrated,web_attacks,time_quartile_1,0.001,0.5068476796150208,127,760490,109,99,0.8582677165354331,0.00013017922655130245
global_calibrated,web_attacks,time_quartile_2,0.001,0.5068476796150208,0,760619,0,173,,0.00022744632989709696
global_calibrated,web_attacks,time_quartile_3,0.001,0.5068476796150208,0,760618,0,25,,3.2868009960321736e-05
global_calibrated,web_attacks,time_quartile_4,0.001,0.5068476796150208,0,760619,0,28,,3.681212275791165e-05
global_calibrated,web_attacks,full_test,0.01,0.019375629723072052,127,3042346,127,28076,1.0,0.009228404658773197
global_calibrated,web_attacks,time_quartile_1,0.01,0.019375629723072052,127,760490,127,13821,1.0,0.018173808991571224
global_calibrated,web_attacks,time_quartile_2,0.01,0.019375629723072052,0,760619,0,4093,,0.005381143516004727
global_calibrated,web_attacks,time_quartile_3,0.01,0.019375629723072052,0,760618,0,3914,,0.005145815639387971
global_calibrated,web_attacks,time_quartile_4,0.01,0.019375629723072052,0,760619,0,6248,,0.008214362249694
designed_e1_raw,benign,full_test,0.001,0.9928393959999084,2652203,390270,959042,333,0.36160203423342785,0.0008532554385425475
designed_e1_raw,benign,time_quartile_1,0.001,0.9928393959999084,420631,339986,135429,0,0.3219662839876281,0.0
designed_e1_raw,benign,time_quartile_2,0.001,0.9928393959999084,752591,8028,270437,322,0.3593412623855454,0.0401096163428002
designed_e1_raw,benign,time_quartile_3,0.001,0.9928393959999084,759904,714,276889,11,0.3643736577251863,0.015406162464985995
designed_e1_raw,benign,time_quartile_4,0.001,0.9928393959999084,719077,41542,276287,0,0.3842244989062367,0.0
designed_e1_raw,benign,full_test,0.01,0.9755332469940186,2652203,390270,2280393,3033,0.8598108817462313,0.007771542778076716
designed_e1_raw,benign,time_quartile_1,0.01,0.9755332469940186,420631,339986,349118,1,0.8299863776088781,2.9412975828416463e-06
designed_e1_raw,benign,time_quartile_2,0.01,0.9755332469940186,752591,8028,651171,2817,0.8652388880547336,0.3508968609865471
designed_e1_raw,benign,time_quartile_3,0.01,0.9755332469940186,759904,714,656520,215,0.8639512359455931,0.3011204481792717
designed_e1_raw,benign,time_quartile_4,0.01,0.9755332469940186,719077,41542,623584,0,0.8672005918698554,0.0
designed_e1_raw,bot,full_test,0.001,0.04979216307401657,41542,3000931,41422,621,0.9971113571806846,0.00020693578092931828
designed_e1_raw,bot,time_quartile_1,0.001,0.04979216307401657,0,760617,0,110,,0.00014461943395953548
designed_e1_raw,bot,time_quartile_2,0.001,0.04979216307401657,0,760619,0,195,,0.00025637014063545615
designed_e1_raw,bot,time_quartile_3,0.001,0.04979216307401657,0,760618,0,93,,0.00012226899705239686
designed_e1_raw,bot,time_quartile_4,0.001,0.04979216307401657,41542,719077,41422,223,0.9971113571806846,0.000310119778549446
designed_e1_raw,bot,full_test,0.01,0.008498446084558964,41542,3000931,41542,1646,1.0,0.0005484964499350368
designed_e1_raw,bot,time_quartile_1,0.01,0.008498446084558964,0,760617,0,520,,0.0006836555059905314
designed_e1_raw,bot,time_quartile_2,0.01,0.008498446084558964,0,760619,0,481,,0.0006323796802341251
designed_e1_raw,bot,time_quartile_3,0.01,0.008498446084558964,0,760618,0,163,,0.00021429942494129774
designed_e1_raw,bot,time_quartile_4,0.01,0.008498446084558964,41542,719077,41542,482,1.0,0.0006703037365956636
designed_e1_raw,brute_force,full_test,0.001,0.0050034234300255775,37696,3004777,37696,53,1.0,1.7638580167513264e-05
designed_e1_raw,brute_force,time_quartile_1,0.001,0.0050034234300255775,37696,722921,37696,3,1.0,4.149831032713118e-06
designed_e1_raw,brute_force,time_quartile_2,0.001,0.0050034234300255775,0,760619,0,10,,1.314718669925416e-05
designed_e1_raw,brute_force,time_quartile_3,0.001,0.0050034234300255775,0,760618,0,16,,2.103552637460591e-05
designed_e1_raw,brute_force,time_quartile_4,0.001,0.0050034234300255775,0,760619,0,24,,3.155324807820999e-05
designed_e1_raw,brute_force,full_test,0.01,0.00022154205362312496,37696,3004777,37696,3318,1.0,0.0011042416791662076
designed_e1_raw,brute_force,time_quartile_1,0.01,0.00022154205362312496,37696,722921,37696,1794,1.0,0.0024815989575624445
designed_e1_raw,brute_force,time_quartile_2,0.01,0.00022154205362312496,0,760619,0,504,,0.0006626182096424097
designed_e1_raw,brute_force,time_quartile_3,0.01,0.00022154205362312496,0,760618,0,276,,0.000362862829961952
designed_e1_raw,brute_force,time_quartile_4,0.01,0.00022154205362312496,0,760619,0,744,,0.0009781506904245096
designed_e1_raw,ddos,full_test,0.001,0.008298872038722038,262680,2779793,262680,957,1.0,0.0003442702388271357
designed_e1_raw,ddos,time_quartile_1,0.001,0.008298872038722038,262680,497937,262680,216,1.0,0.000433789816784051
designed_e1_raw,ddos,time_quartile_2,0.001,0.008298872038722038,0,760619,0,279,,0.00036680650890919106
designed_e1_raw,ddos,time_quartile_3,0.001,0.008298872038722038,0,760618,0,92,,0.000120954276653984
designed_e1_raw,ddos,time_quartile_4,0.001,0.008298872038722038,0,760619,0,370,,0.00048644590787240395
designed_e1_raw,ddos,full_test,0.01,0.0011942310957238078,262680,2779793,262680,7903,1.0,0.002843017447702041
designed_e1_raw,ddos,time_quartile_1,0.01,0.0011942310957238078,262680,497937,262680,764,1.0,0.0015343306482546988
designed_e1_raw,ddos,time_quartile_2,0.01,0.0011942310957238078,0,760619,0,559,,0.0007349277364883075
designed_e1_raw,ddos,time_quartile_3,0.01,0.0011942310957238078,0,760618,0,436,,0.0005732180937080111
designed_e1_raw,ddos,time_quartile_4,0.01,0.0011942310957238078,0,760619,0,6144,,0.008077631508021757
designed_e1_raw,dos,full_test,0.001,0.004837437067180872,39483,3002990,39385,3755,0.9975179191044247,0.001250420414320394
designed_e1_raw,dos,time_quartile_1,0.001,0.004837437067180872,39483,721134,39385,2082,0.9975179191044247,0.002887119453527361
designed_e1_raw,dos,time_quartile_2,0.001,0.004837437067180872,0,760619,0,523,,0.0006875978643709926
designed_e1_raw,dos,time_quartile_3,0.001,0.004837437067180872,0,760618,0,560,,0.0007362434231112069
designed_e1_raw,dos,time_quartile_4,0.001,0.004837437067180872,0,760619,0,590,,0.0007756840152559955
designed_e1_raw,dos,full_test,0.01,0.002143541118130088,39483,3002990,39483,23596,1.0,0.00785750202298376
designed_e1_raw,dos,time_quartile_1,0.01,0.002143541118130088,39483,721134,39483,20392,1.0,0.02827768486855425
designed_e1_raw,dos,time_quartile_2,0.01,0.002143541118130088,0,760619,0,1105,,0.0014527641302675847
designed_e1_raw,dos,time_quartile_3,0.01,0.002143541118130088,0,760618,0,1032,,0.0013567914511620814
designed_e1_raw,dos,time_quartile_4,0.01,0.002143541118130088,0,760619,0,1067,,0.0014028048208104189
designed_e1_raw,infiltration,full_test,0.001,0.9974581003189087,8742,3033731,574,6,0.06566003202928392,1.9777626955059627e-06
designed_e1_raw,infiltration,time_quartile_1,0.001,0.9974581003189087,0,760617,0,3,,3.944166380714604e-06
designed_e1_raw,infiltration,time_quartile_2,0.001,0.9974581003189087,8028,752591,574,0,0.07149975087194818,0.0
designed_e1_raw,infiltration,time_quartile_3,0.001,0.9974581003189087,714,759904,0,3,0.0,3.947867099001979e-06
designed_e1_raw,infiltration,time_quartile_4,0.001,0.9974581003189087,0,760619,0,0,,0.0
designed_e1_raw,infiltration,full_test,0.01,0.7480208277702332,8742,3033731,2626,15641,0.3003889270189888,0.005155697720068127
designed_e1_raw,infiltration,time_quartile_1,0.01,0.7480208277702332,0,760617,0,2565,,0.0033722622555109865
designed_e1_raw,infiltration,time_quartile_2,0.01,0.7480208277702332,8028,752591,2534,3966,0.31564524165421026,0.005269794616199237
designed_e1_raw,infiltration,time_quartile_3,0.01,0.7480208277702332,714,759904,92,5038,0.12885154061624648,0.006629784814923991
designed_e1_raw,infiltration,time_quartile_4,0.01,0.7480208277702332,0,760619,0,4072,,0.005353534423936294
designed_e1_raw,web_attacks,full_test,0.001,0.7484362125396729,127,3042346,113,336,0.889763779527559,0.00011044108723991288
designed_e1_raw,web_attacks,time_quartile_1,0.001,0.7484362125396729,127,760490,113,112,0.889763779527559,0.0001472734684216755
designed_e1_raw,web_attacks,time_quartile_2,0.001,0.7484362125396729,0,760619,0,183,,0.00024059351659635114
designed_e1_raw,web_attacks,time_quartile_3,0.001,0.7484362125396729,0,760618,0,25,,3.2868009960321736e-05
designed_e1_raw,web_attacks,time_quartile_4,0.001,0.7484362125396729,0,760619,0,16,,2.1035498718806657e-05
designed_e1_raw,web_attacks,full_test,0.01,0.08800119906663895,127,3042346,125,3672,0.984251968503937,0.0012069633105504765
designed_e1_raw,web_attacks,time_quartile_1,0.01,0.08800119906663895,127,760490,125,1005,0.984251968503937,0.0013215163907480704
designed_e1_raw,web_attacks,time_quartile_2,0.01,0.08800119906663895,0,760619,0,974,,0.0012805359845073552
designed_e1_raw,web_attacks,time_quartile_3,0.01,0.08800119906663895,0,760618,0,683,,0.0008979540321159898
designed_e1_raw,web_attacks,time_quartile_4,0.01,0.08800119906663895,0,760619,0,1010,,0.0013278658566246702
designed_e1_calibrated,benign,full_test,0.001,0.9802703261375427,2652203,390270,915411,322,0.3451511818665464,0.0008250698234555565
designed_e1_calibrated,benign,time_quartile_1,0.001,0.9802703261375427,420631,339986,128772,0,0.3061400610035875,0.0
designed_e1_calibrated,benign,time_quartile_2,0.001,0.9802703261375427,752591,8028,258152,313,0.34301765500783293,0.038988540109616346
designed_e1_calibrated,benign,time_quartile_3,0.001,0.9802703261375427,759904,714,264123,9,0.34757416726323326,0.012605042016806723
designed_e1_calibrated,benign,time_quartile_4,0.001,0.9802703261375427,719077,41542,264364,0,0.3676435207912365,0.0
designed_e1_calibrated,benign,full_test,0.01,0.9492236375808716,2652203,390270,2269638,3015,0.8557557622851645,0.007725420862479821
designed_e1_calibrated,benign,time_quartile_1,0.01,0.9492236375808716,420631,339986,345188,1,0.8206432716561547,2.9412975828416463e-06
designed_e1_calibrated,benign,time_quartile_2,0.01,0.9492236375808716,752591,8028,648857,2797,0.8621641768237994,0.34840558046836073
designed_e1_calibrated,benign,time_quartile_3,0.01,0.9492236375808716,759904,714,654274,217,0.8609955994441403,0.30392156862745096
designed_e1_calibrated,benign,time_quartile_4,0.01,0.9492236375808716,719077,41542,621319,0,0.8640507205765169,0.0
designed_e1_calibrated,bot,full_test,0.001,0.07078488916158676,41542,3000931,41422,643,0.9971113571806846,0.00021426683919090441
designed_e1_calibrated,bot,time_quartile_1,0.001,0.07078488916158676,0,760617,0,113,,0.00014856360034025008
designed_e1_calibrated,bot,time_quartile_2,0.001,0.07078488916158676,0,760619,0,202,,0.000265573171324934
designed_e1_calibrated,bot,time_quartile_3,0.001,0.07078488916158676,0,760618,0,100,,0.00013147203984128694
designed_e1_calibrated,bot,time_quartile_4,0.001,0.07078488916158676,41542,719077,41422,228,0.9971113571806846,0.0003170731368128865
designed_e1_calibrated,bot,full_test,0.01,0.018415339291095734,41542,3000931,41542,1653,1.0,0.0005508290593819052
designed_e1_calibrated,bot,time_quartile_1,0.01,0.018415339291095734,0,760617,0,525,,0.0006902291166250557
designed_e1_calibrated,bot,time_quartile_2,0.01,0.018415339291095734,0,760619,0,480,,0.0006310649615641997
designed_e1_calibrated,bot,time_quartile_3,0.01,0.018415339291095734,0,760618,0,165,,0.00021692886573812346
designed_e1_calibrated,bot,time_quartile_4,0.01,0.018415339291095734,41542,719077,41542,483,1.0,0.0006716944082483517
designed_e1_calibrated,brute_force,full_test,0.001,0.011143572628498077,37696,3004777,37696,79,1.0,2.6291468551576373e-05
designed_e1_calibrated,brute_force,time_quartile_1,0.001,0.011143572628498077,37696,722921,37696,3,1.0,4.149831032713118e-06
designed_e1_calibrated,brute_force,time_quartile_2,0.001,0.011143572628498077,0,760619,0,11,,1.4461905369179576e-05
designed_e1_calibrated,brute_force,time_quartile_3,0.001,0.011143572628498077,0,760618,0,16,,2.103552637460591e-05
designed_e1_calibrated,brute_force,time_quartile_4,0.001,0.011143572628498077,0,760619,0,49,,6.442121482634538e-05
designed_e1_calibrated,brute_force,full_test,0.01,0.0009893117239698768,37696,3004777,37696,3591,1.0,0.0011950970071988704
designed_e1_calibrated,brute_force,time_quartile_1,0.01,0.0009893117239698768,37696,722921,37696,2004,1.0,0.0027720871298523627
designed_e1_calibrated,brute_force,time_quartile_2,0.01,0.0009893117239698768,0,760619,0,520,,0.0006836537083612164
designed_e1_calibrated,brute_force,time_quartile_3,0.01,0.0009893117239698768,0,760618,0,302,,0.0003970455603206866
designed_e1_calibrated,brute_force,time_quartile_4,0.01,0.0009893117239698768,0,760619,0,765,,0.0010057597824929432
designed_e1_calibrated,ddos,full_test,0.001,0.01677519641816616,262680,2779793,262680,1059,1.0,0.00038096361851404045
designed_e1_calibrated,ddos,time_quartile_1,0.001,0.01677519641816616,262680,497937,262680,226,1.0,0.0004538726786722015
designed_e1_calibrated,ddos,time_quartile_2,0.001,0.01677519641816616,0,760619,0,298,,0.000391786163637774
designed_e1_calibrated,ddos,time_quartile_3,0.001,0.01677519641816616,0,760618,0,117,,0.00015382228661430574
designed_e1_calibrated,ddos,time_quartile_4,0.001,0.01677519641816616,0,760619,0,418,,0.0005495524040288239
designed_e1_calibrated,ddos,full_test,0.01,0.004150254651904106,262680,2779793,262680,23175,1.0,0.00833695170827468
designed_e1_calibrated,ddos,time_quartile_1,0.01,0.004150254651904106,262680,497937,262680,725,1.0,0.001456007486890912
designed_e1_calibrated,ddos,time_quartile_2,0.01,0.004150254651904106,0,760619,0,556,,0.0007309835804785313
designed_e1_calibrated,ddos,time_quartile_3,0.01,0.004150254651904106,0,760618,0,442,,0.0005811064160984883
designed_e1_calibrated,ddos,time_quartile_4,0.01,0.004150254651904106,0,760619,0,21452,,0.028203344907240024
designed_e1_calibrated,dos,full_test,0.001,0.011035606265068054,39483,3002990,39465,4277,0.9995441075906086,0.001424247166990233
designed_e1_calibrated,dos,time_quartile_1,0.001,0.011035606265068054,39483,721134,39465,2276,0.9995441075906086,0.003156140190311371
designed_e1_calibrated,dos,time_quartile_2,0.001,0.011035606265068054,0,760619,0,662,,0.0008703437594906254
designed_e1_calibrated,dos,time_quartile_3,0.001,0.011035606265068054,0,760618,0,659,,0.0008664007425540811
designed_e1_calibrated,dos,time_quartile_4,0.001,0.011035606265068054,0,760619,0,680,,0.0008940086955492828
designed_e1_calibrated,dos,full_test,0.01,0.006672809366136789,39483,3002990,39483,24030,1.0,0.00800202464876673
designed_e1_calibrated,dos,time_quartile_1,0.01,0.006672809366136789,39483,721134,39483,20826,1.0,0.02887951476424631
designed_e1_calibrated,dos,time_quartile_2,0.01,0.006672809366136789,0,760619,0,1107,,0.0014553935676074356
designed_e1_calibrated,dos,time_quartile_3,0.01,0.006672809366136789,0,760618,0,1042,,0.00136993865514621
designed_e1_calibrated,dos,time_quartile_4,0.01,0.006672809366136789,0,760619,0,1055,,0.0013870281967713139
designed_e1_calibrated,infiltration,full_test,0.001,0.9905495643615723,8742,3033731,569,7,0.06508808053077099,2.3073898114236233e-06
designed_e1_calibrated,infiltration,time_quartile_1,0.001,0.9905495643615723,0,760617,0,3,,3.944166380714604e-06
designed_e1_calibrated,infiltration,time_quartile_2,0.001,0.9905495643615723,8028,752591,569,0,0.07087693074240159,0.0
designed_e1_calibrated,infiltration,time_quartile_3,0.001,0.9905495643615723,714,759904,0,4,0.0,5.263822798669305e-06
designed_e1_calibrated,infiltration,time_quartile_4,0.001,0.9905495643615723,0,760619,0,0,,0.0
designed_e1_calibrated,infiltration,full_test,0.01,0.7012768983840942,8742,3033731,2626,15635,0.3003889270189888,0.0051537199573726215
designed_e1_calibrated,infiltration,time_quartile_1,0.01,0.7012768983840942,0,760617,0,2563,,0.003369632811257177
designed_e1_calibrated,infiltration,time_quartile_2,0.01,0.7012768983840942,8028,752591,2534,3964,0.31564524165421026,0.00526713713026066
designed_e1_calibrated,infiltration,time_quartile_3,0.01,0.7012768983840942,714,759904,92,5039,0.12885154061624648,0.006631100770623658
designed_e1_calibrated,infiltration,time_quartile_4,0.01,0.7012768983840942,0,760619,0,4069,,0.005349590267926517
designed_e1_calibrated,web_attacks,full_test,0.001,0.6786375641822815,127,3042346,113,344,0.889763779527559,0.00011307063693610129
designed_e1_calibrated,web_attacks,time_quartile_1,0.001,0.6786375641822815,127,760490,113,112,0.889763779527559,0.0001472734684216755
designed_e1_calibrated,web_attacks,time_quartile_2,0.001,0.6786375641822815,0,760619,0,191,,0.0002511112659557545
designed_e1_calibrated,web_attacks,time_quartile_3,0.001,0.6786375641822815,0,760618,0,25,,3.2868009960321736e-05
designed_e1_calibrated,web_attacks,time_quartile_4,0.001,0.6786375641822815,0,760619,0,16,,2.1035498718806657e-05
designed_e1_calibrated,web_attacks,full_test,0.01,0.12562403082847595,127,3042346,125,3859,0.984251968503937,0.0012684290346988804
designed_e1_calibrated,web_attacks,time_quartile_1,0.01,0.12562403082847595,127,760490,125,1064,0.984251968503937,0.0013990979500059172
designed_e1_calibrated,web_attacks,time_quartile_2,0.01,0.12562403082847595,0,760619,0,1024,,0.001346271918003626
designed_e1_calibrated,web_attacks,time_quartile_3,0.01,0.12562403082847595,0,760618,0,749,,0.0009847255784112394
designed_e1_calibrated,web_attacks,time_quartile_4,0.01,0.12562403082847595,0,760619,0,1022,,0.0013436424806637752
designed_e2_raw,benign,full_test,0.001,0.905470609664917,2652203,390270,1506804,475,0.5681329822792599,0.0012171061060291593
designed_e2_raw,benign,time_quartile_1,0.001,0.905470609664917,420631,339986,223397,126,0.5310997049670614,0.00037060349543804747
designed_e2_raw,benign,time_quartile_2,0.001,0.905470609664917,752591,8028,432263,347,0.5743664221336688,0.04322371699053314
designed_e2_raw,benign,time_quartile_3,0.001,0.905470609664917,759904,714,420857,2,0.553829167894892,0.0028011204481792717
designed_e2_raw,benign,time_quartile_4,0.001,0.905470609664917,719077,41542,430287,0,0.5983879334202039,0.0
designed_e2_raw,benign,full_test,0.01,0.4178180396556854,2652203,390270,2330620,3872,0.8787487232312157,0.009921336510620852
designed_e2_raw,benign,time_quartile_1,0.01,0.4178180396556854,420631,339986,372680,857,0.8860022204735267,0.002520692028495291
designed_e2_raw,benign,time_quartile_2,0.01,0.4178180396556854,752591,8028,661407,2681,0.8788399010883734,0.33395615346287993
designed_e2_raw,benign,time_quartile_3,0.01,0.4178180396556854,759904,714,664393,209,0.874311755169074,0.2927170868347339
designed_e2_raw,benign,time_quartile_4,0.01,0.4178180396556854,719077,41542,632140,125,0.8790991785302548,0.003009002936786866
designed_e2_raw,bot,full_test,0.001,0.026072097942233086,41542,3000931,41422,985,0.9971113571806846,0.000328231472166471
designed_e2_raw,bot,time_quartile_1,0.001,0.026072097942233086,0,760617,0,156,,0.00020509665179715942
designed_e2_raw,bot,time_quartile_2,0.001,0.026072097942233086,0,760619,0,225,,0.0002958117007332186
designed_e2_raw,bot,time_quartile_3,0.001,0.026072097942233086,0,760618,0,426,,0.0005600708897238824
designed_e2_raw,bot,time_quartile_4,0.001,0.026072097942233086,41542,719077,41422,178,0.9971113571806846,0.0002475395541784816
designed_e2_raw,bot,full_test,0.01,0.007727817166596651,41542,3000931,41422,24239,0.9971113571806846,0.008077160054663036
designed_e2_raw,bot,time_quartile_1,0.01,0.007727817166596651,0,760617,0,21061,,0.027689362714743426
designed_e2_raw,bot,time_quartile_2,0.01,0.007727817166596651,0,760619,0,895,,0.0011766732095832473
designed_e2_raw,bot,time_quartile_3,0.01,0.007727817166596651,0,760618,0,1475,,0.0019392125876589825
designed_e2_raw,bot,time_quartile_4,0.01,0.007727817166596651,41542,719077,41422,808,0.9971113571806846,0.0011236626953719838
designed_e2_raw,brute_force,full_test,0.001,0.0025476550217717886,37696,3004777,37692,2706,0.9998938879456706,0.0009005659987413376
designed_e2_raw,brute_force,time_quartile_1,0.001,0.0025476550217717886,37696,722921,37692,1561,0.9998938879456706,0.0021592954140217256
designed_e2_raw,brute_force,time_quartile_2,0.001,0.0025476550217717886,0,760619,0,247,,0.00032473551147157775
designed_e2_raw,brute_force,time_quartile_3,0.001,0.0025476550217717886,0,760618,0,484,,0.0006363246728318288
designed_e2_raw,brute_force,time_quartile_4,0.001,0.0025476550217717886,0,760619,0,414,,0.0005442935293491222
designed_e2_raw,brute_force,full_test,0.01,0.0005222485051490366,37696,3004777,37696,30112,1.0,0.01002137596234263
designed_e2_raw,brute_force,time_quartile_1,0.01,0.0005222485051490366,37696,722921,37696,23722,1.0,0.03281409725267353
designed_e2_raw,brute_force,time_quartile_2,0.01,0.0005222485051490366,0,760619,0,1009,,0.0013265511379547447
designed_e2_raw,brute_force,time_quartile_3,0.01,0.0005222485051490366,0,760618,0,1477,,0.0019418420284558083
designed_e2_raw,brute_force,time_quartile_4,0.01,0.0005222485051490366,0,760619,0,3904,,0.005132661687388824
designed_e2_raw,ddos,full_test,0.001,0.014827669598162174,262680,2779793,262680,1398,1.0,0.000502915145120518
designed_e2_raw,ddos,time_quartile_1,0.001,0.014827669598162174,262680,497937,262680,497,1.0,0.0009981182358410803
designed_e2_raw,ddos,time_quartile_2,0.001,0.014827669598162174,0,760619,0,266,,0.0003497151662001607
designed_e2_raw,ddos,time_quartile_3,0.001,0.014827669598162174,0,760618,0,399,,0.000524573438966735
designed_e2_raw,ddos,time_quartile_4,0.001,0.014827669598162174,0,760619,0,236,,0.00031027360610239816
designed_e2_raw,ddos,full_test,0.01,0.003123381407931447,262680,2779793,262680,42425,1.0,0.015261927776636606
designed_e2_raw,ddos,time_quartile_1,0.01,0.003123381407931447,262680,497937,262680,24281,1.0,0.04876319695061825
designed_e2_raw,ddos,time_quartile_2,0.01,0.003123381407931447,0,760619,0,5319,,0.006992988605333288
designed_e2_raw,ddos,time_quartile_3,0.01,0.003123381407931447,0,760618,0,5309,,0.006979850595173924
designed_e2_raw,ddos,time_quartile_4,0.01,0.003123381407931447,0,760619,0,7516,,0.009881425523159426
designed_e2_raw,dos,full_test,0.001,0.09797582030296326,39483,3002990,39479,2489,0.9998986905756908,0.0008288405888797498
designed_e2_raw,dos,time_quartile_1,0.001,0.09797582030296326,39483,721134,39479,462,0.9998986905756908,0.0006406576308980023
designed_e2_raw,dos,time_quartile_2,0.001,0.09797582030296326,0,760619,0,709,,0.00093213553697712
designed_e2_raw,dos,time_quartile_3,0.001,0.09797582030296326,0,760618,0,692,,0.0009097865157017057
designed_e2_raw,dos,time_quartile_4,0.001,0.09797582030296326,0,760619,0,626,,0.0008230138873733104
designed_e2_raw,dos,full_test,0.01,0.013872654177248478,39483,3002990,39483,76002,1.0,0.025308775586998292
designed_e2_raw,dos,time_quartile_1,0.01,0.013872654177248478,39483,721134,39483,11734,1.0,0.016271594460946233
designed_e2_raw,dos,time_quartile_2,0.01,0.013872654177248478,0,760619,0,19554,,0.025708008871721585
designed_e2_raw,dos,time_quartile_3,0.01,0.013872654177248478,0,760618,0,22124,,0.029086874094486327
designed_e2_raw,dos,time_quartile_4,0.01,0.013872654177248478,0,760619,0,22590,,0.02969949475361515
designed_e2_raw,infiltration,full_test,0.001,0.9199293851852417,8742,3033731,692,193,0.07915808739418898,6.361803337210848e-05
designed_e2_raw,infiltration,time_quartile_1,0.001,0.9199293851852417,0,760617,0,52,,6.836555059905314e-05
designed_e2_raw,infiltration,time_quartile_2,0.001,0.9199293851852417,8028,752591,692,41,0.08619830592924764,5.447846174083931e-05
designed_e2_raw,infiltration,time_quartile_3,0.001,0.9199293851852417,714,759904,0,47,0.0,6.184991788436434e-05
designed_e2_raw,infiltration,time_quartile_4,0.001,0.9199293851852417,0,760619,0,53,,6.968008950604705e-05
designed_e2_raw,infiltration,full_test,0.01,0.7635271549224854,8742,3033731,2689,12417,0.30759551590025164,0.00409297989834959
designed_e2_raw,infiltration,time_quartile_1,0.01,0.7635271549224854,0,760617,0,2279,,0.002996251727216194
designed_e2_raw,infiltration,time_quartile_2,0.01,0.7635271549224854,8028,752591,2577,3401,0.3210014947683109,0.004519054838551085
designed_e2_raw,infiltration,time_quartile_3,0.01,0.7635271549224854,714,759904,112,3894,0.1568627450980392,0.005124331494504569
designed_e2_raw,infiltration,time_quartile_4,0.01,0.7635271549224854,0,760619,0,2843,,0.003737745178597958
designed_e2_raw,web_attacks,full_test,0.001,0.11408331990242004,127,3042346,22,1428,0.1732283464566929,0.00046937462076962976
designed_e2_raw,web_attacks,time_quartile_1,0.001,0.11408331990242004,127,760490,22,285,0.1732283464566929,0.00037475837946587066
designed_e2_raw,web_attacks,time_quartile_2,0.001,0.11408331990242004,0,760619,0,450,,0.0005916234014664372
designed_e2_raw,web_attacks,time_quartile_3,0.001,0.11408331990242004,0,760618,0,329,,0.0004325430110778341
designed_e2_raw,web_attacks,time_quartile_4,0.001,0.11408331990242004,0,760619,0,364,,0.00047855759585285144
designed_e2_raw,web_attacks,full_test,0.01,0.043490856885910034,127,3042346,38,23601,0.2992125984251969,0.00775750029746781
designed_e2_raw,web_attacks,time_quartile_1,0.01,0.043490856885910034,127,760490,38,7478,0.2992125984251969,0.009833133900511512
designed_e2_raw,web_attacks,time_quartile_2,0.01,0.043490856885910034,0,760619,0,5773,,0.007589870881479426
designed_e2_raw,web_attacks,time_quartile_3,0.01,0.043490856885910034,0,760618,0,6048,,0.007951428969601035
designed_e2_raw,web_attacks,time_quartile_4,0.01,0.043490856885910034,0,760619,0,4302,,0.0056559197180191395
designed_e2_calibrated,benign,full_test,0.001,0.844879686832428,2652203,390270,1534753,482,0.5786710142474011,0.0012350424065390626
designed_e2_calibrated,benign,time_quartile_1,0.001,0.844879686832428,420631,339986,227198,126,0.5401361288159932,0.00037060349543804747
designed_e2_calibrated,benign,time_quartile_2,0.001,0.844879686832428,752591,8028,440143,354,0.5848369167316644,0.044095665171898356
designed_e2_calibrated,benign,time_quartile_3,0.001,0.844879686832428,759904,714,428558,2,0.5639633427380301,0.0028011204481792717
designed_e2_calibrated,benign,time_quartile_4,0.001,0.844879686832428,719077,41542,438854,0,0.6103018174687829,0.0
designed_e2_calibrated,benign,full_test,0.01,0.4317575991153717,2652203,390270,2330395,3862,0.8786638880960469,0.009895713224178133
designed_e2_calibrated,benign,time_quartile_1,0.01,0.4317575991153717,420631,339986,372667,845,0.8859713145250826,0.0024853964575011914
designed_e2_calibrated,benign,time_quartile_2,0.01,0.4317575991153717,752591,8028,661366,2683,0.8787854226266325,0.3342052815146986
designed_e2_calibrated,benign,time_quartile_3,0.01,0.4317575991153717,759904,714,664320,209,0.8742156904029983,0.2927170868347339
designed_e2_calibrated,benign,time_quartile_4,0.01,0.4317575991153717,719077,41542,632042,125,0.8789628927082913,0.003009002936786866
designed_e2_calibrated,bot,full_test,0.001,0.045105256140232086,41542,3000931,41422,1002,0.9971113571806846,0.0003338963808231512
designed_e2_calibrated,bot,time_quartile_1,0.001,0.045105256140232086,0,760617,0,160,,0.00021035554030477888
designed_e2_calibrated,bot,time_quartile_2,0.001,0.045105256140232086,0,760619,0,230,,0.0003023852940828457
designed_e2_calibrated,bot,time_quartile_3,0.001,0.045105256140232086,0,760618,0,434,,0.0005705886529111854
designed_e2_calibrated,bot,time_quartile_4,0.001,0.045105256140232086,41542,719077,41422,178,0.9971113571806846,0.0002475395541784816
designed_e2_calibrated,bot,full_test,0.01,0.017256546765565872,41542,3000931,41422,22758,0.9971113571806846,0.0075836465416898955
designed_e2_calibrated,bot,time_quartile_1,0.01,0.017256546765565872,0,760617,0,19568,,0.025726482579274457
designed_e2_calibrated,bot,time_quartile_2,0.01,0.017256546765565872,0,760619,0,894,,0.001175358490913322
designed_e2_calibrated,bot,time_quartile_3,0.01,0.017256546765565872,0,760618,0,1488,,0.00195630395283835
designed_e2_calibrated,bot,time_quartile_4,0.01,0.017256546765565872,41542,719077,41422,808,0.9971113571806846,0.0011236626953719838
designed_e2_calibrated,brute_force,full_test,0.001,0.006879454478621483,37696,3004777,37694,2748,0.9999469439728353,0.0009145437415155934
designed_e2_calibrated,brute_force,time_quartile_1,0.001,0.006879454478621483,37696,722921,37694,1550,0.9999469439728353,0.0021440793669017777
designed_e2_calibrated,brute_force,time_quartile_2,0.001,0.006879454478621483,0,760619,0,251,,0.0003299943861512794
designed_e2_calibrated,brute_force,time_quartile_3,0.001,0.006879454478621483,0,760618,0,493,,0.0006481571564175447
designed_e2_calibrated,brute_force,time_quartile_4,0.001,0.006879454478621483,0,760619,0,454,,0.0005968822761461389
designed_e2_calibrated,brute_force,full_test,0.01,0.00208831368945539,37696,3004777,37696,30081,1.0,0.01001105905696163
designed_e2_calibrated,brute_force,time_quartile_1,0.01,0.00208831368945539,37696,722921,37696,23595,1.0,0.032638421072288676
designed_e2_calibrated,brute_force,time_quartile_2,0.01,0.00208831368945539,0,760619,0,1043,,0.0013712515727322089
designed_e2_calibrated,brute_force,time_quartile_3,0.01,0.00208831368945539,0,760618,0,1511,,0.001986542522001846
designed_e2_calibrated,brute_force,time_quartile_4,0.01,0.00208831368945539,0,760619,0,3932,,0.005169473810146736
designed_e2_calibrated,ddos,full_test,0.001,0.028577148914337158,262680,2779793,262680,1220,1.0,0.0004388816001767038
designed_e2_calibrated,ddos,time_quartile_1,0.001,0.028577148914337158,262680,497937,262680,340,1.0,0.0006828173041971173
designed_e2_calibrated,ddos,time_quartile_2,0.001,0.028577148914337158,0,760619,0,268,,0.00035234460354001147
designed_e2_calibrated,ddos,time_quartile_3,0.001,0.028577148914337158,0,760618,0,378,,0.0004969643106000647
designed_e2_calibrated,ddos,time_quartile_4,0.001,0.028577148914337158,0,760619,0,234,,0.0003076441687625473
designed_e2_calibrated,ddos,full_test,0.01,0.008662994019687176,262680,2779793,262680,42265,1.0,0.015204369533990481
designed_e2_calibrated,ddos,time_quartile_1,0.01,0.008662994019687176,262680,497937,262680,24004,1.0,0.04820690167631648
designed_e2_calibrated,ddos,time_quartile_2,0.01,0.008662994019687176,0,760619,0,5366,,0.007054780382819782
designed_e2_calibrated,ddos,time_quartile_3,0.01,0.008662994019687176,0,760618,0,5339,,0.007019292207126311
designed_e2_calibrated,ddos,time_quartile_4,0.01,0.008662994019687176,0,760619,0,7556,,0.009934014269956444
designed_e2_calibrated,dos,full_test,0.001,0.13456232845783234,39483,3002990,39479,2356,0.9998986905756908,0.0007845513971075495
designed_e2_calibrated,dos,time_quartile_1,0.001,0.13456232845783234,39483,721134,39479,445,0.9998986905756908,0.0006170836488086818
designed_e2_calibrated,dos,time_quartile_2,0.001,0.13456232845783234,0,760619,0,669,,0.0008795467901801034
designed_e2_calibrated,dos,time_quartile_3,0.001,0.13456232845783234,0,760618,0,623,,0.0008190708082112178
designed_e2_calibrated,dos,time_quartile_4,0.001,0.13456232845783234,0,760619,0,619,,0.0008138108566838325
designed_e2_calibrated,dos,full_test,0.01,0.02837902121245861,39483,3002990,39483,83917,1.0,0.027944481999607057
designed_e2_calibrated,dos,time_quartile_1,0.01,0.02837902121245861,39483,721134,39483,13023,1.0,0.018059056985248234
designed_e2_calibrated,dos,time_quartile_2,0.01,0.02837902121245861,0,760619,0,21619,,0.02842290292511757
designed_e2_calibrated,dos,time_quartile_3,0.01,0.02837902121245861,0,760618,0,24455,,0.03215148734318672
designed_e2_calibrated,dos,time_quartile_4,0.01,0.02837902121245861,0,760619,0,24820,,0.032631317387548826
designed_e2_calibrated,infiltration,full_test,0.001,0.8742110729217529,8742,3033731,687,193,0.07858613589567605,6.361803337210848e-05
designed_e2_calibrated,infiltration,time_quartile_1,0.001,0.8742110729217529,0,760617,0,52,,6.836555059905314e-05
designed_e2_calibrated,infiltration,time_quartile_2,0.001,0.8742110729217529,8028,752591,687,41,0.08557548579970105,5.447846174083931e-05
designed_e2_calibrated,infiltration,time_quartile_3,0.001,0.8742110729217529,714,759904,0,47,0.0,6.184991788436434e-05
designed_e2_calibrated,infiltration,time_quartile_4,0.001,0.8742110729217529,0,760619,0,53,,6.968008950604705e-05
designed_e2_calibrated,infiltration,full_test,0.01,0.7147647142410278,8742,3033731,2681,12522,0.306680393502631,0.004127590745520944
designed_e2_calibrated,infiltration,time_quartile_1,0.01,0.7147647142410278,0,760617,0,2259,,0.0029699572846780967
designed_e2_calibrated,infiltration,time_quartile_2,0.01,0.7147647142410278,8028,752591,2569,3409,0.3200049825610364,0.004529684782305396
designed_e2_calibrated,infiltration,time_quartile_3,0.01,0.7147647142410278,714,759904,112,3959,0.1568627450980392,0.005209868614982945
designed_e2_calibrated,infiltration,time_quartile_4,0.01,0.7147647142410278,0,760619,0,2895,,0.0038061105494340795
designed_e2_calibrated,web_attacks,full_test,0.001,0.15749818086624146,127,3042346,22,1325,0.1732283464566929,0.0004355191684312041
designed_e2_calibrated,web_attacks,time_quartile_1,0.001,0.15749818086624146,127,760490,22,197,0.1732283464566929,0.0002590435114202685
designed_e2_calibrated,web_attacks,time_quartile_2,0.001,0.15749818086624146,0,760619,0,423,,0.000556125997378451
designed_e2_calibrated,web_attacks,time_quartile_3,0.001,0.15749818086624146,0,760618,0,336,,0.00044174605386672415
designed_e2_calibrated,web_attacks,time_quartile_4,0.001,0.15749818086624146,0,760619,0,369,,0.00048513118920247853
designed_e2_calibrated,web_attacks,full_test,0.01,0.07305695861577988,127,3042346,39,23121,0.30708661417322836,0.007599727315696505
designed_e2_calibrated,web_attacks,time_quartile_1,0.01,0.07305695861577988,127,760490,39,7166,0.30708661417322836,0.009422872095622559
designed_e2_calibrated,web_attacks,time_quartile_2,0.01,0.07305695861577988,0,760619,0,5720,,0.00752019079197338
designed_e2_calibrated,web_attacks,time_quartile_3,0.01,0.07305695861577988,0,760618,0,5946,,0.007817327488962923
designed_e2_calibrated,web_attacks,time_quartile_4,0.01,0.07305695861577988,0,760619,0,4289,,0.00563882837531011
designed_e3_raw,benign,full_test,0.001,0.9901957511901855,2652203,390270,361861,170,0.13643789709912854,0.00043559586952622543
designed_e3_raw,benign,time_quartile_1,0.001,0.9901957511901855,420631,339986,47495,0,0.11291369395027946,0.0
designed_e3_raw,benign,time_quartile_2,0.001,0.9901957511901855,752591,8028,113949,121,0.15140893260748534,0.015072247135027405
designed_e3_raw,benign,time_quartile_3,0.001,0.9901957511901855,759904,714,98432,49,0.12953215142965427,0.06862745098039216
designed_e3_raw,benign,time_quartile_4,0.001,0.9901957511901855,719077,41542,101985,0,0.14182764849939575,0.0
designed_e3_raw,benign,full_test,0.01,0.936950147151947,2652203,390270,1697943,2848,0.6402009951726922,0.007297511978886412
designed_e3_raw,benign,time_quartile_1,0.01,0.936950147151947,420631,339986,247114,4,0.5874840418323899,1.1765190331366585e-05
designed_e3_raw,benign,time_quartile_2,0.01,0.936950147151947,752591,8028,490516,2502,0.6517696863236473,0.3116591928251121
designed_e3_raw,benign,time_quartile_3,0.01,0.936950147151947,759904,714,476443,342,0.6269778814166,0.4789915966386555
designed_e3_raw,benign,time_quartile_4,0.01,0.936950147151947,719077,41542,483870,0,0.6729042925861903,0.0
designed_e3_raw,bot,full_test,0.001,0.027311459183692932,41542,3000931,41422,1438,0.9971113571806846,0.00047918462637094953
designed_e3_raw,bot,time_quartile_1,0.001,0.027311459183692932,0,760617,0,353,,0.00046409691079741844
designed_e3_raw,bot,time_quartile_2,0.001,0.027311459183692932,0,760619,0,308,,0.0004049333503370281
designed_e3_raw,bot,time_quartile_3,0.001,0.027311459183692932,0,760618,0,382,,0.0005022231921937161
designed_e3_raw,bot,time_quartile_4,0.001,0.027311459183692932,41542,719077,41422,395,0.9971113571806846,0.0005493153028117991
designed_e3_raw,bot,full_test,0.01,0.017546843737363815,41542,3000931,41422,14062,0.9971113571806846,0.0046858791488374775
designed_e3_raw,bot,time_quartile_1,0.01,0.017546843737363815,0,760617,0,12694,,0.016689082678930395
designed_e3_raw,bot,time_quartile_2,0.01,0.017546843737363815,0,760619,0,371,,0.00048776062654232936
designed_e3_raw,bot,time_quartile_3,0.01,0.017546843737363815,0,760618,0,478,,0.0006284363504413516
designed_e3_raw,bot,time_quartile_4,0.01,0.017546843737363815,41542,719077,41422,519,0.9971113571806846,0.0007217585877451233
designed_e3_raw,brute_force,full_test,0.001,0.0035708369687199593,37696,3004777,37676,1445,0.9994694397283531,0.0004809009121142767
designed_e3_raw,brute_force,time_quartile_1,0.001,0.0035708369687199593,37696,722921,37676,1056,0.9994694397283531,0.0014607405235150174
designed_e3_raw,brute_force,time_quartile_2,0.001,0.0035708369687199593,0,760619,0,133,,0.00017485758310008034
designed_e3_raw,brute_force,time_quartile_3,0.001,0.0035708369687199593,0,760618,0,152,,0.00019983750055875617
designed_e3_raw,brute_force,time_quartile_4,0.001,0.0035708369687199593,0,760619,0,104,,0.00013673074167224326
designed_e3_raw,brute_force,full_test,0.01,0.0017284187488257885,37696,3004777,37692,23437,0.9998938879456706,0.0077999132714341194
designed_e3_raw,brute_force,time_quartile_1,0.01,0.0017284187488257885,37696,722921,37692,22017,0.9998938879456706,0.030455609949081572
designed_e3_raw,brute_force,time_quartile_2,0.01,0.0017284187488257885,0,760619,0,371,,0.00048776062654232936
designed_e3_raw,brute_force,time_quartile_3,0.01,0.0017284187488257885,0,760618,0,500,,0.0006573601992064347
designed_e3_raw,brute_force,time_quartile_4,0.01,0.0017284187488257885,0,760619,0,549,,0.0007217805497890534
designed_e3_raw,ddos,full_test,0.001,0.0354885570704937,262680,2779793,262579,237,0.9996155017511802,8.525814691957278e-05
designed_e3_raw,ddos,time_quartile_1,0.001,0.0354885570704937,262680,497937,262579,13,0.9996155017511802,2.6107720454595663e-05
designed_e3_raw,ddos,time_quartile_2,0.001,0.0354885570704937,0,760619,0,86,,0.00011306580561358577
designed_e3_raw,ddos,time_quartile_3,0.001,0.0354885570704937,0,760618,0,22,,2.892384876508313e-05
designed_e3_raw,ddos,time_quartile_4,0.001,0.0354885570704937,0,760619,0,116,,0.00015250736571134824
designed_e3_raw,ddos,full_test,0.01,0.007128552999347448,262680,2779793,262679,8010,0.9999961930866453,0.002881509522471637
designed_e3_raw,ddos,time_quartile_1,0.01,0.007128552999347448,262680,497937,262679,6290,0.9999961930866453,0.01263212012764667
designed_e3_raw,ddos,time_quartile_2,0.01,0.007128552999347448,0,760619,0,543,,0.0007138922377695009
designed_e3_raw,ddos,time_quartile_3,0.01,0.007128552999347448,0,760618,0,439,,0.0005771622549032498
designed_e3_raw,ddos,time_quartile_4,0.01,0.007128552999347448,0,760619,0,738,,0.0009702623784049571
designed_e3_raw,dos,full_test,0.001,0.021799370646476746,39483,3002990,39479,4319,0.9998986905756908,0.0014382332275498753
designed_e3_raw,dos,time_quartile_1,0.001,0.021799370646476746,39483,721134,39479,1087,0.9998986905756908,0.0015073481488877241
designed_e3_raw,dos,time_quartile_2,0.001,0.021799370646476746,0,760619,0,1365,,0.0017945909844481929
designed_e3_raw,dos,time_quartile_3,0.001,0.021799370646476746,0,760618,0,1107,,0.0014553954810430465
designed_e3_raw,dos,time_quartile_4,0.001,0.021799370646476746,0,760619,0,760,,0.0009991861891433162
designed_e3_raw,dos,full_test,0.01,0.0055105495266616344,39483,3002990,39479,33895,0.9998986905756908,0.011287083873073171
designed_e3_raw,dos,time_quartile_1,0.01,0.0055105495266616344,39483,721134,39479,27037,0.9998986905756908,0.03749233845582097
designed_e3_raw,dos,time_quartile_2,0.01,0.0055105495266616344,0,760619,0,2463,,0.0032381520840262996
designed_e3_raw,dos,time_quartile_3,0.01,0.0055105495266616344,0,760618,0,2479,,0.0032591918676655035
designed_e3_raw,dos,time_quartile_4,0.01,0.0055105495266616344,0,760619,0,1916,,0.002519000971577097
designed_e3_raw,infiltration,full_test,0.001,0.9211288690567017,8742,3033731,750,9,0.08579272477693892,2.9666440432589442e-06
designed_e3_raw,infiltration,time_quartile_1,0.001,0.9211288690567017,0,760617,0,0,,0.0
designed_e3_raw,infiltration,time_quartile_2,0.001,0.9211288690567017,8028,752591,750,9,0.09342301943198804,1.1958686723598874e-05
designed_e3_raw,infiltration,time_quartile_3,0.001,0.9211288690567017,714,759904,0,0,0.0,0.0
designed_e3_raw,infiltration,time_quartile_4,0.001,0.9211288690567017,0,760619,0,0,,0.0
designed_e3_raw,infiltration,full_test,0.01,0.6572163701057434,8742,3033731,1199,23905,0.13715396934339968,0.007879736206011673
designed_e3_raw,infiltration,time_quartile_1,0.01,0.6572163701057434,0,760617,0,3740,,0.004917060754624206
designed_e3_raw,infiltration,time_quartile_2,0.01,0.6572163701057434,8028,752591,1163,6257,0.1448679621325361,0.008313944758839795
designed_e3_raw,infiltration,time_quartile_3,0.01,0.6572163701057434,714,759904,36,7121,0.05042016806722689,0.009370920537331032
designed_e3_raw,infiltration,time_quartile_4,0.01,0.6572163701057434,0,760619,0,6787,,0.008922995612783799
designed_e3_raw,web_attacks,full_test,0.001,0.6341198682785034,127,3042346,108,354,0.8503937007874016,0.00011635757405633679
designed_e3_raw,web_attacks,time_quartile_1,0.001,0.6341198682785034,127,760490,108,111,0.8503937007874016,0.00014595852673933912
designed_e3_raw,web_attacks,time_quartile_2,0.001,0.6341198682785034,0,760619,0,181,,0.0002379640792565003
designed_e3_raw,web_attacks,time_quartile_3,0.001,0.6341198682785034,0,760618,0,36,,4.7329934342863306e-05
designed_e3_raw,web_attacks,time_quartile_4,0.001,0.6341198682785034,0,760619,0,26,,3.4182685418060815e-05
designed_e3_raw,web_attacks,full_test,0.01,0.10060899704694748,127,3042346,118,43571,0.9291338582677166,0.014321513726578108
designed_e3_raw,web_attacks,time_quartile_1,0.01,0.10060899704694748,127,760490,118,40504,0.9291338582677166,0.053260397901353076
designed_e3_raw,web_attacks,time_quartile_2,0.01,0.10060899704694748,0,760619,0,1166,,0.0015329619691330351
designed_e3_raw,web_attacks,time_quartile_3,0.01,0.10060899704694748,0,760618,0,946,,0.0012437254968985746
designed_e3_raw,web_attacks,time_quartile_4,0.01,0.10060899704694748,0,760619,0,955,,0.0012555563297787723
designed_e3_calibrated,benign,full_test,0.001,0.9748180508613586,2652203,390270,341685,154,0.12883063626728422,0.0003945986112178748
designed_e3_calibrated,benign,time_quartile_1,0.001,0.9748180508613586,420631,339986,43425,0,0.10323775470661935,0.0
designed_e3_calibrated,benign,time_quartile_2,0.001,0.9748180508613586,752591,8028,108596,113,0.1442961714928826,0.014075734927752865
designed_e3_calibrated,benign,time_quartile_3,0.001,0.9748180508613586,759904,714,92745,41,0.12204831136564619,0.05742296918767507
designed_e3_calibrated,benign,time_quartile_4,0.001,0.9748180508613586,719077,41542,96919,0,0.13478250590687785,0.0
designed_e3_calibrated,benign,full_test,0.01,0.8942806124687195,2652203,390270,1694377,2846,0.6388564525415287,0.007292387321597868
designed_e3_calibrated,benign,time_quartile_1,0.01,0.8942806124687195,420631,339986,246674,4,0.5864379943465888,1.1765190331366585e-05
designed_e3_calibrated,benign,time_quartile_2,0.01,0.8942806124687195,752591,8028,490032,2500,0.6511265747265115,0.31141006477329347
designed_e3_calibrated,benign,time_quartile_3,0.01,0.8942806124687195,759904,714,474660,342,0.6246315324040932,0.4789915966386555
designed_e3_calibrated,benign,time_quartile_4,0.01,0.8942806124687195,719077,41542,483011,0,0.6717097056365313,0.0
designed_e3_calibrated,bot,full_test,0.001,0.05022594332695007,41542,3000931,41422,1910,0.9971113571806846,0.0006364691490740707
designed_e3_calibrated,bot,time_quartile_1,0.001,0.05022594332695007,0,760617,0,849,,0.001116199085742233
designed_e3_calibrated,bot,time_quartile_2,0.001,0.05022594332695007,0,760619,0,303,,0.000398359756987401
designed_e3_calibrated,bot,time_quartile_3,0.001,0.05022594332695007,0,760618,0,378,,0.0004969643106000647
designed_e3_calibrated,bot,time_quartile_4,0.001,0.05022594332695007,41542,719077,41422,380,0.9971113571806846,0.0005284552280214775
designed_e3_calibrated,bot,full_test,0.01,0.035993631929159164,41542,3000931,41422,14248,0.9971113571806846,0.004747859914139978
designed_e3_calibrated,bot,time_quartile_1,0.01,0.035993631929159164,0,760617,0,12937,,0.01700856015576828
designed_e3_calibrated,bot,time_quartile_2,0.01,0.035993631929159164,0,760619,0,357,,0.0004693545651633735
designed_e3_calibrated,bot,time_quartile_3,0.01,0.035993631929159164,0,760618,0,465,,0.0006113449852619843
designed_e3_calibrated,bot,time_quartile_4,0.01,0.035993631929159164,41542,719077,41422,489,0.9971113571806846,0.0006800384381644803
designed_e3_calibrated,brute_force,full_test,0.001,0.009325149469077587,37696,3004777,37676,1432,0.9994694397283531,0.0004765744679222451
designed_e3_calibrated,brute_force,time_quartile_1,0.001,0.009325149469077587,37696,722921,37676,1050,0.9994694397283531,0.0014524408614495913
designed_e3_calibrated,brute_force,time_quartile_2,0.001,0.009325149469077587,0,760619,0,128,,0.00016828398975045325
designed_e3_calibrated,brute_force,time_quartile_3,0.001,0.009325149469077587,0,760618,0,153,,0.00020115222095716903
designed_e3_calibrated,brute_force,time_quartile_4,0.001,0.009325149469077587,0,760619,0,101,,0.000132786585662467
designed_e3_calibrated,brute_force,full_test,0.01,0.005084927659481764,37696,3004777,37692,23584,0.9998938879456706,0.007848835371144015
designed_e3_calibrated,brute_force,time_quartile_1,0.01,0.005084927659481764,37696,722921,37692,22078,0.9998938879456706,0.03053998984674674
designed_e3_calibrated,brute_force,time_quartile_2,0.01,0.005084927659481764,0,760619,0,387,,0.000508796125261136
designed_e3_calibrated,brute_force,time_quartile_3,0.01,0.005084927659481764,0,760618,0,542,,0.0007125784559397753
designed_e3_calibrated,brute_force,time_quartile_4,0.01,0.005084927659481764,0,760619,0,577,,0.000758592672546965
designed_e3_calibrated,ddos,full_test,0.001,0.0560183972120285,262680,2779793,262581,250,0.9996231155778894,8.993475413457045e-05
designed_e3_calibrated,ddos,time_quartile_1,0.001,0.0560183972120285,262680,497937,262581,13,0.9996231155778894,2.6107720454595663e-05
designed_e3_calibrated,ddos,time_quartile_2,0.001,0.0560183972120285,0,760619,0,85,,0.00011175108694366035
designed_e3_calibrated,ddos,time_quartile_3,0.001,0.0560183972120285,0,760618,0,22,,2.892384876508313e-05
designed_e3_calibrated,ddos,time_quartile_4,0.001,0.0560183972120285,0,760619,0,130,,0.0001709134270903041
designed_e3_calibrated,ddos,full_test,0.01,0.01627710461616516,262680,2779793,262679,7996,0.9999961930866453,0.002876473176240101
designed_e3_calibrated,ddos,time_quartile_1,0.01,0.01627710461616516,262680,497937,262679,6253,0.9999961930866453,0.012557813538660513
designed_e3_calibrated,ddos,time_quartile_2,0.01,0.01627710461616516,0,760619,0,546,,0.0007178363937792771
designed_e3_calibrated,ddos,time_quartile_3,0.01,0.01627710461616516,0,760618,0,443,,0.0005824211364969012
designed_e3_calibrated,ddos,time_quartile_4,0.01,0.01627710461616516,0,760619,0,754,,0.0009912978771237637
designed_e3_calibrated,dos,full_test,0.001,0.04013015329837799,39483,3002990,39479,4288,0.9998986905756908,0.0014279101828510918
designed_e3_calibrated,dos,time_quartile_1,0.001,0.04013015329837799,39483,721134,39479,1022,0.9998986905756908,0.001417212335016793
designed_e3_calibrated,dos,time_quartile_2,0.001,0.04013015329837799,0,760619,0,1375,,0.001807738171147447
designed_e3_calibrated,dos,time_quartile_3,0.001,0.04013015329837799,0,760618,0,1129,,0.0014843193298081298
designed_e3_calibrated,dos,time_quartile_4,0.001,0.04013015329837799,0,760619,0,762,,0.001001815626483167
designed_e3_calibrated,dos,full_test,0.01,0.01281673926860094,39483,3002990,39479,34100,0.9998986905756908,0.011355349168661901
designed_e3_calibrated,dos,time_quartile_1,0.01,0.01281673926860094,39483,721134,39479,26959,0.9998986905756908,0.03738417547917585
designed_e3_calibrated,dos,time_quartile_2,0.01,0.01281673926860094,0,760619,0,2554,,0.0033577914829895127
designed_e3_calibrated,dos,time_quartile_3,0.01,0.01281673926860094,0,760618,0,2576,,0.003386719746311552
designed_e3_calibrated,dos,time_quartile_4,0.01,0.01281673926860094,0,760619,0,2011,,0.0026438992452200117
designed_e3_calibrated,infiltration,full_test,0.001,0.8758239150047302,8742,3033731,748,9,0.08556394417753374,2.9666440432589442e-06
designed_e3_calibrated,infiltration,time_quartile_1,0.001,0.8758239150047302,0,760617,0,0,,0.0
designed_e3_calibrated,infiltration,time_quartile_2,0.001,0.8758239150047302,8028,752591,748,9,0.0931738913801694,1.1958686723598874e-05
designed_e3_calibrated,infiltration,time_quartile_3,0.001,0.8758239150047302,714,759904,0,0,0.0,0.0
designed_e3_calibrated,infiltration,time_quartile_4,0.001,0.8758239150047302,0,760619,0,0,,0.0
designed_e3_calibrated,infiltration,full_test,0.01,0.6259735226631165,8742,3033731,1197,23881,0.1369251887439945,0.00787182515522965
designed_e3_calibrated,infiltration,time_quartile_1,0.01,0.6259735226631165,0,760617,0,3738,,0.004914431310370396
designed_e3_calibrated,infiltration,time_quartile_2,0.01,0.6259735226631165,8028,752591,1161,6256,0.1446188340807175,0.008312616015870506
designed_e3_calibrated,infiltration,time_quartile_3,0.01,0.6259735226631165,714,759904,36,7109,0.05042016806722689,0.009355129068935023
designed_e3_calibrated,infiltration,time_quartile_4,0.01,0.6259735226631165,0,760619,0,6778,,0.00891116314475447
designed_e3_calibrated,web_attacks,full_test,0.001,0.5809438824653625,127,3042346,107,385,0.84251968503937,0.00012654707912906684
designed_e3_calibrated,web_attacks,time_quartile_1,0.001,0.5809438824653625,127,760490,107,114,0.84251968503937,0.00014990335178634827
designed_e3_calibrated,web_attacks,time_quartile_2,0.001,0.5809438824653625,0,760619,0,183,,0.00024059351659635114
designed_e3_calibrated,web_attacks,time_quartile_3,0.001,0.5809438824653625,0,760618,0,45,,5.916241792857913e-05
designed_e3_calibrated,web_attacks,time_quartile_4,0.001,0.5809438824653625,0,760619,0,43,,5.6532902806792886e-05
designed_e3_calibrated,web_attacks,full_test,0.01,0.13303710520267487,127,3042346,118,44300,0.9291338582677166,0.014561131442643276
designed_e3_calibrated,web_attacks,time_quartile_1,0.01,0.13303710520267487,127,760490,118,40989,0.9291338582677166,0.053898144617286224
designed_e3_calibrated,web_attacks,time_quartile_2,0.01,0.13303710520267487,0,760619,0,1245,,0.001636824744057143
designed_e3_calibrated,web_attacks,time_quartile_3,0.01,0.13303710520267487,0,760618,0,1024,,0.0013462736879747783
designed_e3_calibrated,web_attacks,time_quartile_4,0.01,0.13303710520267487,0,760619,0,1042,,0.0013699368540622836
designed_e4_raw,benign,full_test,0.001,0.6784952878952026,2652203,390270,1586792,420,0.5982920613542779,0.001076178030594204
designed_e4_raw,benign,time_quartile_1,0.001,0.6784952878952026,420631,339986,250779,1,0.5961971419129831,2.9412975828416463e-06
designed_e4_raw,benign,time_quartile_2,0.001,0.6784952878952026,752591,8028,449609,297,0.5974147976789518,0.03699551569506727
designed_e4_raw,benign,time_quartile_3,0.001,0.6784952878952026,759904,714,440637,2,0.5798587716343117,0.0028011204481792717
designed_e4_raw,benign,time_quartile_4,0.001,0.6784952878952026,719077,41542,445767,120,0.6199155306038158,0.002888642819315392
designed_e4_raw,benign,full_test,0.01,0.25571727752685547,2652203,390270,2127540,3353,0.8021784154531157,0.008591487944243728
designed_e4_raw,benign,time_quartile_1,0.01,0.25571727752685547,420631,339986,336973,24,0.8011130896201184,7.059114198819952e-05
designed_e4_raw,benign,time_quartile_2,0.01,0.25571727752685547,752591,8028,603234,3068,0.8015429363359381,0.38216243148978574
designed_e4_raw,benign,time_quartile_3,0.01,0.25571727752685547,759904,714,599822,137,0.7893391796858551,0.19187675070028012
designed_e4_raw,benign,time_quartile_4,0.01,0.25571727752685547,719077,41542,587511,124,0.8170348933424376,0.0029849309132925716
designed_e4_raw,bot,full_test,0.001,0.053386785089969635,41542,3000931,41422,507,0.9971113571806846,0.00016894756993746275
designed_e4_raw,bot,time_quartile_1,0.001,0.053386785089969635,0,760617,0,62,,8.151277186810181e-05
designed_e4_raw,bot,time_quartile_2,0.001,0.053386785089969635,0,760619,0,114,,0.00014987792837149744
designed_e4_raw,bot,time_quartile_3,0.001,0.053386785089969635,0,760618,0,258,,0.00033919786279052036
designed_e4_raw,bot,time_quartile_4,0.001,0.053386785089969635,41542,719077,41422,73,0.9971113571806846,0.00010151903064623121
designed_e4_raw,bot,full_test,0.01,0.014860773459076881,41542,3000931,41422,5989,0.9971113571806846,0.00199571399675634
designed_e4_raw,bot,time_quartile_1,0.01,0.014860773459076881,0,760617,0,2630,,0.003457719193759803
designed_e4_raw,bot,time_quartile_2,0.01,0.014860773459076881,0,760619,0,950,,0.0012489827364291451
designed_e4_raw,bot,time_quartile_3,0.01,0.014860773459076881,0,760618,0,1421,,0.0018682176861446876
designed_e4_raw,bot,time_quartile_4,0.01,0.014860773459076881,41542,719077,41422,988,0.9971113571806846,0.0013739835928558415
designed_e4_raw,brute_force,full_test,0.001,0.0037539228796958923,37696,3004777,37696,5634,1.0,0.0018750143521465985
designed_e4_raw,brute_force,time_quartile_1,0.001,0.0037539228796958923,37696,722921,37696,2306,1.0,0.0031898367871454835
designed_e4_raw,brute_force,time_quartile_2,0.001,0.0037539228796958923,0,760619,0,155,,0.00020378139383843947
designed_e4_raw,brute_force,time_quartile_3,0.001,0.0037539228796958923,0,760618,0,275,,0.0003615481095635391
designed_e4_raw,brute_force,time_quartile_4,0.001,0.0037539228796958923,0,760619,0,2898,,0.0038100547054438555
designed_e4_raw,brute_force,full_test,0.01,0.0015419633127748966,37696,3004777,37696,27492,1.0,0.009149431055948579
designed_e4_raw,brute_force,time_quartile_1,0.01,0.0015419633127748966,37696,722921,37696,22041,1.0,0.030488808597343278
designed_e4_raw,brute_force,time_quartile_2,0.01,0.0015419633127748966,0,760619,0,816,,0.0010728104346591394
designed_e4_raw,brute_force,time_quartile_3,0.01,0.0015419633127748966,0,760618,0,1010,,0.0013278676023969983
designed_e4_raw,brute_force,time_quartile_4,0.01,0.0015419633127748966,0,760619,0,3625,,0.004765855178479633
designed_e4_raw,ddos,full_test,0.001,0.016906820237636566,262680,2779793,262680,5656,1.0,0.002034683877540522
designed_e4_raw,ddos,time_quartile_1,0.001,0.016906820237636566,262680,497937,262680,1979,1.0,0.003974398367664986
designed_e4_raw,ddos,time_quartile_2,0.001,0.016906820237636566,0,760619,0,325,,0.0004272835677257602
designed_e4_raw,ddos,time_quartile_3,0.001,0.016906820237636566,0,760618,0,355,,0.0004667257414365687
designed_e4_raw,ddos,time_quartile_4,0.001,0.016906820237636566,0,760619,0,2997,,0.0039402118537664715
designed_e4_raw,ddos,full_test,0.01,0.005097034852951765,262680,2779793,262680,25425,1.0,0.009146364495485814
designed_e4_raw,ddos,time_quartile_1,0.01,0.005097034852951765,262680,497937,262680,19289,1.0,0.038737832296053515
designed_e4_raw,ddos,time_quartile_2,0.01,0.005097034852951765,0,760619,0,1242,,0.0016328805880473666
designed_e4_raw,ddos,time_quartile_3,0.01,0.005097034852951765,0,760618,0,1182,,0.0015539995109240118
designed_e4_raw,ddos,time_quartile_4,0.01,0.005097034852951765,0,760619,0,3712,,0.004880235702763144
designed_e4_raw,dos,full_test,0.001,0.005700374953448772,39483,3002990,39483,7522,1.0,0.002504836845943543
designed_e4_raw,dos,time_quartile_1,0.001,0.005700374953448772,39483,721134,39483,2630,1.0,0.003647033699700749
designed_e4_raw,dos,time_quartile_2,0.001,0.005700374953448772,0,760619,0,802,,0.0010544043732801836
designed_e4_raw,dos,time_quartile_3,0.001,0.005700374953448772,0,760618,0,841,,0.0011056798550652233
designed_e4_raw,dos,time_quartile_4,0.001,0.005700374953448772,0,760619,0,3249,,0.004271520958587676
designed_e4_raw,dos,full_test,0.01,0.0021780210081487894,39483,3002990,39483,28506,1.0,0.009492539102694314
designed_e4_raw,dos,time_quartile_1,0.01,0.0021780210081487894,39483,721134,39483,21242,1.0,0.02945638397302027
designed_e4_raw,dos,time_quartile_2,0.01,0.0021780210081487894,0,760619,0,1547,,0.0020338697823746184
designed_e4_raw,dos,time_quartile_3,0.01,0.0021780210081487894,0,760618,0,1820,,0.0023927911251114225
designed_e4_raw,dos,time_quartile_4,0.01,0.0021780210081487894,0,760619,0,3897,,0.005123458656699346
designed_e4_raw,infiltration,full_test,0.001,0.9542154669761658,8742,3033731,860,153,0.09837565774422329,5.043294873540205e-05
designed_e4_raw,infiltration,time_quartile_1,0.001,0.9542154669761658,0,760617,0,25,,3.28680531726217e-05
designed_e4_raw,infiltration,time_quartile_2,0.001,0.9542154669761658,8028,752591,860,49,0.10712506228201295,6.510840549514942e-05
designed_e4_raw,infiltration,time_quartile_3,0.001,0.9542154669761658,714,759904,0,60,0.0,7.895734198003958e-05
designed_e4_raw,infiltration,time_quartile_4,0.001,0.9542154669761658,0,760619,0,19,,2.4979654728582903e-05
designed_e4_raw,infiltration,full_test,0.01,0.9135856628417969,8742,3033731,1368,15780,0.15648592999313657,0.0052015158891806825
designed_e4_raw,infiltration,time_quartile_1,0.01,0.9135856628417969,0,760617,0,2563,,0.003369632811257177
designed_e4_raw,infiltration,time_quartile_2,0.01,0.9135856628417969,8028,752591,1302,4317,0.16218236173393125,0.005736183398419593
designed_e4_raw,infiltration,time_quartile_3,0.01,0.9135856628417969,714,759904,66,4856,0.09243697478991597,0.006390280877584537
designed_e4_raw,infiltration,time_quartile_4,0.01,0.9135856628417969,0,760619,0,4044,,0.005316722301178382
designed_e4_raw,web_attacks,full_test,0.001,0.9053114056587219,127,3042346,47,334,0.3700787401574803,0.00010978369981586578
designed_e4_raw,web_attacks,time_quartile_1,0.001,0.9053114056587219,127,760490,47,131,0.3700787401574803,0.00017225736038606687
designed_e4_raw,web_attacks,time_quartile_2,0.001,0.9053114056587219,0,760619,0,138,,0.0001814311764497074
designed_e4_raw,web_attacks,time_quartile_3,0.001,0.9053114056587219,0,760618,0,34,,4.4700493546037564e-05
designed_e4_raw,web_attacks,time_quartile_4,0.001,0.9053114056587219,0,760619,0,31,,4.0756278767687896e-05
designed_e4_raw,web_attacks,full_test,0.01,0.1265941858291626,127,3042346,126,12042,0.9921259842519685,0.003958129680187592
designed_e4_raw,web_attacks,time_quartile_1,0.01,0.1265941858291626,127,760490,126,2120,0.9921259842519685,0.0027876763665531435
designed_e4_raw,web_attacks,time_quartile_2,0.01,0.1265941858291626,0,760619,0,2599,,0.0034169538231361564
designed_e4_raw,web_attacks,time_quartile_3,0.01,0.1265941858291626,0,760618,0,2528,,0.003323613167187734
designed_e4_raw,web_attacks,time_quartile_4,0.01,0.1265941858291626,0,760619,0,4795,,0.00630407602229237
designed_e4_calibrated,benign,full_test,0.001,0.644296407699585,2652203,390270,1576110,420,0.5942644661815102,0.001076178030594204
designed_e4_calibrated,benign,time_quartile_1,0.001,0.644296407699585,420631,339986,242012,1,0.5753546457583963,2.9412975828416463e-06
designed_e4_calibrated,benign,time_quartile_2,0.001,0.644296407699585,752591,8028,448963,297,0.5965564297207913,0.03699551569506727
designed_e4_calibrated,benign,time_quartile_3,0.001,0.644296407699585,759904,714,439878,2,0.5788599612582642,0.0028011204481792717
designed_e4_calibrated,benign,time_quartile_4,0.001,0.644296407699585,719077,41542,445257,120,0.6192062880609448,0.002888642819315392
designed_e4_calibrated,benign,full_test,0.01,0.29729458689689636,2652203,390270,2127021,3335,0.8019827290746598,0.008545366028646834
designed_e4_calibrated,benign,time_quartile_1,0.01,0.29729458689689636,420631,339986,336919,8,0.8009847110650428,2.353038066273317e-05
designed_e4_calibrated,benign,time_quartile_2,0.01,0.29729458689689636,752591,8028,603084,3066,0.8013436248905448,0.3819133034379671
designed_e4_calibrated,benign,time_quartile_3,0.01,0.29729458689689636,759904,714,599679,137,0.7891509980208026,0.19187675070028012
designed_e4_calibrated,benign,time_quartile_4,0.01,0.29729458689689636,719077,41542,587339,124,0.8167956978181753,0.0029849309132925716
designed_e4_calibrated,bot,full_test,0.001,0.08110036700963974,41542,3000931,41422,499,0.9971113571806846,0.00016628173056961322
designed_e4_calibrated,bot,time_quartile_1,0.001,0.08110036700963974,0,760617,0,63,,8.282749399500668e-05
designed_e4_calibrated,bot,time_quartile_2,0.001,0.08110036700963974,0,760619,0,108,,0.00014198961635194493
designed_e4_calibrated,bot,time_quartile_3,0.001,0.08110036700963974,0,760618,0,260,,0.0003418273035873461
designed_e4_calibrated,bot,time_quartile_4,0.001,0.08110036700963974,41542,719077,41422,68,0.9971113571806846,9.456567238279072e-05
designed_e4_calibrated,bot,full_test,0.01,0.027808330953121185,41542,3000931,41422,6228,0.9971113571806846,0.002075355947870844
designed_e4_calibrated,bot,time_quartile_1,0.01,0.027808330953121185,0,760617,0,2726,,0.0035839325179426703
designed_e4_calibrated,bot,time_quartile_2,0.01,0.027808330953121185,0,760619,0,995,,0.001308145076575789
designed_e4_calibrated,bot,time_quartile_3,0.01,0.027808330953121185,0,760618,0,1489,,0.0019576186732367627
designed_e4_calibrated,bot,time_quartile_4,0.01,0.027808330953121185,41542,719077,41422,1018,0.9971113571806846,0.0014157037424364846
designed_e4_calibrated,brute_force,full_test,0.001,0.00932533573359251,37696,3004777,37696,5648,1.0,0.0018796735997380172
designed_e4_calibrated,brute_force,time_quartile_1,0.001,0.00932533573359251,37696,722921,37696,2321,1.0,0.003210585942309049
designed_e4_calibrated,brute_force,time_quartile_2,0.001,0.00932533573359251,0,760619,0,152,,0.00019983723782866322
designed_e4_calibrated,brute_force,time_quartile_3,0.001,0.00932533573359251,0,760618,0,274,,0.00036023338916512624
designed_e4_calibrated,brute_force,time_quartile_4,0.001,0.00932533573359251,0,760619,0,2901,,0.003813998861453632
designed_e4_calibrated,brute_force,full_test,0.01,0.004782937932759523,37696,3004777,37696,27620,1.0,0.00919202989107012
designed_e4_calibrated,brute_force,time_quartile_1,0.01,0.004782937932759523,37696,722921,37696,22150,1.0,0.030639585791531854
designed_e4_calibrated,brute_force,time_quartile_2,0.01,0.004782937932759523,0,760619,0,798,,0.0010491454986004819
designed_e4_calibrated,brute_force,time_quartile_3,0.01,0.004782937932759523,0,760618,0,1036,,0.0013620503327557328
designed_e4_calibrated,brute_force,time_quartile_4,0.01,0.004782937932759523,0,760619,0,3636,,0.0047803170838488125
designed_e4_calibrated,ddos,full_test,0.001,0.030566789209842682,262680,2779793,262680,5667,1.0,0.002038641006722443
designed_e4_calibrated,ddos,time_quartile_1,0.001,0.030566789209842682,262680,497937,262680,2031,1.0,0.004078829249483368
designed_e4_calibrated,ddos,time_quartile_2,0.001,0.030566789209842682,0,760619,0,295,,0.00038784200762799774
designed_e4_calibrated,ddos,time_quartile_3,0.001,0.030566789209842682,0,760618,0,346,,0.00045489325785085286
designed_e4_calibrated,ddos,time_quartile_4,0.001,0.030566789209842682,0,760619,0,2995,,0.003937582416426621
designed_e4_calibrated,ddos,full_test,0.01,0.011816021054983139,262680,2779793,262680,26772,1.0,0.00963093295076288
designed_e4_calibrated,ddos,time_quartile_1,0.01,0.011816021054983139,262680,497937,262680,20514,1.0,0.041197982877351956
designed_e4_calibrated,ddos,time_quartile_2,0.01,0.011816021054983139,0,760619,0,1265,,0.0016631191174556513
designed_e4_calibrated,ddos,time_quartile_3,0.01,0.011816021054983139,0,760618,0,1230,,0.0016171060900478295
designed_e4_calibrated,ddos,time_quartile_4,0.01,0.011816021054983139,0,760619,0,3763,,0.004947286354929341
designed_e4_calibrated,dos,full_test,0.001,0.01413445919752121,39483,3002990,39483,7014,1.0,0.002335672113460251
designed_e4_calibrated,dos,time_quartile_1,0.001,0.01413445919752121,39483,721134,39483,2208,1.0,0.003061844261954089
designed_e4_calibrated,dos,time_quartile_2,0.001,0.01413445919752121,0,760619,0,759,,0.0009978714704733907
designed_e4_calibrated,dos,time_quartile_3,0.001,0.01413445919752121,0,760618,0,815,,0.0010714971247064887
designed_e4_calibrated,dos,time_quartile_4,0.001,0.01413445919752121,0,760619,0,3232,,0.004249170741198944
designed_e4_calibrated,dos,full_test,0.01,0.006217291112989187,39483,3002990,39483,32568,1.0,0.010845190959676855
designed_e4_calibrated,dos,time_quartile_1,0.01,0.006217291112989187,39483,721134,39483,25320,1.0,0.035111366264799604
designed_e4_calibrated,dos,time_quartile_2,0.01,0.006217291112989187,0,760619,0,1548,,0.002035184501044544
designed_e4_calibrated,dos,time_quartile_3,0.01,0.006217291112989187,0,760618,0,1813,,0.0023835880823225323
designed_e4_calibrated,dos,time_quartile_4,0.01,0.006217291112989187,0,760619,0,3887,,0.005110311470000092
designed_e4_calibrated,infiltration,full_test,0.001,0.9179127216339111,8742,3033731,858,161,0.09814687714481812,5.3069965662743334e-05
designed_e4_calibrated,infiltration,time_quartile_1,0.001,0.9179127216339111,0,760617,0,25,,3.28680531726217e-05
designed_e4_calibrated,infiltration,time_quartile_2,0.001,0.9179127216339111,8028,752591,858,50,0.10687593423019431,6.643714846443819e-05
designed_e4_calibrated,infiltration,time_quartile_3,0.001,0.9179127216339111,714,759904,0,64,0.0,8.422116477870889e-05
designed_e4_calibrated,infiltration,time_quartile_4,0.001,0.9179127216339111,0,760619,0,22,,2.8923810738359152e-05
designed_e4_calibrated,infiltration,full_test,0.01,0.8673414587974548,8742,3033731,1310,16087,0.14985129261038663,0.005302711413767404
designed_e4_calibrated,infiltration,time_quartile_1,0.01,0.8673414587974548,0,760617,0,2605,,0.0034248511405871812
designed_e4_calibrated,infiltration,time_quartile_2,0.01,0.8673414587974548,8028,752591,1244,4405,0.15495764823119082,0.005853112779717004
designed_e4_calibrated,infiltration,time_quartile_3,0.01,0.8673414587974548,714,759904,66,4954,0.09243697478991597,0.006519244536151935
designed_e4_calibrated,infiltration,time_quartile_4,0.01,0.8673414587974548,0,760619,0,4123,,0.00542058507610249
designed_e4_calibrated,web_attacks,full_test,0.001,0.8402252793312073,127,3042346,50,344,0.3937007874015748,0.00011307063693610129
designed_e4_calibrated,web_attacks,time_quartile_1,0.001,0.8402252793312073,127,760490,50,131,0.3937007874015748,0.00017225736038606687
designed_e4_calibrated,web_attacks,time_quartile_2,0.001,0.8402252793312073,0,760619,0,148,,0.00019457836314896158
designed_e4_calibrated,web_attacks,time_quartile_3,0.001,0.8402252793312073,0,760618,0,35,,4.601521394445043e-05
designed_e4_calibrated,web_attacks,time_quartile_4,0.001,0.8402252793312073,0,760619,0,30,,3.944156009776248e-05
designed_e4_calibrated,web_attacks,full_test,0.01,0.15405620634555817,127,3042346,126,12165,0.9921259842519685,0.003998559006766489
designed_e4_calibrated,web_attacks,time_quartile_1,0.01,0.15405620634555817,127,760490,126,2151,0.9921259842519685,0.0028284395587055713
designed_e4_calibrated,web_attacks,time_quartile_2,0.01,0.15405620634555817,0,760619,0,2636,,0.0034655984139233967
designed_e4_calibrated,web_attacks,time_quartile_3,0.01,0.15405620634555817,0,760618,0,2561,,0.003366998940335359
designed_e4_calibrated,web_attacks,time_quartile_4,0.01,0.15405620634555817,0,760619,0,4817,,0.006332999833030729
matched_random_e1_raw,benign,full_test,0.001,0.9953122138977051,2652203,390270,1253241,312,0.47252830948460584,0.0007994465370128373
matched_random_e1_raw,benign,time_quartile_1,0.001,0.9953122138977051,420631,339986,184157,0,0.43781128827880017,0.0
matched_random_e1_raw,benign,time_quartile_2,0.001,0.9953122138977051,752591,8028,353390,310,0.4695644779169562,0.03861484803188839
matched_random_e1_raw,benign,time_quartile_3,0.001,0.9953122138977051,759904,714,358099,2,0.4712424200951699,0.0028011204481792717
matched_random_e1_raw,benign,time_quartile_4,0.001,0.9953122138977051,719077,41542,357595,0,0.49729722964300066,0.0
matched_random_e1_raw,benign,full_test,0.01,0.9644748568534851,2652203,390270,2322906,3011,0.8758401977525853,0.007715171547902734
matched_random_e1_raw,benign,time_quartile_1,0.01,0.9644748568534851,420631,339986,371938,31,0.8842382040315621,9.118022506809104e-05
matched_random_e1_raw,benign,time_quartile_2,0.01,0.9644748568534851,752591,8028,658516,2797,0.8749985051641596,0.34840558046836073
matched_random_e1_raw,benign,time_quartile_3,0.01,0.9644748568534851,759904,714,663967,183,0.8737511580410157,0.25630252100840334
matched_random_e1_raw,benign,time_quartile_4,0.01,0.9644748568534851,719077,41542,628485,0,0.8740162736396797,0.0
matched_random_e1_raw,bot,full_test,0.001,0.01531644631177187,41542,3000931,41542,958,1.0,0.00031923426429997893
matched_random_e1_raw,bot,time_quartile_1,0.001,0.01531644631177187,0,760617,0,362,,0.0004759294099395622
matched_random_e1_raw,bot,time_quartile_2,0.001,0.01531644631177187,0,760619,0,233,,0.0003063294500926219
matched_random_e1_raw,bot,time_quartile_3,0.001,0.01531644631177187,0,760618,0,122,,0.00016039588860637007
matched_random_e1_raw,bot,time_quartile_4,0.001,0.01531644631177187,41542,719077,41542,241,1.0,0.0003351518682978318
matched_random_e1_raw,bot,full_test,0.01,0.006089034490287304,41542,3000931,41542,12869,1.0,0.004288335853106919
matched_random_e1_raw,bot,time_quartile_1,0.01,0.006089034490287304,0,760617,0,11783,,0.01549137082132006
matched_random_e1_raw,bot,time_quartile_2,0.01,0.006089034490287304,0,760619,0,401,,0.0005272021866400918
matched_random_e1_raw,bot,time_quartile_3,0.01,0.006089034490287304,0,760618,0,219,,0.00028792376725241843
matched_random_e1_raw,bot,time_quartile_4,0.01,0.006089034490287304,41542,719077,41542,466,1.0,0.0006480529901526541
matched_random_e1_raw,brute_force,full_test,0.001,0.0014767793472856283,37696,3004777,37694,525,0.9999469439728353,0.00017472178467819741
matched_random_e1_raw,brute_force,time_quartile_1,0.001,0.0014767793472856283,37696,722921,37694,77,0.9999469439728353,0.0001065123298396367
matched_random_e1_raw,brute_force,time_quartile_2,0.001,0.0014767793472856283,0,760619,0,139,,0.00018274589511963282
matched_random_e1_raw,brute_force,time_quartile_3,0.001,0.0014767793472856283,0,760618,0,53,,6.968018111588208e-05
matched_random_e1_raw,brute_force,time_quartile_4,0.001,0.0014767793472856283,0,760619,0,256,,0.0003365679795009065
matched_random_e1_raw,brute_force,full_test,0.01,0.0002159384748665616,37696,3004777,37696,4371,1.0,0.0014546836587207637
matched_random_e1_raw,brute_force,time_quartile_1,0.01,0.0002159384748665616,37696,722921,37696,1808,1.0,0.0025009648357151057
matched_random_e1_raw,brute_force,time_quartile_2,0.01,0.0002159384748665616,0,760619,0,357,,0.0004693545651633735
matched_random_e1_raw,brute_force,time_quartile_3,0.01,0.0002159384748665616,0,760618,0,245,,0.00032210649761115303
matched_random_e1_raw,brute_force,time_quartile_4,0.01,0.0002159384748665616,0,760619,0,1961,,0.0025781633117237406
matched_random_e1_raw,ddos,full_test,0.001,0.003739096224308014,262680,2779793,262680,784,1.0,0.0002820353889660129
matched_random_e1_raw,ddos,time_quartile_1,0.001,0.003739096224308014,262680,497937,262680,54,1.0,0.00010844745419601275
matched_random_e1_raw,ddos,time_quartile_2,0.001,0.003739096224308014,0,760619,0,206,,0.0002708320460046357
matched_random_e1_raw,ddos,time_quartile_3,0.001,0.003739096224308014,0,760618,0,61,,8.019794430318504e-05
matched_random_e1_raw,ddos,time_quartile_4,0.001,0.003739096224308014,0,760619,0,463,,0.0006087147441754676
matched_random_e1_raw,ddos,full_test,0.01,0.0017059892416000366,262680,2779793,262680,18865,1.0,0.006786476546994686
matched_random_e1_raw,ddos,time_quartile_1,0.01,0.0017059892416000366,262680,497937,262680,473,1.0,0.0009499193673095191
matched_random_e1_raw,ddos,time_quartile_2,0.01,0.0017059892416000366,0,760619,0,266,,0.0003497151662001607
matched_random_e1_raw,ddos,time_quartile_3,0.01,0.0017059892416000366,0,760618,0,111,,0.00014593396422382852
matched_random_e1_raw,ddos,time_quartile_4,0.01,0.0017059892416000366,0,760619,0,18015,,0.02368465683870637
matched_random_e1_raw,dos,full_test,0.001,0.001985347829759121,39483,3002990,39483,3961,1.0,0.0013190187113510201
matched_random_e1_raw,dos,time_quartile_1,0.001,0.001985347829759121,39483,721134,39483,2574,1.0,0.0035693782292888702
matched_random_e1_raw,dos,time_quartile_2,0.001,0.001985347829759121,0,760619,0,416,,0.000546922966688973
matched_random_e1_raw,dos,time_quartile_3,0.001,0.001985347829759121,0,760618,0,381,,0.0005009084717953033
matched_random_e1_raw,dos,time_quartile_4,0.001,0.001985347829759121,0,760619,0,590,,0.0007756840152559955
matched_random_e1_raw,dos,full_test,0.01,0.0010031081037595868,39483,3002990,39483,28982,1.0,0.009651047789036927
matched_random_e1_raw,dos,time_quartile_1,0.01,0.0010031081037595868,39483,721134,39483,22620,1.0,0.03136726322708401
matched_random_e1_raw,dos,time_quartile_2,0.01,0.0010031081037595868,0,760619,0,1780,,0.0023401992324672406
matched_random_e1_raw,dos,time_quartile_3,0.01,0.0010031081037595868,0,760618,0,2662,,0.0034997857005750585
matched_random_e1_raw,dos,time_quartile_4,0.01,0.0010031081037595868,0,760619,0,1920,,0.0025242598462567986
matched_random_e1_raw,infiltration,full_test,0.001,0.9974215626716614,8742,3033731,519,5,0.05936856554564173,1.6481355795883022e-06
matched_random_e1_raw,infiltration,time_quartile_1,0.001,0.9974215626716614,0,760617,0,5,,6.57361063452434e-06
matched_random_e1_raw,infiltration,time_quartile_2,0.001,0.9974215626716614,8028,752591,519,0,0.06464872944693573,0.0
matched_random_e1_raw,infiltration,time_quartile_3,0.001,0.9974215626716614,714,759904,0,0,0.0,0.0
matched_random_e1_raw,infiltration,time_quartile_4,0.001,0.9974215626716614,0,760619,0,0,,0.0
matched_random_e1_raw,infiltration,full_test,0.01,0.15989325940608978,8742,3033731,2933,16787,0.33550674902768246,0.005533450394909766
matched_random_e1_raw,infiltration,time_quartile_1,0.01,0.15989325940608978,0,760617,0,2511,,0.0033012672606581236
matched_random_e1_raw,infiltration,time_quartile_2,0.01,0.15989325940608978,8028,752591,2824,4268,0.3517688091679123,0.005671074992924444
matched_random_e1_raw,infiltration,time_quartile_3,0.01,0.15989325940608978,714,759904,109,5258,0.15266106442577032,0.0069192950688508024
matched_random_e1_raw,infiltration,time_quartile_4,0.01,0.15989325940608978,0,760619,0,4750,,0.006244913682145726
matched_random_e1_raw,web_attacks,full_test,0.001,0.18846485018730164,127,3042346,81,492,0.6377952755905512,0.00016171730631558672
matched_random_e1_raw,web_attacks,time_quartile_1,0.001,0.18846485018730164,127,760490,81,141,0.6377952755905512,0.00018540677720943076
matched_random_e1_raw,web_attacks,time_quartile_2,0.001,0.18846485018730164,0,760619,0,241,,0.00031684719945202525
matched_random_e1_raw,web_attacks,time_quartile_3,0.001,0.18846485018730164,0,760618,0,61,,8.019794430318504e-05
matched_random_e1_raw,web_attacks,time_quartile_4,0.001,0.18846485018730164,0,760619,0,49,,6.442121482634538e-05
matched_random_e1_raw,web_attacks,full_test,0.01,0.036458905786275864,127,3042346,96,9870,0.7559055118110236,0.003244206937672441
matched_random_e1_raw,web_attacks,time_quartile_1,0.01,0.036458905786275864,127,760490,96,8055,0.7559055118110236,0.010591855251219608
matched_random_e1_raw,web_attacks,time_quartile_2,0.01,0.036458905786275864,0,760619,0,677,,0.0008900645395395066
matched_random_e1_raw,web_attacks,time_quartile_3,0.01,0.036458905786275864,0,760618,0,412,,0.0005416648041461022
matched_random_e1_raw,web_attacks,time_quartile_4,0.01,0.036458905786275864,0,760619,0,726,,0.000954485754365852
matched_random_e1_calibrated,benign,full_test,0.001,0.9858470559120178,2652203,390270,1235932,316,0.46600203679733415,0.0008096958515899249
matched_random_e1_calibrated,benign,time_quartile_1,0.001,0.9858470559120178,420631,339986,181496,0,0.4314850783703531,0.0
matched_random_e1_calibrated,benign,time_quartile_2,0.001,0.9858470559120178,752591,8028,348967,314,0.463687447763792,0.03911310413552566
matched_random_e1_calibrated,benign,time_quartile_3,0.001,0.9858470559120178,759904,714,352658,2,0.46408230513327997,0.0028011204481792717
matched_random_e1_calibrated,benign,time_quartile_4,0.001,0.9858470559120178,719077,41542,352811,0,0.4906442564565408,0.0
matched_random_e1_calibrated,benign,full_test,0.01,0.9322823882102966,2652203,390270,2320809,3009,0.8750495342928124,0.00771004689061419
matched_random_e1_calibrated,benign,time_quartile_1,0.01,0.9322823882102966,420631,339986,371472,30,0.8831303446488727,8.823892748524939e-05
matched_random_e1_calibrated,benign,time_quartile_2,0.01,0.9322823882102966,752591,8028,658115,2804,0.8744656792334747,0.34927752864972594
matched_random_e1_calibrated,benign,time_quartile_3,0.01,0.9322823882102966,759904,714,663468,175,0.8730944961468817,0.24509803921568626
matched_random_e1_calibrated,benign,time_quartile_4,0.01,0.9322823882102966,719077,41542,627754,0,0.8729996926615647,0.0
matched_random_e1_calibrated,bot,full_test,0.001,0.031044911593198776,41542,3000931,41527,921,0.9996389196475856,0.0003069047572236749
matched_random_e1_calibrated,bot,time_quartile_1,0.001,0.031044911593198776,0,760617,0,327,,0.00042991413549789187
matched_random_e1_calibrated,bot,time_quartile_2,0.001,0.031044911593198776,0,760619,0,229,,0.0003010705754129203
matched_random_e1_calibrated,bot,time_quartile_3,0.001,0.031044911593198776,0,760618,0,123,,0.00016171060900478296
matched_random_e1_calibrated,bot,time_quartile_4,0.001,0.031044911593198776,41542,719077,41527,242,0.9996389196475856,0.0003365425399505199
matched_random_e1_calibrated,bot,full_test,0.01,0.014949817210435867,41542,3000931,41542,11376,1.0,0.003790823581082004
matched_random_e1_calibrated,bot,time_quartile_1,0.01,0.014949817210435867,0,760617,0,10251,,0.013477216522901802
matched_random_e1_calibrated,bot,time_quartile_2,0.01,0.014949817210435867,0,760619,0,417,,0.0005482376853588985
matched_random_e1_calibrated,bot,time_quartile_3,0.01,0.014949817210435867,0,760618,0,230,,0.00030238569163496
matched_random_e1_calibrated,bot,time_quartile_4,0.01,0.014949817210435867,41542,719077,41542,478,1.0,0.0006647410499849112
matched_random_e1_calibrated,brute_force,full_test,0.001,0.004767038393765688,37696,3004777,37694,496,0.9999469439728353,0.00016507048609597317
matched_random_e1_calibrated,brute_force,time_quartile_1,0.001,0.004767038393765688,37696,722921,37694,72,0.9999469439728353,9.959594478511483e-05
matched_random_e1_calibrated,brute_force,time_quartile_2,0.001,0.004767038393765688,0,760619,0,115,,0.00015119264704142285
matched_random_e1_calibrated,brute_force,time_quartile_3,0.001,0.004767038393765688,0,760618,0,47,,6.179185872540486e-05
matched_random_e1_calibrated,brute_force,time_quartile_4,0.001,0.004767038393765688,0,760619,0,262,,0.000344456291520459
matched_random_e1_calibrated,brute_force,full_test,0.01,0.0011108543258160353,37696,3004777,37696,11609,1.0,0.003863514663484179
matched_random_e1_calibrated,brute_force,time_quartile_1,0.01,0.0011108543258160353,37696,722921,37696,1150,1.0,0.0015907685625400287
matched_random_e1_calibrated,brute_force,time_quartile_2,0.01,0.0011108543258160353,0,760619,0,333,,0.00043780131708516355
matched_random_e1_calibrated,brute_force,time_quartile_3,0.01,0.0011108543258160353,0,760618,0,225,,0.00029581208964289565
matched_random_e1_calibrated,brute_force,time_quartile_4,0.01,0.0011108543258160353,0,760619,0,9901,,0.013017029550931545
matched_random_e1_calibrated,ddos,full_test,0.001,0.010018792003393173,262680,2779793,262680,800,1.0,0.00028779121323062545
matched_random_e1_calibrated,ddos,time_quartile_1,0.001,0.010018792003393173,262680,497937,262680,53,1.0,0.0001064391680071977
matched_random_e1_calibrated,ddos,time_quartile_2,0.001,0.010018792003393173,0,760619,0,206,,0.0002708320460046357
matched_random_e1_calibrated,ddos,time_quartile_3,0.001,0.010018792003393173,0,760618,0,64,,8.414210549842364e-05
matched_random_e1_calibrated,ddos,time_quartile_4,0.001,0.010018792003393173,0,760619,0,477,,0.0006271208055544234
matched_random_e1_calibrated,ddos,full_test,0.01,0.0057733445428311825,262680,2779793,262680,21201,1.0,0.007626826889628112
matched_random_e1_calibrated,ddos,time_quartile_1,0.01,0.0057733445428311825,262680,497937,262680,462,1.0,0.0009278282192325536
matched_random_e1_calibrated,ddos,time_quartile_2,0.01,0.0057733445428311825,0,760619,0,263,,0.00034577101019038443
matched_random_e1_calibrated,ddos,time_quartile_3,0.01,0.0057733445428311825,0,760618,0,105,,0.0001380456418333513
matched_random_e1_calibrated,ddos,time_quartile_4,0.01,0.0057733445428311825,0,760619,0,20371,,0.026782134025050648
matched_random_e1_calibrated,dos,full_test,0.001,0.006583930924534798,39483,3002990,39483,3789,1.0,0.0012617424633448663
matched_random_e1_calibrated,dos,time_quartile_1,0.001,0.006583930924534798,39483,721134,39483,2428,1.0,0.003366919324286471
matched_random_e1_calibrated,dos,time_quartile_2,0.001,0.006583930924534798,0,760619,0,406,,0.0005337757799897189
matched_random_e1_calibrated,dos,time_quartile_3,0.001,0.006583930924534798,0,760618,0,386,,0.0005074820737873677
matched_random_e1_calibrated,dos,time_quartile_4,0.001,0.006583930924534798,0,760619,0,569,,0.0007480749231875617
matched_random_e1_calibrated,dos,full_test,0.01,0.0035616420209407806,39483,3002990,39483,27640,1.0,0.009204159854012168
matched_random_e1_calibrated,dos,time_quartile_1,0.01,0.0035616420209407806,39483,721134,39483,21156,1.0,0.029337127357744887
matched_random_e1_calibrated,dos,time_quartile_2,0.01,0.0035616420209407806,0,760619,0,1818,,0.0023901585419244063
matched_random_e1_calibrated,dos,time_quartile_3,0.01,0.0035616420209407806,0,760618,0,2711,,0.003564207000097289
matched_random_e1_calibrated,dos,time_quartile_4,0.01,0.0035616420209407806,0,760619,0,1955,,0.0025702749997041884
matched_random_e1_calibrated,infiltration,full_test,0.001,0.9909112453460693,8742,3033731,512,4,0.058567833447723636,1.3185084636706418e-06
matched_random_e1_calibrated,infiltration,time_quartile_1,0.001,0.9909112453460693,0,760617,0,4,,5.258888507619472e-06
matched_random_e1_calibrated,infiltration,time_quartile_2,0.001,0.9909112453460693,8028,752591,512,0,0.0637767812655705,0.0
matched_random_e1_calibrated,infiltration,time_quartile_3,0.001,0.9909112453460693,714,759904,0,0,0.0,0.0
matched_random_e1_calibrated,infiltration,time_quartile_4,0.001,0.9909112453460693,0,760619,0,0,,0.0
matched_random_e1_calibrated,infiltration,full_test,0.01,0.20944352447986603,8742,3033731,2933,16779,0.33550674902768246,0.005530813377982425
matched_random_e1_calibrated,infiltration,time_quartile_1,0.01,0.20944352447986603,0,760617,0,2508,,0.003297323094277409
matched_random_e1_calibrated,infiltration,time_quartile_2,0.01,0.20944352447986603,8028,752591,2824,4266,0.3517688091679123,0.005668417506985866
matched_random_e1_calibrated,infiltration,time_quartile_3,0.01,0.20944352447986603,714,759904,109,5260,0.15266106442577032,0.006921926980250137
matched_random_e1_calibrated,infiltration,time_quartile_4,0.01,0.20944352447986603,0,760619,0,4745,,0.006238340088796099
matched_random_e1_calibrated,web_attacks,full_test,0.001,0.22923673689365387,127,3042346,81,412,0.6377952755905512,0.0001354218093537027
matched_random_e1_calibrated,web_attacks,time_quartile_1,0.001,0.22923673689365387,127,760490,81,119,0.6377952755905512,0.00015647806019803022
matched_random_e1_calibrated,web_attacks,time_quartile_2,0.001,0.22923673689365387,0,760619,0,212,,0.0002787203580241882
matched_random_e1_calibrated,web_attacks,time_quartile_3,0.001,0.22923673689365387,0,760618,0,41,,5.390353633492765e-05
matched_random_e1_calibrated,web_attacks,time_quartile_4,0.001,0.22923673689365387,0,760619,0,40,,5.258874679701664e-05
matched_random_e1_calibrated,web_attacks,full_test,0.01,0.061580874025821686,127,3042346,96,9168,0.7559055118110236,0.0030134639518319085
matched_random_e1_calibrated,web_attacks,time_quartile_1,0.01,0.061580874025821686,127,760490,96,7292,0.7559055118110236,0.009588554747596944
matched_random_e1_calibrated,web_attacks,time_quartile_2,0.01,0.061580874025821686,0,760619,0,716,,0.0009413385676665979
matched_random_e1_calibrated,web_attacks,time_quartile_3,0.01,0.061580874025821686,0,760618,0,420,,0.0005521825673334052
matched_random_e1_calibrated,web_attacks,time_quartile_4,0.01,0.061580874025821686,0,760619,0,740,,0.0009728918157448079
matched_random_e2_raw,benign,full_test,0.001,0.9441458582878113,2652203,390270,1613415,325,0.6083301315924913,0.0008327568093883721
matched_random_e2_raw,benign,time_quartile_1,0.001,0.9441458582878113,420631,339986,238880,0,0.5679086895640122,0.0
matched_random_e2_raw,benign,time_quartile_2,0.001,0.9441458582878113,752591,8028,464387,323,0.6170509612791011,0.040234180368709516
matched_random_e2_raw,benign,time_quartile_3,0.001,0.9441458582878113,759904,714,452946,2,0.5960568703415168,0.0028011204481792717
matched_random_e2_raw,benign,time_quartile_4,0.001,0.9441458582878113,719077,41542,457202,0,0.6358178609523041,0.0
matched_random_e2_raw,benign,full_test,0.01,0.6801037192344666,2652203,390270,2243466,3083,0.8458877393623339,0.007899659210290311
matched_random_e2_raw,benign,time_quartile_1,0.01,0.6801037192344666,420631,339986,356415,4,0.8473341242086294,1.1765190331366585e-05
matched_random_e2_raw,benign,time_quartile_2,0.01,0.6801037192344666,752591,8028,635878,2883,0.8449184218254006,0.35911808669656203
matched_random_e2_raw,benign,time_quartile_3,0.01,0.6801037192344666,759904,714,637107,196,0.8384045879479514,0.27450980392156865
matched_random_e2_raw,benign,time_quartile_4,0.01,0.6801037192344666,719077,41542,614066,0,0.85396417907957,0.0
matched_random_e2_raw,bot,full_test,0.001,0.05276624858379364,41542,3000931,41422,203,0.9971113571806846,6.764567395918133e-05
matched_random_e2_raw,bot,time_quartile_1,0.001,0.05276624858379364,0,760617,0,77,,0.00010123360377167484
matched_random_e2_raw,bot,time_quartile_2,0.001,0.05276624858379364,0,760619,0,31,,4.0756278767687896e-05
matched_random_e2_raw,bot,time_quartile_3,0.001,0.05276624858379364,0,760618,0,59,,7.75685035063593e-05
matched_random_e2_raw,bot,time_quartile_4,0.001,0.05276624858379364,41542,719077,41422,36,0.9971113571806846,5.006417949677156e-05
matched_random_e2_raw,bot,full_test,0.01,0.007880539633333683,41542,3000931,41422,2263,0.9971113571806846,0.0007540993111804303
matched_random_e2_raw,bot,time_quartile_1,0.01,0.007880539633333683,0,760617,0,465,,0.0006113457890107636
matched_random_e2_raw,bot,time_quartile_2,0.01,0.007880539633333683,0,760619,0,583,,0.0007664809845665176
matched_random_e2_raw,bot,time_quartile_3,0.01,0.007880539633333683,0,760618,0,584,,0.0007677967126731158
matched_random_e2_raw,bot,time_quartile_4,0.01,0.007880539633333683,41542,719077,41422,631,0.9971113571806846,0.0008775138128461903
matched_random_e2_raw,brute_force,full_test,0.001,0.003275602124631405,37696,3004777,37696,1468,1.0,0.0004885553903001787
matched_random_e2_raw,brute_force,time_quartile_1,0.001,0.003275602124631405,37696,722921,37696,965,1.0,0.0013348623155227197
matched_random_e2_raw,brute_force,time_quartile_2,0.001,0.003275602124631405,0,760619,0,142,,0.00018669005112940907
matched_random_e2_raw,brute_force,time_quartile_3,0.001,0.003275602124631405,0,760618,0,167,,0.0002195583065349492
matched_random_e2_raw,brute_force,time_quartile_4,0.001,0.003275602124631405,0,760619,0,194,,0.00025505542196553073
matched_random_e2_raw,brute_force,full_test,0.01,0.0020119245164096355,37696,3004777,37696,13179,1.0,0.004386016000521836
matched_random_e2_raw,brute_force,time_quartile_1,0.01,0.0020119245164096355,37696,722921,37696,12248,1.0,0.016942376829556755
matched_random_e2_raw,brute_force,time_quartile_2,0.01,0.0020119245164096355,0,760619,0,237,,0.0003115883247723236
matched_random_e2_raw,brute_force,time_quartile_3,0.01,0.0020119245164096355,0,760618,0,268,,0.000352345066774649
matched_random_e2_raw,brute_force,time_quartile_4,0.01,0.0020119245164096355,0,760619,0,426,,0.0005600701533882272
matched_random_e2_raw,ddos,full_test,0.001,0.011327332817018032,262680,2779793,262680,1228,1.0,0.00044175951230901006
matched_random_e2_raw,ddos,time_quartile_1,0.001,0.011327332817018032,262680,497937,262680,281,1.0,0.0005643284190570293
matched_random_e2_raw,ddos,time_quartile_2,0.001,0.011327332817018032,0,760619,0,289,,0.00037995369560844523
matched_random_e2_raw,ddos,time_quartile_3,0.001,0.011327332817018032,0,760618,0,306,,0.00040230444191433805
matched_random_e2_raw,ddos,time_quartile_4,0.001,0.011327332817018032,0,760619,0,352,,0.00046278097181374643
matched_random_e2_raw,ddos,full_test,0.01,0.003650686703622341,262680,2779793,262680,6472,1.0,0.00232823091503576
matched_random_e2_raw,ddos,time_quartile_1,0.01,0.003650686703622341,262680,497937,262680,4020,1.0,0.008073310479036505
matched_random_e2_raw,ddos,time_quartile_2,0.01,0.003650686703622341,0,760619,0,762,,0.001001815626483167
matched_random_e2_raw,ddos,time_quartile_3,0.01,0.003650686703622341,0,760618,0,879,,0.0011556392302049124
matched_random_e2_raw,ddos,time_quartile_4,0.01,0.003650686703622341,0,760619,0,811,,0.0010662368413095124
matched_random_e2_raw,dos,full_test,0.001,0.016221515834331512,39483,3002990,39483,2543,1.0,0.000846822666742147
matched_random_e2_raw,dos,time_quartile_1,0.001,0.016221515834331512,39483,721134,39483,830,1.0,0.0011509650078903504
matched_random_e2_raw,dos,time_quartile_2,0.001,0.016221515834331512,0,760619,0,640,,0.0008414199487522662
matched_random_e2_raw,dos,time_quartile_3,0.001,0.016221515834331512,0,760618,0,572,,0.0007520200678921613
matched_random_e2_raw,dos,time_quartile_4,0.001,0.016221515834331512,0,760619,0,501,,0.0006586740536326334
matched_random_e2_raw,dos,full_test,0.01,0.005090134683996439,39483,3002990,39483,29787,1.0,0.009919113949763402
matched_random_e2_raw,dos,time_quartile_1,0.01,0.005090134683996439,39483,721134,39483,25851,1.0,0.03584770652888367
matched_random_e2_raw,dos,time_quartile_2,0.01,0.005090134683996439,0,760619,0,1421,,0.0018682152299640163
matched_random_e2_raw,dos,time_quartile_3,0.01,0.005090134683996439,0,760618,0,1492,,0.0019615628344320014
matched_random_e2_raw,dos,time_quartile_4,0.01,0.005090134683996439,0,760619,0,1023,,0.0013449571993337005
matched_random_e2_raw,infiltration,full_test,0.001,0.9766425490379333,8742,3033731,935,20,0.10695493022191718,6.592542318353209e-06
matched_random_e2_raw,infiltration,time_quartile_1,0.001,0.9766425490379333,0,760617,0,11,,1.4461943395953548e-05
matched_random_e2_raw,infiltration,time_quartile_2,0.001,0.9766425490379333,8028,752591,935,8,0.11646736422521176,1.062994375431011e-05
matched_random_e2_raw,infiltration,time_quartile_3,0.001,0.9766425490379333,714,759904,0,1,0.0,1.3159556996673263e-06
matched_random_e2_raw,infiltration,time_quartile_4,0.001,0.9766425490379333,0,760619,0,0,,0.0
matched_random_e2_raw,infiltration,full_test,0.01,0.5574575662612915,8742,3033731,1444,15936,0.16517959277053307,0.005252937719263837
matched_random_e2_raw,infiltration,time_quartile_1,0.01,0.5574575662612915,0,760617,0,2980,,0.003917871938176507
matched_random_e2_raw,infiltration,time_quartile_2,0.01,0.5574575662612915,8028,752591,1401,4276,0.17451420029895368,0.005681704936678754
matched_random_e2_raw,infiltration,time_quartile_3,0.01,0.5574575662612915,714,759904,43,4944,0.06022408963585434,0.006506084979155262
matched_random_e2_raw,infiltration,time_quartile_4,0.01,0.5574575662612915,0,760619,0,3736,,0.004911788950841354
matched_random_e2_raw,web_attacks,full_test,0.001,0.7281006574630737,127,3042346,80,317,0.6299212598425197,0.00010419590671146543
matched_random_e2_raw,web_attacks,time_quartile_1,0.001,0.7281006574630737,127,760490,80,101,0.6299212598425197,0.00013280910991597523
matched_random_e2_raw,web_attacks,time_quartile_2,0.001,0.7281006574630737,0,760619,0,172,,0.00022613161122717154
matched_random_e2_raw,web_attacks,time_quartile_3,0.001,0.7281006574630737,0,760618,0,25,,3.2868009960321736e-05
matched_random_e2_raw,web_attacks,time_quartile_4,0.001,0.7281006574630737,0,760619,0,19,,2.4979654728582903e-05
matched_random_e2_raw,web_attacks,full_test,0.01,0.15866081416606903,127,3042346,126,4277,0.9921259842519685,0.0014058230063247244
matched_random_e2_raw,web_attacks,time_quartile_1,0.01,0.15866081416606903,127,760490,126,1479,0.9921259842519685,0.0019447987481755185
matched_random_e2_raw,web_attacks,time_quartile_2,0.01,0.15866081416606903,0,760619,0,1071,,0.0014080636954901206
matched_random_e2_raw,web_attacks,time_quartile_3,0.01,0.15866081416606903,0,760618,0,722,,0.0009492281276540918
matched_random_e2_raw,web_attacks,time_quartile_4,0.01,0.15866081416606903,0,760619,0,1005,,0.001321292263275043
matched_random_e2_calibrated,benign,full_test,0.001,0.9049437046051025,2652203,390270,1607920,323,0.6062582690691474,0.0008276321520998283
matched_random_e2_calibrated,benign,time_quartile_1,0.001,0.9049437046051025,420631,339986,238076,0,0.5659972755217756,0.0
matched_random_e2_calibrated,benign,time_quartile_2,0.001,0.9049437046051025,752591,8028,462985,321,0.6151880636361583,0.03998505231689088
matched_random_e2_calibrated,benign,time_quartile_3,0.001,0.9049437046051025,759904,714,451113,2,0.5936447235440266,0.0028011204481792717
matched_random_e2_calibrated,benign,time_quartile_4,0.001,0.9049437046051025,719077,41542,455746,0,0.6337930430259903,0.0
matched_random_e2_calibrated,benign,full_test,0.01,0.6456166505813599,2652203,390270,2242492,3099,0.8455204974883145,0.007940656468598662
matched_random_e2_calibrated,benign,time_quartile_1,0.01,0.6456166505813599,420631,339986,355822,2,0.8459243374834475,5.8825951656832925e-06
matched_random_e2_calibrated,benign,time_quartile_2,0.01,0.6456166505813599,752591,8028,635795,2899,0.8448081361589496,0.3611111111111111
matched_random_e2_calibrated,benign,time_quartile_3,0.01,0.6456166505813599,759904,714,636877,198,0.8381019181370278,0.2773109243697479
matched_random_e2_calibrated,benign,time_quartile_4,0.01,0.6456166505813599,719077,41542,613998,0,0.8538696134071873,0.0
matched_random_e2_calibrated,bot,full_test,0.001,0.07487783581018448,41542,3000931,41422,234,0.9971113571806846,7.797580150959819e-05
matched_random_e2_calibrated,bot,time_quartile_1,0.001,0.07487783581018448,0,760617,0,87,,0.00011438082504072352
matched_random_e2_calibrated,bot,time_quartile_2,0.001,0.07487783581018448,0,760619,0,37,,4.8644590787240395e-05
matched_random_e2_calibrated,bot,time_quartile_3,0.001,0.07487783581018448,0,760618,0,71,,9.334514828731374e-05
matched_random_e2_calibrated,bot,time_quartile_4,0.001,0.07487783581018448,41542,719077,41422,39,0.9971113571806846,5.4236194454835853e-05
matched_random_e2_calibrated,bot,full_test,0.01,0.017099503427743912,41542,3000931,41422,2265,0.9971113571806846,0.0007547657710223928
matched_random_e2_calibrated,bot,time_quartile_1,0.01,0.017099503427743912,0,760617,0,476,,0.0006258077324067172
matched_random_e2_calibrated,bot,time_quartile_2,0.01,0.017099503427743912,0,760619,0,590,,0.0007756840152559955
matched_random_e2_calibrated,bot,time_quartile_3,0.01,0.017099503427743912,0,760618,0,578,,0.0007599083902826386
matched_random_e2_calibrated,bot,time_quartile_4,0.01,0.017099503427743912,41542,719077,41422,621,0.9971113571806846,0.0008636070963193094
matched_random_e2_calibrated,brute_force,full_test,0.001,0.008221043273806572,37696,3004777,37696,2334,1.0,0.0007767631341693577
matched_random_e2_calibrated,brute_force,time_quartile_1,0.001,0.008221043273806572,37696,722921,37696,1816,1.0,0.0025120310518023407
matched_random_e2_calibrated,brute_force,time_quartile_2,0.001,0.008221043273806572,0,760619,0,141,,0.00018537533245948366
matched_random_e2_calibrated,brute_force,time_quartile_3,0.001,0.008221043273806572,0,760618,0,175,,0.00023007606972225218
matched_random_e2_calibrated,brute_force,time_quartile_4,0.001,0.008221043273806572,0,760619,0,202,,0.000265573171324934
matched_random_e2_calibrated,brute_force,full_test,0.01,0.00556828873232007,37696,3004777,37696,14438,1.0,0.004805015480350123
matched_random_e2_calibrated,brute_force,time_quartile_1,0.01,0.00556828873232007,37696,722921,37696,13420,1.0,0.01856357748633668
matched_random_e2_calibrated,brute_force,time_quartile_2,0.01,0.00556828873232007,0,760619,0,309,,0.00040624806900695353
matched_random_e2_calibrated,brute_force,time_quartile_3,0.01,0.00556828873232007,0,760618,0,276,,0.000362862829961952
matched_random_e2_calibrated,brute_force,time_quartile_4,0.01,0.00556828873232007,0,760619,0,433,,0.0005692731840777051
matched_random_e2_calibrated,ddos,full_test,0.001,0.02132510580122471,262680,2779793,262680,1328,1.0,0.0004777334139628382
matched_random_e2_calibrated,ddos,time_quartile_1,0.001,0.02132510580122471,262680,497937,262680,313,1.0,0.0006285935770991109
matched_random_e2_calibrated,ddos,time_quartile_2,0.001,0.02132510580122471,0,760619,0,312,,0.0004101922250167298
matched_random_e2_calibrated,ddos,time_quartile_3,0.001,0.02132510580122471,0,760618,0,333,,0.00043780189267148554
matched_random_e2_calibrated,ddos,time_quartile_4,0.001,0.02132510580122471,0,760619,0,370,,0.00048644590787240395
matched_random_e2_calibrated,ddos,full_test,0.01,0.009328986518085003,262680,2779793,262680,6667,1.0,0.002398380023260725
matched_random_e2_calibrated,ddos,time_quartile_1,0.01,0.009328986518085003,262680,497937,262680,4164,1.0,0.008362503690225872
matched_random_e2_calibrated,ddos,time_quartile_2,0.01,0.009328986518085003,0,760619,0,765,,0.0010057597824929432
matched_random_e2_calibrated,ddos,time_quartile_3,0.01,0.009328986518085003,0,760618,0,891,,0.0011714158749858668
matched_random_e2_calibrated,ddos,time_quartile_4,0.01,0.009328986518085003,0,760619,0,847,,0.0011135667134268275
matched_random_e2_calibrated,dos,full_test,0.001,0.0323183536529541,39483,3002990,39483,2637,1.0,0.0008781248022803939
matched_random_e2_calibrated,dos,time_quartile_1,0.001,0.0323183536529541,39483,721134,39483,860,1.0,0.001192566152753857
matched_random_e2_calibrated,dos,time_quartile_2,0.001,0.0323183536529541,0,760619,0,709,,0.00093213553697712
matched_random_e2_calibrated,dos,time_quartile_3,0.001,0.0323183536529541,0,760618,0,578,,0.0007599083902826386
matched_random_e2_calibrated,dos,time_quartile_4,0.001,0.0323183536529541,0,760619,0,490,,0.0006442121482634538
matched_random_e2_calibrated,dos,full_test,0.01,0.01389937475323677,39483,3002990,39483,29504,1.0,0.009824874541706765
matched_random_e2_calibrated,dos,time_quartile_1,0.01,0.01389937475323677,39483,721134,39483,25688,1.0,0.03562167364179195
matched_random_e2_calibrated,dos,time_quartile_2,0.01,0.01389937475323677,0,760619,0,1387,,0.001823514795186552
matched_random_e2_calibrated,dos,time_quartile_3,0.01,0.01389937475323677,0,760618,0,1438,,0.0018905679329177063
matched_random_e2_calibrated,dos,time_quartile_4,0.01,0.01389937475323677,0,760619,0,991,,0.0013028862018960874
matched_random_e2_calibrated,infiltration,full_test,0.001,0.9505361914634705,8742,3033731,924,18,0.10569663692518874,5.9332880865178884e-06
matched_random_e2_calibrated,infiltration,time_quartile_1,0.001,0.9505361914634705,0,760617,0,11,,1.4461943395953548e-05
matched_random_e2_calibrated,infiltration,time_quartile_2,0.001,0.9505361914634705,8028,752591,924,6,0.11509715994020926,7.972457815732582e-06
matched_random_e2_calibrated,infiltration,time_quartile_3,0.001,0.9505361914634705,714,759904,0,1,0.0,1.3159556996673263e-06
matched_random_e2_calibrated,infiltration,time_quartile_4,0.001,0.9505361914634705,0,760619,0,0,,0.0
matched_random_e2_calibrated,infiltration,full_test,0.01,0.545289158821106,8742,3033731,1444,15942,0.16517959277053307,0.005254915481959343
matched_random_e2_calibrated,infiltration,time_quartile_1,0.01,0.545289158821106,0,760617,0,2967,,0.0039007805505267435
matched_random_e2_calibrated,infiltration,time_quartile_2,0.01,0.545289158821106,8028,752591,1401,4279,0.17451420029895368,0.0056856911655866205
matched_random_e2_calibrated,infiltration,time_quartile_3,0.01,0.545289158821106,714,759904,43,4945,0.06022408963585434,0.006507400934854929
matched_random_e2_calibrated,infiltration,time_quartile_4,0.01,0.545289158821106,0,760619,0,3751,,0.004931509730890235
matched_random_e2_calibrated,web_attacks,full_test,0.001,0.6699243187904358,127,3042346,74,311,0.5826771653543307,0.00010222374443932412
matched_random_e2_calibrated,web_attacks,time_quartile_1,0.001,0.6699243187904358,127,760490,74,99,0.5826771653543307,0.00013017922655130245
matched_random_e2_calibrated,web_attacks,time_quartile_2,0.001,0.6699243187904358,0,760619,0,170,,0.0002235021738873207
matched_random_e2_calibrated,web_attacks,time_quartile_3,0.001,0.6699243187904358,0,760618,0,24,,3.155328956190887e-05
matched_random_e2_calibrated,web_attacks,time_quartile_4,0.001,0.6699243187904358,0,760619,0,18,,2.366493605865749e-05
matched_random_e2_calibrated,web_attacks,full_test,0.01,0.18413519859313965,127,3042346,126,4509,0.9921259842519685,0.001482079947514188
matched_random_e2_calibrated,web_attacks,time_quartile_1,0.01,0.18413519859313965,127,760490,126,1467,0.9921259842519685,0.0019290194479874817
matched_random_e2_calibrated,web_attacks,time_quartile_2,0.01,0.18413519859313965,0,760619,0,1129,,0.0014843173783457948
matched_random_e2_calibrated,web_attacks,time_quartile_3,0.01,0.18413519859313965,0,760618,0,806,,0.0010596646411207729
matched_random_e2_calibrated,web_attacks,time_quartile_4,0.01,0.18413519859313965,0,760619,0,1107,,0.0014553935676074356
matched_random_e3_raw,benign,full_test,0.001,0.9875481724739075,2652203,390270,1541177,284,0.5810931516177306,0.0007277013349732236
matched_random_e3_raw,benign,time_quartile_1,0.001,0.9875481724739075,420631,339986,229265,1,0.5450501746186087,2.9412975828416463e-06
matched_random_e3_raw,benign,time_quartile_2,0.001,0.9875481724739075,752591,8028,448954,277,0.5965444710340676,0.034504235176880914
matched_random_e3_raw,benign,time_quartile_3,0.001,0.9875481724739075,759904,714,427693,6,0.5628250410578178,0.008403361344537815
matched_random_e3_raw,benign,time_quartile_4,0.001,0.9875481724739075,719077,41542,435265,0,0.6053106969072853,0.0
matched_random_e3_raw,benign,full_test,0.01,0.9429576396942139,2652203,390270,2373866,2982,0.8950544132556972,0.0076408640172188486
matched_random_e3_raw,benign,time_quartile_1,0.01,0.9429576396942139,420631,339986,379706,29,0.9027056969172506,8.529762990240775e-05
matched_random_e3_raw,benign,time_quartile_2,0.01,0.9429576396942139,752591,8028,672575,2707,0.8936793025693903,0.3371948181365222
matched_random_e3_raw,benign,time_quartile_3,0.01,0.9429576396942139,759904,714,679210,246,0.8938102707710448,0.3445378151260504
matched_random_e3_raw,benign,time_quartile_4,0.01,0.9429576396942139,719077,41542,642375,0,0.8933327028955175,0.0
matched_random_e3_raw,bot,full_test,0.001,0.046378761529922485,41542,3000931,41422,2201,0.9971113571806846,0.0007334390560795966
matched_random_e3_raw,bot,time_quartile_1,0.001,0.046378761529922485,0,760617,0,1702,,0.002237657059992085
matched_random_e3_raw,bot,time_quartile_2,0.001,0.046378761529922485,0,760619,0,196,,0.0002576848593053815
matched_random_e3_raw,bot,time_quartile_3,0.001,0.046378761529922485,0,760618,0,179,,0.00023533495131590365
matched_random_e3_raw,bot,time_quartile_4,0.001,0.046378761529922485,41542,719077,41422,124,0.9971113571806846,0.00017244328493332424
matched_random_e3_raw,bot,full_test,0.01,0.02837209217250347,41542,3000931,41422,25877,0.9971113571806846,0.008622990665230224
matched_random_e3_raw,bot,time_quartile_1,0.01,0.02837209217250347,0,760617,0,24824,,0.032636662078286444
matched_random_e3_raw,bot,time_quartile_2,0.01,0.02837209217250347,0,760619,0,371,,0.00048776062654232936
matched_random_e3_raw,bot,time_quartile_3,0.01,0.02837209217250347,0,760618,0,379,,0.0004982790309984776
matched_random_e3_raw,bot,time_quartile_4,0.01,0.02837209217250347,41542,719077,41422,303,0.9971113571806846,0.0004213735107644939
matched_random_e3_raw,brute_force,full_test,0.001,0.0025348388589918613,37696,3004777,37696,362,1.0,0.00012047483057810946
matched_random_e3_raw,brute_force,time_quartile_1,0.001,0.0025348388589918613,37696,722921,37696,36,1.0,4.9797972392557416e-05
matched_random_e3_raw,brute_force,time_quartile_2,0.001,0.0025348388589918613,0,760619,0,72,,9.465974423462995e-05
matched_random_e3_raw,brute_force,time_quartile_3,0.001,0.0025348388589918613,0,760618,0,28,,3.6812171155560346e-05
matched_random_e3_raw,brute_force,time_quartile_4,0.001,0.0025348388589918613,0,760619,0,226,,0.00029712641940314404
matched_random_e3_raw,brute_force,full_test,0.01,0.00042143568862229586,37696,3004777,37696,4017,1.0,0.0013368712553377506
matched_random_e3_raw,brute_force,time_quartile_1,0.01,0.00042143568862229586,37696,722921,37696,2590,1.0,0.0035826874582423254
matched_random_e3_raw,brute_force,time_quartile_2,0.01,0.00042143568862229586,0,760619,0,322,,0.00042333941171598396
matched_random_e3_raw,brute_force,time_quartile_3,0.01,0.00042143568862229586,0,760618,0,283,,0.00037206587275084206
matched_random_e3_raw,brute_force,time_quartile_4,0.01,0.00042143568862229586,0,760619,0,822,,0.001080698746678692
matched_random_e3_raw,ddos,full_test,0.001,0.007775326259434223,262680,2779793,262680,1246,1.0,0.00044823481460669914
matched_random_e3_raw,ddos,time_quartile_1,0.001,0.007775326259434223,262680,497937,262680,514,1.0,0.001032259101050936
matched_random_e3_raw,ddos,time_quartile_2,0.001,0.007775326259434223,0,760619,0,174,,0.00022876104856702238
matched_random_e3_raw,ddos,time_quartile_3,0.001,0.007775326259434223,0,760618,0,79,,0.00010386291147461669
matched_random_e3_raw,ddos,time_quartile_4,0.001,0.007775326259434223,0,760619,0,479,,0.0006297502428942742
matched_random_e3_raw,ddos,full_test,0.01,0.001979570835828781,262680,2779793,262680,2298,1.0,0.0008266802600049716
matched_random_e3_raw,ddos,time_quartile_1,0.01,0.001979570835828781,262680,497937,262680,899,1.0,0.0018054492837447308
matched_random_e3_raw,ddos,time_quartile_2,0.01,0.001979570835828781,0,760619,0,366,,0.0004811870331927023
matched_random_e3_raw,ddos,time_quartile_3,0.01,0.001979570835828781,0,760618,0,240,,0.0003155328956190887
matched_random_e3_raw,ddos,time_quartile_4,0.01,0.001979570835828781,0,760619,0,793,,0.001042571905250855
matched_random_e3_raw,dos,full_test,0.001,0.003954998683184385,39483,3002990,39483,9243,1.0,0.0030779323274469778
matched_random_e3_raw,dos,time_quartile_1,0.001,0.003954998683184385,39483,721134,39483,8124,1.0,0.0112655900290376
matched_random_e3_raw,dos,time_quartile_2,0.001,0.003954998683184385,0,760619,0,351,,0.000461466253143821
matched_random_e3_raw,dos,time_quartile_3,0.001,0.003954998683184385,0,760618,0,389,,0.0005114262349826062
matched_random_e3_raw,dos,time_quartile_4,0.001,0.003954998683184385,0,760619,0,379,,0.0004982783759017327
matched_random_e3_raw,dos,full_test,0.01,0.002396637573838234,39483,3002990,39483,30872,1.0,0.010280420514220826
matched_random_e3_raw,dos,time_quartile_1,0.01,0.002396637573838234,39483,721134,39483,28868,1.0,0.04003139499732366
matched_random_e3_raw,dos,time_quartile_2,0.01,0.002396637573838234,0,760619,0,643,,0.0008453641047620425
matched_random_e3_raw,dos,time_quartile_3,0.01,0.002396637573838234,0,760618,0,622,,0.0008177560878128049
matched_random_e3_raw,dos,time_quartile_4,0.01,0.002396637573838234,0,760619,0,739,,0.0009715770970748825
matched_random_e3_raw,infiltration,full_test,0.001,0.9881056547164917,8742,3033731,873,38,0.0998627316403569,1.2525830404871098e-05
matched_random_e3_raw,infiltration,time_quartile_1,0.001,0.9881056547164917,0,760617,0,33,,4.338583018786064e-05
matched_random_e3_raw,infiltration,time_quartile_2,0.001,0.9881056547164917,8028,752591,873,5,0.10874439461883408,6.6437148464438185e-06
matched_random_e3_raw,infiltration,time_quartile_3,0.001,0.9881056547164917,714,759904,0,0,0.0,0.0
matched_random_e3_raw,infiltration,time_quartile_4,0.001,0.9881056547164917,0,760619,0,0,,0.0
matched_random_e3_raw,infiltration,full_test,0.01,0.28432396054267883,8742,3033731,2800,12747,0.3202928391672386,0.004201756846602418
matched_random_e3_raw,infiltration,time_quartile_1,0.01,0.28432396054267883,0,760617,0,1559,,0.002049651795844689
matched_random_e3_raw,infiltration,time_quartile_2,0.01,0.28432396054267883,8028,752591,2710,3481,0.3375685102142501,0.0046253542760941865
matched_random_e3_raw,infiltration,time_quartile_3,0.01,0.28432396054267883,714,759904,90,4237,0.12605042016806722,0.005575704299490462
matched_random_e3_raw,infiltration,time_quartile_4,0.01,0.28432396054267883,0,760619,0,3470,,0.004562073784641194
matched_random_e3_raw,web_attacks,full_test,0.001,0.2533580958843231,127,3042346,82,399,0.6456692913385826,0.00013114879109739656
matched_random_e3_raw,web_attacks,time_quartile_1,0.001,0.2533580958843231,127,760490,82,116,0.6456692913385826,0.00015253323515102105
matched_random_e3_raw,web_attacks,time_quartile_2,0.001,0.2533580958843231,0,760619,0,200,,0.0002629437339850832
matched_random_e3_raw,web_attacks,time_quartile_3,0.001,0.2533580958843231,0,760618,0,40,,5.258881593651478e-05
matched_random_e3_raw,web_attacks,time_quartile_4,0.001,0.2533580958843231,0,760619,0,43,,5.6532902806792886e-05
matched_random_e3_raw,web_attacks,full_test,0.01,0.060785550624132156,127,3042346,95,3964,0.7480314960629921,0.001302941874461353
matched_random_e3_raw,web_attacks,time_quartile_1,0.01,0.060785550624132156,127,760490,95,1587,0.7480314960629921,0.0020868124498678482
matched_random_e3_raw,web_attacks,time_quartile_2,0.01,0.060785550624132156,0,760619,0,1042,,0.0013699368540622836
matched_random_e3_raw,web_attacks,time_quartile_3,0.01,0.060785550624132156,0,760618,0,651,,0.0008558829793667781
matched_random_e3_raw,web_attacks,time_quartile_4,0.01,0.060785550624132156,0,760619,0,684,,0.0008992675702289845
matched_random_e3_calibrated,benign,full_test,0.001,0.9690617918968201,2652203,390270,1523245,282,0.5743319798673028,0.0007225766776846798
matched_random_e3_calibrated,benign,time_quartile_1,0.001,0.9690617918968201,420631,339986,226518,1,0.5385195099743005,2.9412975828416463e-06
matched_random_e3_calibrated,benign,time_quartile_2,0.001,0.9690617918968201,752591,8028,443729,275,0.5896017890195339,0.03425510712506228
matched_random_e3_calibrated,benign,time_quartile_3,0.001,0.9690617918968201,759904,714,422267,6,0.5556846654314229,0.008403361344537815
matched_random_e3_calibrated,benign,time_quartile_4,0.001,0.9690617918968201,719077,41542,430731,0,0.5990053916339975,0.0
matched_random_e3_calibrated,benign,full_test,0.01,0.9008322954177856,2652203,390270,2366804,2962,0.8923917211465336,0.00758961744433341
matched_random_e3_calibrated,benign,time_quartile_1,0.01,0.9008322954177856,420631,339986,378363,28,0.8995128747049076,8.23563323195661e-05
matched_random_e3_calibrated,benign,time_quartile_2,0.01,0.9008322954177856,752591,8028,670563,2696,0.8910058717151813,0.3358246138515197
matched_random_e3_calibrated,benign,time_quartile_3,0.01,0.9008322954177856,759904,714,677370,238,0.8913889122836569,0.3333333333333333
matched_random_e3_calibrated,benign,time_quartile_4,0.01,0.9008322954177856,719077,41542,640508,0,0.8907363189199488,0.0
matched_random_e3_calibrated,bot,full_test,0.001,0.07818442583084106,41542,3000931,41422,2168,0.9971113571806846,0.0007224424686872174
matched_random_e3_calibrated,bot,time_quartile_1,0.001,0.07818442583084106,0,760617,0,1697,,0.002231083449357561
matched_random_e3_calibrated,bot,time_quartile_2,0.001,0.07818442583084106,0,760619,0,183,,0.00024059351659635114
matched_random_e3_calibrated,bot,time_quartile_3,0.001,0.07818442583084106,0,760618,0,175,,0.00023007606972225218
matched_random_e3_calibrated,bot,time_quartile_4,0.001,0.07818442583084106,41542,719077,41422,113,0.9971113571806846,0.00015714589675375516
matched_random_e3_calibrated,bot,full_test,0.01,0.053792331367731094,41542,3000931,41422,23987,0.9971113571806846,0.007993186114575777
matched_random_e3_calibrated,bot,time_quartile_1,0.01,0.053792331367731094,0,760617,0,22978,,0.030209685032020057
matched_random_e3_calibrated,bot,time_quartile_2,0.01,0.053792331367731094,0,760619,0,358,,0.00047066928383329893
matched_random_e3_calibrated,bot,time_quartile_3,0.01,0.053792331367731094,0,760618,0,365,,0.0004798729454206974
matched_random_e3_calibrated,bot,time_quartile_4,0.01,0.053792331367731094,41542,719077,41422,286,0.9971113571806846,0.0003977320926687962
matched_random_e3_calibrated,brute_force,full_test,0.001,0.006918652914464474,37696,3004777,37696,398,1.0,0.000132455752956043
matched_random_e3_calibrated,brute_force,time_quartile_1,0.001,0.006918652914464474,37696,722921,37696,40,1.0,5.533108043617491e-05
matched_random_e3_calibrated,brute_force,time_quartile_2,0.001,0.006918652914464474,0,760619,0,76,,9.991861891433161e-05
matched_random_e3_calibrated,brute_force,time_quartile_3,0.001,0.006918652914464474,0,760618,0,29,,3.812689155397322e-05
matched_random_e3_calibrated,brute_force,time_quartile_4,0.001,0.006918652914464474,0,760619,0,253,,0.00033262382349113026
matched_random_e3_calibrated,brute_force,full_test,0.01,0.0017830535070970654,37696,3004777,37696,3962,1.0,0.001318567068371463
matched_random_e3_calibrated,brute_force,time_quartile_1,0.01,0.0017830535070970654,37696,722921,37696,2526,1.0,0.0034941577295444456
matched_random_e3_calibrated,brute_force,time_quartile_2,0.01,0.0017830535070970654,0,760619,0,324,,0.0004259688490558348
matched_random_e3_calibrated,brute_force,time_quartile_3,0.01,0.0017830535070970654,0,760618,0,285,,0.00037469531354766784
matched_random_e3_calibrated,brute_force,time_quartile_4,0.01,0.0017830535070970654,0,760619,0,827,,0.001087272340028319
matched_random_e3_calibrated,ddos,full_test,0.001,0.01695384830236435,262680,2779793,262680,1286,1.0,0.0004626243752682304
matched_random_e3_calibrated,ddos,time_quartile_1,0.001,0.01695384830236435,262680,497937,262680,514,1.0,0.001032259101050936
matched_random_e3_calibrated,ddos,time_quartile_2,0.001,0.01695384830236435,0,760619,0,182,,0.00023927879792642572
matched_random_e3_calibrated,ddos,time_quartile_3,0.001,0.01695384830236435,0,760618,0,81,,0.00010649235227144243
matched_random_e3_calibrated,ddos,time_quartile_4,0.001,0.01695384830236435,0,760619,0,509,,0.0006691918029920368
matched_random_e3_calibrated,ddos,full_test,0.01,0.006529878359287977,262680,2779793,262680,2263,1.0,0.0008140893944261318
matched_random_e3_calibrated,ddos,time_quartile_1,0.01,0.006529878359287977,262680,497937,262680,903,1.0,0.0018134824284999909
matched_random_e3_calibrated,ddos,time_quartile_2,0.01,0.006529878359287977,0,760619,0,362,,0.0004759281585130006
matched_random_e3_calibrated,ddos,time_quartile_3,0.01,0.006529878359287977,0,760618,0,221,,0.00029055320804924415
matched_random_e3_calibrated,ddos,time_quartile_4,0.01,0.006529878359287977,0,760619,0,777,,0.0010215364065320482
matched_random_e3_calibrated,dos,full_test,0.001,0.011603697203099728,39483,3002990,39483,7065,1.0,0.0023526551869969595
matched_random_e3_calibrated,dos,time_quartile_1,0.001,0.011603697203099728,39483,721134,39483,6053,1.0,0.008393724328626857
matched_random_e3_calibrated,dos,time_quartile_2,0.001,0.011603697203099728,0,760619,0,311,,0.00040887750634680437
matched_random_e3_calibrated,dos,time_quartile_3,0.001,0.011603697203099728,0,760618,0,380,,0.0004995937513968905
matched_random_e3_calibrated,dos,time_quartile_4,0.001,0.011603697203099728,0,760619,0,321,,0.00042202469304605854
matched_random_e3_calibrated,dos,full_test,0.01,0.007129899226129055,39483,3002990,39483,36399,1.0,0.012120919483581363
matched_random_e3_calibrated,dos,time_quartile_1,0.01,0.007129899226129055,39483,721134,39483,34244,1.0,0.04748632015686405
matched_random_e3_calibrated,dos,time_quartile_2,0.01,0.007129899226129055,0,760619,0,663,,0.0008716584781605508
matched_random_e3_calibrated,dos,time_quartile_3,0.01,0.007129899226129055,0,760618,0,664,,0.0008729743445461454
matched_random_e3_calibrated,dos,time_quartile_4,0.01,0.007129899226129055,0,760619,0,828,,0.0010885870586982444
matched_random_e3_calibrated,infiltration,full_test,0.001,0.9707812070846558,8742,3033731,859,37,0.09826126744452071,1.2196203288953437e-05
matched_random_e3_calibrated,infiltration,time_quartile_1,0.001,0.9707812070846558,0,760617,0,32,,4.207110806095578e-05
matched_random_e3_calibrated,infiltration,time_quartile_2,0.001,0.9707812070846558,8028,752591,859,5,0.10700049825610364,6.6437148464438185e-06
matched_random_e3_calibrated,infiltration,time_quartile_3,0.001,0.9707812070846558,714,759904,0,0,0.0,0.0
matched_random_e3_calibrated,infiltration,time_quartile_4,0.001,0.9707812070846558,0,760619,0,0,,0.0
matched_random_e3_calibrated,infiltration,full_test,0.01,0.32274189591407776,8742,3033731,2800,12737,0.3202928391672386,0.004198460575443241
matched_random_e3_calibrated,infiltration,time_quartile_1,0.01,0.32274189591407776,0,760617,0,1560,,0.002050966517971594
matched_random_e3_calibrated,infiltration,time_quartile_2,0.01,0.32274189591407776,8028,752591,2710,3476,0.3375685102142501,0.0046187105612477426
matched_random_e3_calibrated,infiltration,time_quartile_3,0.01,0.32274189591407776,714,759904,90,4232,0.12605042016806722,0.005569124520992125
matched_random_e3_calibrated,infiltration,time_quartile_4,0.01,0.32274189591407776,0,760619,0,3469,,0.0045607590659712685
matched_random_e3_calibrated,web_attacks,full_test,0.001,0.2837761342525482,127,3042346,82,397,0.6456692913385826,0.00013049140367334943
matched_random_e3_calibrated,web_attacks,time_quartile_1,0.001,0.2837761342525482,127,760490,82,116,0.6456692913385826,0.00015253323515102105
matched_random_e3_calibrated,web_attacks,time_quartile_2,0.001,0.2837761342525482,0,760619,0,200,,0.0002629437339850832
matched_random_e3_calibrated,web_attacks,time_quartile_3,0.001,0.2837761342525482,0,760618,0,40,,5.258881593651478e-05
matched_random_e3_calibrated,web_attacks,time_quartile_4,0.001,0.2837761342525482,0,760619,0,41,,5.390346546694206e-05
matched_random_e3_calibrated,web_attacks,full_test,0.01,0.09344916045665741,127,3042346,96,4026,0.7559055118110236,0.0013233208846068134
matched_random_e3_calibrated,web_attacks,time_quartile_1,0.01,0.09344916045665741,127,760490,96,1487,0.7559055118110236,0.0019553182816342096
matched_random_e3_calibrated,web_attacks,time_quartile_2,0.01,0.09344916045665741,0,760619,0,1110,,0.0014593377236172117
matched_random_e3_calibrated,web_attacks,time_quartile_3,0.01,0.09344916045665741,0,760618,0,694,,0.0009124159564985315
matched_random_e3_calibrated,web_attacks,time_quartile_4,0.01,0.09344916045665741,0,760619,0,735,,0.0009663182223951808
