component,explained_variance_ratio
1,0.26142737
2,0.11966297
3,0.10233945
4,0.07523599
5,0.060168006
6,0.0448209
7,0.042843886
8,0.03462792
9,0.03266077
10,0.029371971
11,0.022986451
12,0.021138227
13,0.016782437
14,0.016133849
15,0.01549954
16,0.014762958
17,0.0141327465
18,0.012138788
19,0.011823766
20,0.010743517
