model,class,window,validation_FPR_target,threshold,positives,negatives,TP,FP,recall,FPR
global_raw,backdoor,full_test,0.001,0.01896730437874794,40030,2231693,40014,38545,0.9996002997751686,0.01727164085741184
global_raw,backdoor,time_quartile_1,0.001,0.01896730437874794,0,567929,0,80,,0.00014086267825731737
global_raw,backdoor,time_quartile_2,0.001,0.01896730437874794,0,567932,0,1161,,0.0020442588197178537
global_raw,backdoor,time_quartile_3,0.001,0.01896730437874794,0,567931,0,274,,0.0004824529740408606
global_raw,backdoor,time_quartile_4,0.001,0.01896730437874794,40030,527901,40014,37030,0.9996002997751686,0.07014572808159106
global_raw,backdoor,full_test,0.01,0.00755895534530282,40030,2231693,40014,60853,0.9996002997751686,0.02726763941097633
global_raw,backdoor,time_quartile_1,0.01,0.00755895534530282,0,567929,0,1303,,0.002294300872116057
global_raw,backdoor,time_quartile_2,0.01,0.00755895534530282,0,567932,0,2878,,0.005067508081953474
global_raw,backdoor,time_quartile_3,0.01,0.00755895534530282,0,567931,0,640,,0.0011268974576136889
global_raw,backdoor,time_quartile_4,0.01,0.00755895534530282,40030,527901,40014,56032,0.9996002997751686,0.10614111358000837
global_raw,benign,full_test,0.001,0.9425615072250366,1474302,797421,608095,791,0.41246298248255786,0.0009919477916934718
global_raw,benign,time_quartile_1,0.001,0.9425615072250366,394793,173136,122689,712,0.3107679214170464,0.004112374087422604
global_raw,benign,time_quartile_2,0.001,0.9425615072250366,358160,209772,106076,2,0.29616930980567346,9.534160898499323e-06
global_raw,benign,time_quartile_3,0.001,0.9425615072250366,284140,283791,96260,37,0.33877665939325685,0.0001303776370638956
global_raw,benign,time_quartile_4,0.001,0.9425615072250366,437209,130722,283070,40,0.6474477881287897,0.0003059928703661205
global_raw,benign,full_test,0.01,0.6671148538589478,1474302,797421,1197262,8088,0.8120873470971348,0.010142697521133755
global_raw,benign,time_quartile_1,0.01,0.6671148538589478,394793,173136,393531,6279,0.9968033881046523,0.03626628777377322
global_raw,benign,time_quartile_2,0.01,0.6671148538589478,358160,209772,302891,50,0.8456862854590127,0.00023835402246248307
global_raw,benign,time_quartile_3,0.01,0.6671148538589478,284140,283791,178648,986,0.6287323150559583,0.0034743878417567856
global_raw,benign,time_quartile_4,0.01,0.6671148538589478,437209,130722,322192,773,0.7369290202168757,0.005913312219825278
global_raw,ddos,full_test,0.001,0.24737006425857544,103338,2168385,101819,1966,0.9853006638409878,0.000906665559852148
global_raw,ddos,time_quartile_1,0.001,0.24737006425857544,75758,492171,74438,334,0.9825760975738536,0.0006786259247294131
global_raw,ddos,time_quartile_2,0.001,0.24737006425857544,27580,540352,27381,59,0.9927846265409718,0.00010918808480397963
global_raw,ddos,time_quartile_3,0.001,0.24737006425857544,0,567931,0,633,,0.0011145720166710392
global_raw,ddos,time_quartile_4,0.001,0.24737006425857544,0,567931,0,940,,0.0016551306408701058
global_raw,ddos,full_test,0.01,0.1375960260629654,103338,2168385,101958,3665,0.9866457643848342,0.0016901980045056575
global_raw,ddos,time_quartile_1,0.01,0.1375960260629654,75758,492171,74535,803,0.9838564904036537,0.0016315467591548466
global_raw,ddos,time_quartile_2,0.01,0.1375960260629654,27580,540352,27423,157,0.9943074691805657,0.00029055134430889493
global_raw,ddos,time_quartile_3,0.01,0.1375960260629654,0,567931,0,1298,,0.002285488906222763
global_raw,ddos,time_quartile_4,0.01,0.1375960260629654,0,567931,0,1407,,0.002477413629472594
global_raw,dos,full_test,0.001,0.1494377851486206,22458,2249265,22189,2843,0.9880220856710303,0.001263968451916515
global_raw,dos,time_quartile_1,0.001,0.1494377851486206,22458,545471,22189,202,0.9880220856710303,0.00037032216194811456
global_raw,dos,time_quartile_2,0.001,0.1494377851486206,0,567932,0,484,,0.0008522147017600699
global_raw,dos,time_quartile_3,0.001,0.1494377851486206,0,567931,0,826,,0.0014544020312326673
global_raw,dos,time_quartile_4,0.001,0.1494377851486206,0,567931,0,1331,,0.0023435945563809687
global_raw,dos,full_test,0.01,0.09858037531375885,22458,2249265,22386,25995,0.9967940154955918,0.011557108655494128
global_raw,dos,time_quartile_1,0.01,0.09858037531375885,22458,545471,22386,690,0.9967940154955918,0.001264961840317817
global_raw,dos,time_quartile_2,0.01,0.09858037531375885,0,567932,0,1030,,0.0018135974025059339
global_raw,dos,time_quartile_3,0.01,0.09858037531375885,0,567931,0,14420,,0.02539040834185843
global_raw,dos,time_quartile_4,0.01,0.09858037531375885,0,567931,0,9855,,0.017352460069973288
global_raw,injection,full_test,0.001,0.5715965032577515,68891,2202832,64774,7202,0.9402389281618789,0.0032694277185005482
global_raw,injection,time_quartile_1,0.001,0.5715965032577515,68891,499038,64774,1151,0.9402389281618789,0.0023064375859153012
global_raw,injection,time_quartile_2,0.001,0.5715965032577515,0,567932,0,72,,0.00012677574075769634
global_raw,injection,time_quartile_3,0.001,0.5715965032577515,0,567931,0,5045,,0.008883121365095408
global_raw,injection,time_quartile_4,0.001,0.5715965032577515,0,567931,0,934,,0.0016445659772049773
global_raw,injection,full_test,0.01,0.12452340126037598,68891,2202832,67128,31959,0.9744088487610864,0.014508142245981537
global_raw,injection,time_quartile_1,0.01,0.12452340126037598,68891,499038,67128,1963,0.9744088487610864,0.003933568185188302
global_raw,injection,time_quartile_2,0.01,0.12452340126037598,0,567932,0,5049,,0.008890148820633456
global_raw,injection,time_quartile_3,0.01,0.12452340126037598,0,567931,0,20576,,0.036229753262280104
global_raw,injection,time_quartile_4,0.01,0.12452340126037598,0,567931,0,4371,,0.007696357480045992
global_raw,mitm,full_test,0.001,0.2858608365058899,1161,2270562,1101,46239,0.9483204134366925,0.020364561725246876
global_raw,mitm,time_quartile_1,0.001,0.2858608365058899,0,567929,0,563,,0.0009913210982358711
global_raw,mitm,time_quartile_2,0.001,0.2858608365058899,0,567932,0,2737,,0.004819238922969651
global_raw,mitm,time_quartile_3,0.001,0.2858608365058899,0,567931,0,462,,0.0008134791022148817
global_raw,mitm,time_quartile_4,0.001,0.2858608365058899,1161,566770,1101,42477,0.9483204134366925,0.07494574518764226
global_raw,mitm,full_test,0.01,0.11840490996837616,1161,2270562,1145,73967,0.9862187769164513,0.03257651629860801
global_raw,mitm,time_quartile_1,0.01,0.11840490996837616,0,567929,0,4128,,0.007268514198077576
global_raw,mitm,time_quartile_2,0.01,0.11840490996837616,0,567932,0,4311,,0.007590697477867068
global_raw,mitm,time_quartile_3,0.01,0.11840490996837616,0,567931,0,14311,,0.0251984836186086
global_raw,mitm,time_quartile_4,0.01,0.11840490996837616,1161,566770,1145,51217,0.9862187769164513,0.09036646258623428
global_raw,password,full_test,0.001,0.1948048174381256,210951,2060772,210474,51575,0.9977388113827381,0.025027028705747165
global_raw,password,time_quartile_1,0.001,0.1948048174381256,0,567929,0,981,,0.0017273285921303543
global_raw,password,time_quartile_2,0.001,0.1948048174381256,182192,385740,181803,50103,0.9978648897865987,0.1298880074661689
global_raw,password,time_quartile_3,0.001,0.1948048174381256,28759,539172,28671,232,0.996940088320178,0.00043028940671993354
global_raw,password,time_quartile_4,0.001,0.1948048174381256,0,567931,0,259,,0.0004560413148780398
global_raw,password,full_test,0.01,0.058664191514253616,210951,2060772,210697,63212,0.9987959289124014,0.030673941610231504
global_raw,password,time_quartile_1,0.01,0.058664191514253616,0,567929,0,9059,,0.015950937529162976
global_raw,password,time_quartile_2,0.01,0.058664191514253616,182192,385740,181995,50597,0.9989187231052955,0.1311686628298854
global_raw,password,time_quartile_3,0.01,0.058664191514253616,28759,539172,28702,2421,0.9980180117528425,0.004490218334779996
global_raw,password,time_quartile_4,0.01,0.058664191514253616,0,567931,0,1135,,0.0019984822099867764
global_raw,ransomware,full_test,0.001,0.1126866266131401,709,2271014,685,43867,0.9661495063469676,0.019316041204501602
global_raw,ransomware,time_quartile_1,0.001,0.1126866266131401,0,567929,0,51,,8.979995738903983e-05
global_raw,ransomware,time_quartile_2,0.001,0.1126866266131401,0,567932,0,1218,,0.0021446229478176964
global_raw,ransomware,time_quartile_3,0.001,0.1126866266131401,0,567931,0,565,,0.0009948391617995848
global_raw,ransomware,time_quartile_4,0.001,0.1126866266131401,709,567222,685,42033,0.9661495063469676,0.07410326115700731
global_raw,ransomware,full_test,0.01,0.0190154816955328,709,2271014,702,55959,0.9901269393511989,0.02464053502092017
global_raw,ransomware,time_quartile_1,0.01,0.0190154816955328,0,567929,0,1092,,0.0019227755582123822
global_raw,ransomware,time_quartile_2,0.01,0.0190154816955328,0,567932,0,3621,,0.006375763295605812
global_raw,ransomware,time_quartile_3,0.01,0.0190154816955328,0,567931,0,1228,,0.002162234496796266
global_raw,ransomware,time_quartile_4,0.01,0.0190154816955328,709,567222,702,50018,0.9901269393511989,0.08818064179457073
global_raw,scanning,full_test,0.001,0.13243983685970306,6029,2265694,3145,1956,0.5216453806601427,0.0008633116387296784
global_raw,scanning,time_quartile_1,0.001,0.13243983685970306,6029,561900,3145,767,0.5216453806601427,0.0013650115678946432
global_raw,scanning,time_quartile_2,0.001,0.13243983685970306,0,567932,0,72,,0.00012677574075769634
global_raw,scanning,time_quartile_3,0.001,0.13243983685970306,0,567931,0,708,,0.0012466303124851435
global_raw,scanning,time_quartile_4,0.001,0.13243983685970306,0,567931,0,409,,0.0007201579065062481
global_raw,scanning,full_test,0.01,0.06095359846949577,6029,2265694,5036,31220,0.8352960689998341,0.013779442413671043
global_raw,scanning,time_quartile_1,0.01,0.06095359846949577,6029,561900,5036,4250,0.8352960689998341,0.007563623420537462
global_raw,scanning,time_quartile_2,0.01,0.06095359846949577,0,567932,0,1289,,0.0022696379143982027
global_raw,scanning,time_quartile_3,0.01,0.06095359846949577,0,567931,0,3840,,0.006761384745682134
global_raw,scanning,time_quartile_4,0.01,0.06095359846949577,0,567931,0,21841,,0.038457136518344655
global_raw,xss,full_test,0.001,0.22382450103759766,343854,1927869,336466,126514,0.9785141368138803,0.06562375348117533
global_raw,xss,time_quartile_1,0.001,0.22382450103759766,0,567929,0,965,,0.0016991560564788909
global_raw,xss,time_quartile_2,0.001,0.22382450103759766,0,567932,0,543,,0.0009561003782142933
global_raw,xss,time_quartile_3,0.001,0.22382450103759766,255032,312899,250261,94802,0.981292543680793,0.30297955570327806
global_raw,xss,time_quartile_4,0.001,0.22382450103759766,88822,479109,86205,30204,0.9705365787755286,0.06304202175287878
global_raw,xss,full_test,0.01,0.09515271335840225,343854,1927869,341167,143919,0.9921856369273006,0.07465185653174568
global_raw,xss,time_quartile_1,0.01,0.09515271335840225,0,567929,0,2047,,0.003604323779909108
global_raw,xss,time_quartile_2,0.01,0.09515271335840225,0,567932,0,1753,,0.0030866371326144677
global_raw,xss,time_quartile_3,0.01,0.09515271335840225,255032,312899,253447,105161,0.9937850936353085,0.33608608528630646
global_raw,xss,time_quartile_4,0.01,0.09515271335840225,88822,479109,87720,34958,0.9875931638558015,0.07296460721881659
global_calibrated,backdoor,full_test,0.001,0.03270086273550987,40030,2231693,40014,38687,0.9996002997751686,0.017335269680910412
global_calibrated,backdoor,time_quartile_1,0.001,0.03270086273550987,0,567929,0,57,,0.00010036465825833863
global_calibrated,backdoor,time_quartile_2,0.001,0.03270086273550987,0,567932,0,1191,,0.0020970820450335603
global_calibrated,backdoor,time_quartile_3,0.001,0.03270086273550987,0,567931,0,290,,0.0005106254104812029
global_calibrated,backdoor,time_quartile_4,0.001,0.03270086273550987,40030,527901,40014,37149,0.9996002997751686,0.07037114913591754
global_calibrated,backdoor,full_test,0.01,0.01735874079167843,40030,2231693,40014,53414,0.9996002997751686,0.023934295622202516
global_calibrated,backdoor,time_quartile_1,0.01,0.01735874079167843,0,567929,0,1257,,0.0022133048321180994
global_calibrated,backdoor,time_quartile_2,0.01,0.01735874079167843,0,567932,0,2516,,0.004430107829810611
global_calibrated,backdoor,time_quartile_3,0.01,0.01735874079167843,0,567931,0,600,,0.0010564663665128334
global_calibrated,backdoor,time_quartile_4,0.01,0.01735874079167843,40030,527901,40014,49041,0.9996002997751686,0.09289810021197156
global_calibrated,benign,full_test,0.001,0.8911123275756836,1474302,797421,585115,907,0.39687594536261905,0.0011374167472389114
global_calibrated,benign,time_quartile_1,0.001,0.8911123275756836,394793,173136,111704,829,0.2829432132788575,0.004788143424822105
global_calibrated,benign,time_quartile_2,0.001,0.8911123275756836,358160,209772,105053,2,0.2933130444494081,9.534160898499323e-06
global_calibrated,benign,time_quartile_3,0.001,0.8911123275756836,284140,283791,91702,37,0.32273527134511154,0.0001303776370638956
global_calibrated,benign,time_quartile_4,0.001,0.8911123275756836,437209,130722,276656,39,0.6327774588354769,0.0002983430486069675
global_calibrated,benign,full_test,0.01,0.5736535787582397,1474302,797421,1198172,8252,0.8127045883407877,0.01034836052724972
global_calibrated,benign,time_quartile_1,0.01,0.5736535787582397,394793,173136,393579,6428,0.9969249708074864,0.03712688291285463
global_calibrated,benign,time_quartile_2,0.01,0.5736535787582397,358160,209772,302832,51,0.8455215546124637,0.00024312110291173274
global_calibrated,benign,time_quartile_3,0.01,0.5736535787582397,284140,283791,178479,1014,0.6281375378334624,0.0035730519995348688
global_calibrated,benign,time_quartile_4,0.01,0.5736535787582397,437209,130722,323282,759,0.7394221070472017,0.0058062147151971355
global_calibrated,ddos,full_test,0.001,0.25509113073349,103338,2168385,101827,1875,0.9853780796996264,0.0008646988426870689
global_calibrated,ddos,time_quartile_1,0.001,0.25509113073349,75758,492171,74438,328,0.9825760975738536,0.0006664350398540345
global_calibrated,ddos,time_quartile_2,0.001,0.25509113073349,27580,540352,27389,70,0.9930746918056562,0.0001295451853606538
global_calibrated,ddos,time_quartile_3,0.001,0.25509113073349,0,567931,0,610,,0.0010740741392880474
global_calibrated,ddos,time_quartile_4,0.001,0.25509113073349,0,567931,0,867,,0.0015265938996110442
global_calibrated,ddos,full_test,0.01,0.17036689817905426,103338,2168385,101953,3300,0.986597379473185,0.0015218699631292414
global_calibrated,ddos,time_quartile_1,0.01,0.17036689817905426,75758,492171,74529,694,0.9837772908471712,0.0014100790172521338
global_calibrated,ddos,time_quartile_2,0.01,0.17036689817905426,27580,540352,27424,131,0.9943437273386512,0.00024243456117493782
global_calibrated,ddos,time_quartile_3,0.01,0.17036689817905426,0,567931,0,1151,,0.002026654646427119
global_calibrated,ddos,time_quartile_4,0.01,0.17036689817905426,0,567931,0,1324,,0.002331269115438319
global_calibrated,dos,full_test,0.001,0.16076402366161346,22458,2249265,22193,3197,0.9882001959212753,0.0014213531976001049
global_calibrated,dos,time_quartile_1,0.001,0.16076402366161346,22458,545471,22193,268,0.9882001959212753,0.0004913185118915579
global_calibrated,dos,time_quartile_2,0.001,0.16076402366161346,0,567932,0,559,,0.0009842727650493368
global_calibrated,dos,time_quartile_3,0.001,0.16076402366161346,0,567931,0,785,,0.0013822101628542904
global_calibrated,dos,time_quartile_4,0.001,0.16076402366161346,0,567931,0,1585,,0.0027908319848714016
global_calibrated,dos,full_test,0.01,0.11471009254455566,22458,2249265,22391,27484,0.997016653308398,0.012219102684654764
global_calibrated,dos,time_quartile_1,0.01,0.11471009254455566,22458,545471,22391,831,0.997016653308398,0.0015234540424697188
global_calibrated,dos,time_quartile_2,0.01,0.11471009254455566,0,567932,0,1260,,0.0022185754632596862
global_calibrated,dos,time_quartile_3,0.01,0.11471009254455566,0,567931,0,14433,,0.02541329844646621
global_calibrated,dos,time_quartile_4,0.01,0.11471009254455566,0,567931,0,10960,,0.019298118961634424
global_calibrated,injection,full_test,0.001,0.5095034837722778,68891,2202832,64748,7080,0.9398615203727627,0.003214044466395985
global_calibrated,injection,time_quartile_1,0.001,0.5095034837722778,68891,499038,64748,1151,0.9398615203727627,0.0023064375859153012
global_calibrated,injection,time_quartile_2,0.001,0.5095034837722778,0,567932,0,69,,0.00012149341822612566
global_calibrated,injection,time_quartile_3,0.001,0.5095034837722778,0,567931,0,4954,,0.00872289063284096
global_calibrated,injection,time_quartile_4,0.001,0.5095034837722778,0,567931,0,906,,0.0015952642134343786
global_calibrated,injection,full_test,0.01,0.15680618584156036,68891,2202832,67111,31438,0.9741620821297412,0.01427162852183008
global_calibrated,injection,time_quartile_1,0.01,0.15680618584156036,68891,499038,67111,1895,0.9741620821297412,0.0037973060167762777
global_calibrated,injection,time_quartile_2,0.01,0.15680618584156036,0,567932,0,5156,,0.00907855165759281
global_calibrated,injection,time_quartile_3,0.01,0.15680618584156036,0,567931,0,20074,,0.035345843068964364
global_calibrated,injection,time_quartile_4,0.01,0.15680618584156036,0,567931,0,4313,,0.007594232397949751
global_calibrated,mitm,full_test,0.001,0.2763040065765381,1161,2270562,1105,46349,0.9517657192075797,0.02041300788086826
global_calibrated,mitm,time_quartile_1,0.001,0.2763040065765381,0,567929,0,711,,0.0012519170530119082
global_calibrated,mitm,time_quartile_2,0.001,0.2763040065765381,0,567932,0,2787,,0.004907277631829163
global_calibrated,mitm,time_quartile_3,0.001,0.2763040065765381,0,567931,0,302,,0.0005317547378114594
global_calibrated,mitm,time_quartile_4,0.001,0.2763040065765381,1161,566770,1105,42549,0.9517657192075797,0.07507278084584576
global_calibrated,mitm,full_test,0.01,0.1323559433221817,1161,2270562,1148,76094,0.9888027562446167,0.03351328878048695
global_calibrated,mitm,time_quartile_1,0.01,0.1323559433221817,0,567929,0,4930,,0.008680662547607184
global_calibrated,mitm,time_quartile_2,0.01,0.1323559433221817,0,567932,0,4495,,0.00791467992647007
global_calibrated,mitm,time_quartile_3,0.01,0.1323559433221817,0,567931,0,14385,,0.025328781137145182
global_calibrated,mitm,time_quartile_4,0.01,0.1323559433221817,1161,566770,1148,52284,0.9888027562446167,0.09224906046544454
global_calibrated,password,full_test,0.001,0.2324492484331131,210951,2060772,210449,51461,0.9976203004489195,0.024971709631147938
global_calibrated,password,time_quartile_1,0.001,0.2324492484331131,0,567929,0,965,,0.0016991560564788909
global_calibrated,password,time_quartile_2,0.001,0.2324492484331131,182192,385740,181784,50059,0.9977606041977694,0.12977394099652614
global_calibrated,password,time_quartile_3,0.001,0.2324492484331131,28759,539172,28665,203,0.996731457978372,0.00037650323087994183
global_calibrated,password,time_quartile_4,0.001,0.2324492484331131,0,567931,0,234,,0.00041202188294000506
global_calibrated,password,full_test,0.01,0.08967489749193192,210951,2060772,210657,63079,0.9986063114182915,0.03060940268986574
global_calibrated,password,time_quartile_1,0.01,0.08967489749193192,0,567929,0,9385,,0.016524952943061545
global_calibrated,password,time_quartile_2,0.01,0.08967489749193192,182192,385740,181961,50494,0.9987321067884429,0.13090164359413076
global_calibrated,password,time_quartile_3,0.01,0.08967489749193192,28759,539172,28696,2223,0.9978093814110366,0.004122988582493156
global_calibrated,password,time_quartile_4,0.01,0.08967489749193192,0,567931,0,977,,0.0017202794001383971
global_calibrated,ransomware,full_test,0.001,0.14063948392868042,709,2271014,685,43819,0.9661495063469676,0.019294905271389783
global_calibrated,ransomware,time_quartile_1,0.001,0.14063948392868042,0,567929,0,50,,8.803917391082337e-05
global_calibrated,ransomware,time_quartile_2,0.001,0.14063948392868042,0,567932,0,1169,,0.0020583450131353752
global_calibrated,ransomware,time_quartile_3,0.001,0.14063948392868042,0,567931,0,564,,0.0009930783845220634
global_calibrated,ransomware,time_quartile_4,0.001,0.14063948392868042,709,567222,685,42036,0.9661495063469676,0.07410855009149857
global_calibrated,ransomware,full_test,0.01,0.036733098328113556,709,2271014,697,55309,0.9830747531734838,0.024354319260030982
global_calibrated,ransomware,time_quartile_1,0.01,0.036733098328113556,0,567929,0,1001,,0.0017625442616946837
global_calibrated,ransomware,time_quartile_2,0.01,0.036733098328113556,0,567932,0,3616,,0.006366959424719861
global_calibrated,ransomware,time_quartile_3,0.01,0.036733098328113556,0,567931,0,1222,,0.0021516698331311376
global_calibrated,ransomware,time_quartile_4,0.01,0.036733098328113556,709,567222,697,49470,0.9830747531734838,0.08721452976083438
global_calibrated,scanning,full_test,0.001,0.16957782208919525,6029,2265694,3257,1543,0.540222259081108,0.0006810275350510705
global_calibrated,scanning,time_quartile_1,0.001,0.16957782208919525,6029,561900,3257,625,0.540222259081108,0.0011122975618437444
global_calibrated,scanning,time_quartile_2,0.001,0.16957782208919525,0,567932,0,70,,0.00012325419240331588
global_calibrated,scanning,time_quartile_3,0.001,0.16957782208919525,0,567931,0,527,,0.000927929625253772
global_calibrated,scanning,time_quartile_4,0.001,0.16957782208919525,0,567931,0,321,,0.0005652095060843659
global_calibrated,scanning,full_test,0.01,0.09080205112695694,6029,2265694,5286,14448,0.8767623154752032,0.00637685406767198
global_calibrated,scanning,time_quartile_1,0.01,0.09080205112695694,6029,561900,5286,4136,0.8767623154752032,0.007360740345257163
global_calibrated,scanning,time_quartile_2,0.01,0.09080205112695694,0,567932,0,1118,,0.0019685455300986737
global_calibrated,scanning,time_quartile_3,0.01,0.09080205112695694,0,567931,0,3331,,0.005865149111423747
global_calibrated,scanning,time_quartile_4,0.01,0.09080205112695694,0,567931,0,5863,,0.010323437178107905
global_calibrated,xss,full_test,0.001,0.226841539144516,343854,1927869,336140,128186,0.977566060013843,0.06649103232636658
global_calibrated,xss,time_quartile_1,0.001,0.226841539144516,0,567929,0,966,,0.0017009168399571074
global_calibrated,xss,time_quartile_2,0.001,0.226841539144516,0,567932,0,588,,0.0010353352161878535
global_calibrated,xss,time_quartile_3,0.001,0.226841539144516,255032,312899,250024,95572,0.9803632485335174,0.3054404136798136
global_calibrated,xss,time_quartile_4,0.001,0.226841539144516,88822,479109,86116,31060,0.9695345747675126,0.06482867155490712
global_calibrated,xss,full_test,0.01,0.12830258905887604,343854,1927869,340873,143522,0.9913306228806412,0.07444592967675709
global_calibrated,xss,time_quartile_1,0.01,0.12830258905887604,0,567929,0,1967,,0.003463461101651791
global_calibrated,xss,time_quartile_2,0.01,0.12830258905887604,0,567932,0,1647,,0.002899995069832304
global_calibrated,xss,time_quartile_3,0.01,0.12830258905887604,255032,312899,253243,104979,0.9929851940148687,0.33550442794639806
global_calibrated,xss,time_quartile_4,0.01,0.12830258905887604,88822,479109,87630,34929,0.9865799013757853,0.07290407819514974
designed_e1_raw,backdoor,full_test,0.001,0.03552699461579323,40030,2231693,40014,26488,0.9996002997751686,0.01186901603401543
designed_e1_raw,backdoor,time_quartile_1,0.001,0.03552699461579323,0,567929,0,566,,0.0009966034486705204
designed_e1_raw,backdoor,time_quartile_2,0.001,0.03552699461579323,0,567932,0,558,,0.0009825119908721466
designed_e1_raw,backdoor,time_quartile_3,0.001,0.03552699461579323,0,567931,0,303,,0.0005335155150889808
designed_e1_raw,backdoor,time_quartile_4,0.001,0.03552699461579323,40030,527901,40014,25061,0.9996002997751686,0.04747291632332577
designed_e1_raw,backdoor,full_test,0.01,0.003441395005211234,40030,2231693,40024,178906,0.9998501124156882,0.08016604434391289
designed_e1_raw,backdoor,time_quartile_1,0.01,0.003441395005211234,0,567929,0,13350,,0.023506459434189837
designed_e1_raw,backdoor,time_quartile_2,0.01,0.003441395005211234,0,567932,0,9619,,0.016936886810392793
designed_e1_raw,backdoor,time_quartile_3,0.01,0.003441395005211234,0,567931,0,13549,,0.0238567713331373
designed_e1_raw,backdoor,time_quartile_4,0.01,0.003441395005211234,40030,527901,40024,142388,0.9998501124156882,0.26972481582721003
designed_e1_raw,benign,full_test,0.001,0.676910400390625,1474302,797421,1144979,768,0.7766244636444908,0.0009631048091284278
designed_e1_raw,benign,time_quartile_1,0.001,0.676910400390625,394793,173136,377689,741,0.9566760302234335,0.0042798724701968395
designed_e1_raw,benign,time_quartile_2,0.001,0.676910400390625,358160,209772,298530,2,0.8335101630556176,9.534160898499323e-06
designed_e1_raw,benign,time_quartile_3,0.001,0.676910400390625,284140,283791,139337,15,0.4903815020764412,5.285579880968741e-05
designed_e1_raw,benign,time_quartile_4,0.001,0.676910400390625,437209,130722,329423,10,0.7534680210151209,7.649821759153012e-05
designed_e1_raw,benign,full_test,0.01,0.2130710780620575,1474302,797421,1265634,11375,0.8584631913949787,0.014264735942494618
designed_e1_raw,benign,time_quartile_1,0.01,0.2130710780620575,394793,173136,391721,6370,0.9922187070186148,0.03679188614730616
designed_e1_raw,benign,time_quartile_2,0.01,0.2130710780620575,358160,209772,303598,77,0.8476602635693545,0.0003670651945922239
designed_e1_raw,benign,time_quartile_3,0.01,0.2130710780620575,284140,283791,174461,2710,0.6139966213838248,0.009549280984950193
designed_e1_raw,benign,time_quartile_4,0.01,0.2130710780620575,437209,130722,395854,2218,0.9054113707631819,0.01696730466180138
designed_e1_raw,ddos,full_test,0.001,0.25197264552116394,103338,2168385,101618,4872,0.9833555903926919,0.00224683347283808
designed_e1_raw,ddos,time_quartile_1,0.001,0.25197264552116394,75758,492171,74185,610,0.9792365162755089,0.0012394066289968325
designed_e1_raw,ddos,time_quartile_2,0.001,0.25197264552116394,27580,540352,27433,2112,0.9946700507614213,0.00390856330688144
designed_e1_raw,ddos,time_quartile_3,0.001,0.25197264552116394,0,567931,0,1281,,0.0022555556925048996
designed_e1_raw,ddos,time_quartile_4,0.001,0.25197264552116394,0,567931,0,869,,0.001530115454166087
designed_e1_raw,ddos,full_test,0.01,0.08563803881406784,103338,2168385,102141,14534,0.9884166521511931,0.006702684255794059
designed_e1_raw,ddos,time_quartile_1,0.01,0.08563803881406784,75758,492171,74662,3217,0.9855328810158663,0.006536346107348869
designed_e1_raw,ddos,time_quartile_2,0.01,0.08563803881406784,27580,540352,27479,2308,0.9963379260333575,0.0042712898258912705
designed_e1_raw,ddos,time_quartile_3,0.01,0.08563803881406784,0,567931,0,4744,,0.00835312740456147
designed_e1_raw,ddos,time_quartile_4,0.01,0.08563803881406784,0,567931,0,4265,,0.007509715088628724
designed_e1_raw,dos,full_test,0.001,0.19554930925369263,22458,2249265,22013,5457,0.9801852346602546,0.002426125867783476
designed_e1_raw,dos,time_quartile_1,0.001,0.19554930925369263,22458,545471,22013,1188,0.9801852346602546,0.0021779342989819805
designed_e1_raw,dos,time_quartile_2,0.001,0.19554930925369263,0,567932,0,637,,0.0011216131508701747
designed_e1_raw,dos,time_quartile_3,0.001,0.19554930925369263,0,567931,0,550,,0.0009684275026367639
designed_e1_raw,dos,time_quartile_4,0.001,0.19554930925369263,0,567931,0,3082,,0.005426715569320921
designed_e1_raw,dos,full_test,0.01,0.06833650171756744,22458,2249265,22360,392174,0.995636298869,0.1743565120161475
designed_e1_raw,dos,time_quartile_1,0.01,0.06833650171756744,22458,545471,22360,153628,0.995636298869,0.28164283710774723
designed_e1_raw,dos,time_quartile_2,0.01,0.06833650171756744,0,567932,0,135908,,0.23930329687356938
designed_e1_raw,dos,time_quartile_3,0.01,0.06833650171756744,0,567931,0,15361,,0.02704729976000606
designed_e1_raw,dos,time_quartile_4,0.01,0.06833650171756744,0,567931,0,87277,,0.15367535845023428
designed_e1_raw,injection,full_test,0.001,0.2110477089881897,68891,2202832,66465,10168,0.9647849501386248,0.004615876290157398
designed_e1_raw,injection,time_quartile_1,0.001,0.2110477089881897,68891,499038,66465,1510,0.9647849501386248,0.0030258216809140787
designed_e1_raw,injection,time_quartile_2,0.001,0.2110477089881897,0,567932,0,92,,0.00016199122430150088
designed_e1_raw,injection,time_quartile_3,0.001,0.2110477089881897,0,567931,0,7492,,0.013191743363190248
designed_e1_raw,injection,time_quartile_4,0.001,0.2110477089881897,0,567931,0,1074,,0.001891074796057972
designed_e1_raw,injection,full_test,0.01,0.0770568922162056,68891,2202832,66766,24917,0.969154171081854,0.011311348300732875
designed_e1_raw,injection,time_quartile_1,0.01,0.0770568922162056,68891,499038,66766,2361,0.969154171081854,0.004731102641482212
designed_e1_raw,injection,time_quartile_2,0.01,0.0770568922162056,0,567932,0,805,,0.0014174232126381327
designed_e1_raw,injection,time_quartile_3,0.01,0.0770568922162056,0,567931,0,18272,,0.03217292241487082
designed_e1_raw,injection,time_quartile_4,0.01,0.0770568922162056,0,567931,0,3479,,0.0061257441484969125
designed_e1_raw,mitm,full_test,0.001,0.6549675464630127,1161,2270562,1046,28461,0.9009474590869939,0.012534782137638171
designed_e1_raw,mitm,time_quartile_1,0.001,0.6549675464630127,0,567929,0,1589,,0.0027978849468859664
designed_e1_raw,mitm,time_quartile_2,0.001,0.6549675464630127,0,567932,0,1043,,0.0018364874668094068
designed_e1_raw,mitm,time_quartile_3,0.001,0.6549675464630127,0,567931,0,183,,0.0003222222417864142
designed_e1_raw,mitm,time_quartile_4,0.001,0.6549675464630127,1161,566770,1046,25646,0.9009474590869939,0.04524939569843146
designed_e1_raw,mitm,full_test,0.01,0.05490788444876671,1161,2270562,1158,115759,0.9974160206718347,0.050982532077961315
designed_e1_raw,mitm,time_quartile_1,0.01,0.05490788444876671,0,567929,0,21647,,0.03811567995295186
designed_e1_raw,mitm,time_quartile_2,0.01,0.05490788444876671,0,567932,0,9100,,0.016023045012431066
designed_e1_raw,mitm,time_quartile_3,0.01,0.05490788444876671,0,567931,0,9853,,0.017348938515418248
designed_e1_raw,mitm,time_quartile_4,0.01,0.05490788444876671,1161,566770,1158,75159,0.9974160206718347,0.1326093477071828
designed_e1_raw,password,full_test,0.001,0.11275878548622131,210951,2060772,210821,55721,0.9993837431441425,0.027038896103013823
designed_e1_raw,password,time_quartile_1,0.001,0.11275878548622131,0,567929,0,1126,,0.0019826421964717423
designed_e1_raw,password,time_quartile_2,0.001,0.11275878548622131,182192,385740,182087,50434,0.9994236849038377,0.13074609840825427
designed_e1_raw,password,time_quartile_3,0.001,0.11275878548622131,28759,539172,28734,3784,0.9991307069091415,0.0070181685992596055
designed_e1_raw,password,time_quartile_4,0.001,0.11275878548622131,0,567931,0,377,,0.0006638130336255637
designed_e1_raw,password,full_test,0.01,0.038727037608623505,210951,2060772,210841,72888,0.9994785518911975,0.03536926938060106
designed_e1_raw,password,time_quartile_1,0.01,0.038727037608623505,0,567929,0,9448,,0.01663588230218918
designed_e1_raw,password,time_quartile_2,0.01,0.038727037608623505,182192,385740,182101,52292,0.9995005269166594,0.13556281433089645
designed_e1_raw,password,time_quartile_3,0.01,0.038727037608623505,28759,539172,28740,9995,0.9993393372509475,0.01853768370761093
designed_e1_raw,password,time_quartile_4,0.01,0.038727037608623505,0,567931,0,1153,,0.0020301762009821618
designed_e1_raw,ransomware,full_test,0.001,0.10516253113746643,709,2271014,664,47688,0.9365303244005642,0.020998549546590202
designed_e1_raw,ransomware,time_quartile_1,0.001,0.10516253113746643,0,567929,0,202,,0.00035567826259972637
designed_e1_raw,ransomware,time_quartile_2,0.001,0.10516253113746643,0,567932,0,1857,,0.0032697576470422517
designed_e1_raw,ransomware,time_quartile_3,0.001,0.10516253113746643,0,567931,0,621,,0.0010934426893407826
designed_e1_raw,ransomware,time_quartile_4,0.001,0.10516253113746643,709,567222,664,45008,0.9365303244005642,0.0793481211941709
designed_e1_raw,ransomware,full_test,0.01,0.022709112614393234,709,2271014,702,89442,0.9901269393511989,0.039384169362232026
designed_e1_raw,ransomware,time_quartile_1,0.01,0.022709112614393234,0,567929,0,3480,,0.0061275265041933055
designed_e1_raw,ransomware,time_quartile_2,0.01,0.022709112614393234,0,567932,0,4356,,0.007669932315840629
designed_e1_raw,ransomware,time_quartile_3,0.01,0.022709112614393234,0,567931,0,2124,,0.00373989093745543
designed_e1_raw,ransomware,time_quartile_4,0.01,0.022709112614393234,709,567222,702,79482,0.9901269393511989,0.14012503041137334
designed_e1_raw,scanning,full_test,0.001,0.19124184548854828,6029,2265694,5860,8856,0.9719688173826505,0.003908736131180998
designed_e1_raw,scanning,time_quartile_1,0.001,0.19124184548854828,6029,561900,5860,2153,0.9719688173826505,0.0038316426410393307
designed_e1_raw,scanning,time_quartile_2,0.001,0.19124184548854828,0,567932,0,708,,0.0012466281174506808
designed_e1_raw,scanning,time_quartile_3,0.001,0.19124184548854828,0,567931,0,893,,0.0015723741088266004
designed_e1_raw,scanning,time_quartile_4,0.001,0.19124184548854828,0,567931,0,5102,,0.008983485669914127
designed_e1_raw,scanning,full_test,0.01,0.10194587707519531,6029,2265694,5951,44641,0.9870625310996849,0.019703013734423094
designed_e1_raw,scanning,time_quartile_1,0.01,0.10194587707519531,6029,561900,5951,4732,0.9870625310996849,0.008421427300231358
designed_e1_raw,scanning,time_quartile_2,0.01,0.10194587707519531,0,567932,0,1086,,0.0019122007564285866
designed_e1_raw,scanning,time_quartile_3,0.01,0.10194587707519531,0,567931,0,2132,,0.0037539771556756012
designed_e1_raw,scanning,time_quartile_4,0.01,0.10194587707519531,0,567931,0,36691,,0.06460467908953728
designed_e1_raw,xss,full_test,0.001,0.6448071002960205,343854,1927869,317126,103378,0.9222693352411198,0.053622938073074465
designed_e1_raw,xss,time_quartile_1,0.001,0.6448071002960205,0,567929,0,1152,,0.00202842256690537
designed_e1_raw,xss,time_quartile_2,0.001,0.6448071002960205,0,567932,0,173,,0.00030461393265390925
designed_e1_raw,xss,time_quartile_3,0.001,0.6448071002960205,255032,312899,237871,100342,0.9327104049687882,0.3206849494565339
designed_e1_raw,xss,time_quartile_4,0.001,0.6448071002960205,88822,479109,79255,1711,0.8922901983742766,0.003571212396344047
designed_e1_raw,xss,full_test,0.01,0.3538263738155365,343854,1927869,343399,120041,0.9986767639754082,0.06226616020071903
designed_e1_raw,xss,time_quartile_1,0.01,0.3538263738155365,0,567929,0,3519,,0.006196197059843748
designed_e1_raw,xss,time_quartile_2,0.01,0.3538263738155365,0,567932,0,1229,,0.002163991463766789
designed_e1_raw,xss,time_quartile_3,0.01,0.3538263738155365,255032,312899,254749,112199,0.9988903353304683,0.35857896637573144
designed_e1_raw,xss,time_quartile_4,0.01,0.3538263738155365,88822,479109,88650,3094,0.998063542815969,0.006457820662938913
designed_e1_calibrated,backdoor,full_test,0.001,0.03552699461579323,40030,2231693,40014,26488,0.9996002997751686,0.01186901603401543
designed_e1_calibrated,backdoor,time_quartile_1,0.001,0.03552699461579323,0,567929,0,566,,0.0009966034486705204
designed_e1_calibrated,backdoor,time_quartile_2,0.001,0.03552699461579323,0,567932,0,558,,0.0009825119908721466
designed_e1_calibrated,backdoor,time_quartile_3,0.001,0.03552699461579323,0,567931,0,303,,0.0005335155150889808
designed_e1_calibrated,backdoor,time_quartile_4,0.001,0.03552699461579323,40030,527901,40014,25061,0.9996002997751686,0.04747291632332577
designed_e1_calibrated,backdoor,full_test,0.01,0.0034413947723805904,40030,2231693,40024,178906,0.9998501124156882,0.08016604434391289
designed_e1_calibrated,backdoor,time_quartile_1,0.01,0.0034413947723805904,0,567929,0,13350,,0.023506459434189837
designed_e1_calibrated,backdoor,time_quartile_2,0.01,0.0034413947723805904,0,567932,0,9619,,0.016936886810392793
designed_e1_calibrated,backdoor,time_quartile_3,0.01,0.0034413947723805904,0,567931,0,13549,,0.0238567713331373
designed_e1_calibrated,backdoor,time_quartile_4,0.01,0.0034413947723805904,40030,527901,40024,142388,0.9998501124156882,0.26972481582721003
designed_e1_calibrated,benign,full_test,0.001,0.676910400390625,1474302,797421,1144979,768,0.7766244636444908,0.0009631048091284278
designed_e1_calibrated,benign,time_quartile_1,0.001,0.676910400390625,394793,173136,377689,741,0.9566760302234335,0.0042798724701968395
designed_e1_calibrated,benign,time_quartile_2,0.001,0.676910400390625,358160,209772,298530,2,0.8335101630556176,9.534160898499323e-06
designed_e1_calibrated,benign,time_quartile_3,0.001,0.676910400390625,284140,283791,139337,15,0.4903815020764412,5.285579880968741e-05
designed_e1_calibrated,benign,time_quartile_4,0.001,0.676910400390625,437209,130722,329423,10,0.7534680210151209,7.649821759153012e-05
designed_e1_calibrated,benign,full_test,0.01,0.2130710780620575,1474302,797421,1265634,11375,0.8584631913949787,0.014264735942494618
designed_e1_calibrated,benign,time_quartile_1,0.01,0.2130710780620575,394793,173136,391721,6370,0.9922187070186148,0.03679188614730616
designed_e1_calibrated,benign,time_quartile_2,0.01,0.2130710780620575,358160,209772,303598,77,0.8476602635693545,0.0003670651945922239
designed_e1_calibrated,benign,time_quartile_3,0.01,0.2130710780620575,284140,283791,174461,2710,0.6139966213838248,0.009549280984950193
designed_e1_calibrated,benign,time_quartile_4,0.01,0.2130710780620575,437209,130722,395854,2218,0.9054113707631819,0.01696730466180138
designed_e1_calibrated,ddos,full_test,0.001,0.25197264552116394,103338,2168385,101618,4872,0.9833555903926919,0.00224683347283808
designed_e1_calibrated,ddos,time_quartile_1,0.001,0.25197264552116394,75758,492171,74185,610,0.9792365162755089,0.0012394066289968325
designed_e1_calibrated,ddos,time_quartile_2,0.001,0.25197264552116394,27580,540352,27433,2112,0.9946700507614213,0.00390856330688144
designed_e1_calibrated,ddos,time_quartile_3,0.001,0.25197264552116394,0,567931,0,1281,,0.0022555556925048996
designed_e1_calibrated,ddos,time_quartile_4,0.001,0.25197264552116394,0,567931,0,869,,0.001530115454166087
designed_e1_calibrated,ddos,full_test,0.01,0.08563802391290665,103338,2168385,102141,14534,0.9884166521511931,0.006702684255794059
designed_e1_calibrated,ddos,time_quartile_1,0.01,0.08563802391290665,75758,492171,74662,3217,0.9855328810158663,0.006536346107348869
designed_e1_calibrated,ddos,time_quartile_2,0.01,0.08563802391290665,27580,540352,27479,2308,0.9963379260333575,0.0042712898258912705
designed_e1_calibrated,ddos,time_quartile_3,0.01,0.08563802391290665,0,567931,0,4744,,0.00835312740456147
designed_e1_calibrated,ddos,time_quartile_4,0.01,0.08563802391290665,0,567931,0,4265,,0.007509715088628724
designed_e1_calibrated,dos,full_test,0.001,0.19554932415485382,22458,2249265,22013,5457,0.9801852346602546,0.002426125867783476
designed_e1_calibrated,dos,time_quartile_1,0.001,0.19554932415485382,22458,545471,22013,1188,0.9801852346602546,0.0021779342989819805
designed_e1_calibrated,dos,time_quartile_2,0.001,0.19554932415485382,0,567932,0,637,,0.0011216131508701747
designed_e1_calibrated,dos,time_quartile_3,0.001,0.19554932415485382,0,567931,0,550,,0.0009684275026367639
designed_e1_calibrated,dos,time_quartile_4,0.001,0.19554932415485382,0,567931,0,3082,,0.005426715569320921
designed_e1_calibrated,dos,full_test,0.01,0.06833650171756744,22458,2249265,22360,392174,0.995636298869,0.1743565120161475
designed_e1_calibrated,dos,time_quartile_1,0.01,0.06833650171756744,22458,545471,22360,153628,0.995636298869,0.28164283710774723
designed_e1_calibrated,dos,time_quartile_2,0.01,0.06833650171756744,0,567932,0,135908,,0.23930329687356938
designed_e1_calibrated,dos,time_quartile_3,0.01,0.06833650171756744,0,567931,0,15361,,0.02704729976000606
designed_e1_calibrated,dos,time_quartile_4,0.01,0.06833650171756744,0,567931,0,87277,,0.15367535845023428
designed_e1_calibrated,injection,full_test,0.001,0.2110476940870285,68891,2202832,66465,10168,0.9647849501386248,0.004615876290157398
designed_e1_calibrated,injection,time_quartile_1,0.001,0.2110476940870285,68891,499038,66465,1510,0.9647849501386248,0.0030258216809140787
designed_e1_calibrated,injection,time_quartile_2,0.001,0.2110476940870285,0,567932,0,92,,0.00016199122430150088
designed_e1_calibrated,injection,time_quartile_3,0.001,0.2110476940870285,0,567931,0,7492,,0.013191743363190248
designed_e1_calibrated,injection,time_quartile_4,0.001,0.2110476940870285,0,567931,0,1074,,0.001891074796057972
designed_e1_calibrated,injection,full_test,0.01,0.0770568922162056,68891,2202832,66766,24917,0.969154171081854,0.011311348300732875
designed_e1_calibrated,injection,time_quartile_1,0.01,0.0770568922162056,68891,499038,66766,2361,0.969154171081854,0.004731102641482212
designed_e1_calibrated,injection,time_quartile_2,0.01,0.0770568922162056,0,567932,0,805,,0.0014174232126381327
designed_e1_calibrated,injection,time_quartile_3,0.01,0.0770568922162056,0,567931,0,18272,,0.03217292241487082
designed_e1_calibrated,injection,time_quartile_4,0.01,0.0770568922162056,0,567931,0,3479,,0.0061257441484969125
designed_e1_calibrated,mitm,full_test,0.001,0.6549675464630127,1161,2270562,1046,28461,0.9009474590869939,0.012534782137638171
designed_e1_calibrated,mitm,time_quartile_1,0.001,0.6549675464630127,0,567929,0,1589,,0.0027978849468859664
designed_e1_calibrated,mitm,time_quartile_2,0.001,0.6549675464630127,0,567932,0,1043,,0.0018364874668094068
designed_e1_calibrated,mitm,time_quartile_3,0.001,0.6549675464630127,0,567931,0,183,,0.0003222222417864142
designed_e1_calibrated,mitm,time_quartile_4,0.001,0.6549675464630127,1161,566770,1046,25646,0.9009474590869939,0.04524939569843146
designed_e1_calibrated,mitm,full_test,0.01,0.05490787699818611,1161,2270562,1158,115759,0.9974160206718347,0.050982532077961315
designed_e1_calibrated,mitm,time_quartile_1,0.01,0.05490787699818611,0,567929,0,21647,,0.03811567995295186
designed_e1_calibrated,mitm,time_quartile_2,0.01,0.05490787699818611,0,567932,0,9100,,0.016023045012431066
designed_e1_calibrated,mitm,time_quartile_3,0.01,0.05490787699818611,0,567931,0,9853,,0.017348938515418248
designed_e1_calibrated,mitm,time_quartile_4,0.01,0.05490787699818611,1161,566770,1158,75159,0.9974160206718347,0.1326093477071828
designed_e1_calibrated,password,full_test,0.001,0.11275877803564072,210951,2060772,210821,55721,0.9993837431441425,0.027038896103013823
designed_e1_calibrated,password,time_quartile_1,0.001,0.11275877803564072,0,567929,0,1126,,0.0019826421964717423
designed_e1_calibrated,password,time_quartile_2,0.001,0.11275877803564072,182192,385740,182087,50434,0.9994236849038377,0.13074609840825427
designed_e1_calibrated,password,time_quartile_3,0.001,0.11275877803564072,28759,539172,28734,3784,0.9991307069091415,0.0070181685992596055
designed_e1_calibrated,password,time_quartile_4,0.001,0.11275877803564072,0,567931,0,377,,0.0006638130336255637
designed_e1_calibrated,password,full_test,0.01,0.038727033883333206,210951,2060772,210841,72888,0.9994785518911975,0.03536926938060106
designed_e1_calibrated,password,time_quartile_1,0.01,0.038727033883333206,0,567929,0,9448,,0.01663588230218918
designed_e1_calibrated,password,time_quartile_2,0.01,0.038727033883333206,182192,385740,182101,52292,0.9995005269166594,0.13556281433089645
designed_e1_calibrated,password,time_quartile_3,0.01,0.038727033883333206,28759,539172,28740,9995,0.9993393372509475,0.01853768370761093
designed_e1_calibrated,password,time_quartile_4,0.01,0.038727033883333206,0,567931,0,1153,,0.0020301762009821618
designed_e1_calibrated,ransomware,full_test,0.001,0.10516253113746643,709,2271014,664,47688,0.9365303244005642,0.020998549546590202
designed_e1_calibrated,ransomware,time_quartile_1,0.001,0.10516253113746643,0,567929,0,202,,0.00035567826259972637
designed_e1_calibrated,ransomware,time_quartile_2,0.001,0.10516253113746643,0,567932,0,1857,,0.0032697576470422517
designed_e1_calibrated,ransomware,time_quartile_3,0.001,0.10516253113746643,0,567931,0,621,,0.0010934426893407826
designed_e1_calibrated,ransomware,time_quartile_4,0.001,0.10516253113746643,709,567222,664,45008,0.9365303244005642,0.0793481211941709
designed_e1_calibrated,ransomware,full_test,0.01,0.022709108889102936,709,2271014,702,89442,0.9901269393511989,0.039384169362232026
designed_e1_calibrated,ransomware,time_quartile_1,0.01,0.022709108889102936,0,567929,0,3480,,0.0061275265041933055
designed_e1_calibrated,ransomware,time_quartile_2,0.01,0.022709108889102936,0,567932,0,4356,,0.007669932315840629
designed_e1_calibrated,ransomware,time_quartile_3,0.01,0.022709108889102936,0,567931,0,2124,,0.00373989093745543
designed_e1_calibrated,ransomware,time_quartile_4,0.01,0.022709108889102936,709,567222,702,79482,0.9901269393511989,0.14012503041137334
designed_e1_calibrated,scanning,full_test,0.001,0.19124184548854828,6029,2265694,5860,8856,0.9719688173826505,0.003908736131180998
designed_e1_calibrated,scanning,time_quartile_1,0.001,0.19124184548854828,6029,561900,5860,2153,0.9719688173826505,0.0038316426410393307
designed_e1_calibrated,scanning,time_quartile_2,0.001,0.19124184548854828,0,567932,0,708,,0.0012466281174506808
designed_e1_calibrated,scanning,time_quartile_3,0.001,0.19124184548854828,0,567931,0,893,,0.0015723741088266004
designed_e1_calibrated,scanning,time_quartile_4,0.001,0.19124184548854828,0,567931,0,5102,,0.008983485669914127
designed_e1_calibrated,scanning,full_test,0.01,0.10194587707519531,6029,2265694,5951,44641,0.9870625310996849,0.019703013734423094
designed_e1_calibrated,scanning,time_quartile_1,0.01,0.10194587707519531,6029,561900,5951,4732,0.9870625310996849,0.008421427300231358
designed_e1_calibrated,scanning,time_quartile_2,0.01,0.10194587707519531,0,567932,0,1086,,0.0019122007564285866
designed_e1_calibrated,scanning,time_quartile_3,0.01,0.10194587707519531,0,567931,0,2132,,0.0037539771556756012
designed_e1_calibrated,scanning,time_quartile_4,0.01,0.10194587707519531,0,567931,0,36691,,0.06460467908953728
designed_e1_calibrated,xss,full_test,0.001,0.6448071002960205,343854,1927869,317126,103378,0.9222693352411198,0.053622938073074465
designed_e1_calibrated,xss,time_quartile_1,0.001,0.6448071002960205,0,567929,0,1152,,0.00202842256690537
designed_e1_calibrated,xss,time_quartile_2,0.001,0.6448071002960205,0,567932,0,173,,0.00030461393265390925
designed_e1_calibrated,xss,time_quartile_3,0.001,0.6448071002960205,255032,312899,237871,100342,0.9327104049687882,0.3206849494565339
designed_e1_calibrated,xss,time_quartile_4,0.001,0.6448071002960205,88822,479109,79255,1711,0.8922901983742766,0.003571212396344047
designed_e1_calibrated,xss,full_test,0.01,0.3538263738155365,343854,1927869,343399,120041,0.9986767639754082,0.06226616020071903
designed_e1_calibrated,xss,time_quartile_1,0.01,0.3538263738155365,0,567929,0,3519,,0.006196197059843748
designed_e1_calibrated,xss,time_quartile_2,0.01,0.3538263738155365,0,567932,0,1229,,0.002163991463766789
designed_e1_calibrated,xss,time_quartile_3,0.01,0.3538263738155365,255032,312899,254749,112199,0.9988903353304683,0.35857896637573144
designed_e1_calibrated,xss,time_quartile_4,0.01,0.3538263738155365,88822,479109,88650,3094,0.998063542815969,0.006457820662938913
designed_e2_raw,backdoor,full_test,0.001,0.020169487223029137,40030,2231693,40010,45342,0.9995003747189608,0.02031731066952309
designed_e2_raw,backdoor,time_quartile_1,0.001,0.020169487223029137,0,567929,0,1961,,0.0034528964007824923
designed_e2_raw,backdoor,time_quartile_2,0.001,0.020169487223029137,0,567932,0,2113,,0.0037205158364029497
designed_e2_raw,backdoor,time_quartile_3,0.001,0.020169487223029137,0,567931,0,1177,,0.002072434855642675
designed_e2_raw,backdoor,time_quartile_4,0.001,0.020169487223029137,40030,527901,40010,40091,0.9995003747189608,0.0759441637731317
designed_e2_raw,backdoor,full_test,0.01,0.007818443700671196,40030,2231693,40012,106921,0.9995503372470647,0.04791026364289353
designed_e2_raw,backdoor,time_quartile_1,0.01,0.007818443700671196,0,567929,0,5342,,0.009406105340632367
designed_e2_raw,backdoor,time_quartile_2,0.01,0.007818443700671196,0,567932,0,5162,,0.009089116302655952
designed_e2_raw,backdoor,time_quartile_3,0.01,0.007818443700671196,0,567931,0,2913,,0.0051291442094198066
designed_e2_raw,backdoor,time_quartile_4,0.01,0.007818443700671196,40030,527901,40012,93504,0.9995503372470647,0.17712411986338347
designed_e2_raw,benign,full_test,0.001,0.5025739669799805,1474302,797421,1175427,835,0.7972769486848692,0.0010471256713831213
designed_e2_raw,benign,time_quartile_1,0.001,0.5025739669799805,394793,173136,381890,649,0.9673170496943968,0.0037484982903613346
designed_e2_raw,benign,time_quartile_2,0.001,0.5025739669799805,358160,209772,300814,2,0.8398872012508376,9.534160898499323e-06
designed_e2_raw,benign,time_quartile_3,0.001,0.5025739669799805,284140,283791,156888,106,0.552150348419793,0.0003735143115884577
designed_e2_raw,benign,time_quartile_4,0.001,0.5025739669799805,437209,130722,335835,78,0.7681337758371855,0.000596686097213935
designed_e2_raw,benign,full_test,0.01,0.1600501984357834,1474302,797421,1299772,9335,0.8816185557640158,0.011706488793247231
designed_e2_raw,benign,time_quartile_1,0.01,0.1600501984357834,394793,173136,392791,3694,0.994928988102626,0.02133582848165604
designed_e2_raw,benign,time_quartile_2,0.01,0.1600501984357834,358160,209772,304766,65,0.850921375921376,0.000309860229201228
designed_e2_raw,benign,time_quartile_3,0.01,0.1600501984357834,284140,283791,179570,2867,0.6319771943408179,0.010102505012491587
designed_e2_raw,benign,time_quartile_4,0.01,0.1600501984357834,437209,130722,422645,2709,0.966688700369846,0.02072336714554551
designed_e2_raw,ddos,full_test,0.001,0.8081789016723633,103338,2168385,97323,146,0.941792951286071,6.733121655056643e-05
designed_e2_raw,ddos,time_quartile_1,0.001,0.8081789016723633,75758,492171,70971,56,0.9368119538530584,0.000113781592170201
designed_e2_raw,ddos,time_quartile_2,0.001,0.8081789016723633,27580,540352,26352,14,0.955474981870921,2.5909037072130758e-05
designed_e2_raw,ddos,time_quartile_3,0.001,0.8081789016723633,0,567931,0,24,,4.2258654660513334e-05
designed_e2_raw,ddos,time_quartile_4,0.001,0.8081789016723633,0,567931,0,52,,9.156041843111223e-05
designed_e2_raw,ddos,full_test,0.01,0.45182186365127563,103338,2168385,101630,1817,0.9834717141806499,0.0008379508251532822
designed_e2_raw,ddos,time_quartile_1,0.01,0.45182186365127563,75758,492171,74240,307,0.9799625122099316,0.0006237669427902091
designed_e2_raw,ddos,time_quartile_2,0.01,0.45182186365127563,27580,540352,27390,40,0.9931109499637418,7.402582020608789e-05
designed_e2_raw,ddos,time_quartile_3,0.01,0.45182186365127563,0,567931,0,930,,0.0016375228680948917
designed_e2_raw,ddos,time_quartile_4,0.01,0.45182186365127563,0,567931,0,540,,0.0009508197298615501
designed_e2_raw,dos,full_test,0.001,0.23203805088996887,22458,2249265,22017,3835,0.9803633449104996,0.0017050014115722247
designed_e2_raw,dos,time_quartile_1,0.001,0.23203805088996887,22458,545471,22017,489,0.9803633449104996,0.0008964729563991486
designed_e2_raw,dos,time_quartile_2,0.001,0.23203805088996887,0,567932,0,476,,0.000838128508342548
designed_e2_raw,dos,time_quartile_3,0.001,0.23203805088996887,0,567931,0,794,,0.0013980571583519829
designed_e2_raw,dos,time_quartile_4,0.001,0.23203805088996887,0,567931,0,2076,,0.003655373628134404
designed_e2_raw,dos,full_test,0.01,0.1289065182209015,22458,2249265,22311,29986,0.9934544483034998,0.01333146605668963
designed_e2_raw,dos,time_quartile_1,0.01,0.1289065182209015,22458,545471,22311,6211,0.9934544483034998,0.0113864898408898
designed_e2_raw,dos,time_quartile_2,0.01,0.1289065182209015,0,567932,0,1638,,0.0028841481022375917
designed_e2_raw,dos,time_quartile_3,0.01,0.1289065182209015,0,567931,0,8719,,0.01535221708270899
designed_e2_raw,dos,time_quartile_4,0.01,0.1289065182209015,0,567931,0,13418,,0.023626109509781997
designed_e2_raw,injection,full_test,0.001,0.6685302257537842,68891,2202832,65147,7727,0.9456532783672759,0.0035077572869833015
designed_e2_raw,injection,time_quartile_1,0.001,0.6685302257537842,68891,499038,65147,517,0.9456532783672759,0.0010359932510149528
designed_e2_raw,injection,time_quartile_2,0.001,0.6685302257537842,0,567932,0,369,,0.0006497256713831938
designed_e2_raw,injection,time_quartile_3,0.001,0.6685302257537842,0,567931,0,5963,,0.010499514905860043
designed_e2_raw,injection,time_quartile_4,0.001,0.6685302257537842,0,567931,0,878,,0.0015459624496637796
designed_e2_raw,injection,full_test,0.01,0.3218427002429962,68891,2202832,66371,25674,0.9634204758241279,0.011654996840430863
designed_e2_raw,injection,time_quartile_1,0.01,0.3218427002429962,68891,499038,66371,1382,0.9634204758241279,0.0027693281874326204
designed_e2_raw,injection,time_quartile_2,0.01,0.3218427002429962,0,567932,0,6166,,0.01085693357655494
designed_e2_raw,injection,time_quartile_3,0.01,0.3218427002429962,0,567931,0,15676,,0.027601944602425293
designed_e2_raw,injection,time_quartile_4,0.01,0.3218427002429962,0,567931,0,2450,,0.0043139043299274035
designed_e2_raw,mitm,full_test,0.001,0.760392963886261,1161,2270562,1003,4368,0.8639104220499569,0.001923752797765487
designed_e2_raw,mitm,time_quartile_1,0.001,0.760392963886261,0,567929,0,634,,0.0011163367251892401
designed_e2_raw,mitm,time_quartile_2,0.001,0.760392963886261,0,567932,0,841,,0.001480811083016981
designed_e2_raw,mitm,time_quartile_3,0.001,0.760392963886261,0,567931,0,78,,0.00013734062764666835
designed_e2_raw,mitm,time_quartile_4,0.001,0.760392963886261,1161,566770,1003,2815,0.8639104220499569,0.004966741358928666
designed_e2_raw,mitm,full_test,0.01,0.3606826961040497,1161,2270562,1145,71383,0.9862187769164513,0.031438472061102056
designed_e2_raw,mitm,time_quartile_1,0.01,0.3606826961040497,0,567929,0,7800,,0.013734111130088444
designed_e2_raw,mitm,time_quartile_2,0.01,0.3606826961040497,0,567932,0,3734,,0.006574730777628307
designed_e2_raw,mitm,time_quartile_3,0.01,0.3606826961040497,0,567931,0,5946,,0.010469581692142179
designed_e2_raw,mitm,time_quartile_4,0.01,0.3606826961040497,1161,566770,1145,53903,0.9862187769164513,0.09510559839088166
designed_e2_raw,password,full_test,0.001,0.45130765438079834,210951,2060772,209376,50013,0.9925338111694185,0.024269060332729676
designed_e2_raw,password,time_quartile_1,0.001,0.45130765438079834,0,567929,0,173,,0.0003046155417314488
designed_e2_raw,password,time_quartile_2,0.001,0.45130765438079834,182192,385740,180945,49691,0.9931555721436726,0.1288199305231503
designed_e2_raw,password,time_quartile_3,0.001,0.45130765438079834,28759,539172,28431,119,0.9885948746479363,0.00022070879051582797
designed_e2_raw,password,time_quartile_4,0.001,0.45130765438079834,0,567931,0,30,,5.282331832564167e-05
designed_e2_raw,password,full_test,0.01,0.07695356756448746,210951,2060772,210688,54063,0.9987532649762267,0.0262343432461233
designed_e2_raw,password,time_quartile_1,0.01,0.07695356756448746,0,567929,0,2531,,0.004456542983365878
designed_e2_raw,password,time_quartile_2,0.01,0.07695356756448746,182192,385740,181992,50158,0.9989022569596909,0.13003059055322239
designed_e2_raw,password,time_quartile_3,0.01,0.07695356756448746,28759,539172,28696,783,0.9978093814110366,0.0014522267476797756
designed_e2_raw,password,time_quartile_4,0.01,0.07695356756448746,0,567931,0,591,,0.001040619371015141
designed_e2_raw,ransomware,full_test,0.001,0.2783251106739044,709,2271014,651,46692,0.918194640338505,0.02055997893452
designed_e2_raw,ransomware,time_quartile_1,0.001,0.2783251106739044,0,567929,0,107,,0.000188403832169162
designed_e2_raw,ransomware,time_quartile_2,0.001,0.2783251106739044,0,567932,0,2500,,0.004401935442975568
designed_e2_raw,ransomware,time_quartile_3,0.001,0.2783251106739044,0,567931,0,690,,0.0012149363214897584
designed_e2_raw,ransomware,time_quartile_4,0.001,0.2783251106739044,709,567222,651,43395,0.918194640338505,0.07650443741603817
designed_e2_raw,ransomware,full_test,0.01,0.10197645425796509,709,2271014,689,61277,0.9717912552891397,0.026982220276933564
designed_e2_raw,ransomware,time_quartile_1,0.01,0.10197645425796509,0,567929,0,359,,0.0006321212686797118
designed_e2_raw,ransomware,time_quartile_2,0.01,0.10197645425796509,0,567932,0,2634,,0.004637879182719058
designed_e2_raw,ransomware,time_quartile_3,0.01,0.10197645425796509,0,567931,0,1368,,0.0024087433156492603
designed_e2_raw,ransomware,time_quartile_4,0.01,0.10197645425796509,709,567222,689,56916,0.9717912552891397,0.10034166516813522
designed_e2_raw,scanning,full_test,0.001,0.42431727051734924,6029,2265694,5671,5618,0.9406203350472715,0.0024795934490712337
designed_e2_raw,scanning,time_quartile_1,0.001,0.42431727051734924,6029,561900,5671,886,0.9406203350472715,0.001576793023669692
designed_e2_raw,scanning,time_quartile_2,0.001,0.42431727051734924,0,567932,0,222,,0.0003908918673362304
designed_e2_raw,scanning,time_quartile_3,0.001,0.42431727051734924,0,567931,0,551,,0.0009701882799142854
designed_e2_raw,scanning,time_quartile_4,0.001,0.42431727051734924,0,567931,0,3959,,0.0069709172417071795
designed_e2_raw,scanning,full_test,0.01,0.19189384579658508,6029,2265694,5957,15382,0.9880577210150937,0.006789089788824087
designed_e2_raw,scanning,time_quartile_1,0.01,0.19189384579658508,6029,561900,5957,3559,0.9880577210150937,0.006333867236163018
designed_e2_raw,scanning,time_quartile_2,0.01,0.19189384579658508,0,567932,0,1180,,0.0020777135290844678
designed_e2_raw,scanning,time_quartile_3,0.01,0.19189384579658508,0,567931,0,4255,,0.0074921073158535105
designed_e2_raw,scanning,time_quartile_4,0.01,0.19189384579658508,0,567931,0,6388,,0.011247845248806633
designed_e2_raw,xss,full_test,0.001,0.25918158888816833,343854,1927869,318744,111489,0.9269748207087892,0.057830174145649935
designed_e2_raw,xss,time_quartile_1,0.001,0.25918158888816833,0,567929,0,1288,,0.00226788911994281
designed_e2_raw,xss,time_quartile_2,0.001,0.25918158888816833,0,567932,0,757,,0.001332906052133002
designed_e2_raw,xss,time_quartile_3,0.001,0.25918158888816833,255032,312899,238186,105433,0.933945544088585,0.336955375376719
designed_e2_raw,xss,time_quartile_4,0.001,0.25918158888816833,88822,479109,80558,4011,0.9069599873905113,0.008371790135438909
designed_e2_raw,xss,full_test,0.01,0.2147814780473709,343854,1927869,326646,118420,0.9499555043710411,0.06142533543513589
designed_e2_raw,xss,time_quartile_1,0.01,0.2147814780473709,0,567929,0,1855,,0.0032662533520915467
designed_e2_raw,xss,time_quartile_2,0.01,0.2147814780473709,0,567932,0,877,,0.0015441989533958292
designed_e2_raw,xss,time_quartile_3,0.01,0.2147814780473709,255032,312899,242961,109999,0.9526686847140751,0.35154794358562985
designed_e2_raw,xss,time_quartile_4,0.01,0.2147814780473709,88822,479109,83685,5689,0.9421652293350746,0.011874124677265507
designed_e2_calibrated,backdoor,full_test,0.001,0.010157592594623566,40030,2231693,40010,43072,0.9995003747189608,0.019300145674158588
designed_e2_calibrated,backdoor,time_quartile_1,0.001,0.010157592594623566,0,567929,0,1958,,0.003447614050347843
designed_e2_calibrated,backdoor,time_quartile_2,0.001,0.010157592594623566,0,567932,0,1003,,0.0017660564997217976
designed_e2_calibrated,backdoor,time_quartile_3,0.001,0.010157592594623566,0,567931,0,675,,0.0011885246623269377
designed_e2_calibrated,backdoor,time_quartile_4,0.001,0.010157592594623566,40030,527901,40010,39436,0.9995003747189608,0.07470340082704902
designed_e2_calibrated,backdoor,full_test,0.01,0.003132631303742528,40030,2231693,40012,102217,0.9995503372470647,0.04580244684192673
designed_e2_calibrated,backdoor,time_quartile_1,0.01,0.003132631303742528,0,567929,0,5163,,0.00909092509803162
designed_e2_calibrated,backdoor,time_quartile_2,0.01,0.003132631303742528,0,567932,0,4314,,0.007595979800398639
designed_e2_calibrated,backdoor,time_quartile_3,0.01,0.003132631303742528,0,567931,0,2725,,0.004798118081245785
designed_e2_calibrated,backdoor,time_quartile_4,0.01,0.003132631303742528,40030,527901,40012,90015,0.9995503372470647,0.17051492609409719
designed_e2_calibrated,benign,full_test,0.001,0.5176719427108765,1474302,797421,1188753,871,0.8063158023254394,0.0010922712093110163
designed_e2_calibrated,benign,time_quartile_1,0.001,0.5176719427108765,394793,173136,383751,653,0.9720309124021956,0.0037716015155715736
designed_e2_calibrated,benign,time_quartile_2,0.001,0.5176719427108765,358160,209772,301204,3,0.8409761000670092,1.4301241347748985e-05
designed_e2_calibrated,benign,time_quartile_3,0.001,0.5176719427108765,284140,283791,164288,115,0.5781938481030477,0.00040522779087427013
designed_e2_calibrated,benign,time_quartile_4,0.001,0.5176719427108765,437209,130722,339510,100,0.7765393667559451,0.0007649821759153012
designed_e2_calibrated,benign,full_test,0.01,0.1457572728395462,1474302,797421,1298337,10120,0.8806452138028708,0.012690912328619387
designed_e2_calibrated,benign,time_quartile_1,0.01,0.1457572728395462,394793,173136,392485,3439,0.9941538983720583,0.01986299787450328
designed_e2_calibrated,benign,time_quartile_2,0.01,0.1457572728395462,358160,209772,304643,63,0.8505779539870449,0.00030032606830272866
designed_e2_calibrated,benign,time_quartile_3,0.01,0.1457572728395462,284140,283791,179250,3363,0.6308509889491096,0.011850270093131917
designed_e2_calibrated,benign,time_quartile_4,0.01,0.1457572728395462,437209,130722,421959,3255,0.9651196567316775,0.024900169826043053
designed_e2_calibrated,ddos,full_test,0.001,0.8983447551727295,103338,2168385,96430,142,0.9331514060655325,6.548652568616736e-05
designed_e2_calibrated,ddos,time_quartile_1,0.001,0.8983447551727295,75758,492171,70219,53,0.9268856094405872,0.00010768614973251167
designed_e2_calibrated,ddos,time_quartile_2,0.001,0.8983447551727295,27580,540352,26211,14,0.9503625815808557,2.5909037072130758e-05
designed_e2_calibrated,ddos,time_quartile_3,0.001,0.8983447551727295,0,567931,0,21,,3.697632282794917e-05
designed_e2_calibrated,ddos,time_quartile_4,0.001,0.8983447551727295,0,567931,0,54,,9.5081972986155e-05
designed_e2_calibrated,ddos,full_test,0.01,0.5006356835365295,103338,2168385,101626,1973,0.9834330062513306,0.0009098937688648464
designed_e2_calibrated,ddos,time_quartile_1,0.01,0.5006356835365295,75758,492171,74243,430,0.9800021119881729,0.0008736800827354721
designed_e2_calibrated,ddos,time_quartile_2,0.01,0.5006356835365295,27580,540352,27383,43,0.9928571428571429,7.957775672154448e-05
designed_e2_calibrated,ddos,time_quartile_3,0.01,0.5006356835365295,0,567931,0,950,,0.0016727384136453196
designed_e2_calibrated,ddos,time_quartile_4,0.01,0.5006356835365295,0,567931,0,550,,0.0009684275026367639
designed_e2_calibrated,dos,full_test,0.001,0.23594501614570618,22458,2249265,21994,3524,0.9793392109715914,0.0015667340220027431
designed_e2_calibrated,dos,time_quartile_1,0.001,0.23594501614570618,22458,545471,21994,434,0.9793392109715914,0.0007956426647796125
designed_e2_calibrated,dos,time_quartile_2,0.001,0.23594501614570618,0,567932,0,437,,0.0007694583154321292
designed_e2_calibrated,dos,time_quartile_3,0.001,0.23594501614570618,0,567931,0,775,,0.0013646023900790766
designed_e2_calibrated,dos,time_quartile_4,0.001,0.23594501614570618,0,567931,0,1878,,0.003306739727185169
designed_e2_calibrated,dos,full_test,0.01,0.1113223284482956,22458,2249265,22311,28958,0.9934544483034998,0.012874427868659317
designed_e2_calibrated,dos,time_quartile_1,0.01,0.1113223284482956,22458,545471,22311,4677,0.9934544483034998,0.008574241343719464
designed_e2_calibrated,dos,time_quartile_2,0.01,0.1113223284482956,0,567932,0,1437,,0.002530232492622356
designed_e2_calibrated,dos,time_quartile_3,0.01,0.1113223284482956,0,567931,0,9625,,0.01694748129614337
designed_e2_calibrated,dos,time_quartile_4,0.01,0.1113223284482956,0,567931,0,13219,,0.02327571483155524
designed_e2_calibrated,injection,full_test,0.001,0.7370450496673584,68891,2202832,65233,8314,0.9469016272081985,0.0037742324426011608
designed_e2_calibrated,injection,time_quartile_1,0.001,0.7370450496673584,68891,499038,65233,664,0.9469016272081985,0.0013305599974350651
designed_e2_calibrated,injection,time_quartile_2,0.001,0.7370450496673584,0,567932,0,351,,0.0006180317361937697
designed_e2_calibrated,injection,time_quartile_3,0.001,0.7370450496673584,0,567931,0,6370,,0.011216151257811249
designed_e2_calibrated,injection,time_quartile_4,0.001,0.7370450496673584,0,567931,0,929,,0.0016357620908173704
designed_e2_calibrated,injection,full_test,0.01,0.33008822798728943,68891,2202832,66364,24385,0.9633188660347506,0.011069841004670351
designed_e2_calibrated,injection,time_quartile_1,0.01,0.33008822798728943,68891,499038,66364,1412,0.9633188660347506,0.002829443849967337
designed_e2_calibrated,injection,time_quartile_2,0.01,0.33008822798728943,0,567932,0,3804,,0.006697984970031623
designed_e2_calibrated,injection,time_quartile_3,0.01,0.33008822798728943,0,567931,0,16733,,0.029463086184765404
designed_e2_calibrated,injection,time_quartile_4,0.01,0.33008822798728943,0,567931,0,2436,,0.004289253448042104
designed_e2_calibrated,mitm,full_test,0.001,0.8555180430412292,1161,2270562,999,4226,0.8604651162790697,0.0018612132150542466
designed_e2_calibrated,mitm,time_quartile_1,0.001,0.8555180430412292,0,567929,0,635,,0.0011180975086674567
designed_e2_calibrated,mitm,time_quartile_2,0.001,0.8555180430412292,0,567932,0,827,,0.0014561602445363178
designed_e2_calibrated,mitm,time_quartile_3,0.001,0.8555180430412292,0,567931,0,75,,0.00013205829581410417
designed_e2_calibrated,mitm,time_quartile_4,0.001,0.8555180430412292,1161,566770,999,2689,0.8604651162790697,0.004744428957072534
designed_e2_calibrated,mitm,full_test,0.01,0.39091286063194275,1161,2270562,1145,70729,0.9862187769164513,0.0311504376449531
designed_e2_calibrated,mitm,time_quartile_1,0.01,0.39091286063194275,0,567929,0,7535,,0.01326750350836108
designed_e2_calibrated,mitm,time_quartile_2,0.01,0.39091286063194275,0,567932,0,3622,,0.006377524069783002
designed_e2_calibrated,mitm,time_quartile_3,0.01,0.39091286063194275,0,567931,0,7069,,0.0124469345747987
designed_e2_calibrated,mitm,time_quartile_4,0.01,0.39091286063194275,1161,566770,1145,52503,0.9862187769164513,0.09263546059248019
designed_e2_calibrated,password,full_test,0.001,0.5323473811149597,210951,2060772,208769,49862,0.9896563656962991,0.024195786821637717
designed_e2_calibrated,password,time_quartile_1,0.001,0.5323473811149597,0,567929,0,123,,0.00021657636782062547
designed_e2_calibrated,password,time_quartile_2,0.001,0.5323473811149597,182192,385740,180470,49618,0.9905484324229384,0.1286306838803339
designed_e2_calibrated,password,time_quartile_3,0.001,0.5323473811149597,28759,539172,28299,100,0.9840050071282034,0.00018546957186204032
designed_e2_calibrated,password,time_quartile_4,0.001,0.5323473811149597,0,567931,0,21,,3.697632282794917e-05
designed_e2_calibrated,password,full_test,0.01,0.04631229490041733,210951,2060772,210693,54352,0.9987769671629905,0.026374581952782743
designed_e2_calibrated,password,time_quartile_1,0.01,0.04631229490041733,0,567929,0,2599,,0.004576276259884598
designed_e2_calibrated,password,time_quartile_2,0.01,0.04631229490041733,182192,385740,181995,50215,0.9989187231052955,0.13017835847980505
designed_e2_calibrated,password,time_quartile_3,0.01,0.04631229490041733,28759,539172,28698,852,0.9978789248583052,0.0015802007522645834
designed_e2_calibrated,password,time_quartile_4,0.01,0.04631229490041733,0,567931,0,686,,0.001207893212379673
designed_e2_calibrated,ransomware,full_test,0.001,0.29733505845069885,709,2271014,649,45461,0.9153737658674189,0.020017930316589858
designed_e2_calibrated,ransomware,time_quartile_1,0.001,0.29733505845069885,0,567929,0,103,,0.0001813606982562961
designed_e2_calibrated,ransomware,time_quartile_2,0.001,0.29733505845069885,0,567932,0,2499,,0.0044001746687983775
designed_e2_calibrated,ransomware,time_quartile_3,0.001,0.29733505845069885,0,567931,0,678,,0.0011938069941595018
designed_e2_calibrated,ransomware,time_quartile_4,0.001,0.29733505845069885,709,567222,649,42181,0.9153737658674189,0.07436418192524268
designed_e2_calibrated,ransomware,full_test,0.01,0.07483437657356262,709,2271014,689,60551,0.9717912552891397,0.02666253928861733
designed_e2_calibrated,ransomware,time_quartile_1,0.01,0.07483437657356262,0,567929,0,379,,0.0006673369382440411
designed_e2_calibrated,ransomware,time_quartile_2,0.01,0.07483437657356262,0,567932,0,2701,,0.004755851052590803
designed_e2_calibrated,ransomware,time_quartile_3,0.01,0.07483437657356262,0,567931,0,1374,,0.0024193079793143886
designed_e2_calibrated,ransomware,time_quartile_4,0.01,0.07483437657356262,709,567222,689,56097,0.9717912552891397,0.09889778605202196
designed_e2_calibrated,scanning,full_test,0.001,0.43707647919654846,6029,2265694,5604,5945,0.9295073809918726,0.0026239200880613183
designed_e2_calibrated,scanning,time_quartile_1,0.001,0.43707647919654846,6029,561900,5604,950,0.9295073809918726,0.0016906922940024916
designed_e2_calibrated,scanning,time_quartile_2,0.001,0.43707647919654846,0,567932,0,260,,0.000457801286069459
designed_e2_calibrated,scanning,time_quartile_3,0.001,0.43707647919654846,0,567931,0,668,,0.0011761992213842878
designed_e2_calibrated,scanning,time_quartile_4,0.001,0.43707647919654846,0,567931,0,4067,,0.007161081187679489
designed_e2_calibrated,scanning,full_test,0.01,0.17959631979465485,6029,2265694,5947,14575,0.9863990711560789,0.006432907532967823
designed_e2_calibrated,scanning,time_quartile_1,0.01,0.17959631979465485,6029,561900,5947,3548,0.9863990711560789,0.006314290799074569
designed_e2_calibrated,scanning,time_quartile_2,0.01,0.17959631979465485,0,567932,0,1033,,0.0018188797250375045
designed_e2_calibrated,scanning,time_quartile_3,0.01,0.17959631979465485,0,567931,0,3922,,0.006905768482438888
designed_e2_calibrated,scanning,time_quartile_4,0.01,0.17959631979465485,0,567931,0,6072,,0.010691439629109874
designed_e2_calibrated,xss,full_test,0.001,0.24805454909801483,343854,1927869,321949,111744,0.9362956371017932,0.05796244454369047
designed_e2_calibrated,xss,time_quartile_1,0.001,0.24805454909801483,0,567929,0,1339,,0.0023576890773318497
designed_e2_calibrated,xss,time_quartile_2,0.001,0.24805454909801483,0,567932,0,749,,0.00131881985871548
designed_e2_calibrated,xss,time_quartile_3,0.001,0.24805454909801483,255032,312899,240053,105830,0.9412661940462373,0.33822415539838735
designed_e2_calibrated,xss,time_quartile_4,0.001,0.24805454909801483,88822,479109,81896,3826,0.9220238229267523,0.00798565670859867
designed_e2_calibrated,xss,full_test,0.01,0.21220234036445618,343854,1927869,327368,116546,0.9520552327441297,0.06045327768639882
designed_e2_calibrated,xss,time_quartile_1,0.01,0.21220234036445618,0,567929,0,1688,,0.0029722025112293967
designed_e2_calibrated,xss,time_quartile_2,0.01,0.21220234036445618,0,567932,0,845,,0.0014878541797257417
designed_e2_calibrated,xss,time_quartile_3,0.01,0.21220234036445618,255032,312899,243341,109223,0.9541586938109727,0.349067910092394
designed_e2_calibrated,xss,time_quartile_4,0.01,0.21220234036445618,88822,479109,84027,4790,0.9460156267591362,0.009997724943593212
designed_e3_raw,backdoor,full_test,0.001,0.01599257066845894,40030,2231693,40010,44373,0.9995003747189608,0.019883111162691283
designed_e3_raw,backdoor,time_quartile_1,0.001,0.01599257066845894,0,567929,0,2044,,0.003599041429474459
designed_e3_raw,backdoor,time_quartile_2,0.001,0.01599257066845894,0,567932,0,883,,0.0015547635984589703
designed_e3_raw,backdoor,time_quartile_3,0.001,0.01599257066845894,0,567931,0,301,,0.0005299939605339381
designed_e3_raw,backdoor,time_quartile_4,0.001,0.01599257066845894,40030,527901,40010,41145,0.9995003747189608,0.07794075025430905
designed_e3_raw,backdoor,full_test,0.01,0.009731341153383255,40030,2231693,40010,67824,0.9995003747189608,0.030391276936388652
designed_e3_raw,backdoor,time_quartile_1,0.01,0.009731341153383255,0,567929,0,3506,,0.006173306874626934
designed_e3_raw,backdoor,time_quartile_2,0.01,0.009731341153383255,0,567932,0,2718,,0.004785784213603037
designed_e3_raw,backdoor,time_quartile_3,0.01,0.009731341153383255,0,567931,0,1972,,0.003472252791272179
designed_e3_raw,backdoor,time_quartile_4,0.01,0.009731341153383255,40030,527901,40010,59628,0.9995003747189608,0.11295299686873107
designed_e3_raw,benign,full_test,0.001,0.7058196067810059,1474302,797421,1022530,768,0.6935688888708013,0.0009631048091284278
designed_e3_raw,benign,time_quartile_1,0.001,0.7058196067810059,394793,173136,339895,737,0.8609448495793999,0.0042567692449866
designed_e3_raw,benign,time_quartile_2,0.001,0.7058196067810059,358160,209772,277524,2,0.7748603975876703,9.534160898499323e-06
designed_e3_raw,benign,time_quartile_3,0.001,0.7058196067810059,284140,283791,93634,16,0.3295347363975505,5.637951873033324e-05
designed_e3_raw,benign,time_quartile_4,0.001,0.7058196067810059,437209,130722,311477,13,0.7124212905040839,9.944768286898915e-05
designed_e3_raw,benign,full_test,0.01,0.2729233503341675,1474302,797421,1284997,10253,0.8715968641431674,0.012857700010408554
designed_e3_raw,benign,time_quartile_1,0.01,0.2729233503341675,394793,173136,390105,3704,0.9881254226898654,0.02139358654468164
designed_e3_raw,benign,time_quartile_2,0.01,0.2729233503341675,358160,209772,304471,41,0.8500977216886307,0.00019545029841923613
designed_e3_raw,benign,time_quartile_3,0.01,0.2729233503341675,284140,283791,176942,3356,0.6227282325614134,0.011825604053687397
designed_e3_raw,benign,time_quartile_4,0.01,0.2729233503341675,437209,130722,413479,3152,0.9457238986388661,0.024112238184850292
designed_e3_raw,ddos,full_test,0.001,0.8964583277702332,103338,2168385,39491,188,0.38215370918732705,8.670047062675678e-05
designed_e3_raw,ddos,time_quartile_1,0.001,0.8964583277702332,75758,492171,36663,74,0.48394888988621665,0.00015035424679633703
designed_e3_raw,ddos,time_quartile_2,0.001,0.8964583277702332,27580,540352,2828,13,0.10253807106598985,2.405839156697856e-05
designed_e3_raw,ddos,time_quartile_3,0.001,0.8964583277702332,0,567931,0,79,,0.00013910140492418973
designed_e3_raw,ddos,time_quartile_4,0.001,0.8964583277702332,0,567931,0,22,,3.8737100105470556e-05
designed_e3_raw,ddos,full_test,0.01,0.8038742542266846,103338,2168385,43910,356,0.424916294102847,0.00016417748693151816
designed_e3_raw,ddos,time_quartile_1,0.01,0.8038742542266846,75758,492171,39639,156,0.5232318699015286,0.0003169630067598457
designed_e3_raw,ddos,time_quartile_2,0.01,0.8038742542266846,27580,540352,4271,19,0.1548585931834663,3.516226459789175e-05
designed_e3_raw,ddos,time_quartile_3,0.01,0.8038742542266846,0,567931,0,127,,0.0002236187142452164
designed_e3_raw,ddos,time_quartile_4,0.01,0.8038742542266846,0,567931,0,54,,9.5081972986155e-05
designed_e3_raw,dos,full_test,0.001,0.20456968247890472,22458,2249265,22213,5086,0.9890907471724998,0.0022611830975896572
designed_e3_raw,dos,time_quartile_1,0.001,0.20456968247890472,22458,545471,22213,747,0.9890907471724998,0.0013694586879962455
designed_e3_raw,dos,time_quartile_2,0.001,0.20456968247890472,0,567932,0,798,,0.0014050977933978011
designed_e3_raw,dos,time_quartile_3,0.001,0.20456968247890472,0,567931,0,661,,0.0011638737804416381
designed_e3_raw,dos,time_quartile_4,0.001,0.20456968247890472,0,567931,0,2880,,0.0050710385592616005
designed_e3_raw,dos,full_test,0.01,0.16667015850543976,22458,2249265,22345,25394,0.9949683854305815,0.011289910259573682
designed_e3_raw,dos,time_quartile_1,0.01,0.16667015850543976,22458,545471,22345,1447,0.9949683854305815,0.0026527533086085236
designed_e3_raw,dos,time_quartile_2,0.01,0.16667015850543976,0,567932,0,1519,,0.002674615975151955
designed_e3_raw,dos,time_quartile_3,0.01,0.16667015850543976,0,567931,0,10512,,0.01850929074130484
designed_e3_raw,dos,time_quartile_4,0.01,0.16667015850543976,0,567931,0,11916,,0.02098142203894487
designed_e3_raw,injection,full_test,0.001,0.5989388823509216,68891,2202832,65340,8380,0.9484548054172534,0.003804193874067564
designed_e3_raw,injection,time_quartile_1,0.001,0.5989388823509216,68891,499038,65340,98,0.9484548054172534,0.00019637783094674153
designed_e3_raw,injection,time_quartile_2,0.001,0.5989388823509216,0,567932,0,212,,0.0003732841255643281
designed_e3_raw,injection,time_quartile_3,0.001,0.5989388823509216,0,567931,0,7016,,0.012353613379090066
designed_e3_raw,injection,time_quartile_4,0.001,0.5989388823509216,0,567931,0,1054,,0.001855859250507544
designed_e3_raw,injection,full_test,0.01,0.2096315622329712,68891,2202832,66717,50781,0.968442902556212,0.023052597746900355
designed_e3_raw,injection,time_quartile_1,0.01,0.2096315622329712,68891,499038,66717,2264,0.968442902556212,0.0045367286659532945
designed_e3_raw,injection,time_quartile_2,0.01,0.2096315622329712,0,567932,0,14796,,0.0260524147257066
designed_e3_raw,injection,time_quartile_3,0.01,0.2096315622329712,0,567931,0,30450,,0.053615668100526294
designed_e3_raw,injection,time_quartile_4,0.01,0.2096315622329712,0,567931,0,3271,,0.005759502474772463
designed_e3_raw,mitm,full_test,0.001,0.680415153503418,1161,2270562,1013,7363,0.8725236864771748,0.003242809489456795
designed_e3_raw,mitm,time_quartile_1,0.001,0.680415153503418,0,567929,0,2208,,0.0038878099199019596
designed_e3_raw,mitm,time_quartile_2,0.001,0.680415153503418,0,567932,0,1107,,0.0019491770141495813
designed_e3_raw,mitm,time_quartile_3,0.001,0.680415153503418,0,567931,0,160,,0.0002817243644034222
designed_e3_raw,mitm,time_quartile_4,0.001,0.680415153503418,1161,566770,1013,3888,0.8725236864771748,0.00685992554298922
designed_e3_raw,mitm,full_test,0.01,0.19368022680282593,1161,2270562,1152,81431,0.9922480620155039,0.035863808167317164
designed_e3_raw,mitm,time_quartile_1,0.01,0.19368022680282593,0,567929,0,10593,,0.018651979384747035
designed_e3_raw,mitm,time_quartile_2,0.01,0.19368022680282593,0,567932,0,5466,,0.009624391652521781
designed_e3_raw,mitm,time_quartile_3,0.01,0.19368022680282593,0,567931,0,5716,,0.01006460291831226
designed_e3_raw,mitm,time_quartile_4,0.01,0.19368022680282593,1161,566770,1152,59656,0.9922480620155039,0.10525610035816998
designed_e3_raw,password,full_test,0.001,0.46713775396347046,210951,2060772,209967,50456,0.9953354096448939,0.024484028315602115
designed_e3_raw,password,time_quartile_1,0.001,0.46713775396347046,0,567929,0,404,,0.0007113565251994527
designed_e3_raw,password,time_quartile_2,0.001,0.46713775396347046,182192,385740,181405,49807,0.9956803811363836,0.12912065121584487
designed_e3_raw,password,time_quartile_3,0.001,0.46713775396347046,28759,539172,28562,213,0.9931499704440349,0.00039505018806614586
designed_e3_raw,password,time_quartile_4,0.001,0.46713775396347046,0,567931,0,32,,5.634487288068445e-05
designed_e3_raw,password,full_test,0.01,0.04679364711046219,210951,2060772,210754,58748,0.9990661338415082,0.028507763110135424
designed_e3_raw,password,time_quartile_1,0.01,0.04679364711046219,0,567929,0,3309,,0.00582643252941829
designed_e3_raw,password,time_quartile_2,0.01,0.04679364711046219,182192,385740,182042,50868,0.9991766927197682,0.13187120858609427
designed_e3_raw,password,time_quartile_3,0.01,0.04679364711046219,28759,539172,28712,3148,0.998365728989186,0.005838582122217029
designed_e3_raw,password,time_quartile_4,0.01,0.04679364711046219,0,567931,0,1423,,0.0025055860659129368
designed_e3_raw,ransomware,full_test,0.001,0.2529584765434265,709,2271014,707,44557,0.997179125528914,0.01961987024298397
designed_e3_raw,ransomware,time_quartile_1,0.001,0.2529584765434265,0,567929,0,86,,0.00015142737912661618
designed_e3_raw,ransomware,time_quartile_2,0.001,0.2529584765434265,0,567932,0,2203,,0.00387898551235007
designed_e3_raw,ransomware,time_quartile_3,0.001,0.2529584765434265,0,567931,0,1853,,0.003262720295247134
designed_e3_raw,ransomware,time_quartile_4,0.001,0.2529584765434265,709,567222,707,40415,0.997179125528914,0.07125076248805583
designed_e3_raw,ransomware,full_test,0.01,0.12063466757535934,709,2271014,708,60022,0.998589562764457,0.026429603692447515
designed_e3_raw,ransomware,time_quartile_1,0.01,0.12063466757535934,0,567929,0,502,,0.0008839133060646665
designed_e3_raw,ransomware,time_quartile_2,0.01,0.12063466757535934,0,567932,0,2762,,0.004863258277399407
designed_e3_raw,ransomware,time_quartile_3,0.01,0.12063466757535934,0,567931,0,3901,,0.0068687921596109385
designed_e3_raw,ransomware,time_quartile_4,0.01,0.12063466757535934,709,567222,708,52857,0.998589562764457,0.09318573680146398
designed_e3_raw,scanning,full_test,0.001,0.30683302879333496,6029,2265694,5182,6153,0.8595123569414497,0.0027157241887033287
designed_e3_raw,scanning,time_quartile_1,0.001,0.30683302879333496,6029,561900,5182,1092,0.8595123569414497,0.0019434063000533903
designed_e3_raw,scanning,time_quartile_2,0.001,0.30683302879333496,0,567932,0,291,,0.0005123852855623561
designed_e3_raw,scanning,time_quartile_3,0.001,0.30683302879333496,0,567931,0,600,,0.0010564663665128334
designed_e3_raw,scanning,time_quartile_4,0.001,0.30683302879333496,0,567931,0,4170,,0.0073424412472641925
designed_e3_raw,scanning,full_test,0.01,0.15599994361400604,6029,2265694,5875,21048,0.9744567921711726,0.009289868799581939
designed_e3_raw,scanning,time_quartile_1,0.01,0.15599994361400604,6029,561900,5875,4287,0.9744567921711726,0.007629471436198612
designed_e3_raw,scanning,time_quartile_2,0.01,0.15599994361400604,0,567932,0,1829,,0.003220455970080925
designed_e3_raw,scanning,time_quartile_3,0.01,0.15599994361400604,0,567931,0,8111,,0.014281664497975986
designed_e3_raw,scanning,time_quartile_4,0.01,0.15599994361400604,0,567931,0,6821,,0.012010261809973395
designed_e3_raw,xss,full_test,0.001,0.2858395576477051,343854,1927869,325514,115835,0.9466634094702985,0.06008447669421522
designed_e3_raw,xss,time_quartile_1,0.001,0.2858395576477051,0,567929,0,1404,,0.0024721400034159197
designed_e3_raw,xss,time_quartile_2,0.001,0.2858395576477051,0,567932,0,326,,0.000574012381764014
designed_e3_raw,xss,time_quartile_3,0.001,0.2858395576477051,255032,312899,243833,111040,0.9560878634837982,0.3548748957331279
designed_e3_raw,xss,time_quartile_4,0.001,0.2858395576477051,88822,479109,81681,3065,0.9196032514467136,0.006397291639272065
designed_e3_raw,xss,full_test,0.01,0.2614774703979492,343854,1927869,328777,215855,0.9561529021037999,0.11196559517270105
designed_e3_raw,xss,time_quartile_1,0.01,0.2614774703979492,0,567929,0,31589,,0.05562138929337998
designed_e3_raw,xss,time_quartile_2,0.01,0.2614774703979492,0,567932,0,20441,,0.03599198495594543
designed_e3_raw,xss,time_quartile_3,0.01,0.2614774703979492,255032,312899,246174,157415,0.9652671037360018,0.5030856602290196
designed_e3_raw,xss,time_quartile_4,0.01,0.2614774703979492,88822,479109,82603,6410,0.9299835626308798,0.013379001438086114
designed_e3_calibrated,backdoor,full_test,0.001,0.006971398368477821,40030,2231693,40010,44832,0.9995003747189608,0.020088784613295826
designed_e3_calibrated,backdoor,time_quartile_1,0.001,0.006971398368477821,0,567929,0,2116,,0.0037258178399060446
designed_e3_calibrated,backdoor,time_quartile_2,0.001,0.006971398368477821,0,567932,0,986,,0.0017361233387095639
designed_e3_calibrated,backdoor,time_quartile_3,0.001,0.006971398368477821,0,567931,0,332,,0.0005845780561371011
designed_e3_calibrated,backdoor,time_quartile_4,0.001,0.006971398368477821,40030,527901,40010,41398,0.9995003747189608,0.07842000678157457
designed_e3_calibrated,backdoor,full_test,0.01,0.004469301551580429,40030,2231693,40010,56465,0.9995003747189608,0.02530141914680917
designed_e3_calibrated,backdoor,time_quartile_1,0.01,0.004469301551580429,0,567929,0,3294,,0.005800020777245043
designed_e3_calibrated,backdoor,time_quartile_2,0.01,0.004469301551580429,0,567932,0,1587,,0.00279434861920089
designed_e3_calibrated,backdoor,time_quartile_3,0.01,0.004469301551580429,0,567931,0,950,,0.0016727384136453196
designed_e3_calibrated,backdoor,time_quartile_4,0.01,0.004469301551580429,40030,527901,40010,50634,0.9995003747189608,0.09591571146862764
designed_e3_calibrated,benign,full_test,0.001,0.7590008974075317,1474302,797421,1033921,760,0.7012952570097578,0.0009530724673666733
designed_e3_calibrated,benign,time_quartile_1,0.001,0.7590008974075317,394793,173136,342089,706,0.8665021922881104,0.004077719249607245
designed_e3_calibrated,benign,time_quartile_2,0.001,0.7590008974075317,358160,209772,277978,2,0.7761279874916238,9.534160898499323e-06
designed_e3_calibrated,benign,time_quartile_3,0.001,0.7590008974075317,284140,283791,95349,27,0.33557049341873724,9.514043785743733e-05
designed_e3_calibrated,benign,time_quartile_4,0.001,0.7590008974075317,437209,130722,318505,25,0.7284959824706262,0.0001912455439788253
designed_e3_calibrated,benign,full_test,0.01,0.2854268550872803,1474302,797421,1283287,10494,0.8704369932347646,0.013159924305981407
designed_e3_calibrated,benign,time_quartile_1,0.01,0.2854268550872803,394793,173136,390016,3343,0.987899988095027,0.019308520469457538
designed_e3_calibrated,benign,time_quartile_2,0.01,0.2854268550872803,358160,209772,304391,23,0.8498743578289033,0.00010964285033274221
designed_e3_calibrated,benign,time_quartile_3,0.01,0.2854268550872803,284140,283791,176732,3682,0.6219891602731048,0.012974336747817937
designed_e3_calibrated,benign,time_quartile_4,0.01,0.2854268550872803,437209,130722,412148,3446,0.9426795880231194,0.026361285782041277
designed_e3_calibrated,ddos,full_test,0.001,0.9562291502952576,103338,2168385,38847,176,0.37592173256691636,8.116639803355954e-05
designed_e3_calibrated,ddos,time_quartile_1,0.001,0.9562291502952576,75758,492171,36112,70,0.47667573061590857,0.00014222699021275125
designed_e3_calibrated,ddos,time_quartile_2,0.001,0.9562291502952576,27580,540352,2735,13,0.0991660623640319,2.405839156697856e-05
designed_e3_calibrated,ddos,time_quartile_3,0.001,0.9562291502952576,0,567931,0,71,,0.00012501518670401861
designed_e3_calibrated,ddos,time_quartile_4,0.001,0.9562291502952576,0,567931,0,22,,3.8737100105470556e-05
designed_e3_calibrated,ddos,full_test,0.01,0.8953532576560974,103338,2168385,43635,372,0.42225512396214365,0.00017155625038911448
designed_e3_calibrated,ddos,time_quartile_1,0.01,0.8953532576560974,75758,492171,39475,155,0.5210670820243407,0.0003149311926139492
designed_e3_calibrated,ddos,time_quartile_2,0.01,0.8953532576560974,27580,540352,4160,19,0.15083393763596809,3.516226459789175e-05
designed_e3_calibrated,ddos,time_quartile_3,0.01,0.8953532576560974,0,567931,0,125,,0.00022009715969017362
designed_e3_calibrated,ddos,time_quartile_4,0.01,0.8953532576560974,0,567931,0,73,,0.0001285367412590614
designed_e3_calibrated,dos,full_test,0.001,0.19774691760540009,22458,2249265,22213,4852,0.9890907471724998,0.002157149113154742
designed_e3_calibrated,dos,time_quartile_1,0.001,0.19774691760540009,22458,545471,22213,696,0.9890907471724998,0.0012759615084944938
designed_e3_calibrated,dos,time_quartile_2,0.001,0.19774691760540009,0,567932,0,773,,0.0013610784389680454
designed_e3_calibrated,dos,time_quartile_3,0.001,0.19774691760540009,0,567931,0,615,,0.0010828780256756543
designed_e3_calibrated,dos,time_quartile_4,0.001,0.19774691760540009,0,567931,0,2768,,0.004873831504179205
designed_e3_calibrated,dos,full_test,0.01,0.15453311800956726,22458,2249265,22389,26122,0.9969275981832755,0.011613571544482308
designed_e3_calibrated,dos,time_quartile_1,0.01,0.15453311800956726,22458,545471,22389,1323,0.9969275981832755,0.002425426832957206
designed_e3_calibrated,dos,time_quartile_2,0.01,0.15453311800956726,0,567932,0,1325,,0.002333025784777051
designed_e3_calibrated,dos,time_quartile_3,0.01,0.15453311800956726,0,567931,0,13431,,0.023648999614389776
designed_e3_calibrated,dos,time_quartile_4,0.01,0.15453311800956726,0,567931,0,10043,,0.01768348619814731
designed_e3_calibrated,injection,full_test,0.001,0.6740654110908508,68891,2202832,65310,9326,0.9480193348913502,0.004233641058419344
designed_e3_calibrated,injection,time_quartile_1,0.001,0.6740654110908508,68891,499038,65310,803,0.9480193348913502,0.0016090959005125862
designed_e3_calibrated,injection,time_quartile_2,0.001,0.6740654110908508,0,567932,0,191,,0.0003363078678433334
designed_e3_calibrated,injection,time_quartile_3,0.001,0.6740654110908508,0,567931,0,7275,,0.012809654693968105
designed_e3_calibrated,injection,time_quartile_4,0.001,0.6740654110908508,0,567931,0,1057,,0.0018611415823401082
designed_e3_calibrated,injection,full_test,0.01,0.1973416954278946,68891,2202832,66688,50253,0.9680219477145056,0.022812906295169126
designed_e3_calibrated,injection,time_quartile_1,0.01,0.1973416954278946,68891,499038,66688,3008,0.9680219477145056,0.006027597096814271
designed_e3_calibrated,injection,time_quartile_2,0.01,0.1973416954278946,0,567932,0,8918,,0.015702584112182446
designed_e3_calibrated,injection,time_quartile_3,0.01,0.1973416954278946,0,567931,0,34970,,0.061574381394922974
designed_e3_calibrated,injection,time_quartile_4,0.01,0.1973416954278946,0,567931,0,3357,,0.005910929320639303
designed_e3_calibrated,mitm,full_test,0.001,0.7901884913444519,1161,2270562,1009,6525,0.8690783807062877,0.002873737867541164
designed_e3_calibrated,mitm,time_quartile_1,0.001,0.7901884913444519,0,567929,0,1908,,0.0033595748764370195
designed_e3_calibrated,mitm,time_quartile_2,0.001,0.7901884913444519,0,567932,0,1030,,0.0018135974025059339
designed_e3_calibrated,mitm,time_quartile_3,0.001,0.7901884913444519,0,567931,0,139,,0.0002447480415754731
designed_e3_calibrated,mitm,time_quartile_4,0.001,0.7901884913444519,1161,566770,1009,3448,0.8690783807062877,0.006083596520634472
designed_e3_calibrated,mitm,full_test,0.01,0.18645603954792023,1161,2270562,1152,79619,0.9922480620155039,0.03506576785835401
designed_e3_calibrated,mitm,time_quartile_1,0.01,0.18645603954792023,0,567929,0,10144,,0.017861387603027842
designed_e3_calibrated,mitm,time_quartile_2,0.01,0.18645603954792023,0,567932,0,5195,,0.009147221850503229
designed_e3_calibrated,mitm,time_quartile_3,0.01,0.18645603954792023,0,567931,0,5663,,0.009971281722603626
designed_e3_calibrated,mitm,time_quartile_4,0.01,0.18645603954792023,1161,566770,1152,58617,0.9922480620155039,0.10342290523492775
designed_e3_calibrated,password,full_test,0.001,0.5388622283935547,210951,2060772,209690,50346,0.9940223084981821,0.024430650261164262
designed_e3_calibrated,password,time_quartile_1,0.001,0.5388622283935547,0,567929,0,358,,0.0006303604852014952
designed_e3_calibrated,password,time_quartile_2,0.001,0.5388622283935547,182192,385740,181197,49795,0.9945387283744621,0.12908954217866958
designed_e3_calibrated,password,time_quartile_3,0.001,0.5388622283935547,28759,539172,28493,168,0.9907507215132654,0.0003115888807282277
designed_e3_calibrated,password,time_quartile_4,0.001,0.5388622283935547,0,567931,0,25,,4.4019431938034724e-05
designed_e3_calibrated,password,full_test,0.01,0.02407943829894066,210951,2060772,210754,59307,0.9990661338415082,0.02877902067768778
designed_e3_calibrated,password,time_quartile_1,0.01,0.02407943829894066,0,567929,0,3364,,0.005923275620720195
designed_e3_calibrated,password,time_quartile_2,0.01,0.02407943829894066,182192,385740,182045,50890,0.9991931588653727,0.13192824182091564
designed_e3_calibrated,password,time_quartile_3,0.01,0.02407943829894066,28759,539172,28709,3480,0.9982614138182829,0.0064543411007990025
designed_e3_calibrated,password,time_quartile_4,0.01,0.02407943829894066,0,567931,0,1573,,0.002769702657541145
designed_e3_calibrated,ransomware,full_test,0.001,0.21963268518447876,709,2271014,707,45075,0.997179125528914,0.019847962187815663
designed_e3_calibrated,ransomware,time_quartile_1,0.001,0.21963268518447876,0,567929,0,101,,0.00017783913129986318
designed_e3_calibrated,ransomware,time_quartile_2,0.001,0.21963268518447876,0,567932,0,2331,,0.004104364607030419
designed_e3_calibrated,ransomware,time_quartile_3,0.001,0.21963268518447876,0,567931,0,1974,,0.003475774345827222
designed_e3_calibrated,ransomware,time_quartile_4,0.001,0.21963268518447876,709,567222,707,40669,0.997179125528914,0.07169855894164895
designed_e3_calibrated,ransomware,full_test,0.01,0.10623594373464584,709,2271014,708,57168,0.998589562764457,0.02517289633617406
designed_e3_calibrated,ransomware,time_quartile_1,0.01,0.10623594373464584,0,567929,0,470,,0.0008275682347617396
designed_e3_calibrated,ransomware,time_quartile_2,0.01,0.10623594373464584,0,567932,0,2735,,0.004815717374615271
designed_e3_calibrated,ransomware,time_quartile_3,0.01,0.10623594373464584,0,567931,0,3744,,0.006592350127040081
designed_e3_calibrated,ransomware,time_quartile_4,0.01,0.10623594373464584,709,567222,708,50219,0.998589562764457,0.08853500040548498
designed_e3_calibrated,scanning,full_test,0.001,0.3432203531265259,6029,2265694,4703,2754,0.7800630286946426,0.0012155216017697005
designed_e3_calibrated,scanning,time_quartile_1,0.001,0.3432203531265259,6029,561900,4703,1015,0.7800630286946426,0.001806371240434241
designed_e3_calibrated,scanning,time_quartile_2,0.001,0.3432203531265259,0,567932,0,244,,0.0004296288992344154
designed_e3_calibrated,scanning,time_quartile_3,0.001,0.3432203531265259,0,567931,0,550,,0.0009684275026367639
designed_e3_calibrated,scanning,time_quartile_4,0.001,0.3432203531265259,0,567931,0,945,,0.0016639345272577127
designed_e3_calibrated,scanning,full_test,0.01,0.12984521687030792,6029,2265694,5838,20907,0.968319787692818,0.009227636212127499
designed_e3_calibrated,scanning,time_quartile_1,0.01,0.12984521687030792,6029,561900,5838,4401,0.968319787692818,0.007832354511478911
designed_e3_calibrated,scanning,time_quartile_2,0.01,0.12984521687030792,0,567932,0,1892,,0.0033313847432439093
designed_e3_calibrated,scanning,time_quartile_3,0.01,0.12984521687030792,0,567931,0,7598,,0.013378385754607513
designed_e3_calibrated,scanning,time_quartile_4,0.01,0.12984521687030792,0,567931,0,7016,,0.012353613379090066
designed_e3_calibrated,xss,full_test,0.001,0.2942638695240021,343854,1927869,328055,114920,0.9540531737307113,0.059609859383599195
designed_e3_calibrated,xss,time_quartile_1,0.001,0.2942638695240021,0,567929,0,1388,,0.0024439674677644565
designed_e3_calibrated,xss,time_quartile_2,0.001,0.2942638695240021,0,567932,0,319,,0.0005616869625236824
designed_e3_calibrated,xss,time_quartile_3,0.001,0.2942638695240021,255032,312899,245726,110913,0.9635104614322908,0.3544690139629721
designed_e3_calibrated,xss,time_quartile_4,0.001,0.2942638695240021,88822,479109,82329,2300,0.9268987413028303,0.004800577739094861
designed_e3_calibrated,xss,full_test,0.01,0.2624054253101349,343854,1927869,330475,214643,0.961091044454914,0.11133692175142605
designed_e3_calibrated,xss,time_quartile_1,0.01,0.2624054253101349,0,567929,0,31572,,0.0555914559742503
designed_e3_calibrated,xss,time_quartile_2,0.01,0.2624054253101349,0,567932,0,20444,,0.035997267278477
designed_e3_calibrated,xss,time_quartile_3,0.01,0.2624054253101349,255032,312899,247061,157332,0.9687450986542865,0.5028203989146658
designed_e3_calibrated,xss,time_quartile_4,0.01,0.2624054253101349,88822,479109,83414,5295,0.9391141834230258,0.01105176483848143
designed_e4_raw,backdoor,full_test,0.001,0.07448533922433853,40030,2231693,40020,42526,0.9997501873594804,0.019055488366903513
designed_e4_raw,backdoor,time_quartile_1,0.001,0.07448533922433853,0,567929,0,549,,0.0009666701295408405
designed_e4_raw,backdoor,time_quartile_2,0.001,0.07448533922433853,0,567932,0,444,,0.0007817837346724608
designed_e4_raw,backdoor,time_quartile_3,0.001,0.07448533922433853,0,567931,0,2162,,0.003806800474001243
designed_e4_raw,backdoor,time_quartile_4,0.001,0.07448533922433853,40030,527901,40020,39371,0.9997501873594804,0.07458027167972783
designed_e4_raw,backdoor,full_test,0.01,0.03255324065685272,40030,2231693,40026,66219,0.9999000749437922,0.02967209199473225
designed_e4_raw,backdoor,time_quartile_1,0.01,0.03255324065685272,0,567929,0,2730,,0.004806938895530955
designed_e4_raw,backdoor,time_quartile_2,0.01,0.03255324065685272,0,567932,0,1031,,0.001815358176683124
designed_e4_raw,backdoor,time_quartile_3,0.01,0.03255324065685272,0,567931,0,8528,,0.015015908622702405
designed_e4_raw,backdoor,time_quartile_4,0.01,0.03255324065685272,40030,527901,40026,53930,0.9999000749437922,0.10215930638509872
designed_e4_raw,benign,full_test,0.001,0.6532322764396667,1474302,797421,971847,701,0.6591912647476569,0.0008790839468737342
designed_e4_raw,benign,time_quartile_1,0.001,0.6532322764396667,394793,173136,319293,637,0.8087605403337952,0.0036791886147306166
designed_e4_raw,benign,time_quartile_2,0.001,0.6532322764396667,358160,209772,249377,1,0.6962726155907975,4.7670804492496615e-06
designed_e4_raw,benign,time_quartile_3,0.001,0.6532322764396667,284140,283791,98223,35,0.3456852255930175,0.00012333019722260397
designed_e4_raw,benign,time_quartile_4,0.001,0.6532322764396667,437209,130722,304954,28,0.6975016525277384,0.00021419500925628433
designed_e4_raw,benign,full_test,0.01,0.1360243558883667,1474302,797421,1299460,10115,0.8814069301947633,0.01268464211501829
designed_e4_raw,benign,time_quartile_1,0.01,0.1360243558883667,394793,173136,391435,6120,0.9914942767475614,0.035347934571666205
designed_e4_raw,benign,time_quartile_2,0.01,0.1360243558883667,358160,209772,304537,56,0.850281996872906,0.00026695650515798103
designed_e4_raw,benign,time_quartile_3,0.01,0.1360243558883667,284140,283791,180615,1461,0.6356549588231154,0.005148154804063554
designed_e4_raw,benign,time_quartile_4,0.01,0.1360243558883667,437209,130722,422873,2478,0.9672101900921527,0.018956258319181164
designed_e4_raw,ddos,full_test,0.001,0.6773162484169006,103338,2168385,98384,1490,0.9520602295380208,0.0006871473469886575
designed_e4_raw,ddos,time_quartile_1,0.001,0.6773162484169006,75758,492171,71661,93,0.9459199028485441,0.00018895871556836953
designed_e4_raw,ddos,time_quartile_2,0.001,0.6773162484169006,27580,540352,26723,1054,0.9689267585206671,0.0019505803624304157
designed_e4_raw,ddos,time_quartile_3,0.001,0.6773162484169006,0,567931,0,231,,0.00040673955110744086
designed_e4_raw,ddos,time_quartile_4,0.001,0.6773162484169006,0,567931,0,112,,0.00019720705508239557
designed_e4_raw,ddos,full_test,0.01,0.5053635239601135,103338,2168385,101259,1959,0.9798815537362828,0.0009034373508394496
designed_e4_raw,ddos,time_quartile_1,0.01,0.5053635239601135,75758,492171,73888,184,0.9753161382296259,0.0003738538028449462
designed_e4_raw,ddos,time_quartile_2,0.01,0.5053635239601135,27580,540352,27371,1088,0.992422044960116,0.0020135023096055906
designed_e4_raw,ddos,time_quartile_3,0.01,0.5053635239601135,0,567931,0,309,,0.0005440801787541092
designed_e4_raw,ddos,time_quartile_4,0.01,0.5053635239601135,0,567931,0,378,,0.0006655738109030851
designed_e4_raw,dos,full_test,0.001,0.5098344087600708,22458,2249265,22174,1820,0.987354172232612,0.0008091532122715642
designed_e4_raw,dos,time_quartile_1,0.001,0.5098344087600708,22458,545471,22174,42,0.987354172232612,7.69976772367367e-05
designed_e4_raw,dos,time_quartile_2,0.001,0.5098344087600708,0,567932,0,102,,0.00017959896607340316
designed_e4_raw,dos,time_quartile_3,0.001,0.5098344087600708,0,567931,0,862,,0.0015177900132234373
designed_e4_raw,dos,time_quartile_4,0.001,0.5098344087600708,0,567931,0,814,,0.0014332727039024107
designed_e4_raw,dos,full_test,0.01,0.24898125231266022,22458,2249265,22392,18973,0.9970611808709591,0.008435199943092522
designed_e4_raw,dos,time_quartile_1,0.01,0.24898125231266022,22458,545471,22392,541,0.9970611808709591,0.0009918034139303465
designed_e4_raw,dos,time_quartile_2,0.01,0.24898125231266022,0,567932,0,703,,0.0012378242465647296
designed_e4_raw,dos,time_quartile_3,0.01,0.24898125231266022,0,567931,0,11144,,0.01962210198069836
designed_e4_raw,dos,time_quartile_4,0.01,0.24898125231266022,0,567931,0,6585,,0.011594718372478347
designed_e4_raw,injection,full_test,0.001,0.8172111511230469,68891,2202832,65844,7914,0.9557707102524278,0.003592648009471444
designed_e4_raw,injection,time_quartile_1,0.001,0.8172111511230469,68891,499038,65844,189,0.9557707102524278,0.0003787286739687158
designed_e4_raw,injection,time_quartile_2,0.001,0.8172111511230469,0,567932,0,171,,0.0003010923842995288
designed_e4_raw,injection,time_quartile_3,0.001,0.8172111511230469,0,567931,0,6578,,0.011582392931535698
designed_e4_raw,injection,time_quartile_4,0.001,0.8172111511230469,0,567931,0,976,,0.0017185186228608758
designed_e4_raw,injection,full_test,0.01,0.45241814851760864,68891,2202832,68348,120502,0.9921179834811514,0.054703218402492794
designed_e4_raw,injection,time_quartile_1,0.01,0.45241814851760864,68891,499038,68348,30756,0.9921179834811514,0.061630577230591656
designed_e4_raw,injection,time_quartile_2,0.01,0.45241814851760864,0,567932,0,22178,,0.03905044970172485
designed_e4_raw,injection,time_quartile_3,0.01,0.45241814851760864,0,567931,0,61657,,0.10856424460013628
designed_e4_raw,injection,time_quartile_4,0.01,0.45241814851760864,0,567931,0,5911,,0.010407954487428931
designed_e4_raw,mitm,full_test,0.001,0.6326277256011963,1161,2270562,1012,8714,0.8716623600344531,0.0038378163644066975
designed_e4_raw,mitm,time_quartile_1,0.001,0.6326277256011963,0,567929,0,674,,0.0011867680643178988
designed_e4_raw,mitm,time_quartile_2,0.001,0.6326277256011963,0,567932,0,921,,0.001621673017192199
designed_e4_raw,mitm,time_quartile_3,0.001,0.6326277256011963,0,567931,0,107,,0.00018840316869478863
designed_e4_raw,mitm,time_quartile_4,0.001,0.6326277256011963,1161,566770,1012,7012,0.8716623600344531,0.012371861601707924
designed_e4_raw,mitm,full_test,0.01,0.140908345580101,1161,2270562,1157,93065,0.9965546942291128,0.04098764975367332
designed_e4_raw,mitm,time_quartile_1,0.01,0.140908345580101,0,567929,0,14623,,0.0257479368019594
designed_e4_raw,mitm,time_quartile_2,0.01,0.140908345580101,0,567932,0,6848,,0.012057781565398674
designed_e4_raw,mitm,time_quartile_3,0.01,0.140908345580101,0,567931,0,6867,,0.012091257564739378
designed_e4_raw,mitm,time_quartile_4,0.01,0.140908345580101,1161,566770,1157,64727,0.9965546942291128,0.11420329234080843
designed_e4_raw,password,full_test,0.001,0.38336071372032166,210951,2060772,209731,49859,0.9942166664296448,0.024194331056516683
designed_e4_raw,password,time_quartile_1,0.001,0.38336071372032166,0,567929,0,83,,0.00014614502869196678
designed_e4_raw,password,time_quartile_2,0.001,0.38336071372032166,182192,385740,181191,49627,0.9945057960832528,0.12865401565821538
designed_e4_raw,password,time_quartile_3,0.001,0.38336071372032166,28759,539172,28540,104,0.9923849925240794,0.00019288835473652192
designed_e4_raw,password,time_quartile_4,0.001,0.38336071372032166,0,567931,0,45,,7.923497748846251e-05
designed_e4_raw,password,full_test,0.01,0.07070115953683853,210951,2060772,210760,58835,0.9990945764656247,0.02854998029864536
designed_e4_raw,password,time_quartile_1,0.01,0.07070115953683853,0,567929,0,4457,,0.007847811962410795
designed_e4_raw,password,time_quartile_2,0.01,0.07070115953683853,182192,385740,182035,50649,0.9991382717133573,0.13130346865764506
designed_e4_raw,password,time_quartile_3,0.01,0.07070115953683853,28759,539172,28725,2739,0.9988177613964324,0.005080011573301284
designed_e4_raw,password,time_quartile_4,0.01,0.07070115953683853,0,567931,0,990,,0.0017431695047461751
designed_e4_raw,ransomware,full_test,0.001,0.846816897392273,709,2271014,640,1617,0.9026798307475318,0.0007120167467043356
designed_e4_raw,ransomware,time_quartile_1,0.001,0.846816897392273,0,567929,0,2,,3.5215669564329345e-06
designed_e4_raw,ransomware,time_quartile_2,0.001,0.846816897392273,0,567932,0,0,,0.0
designed_e4_raw,ransomware,time_quartile_3,0.001,0.846816897392273,0,567931,0,1,,1.760777277521389e-06
designed_e4_raw,ransomware,time_quartile_4,0.001,0.846816897392273,709,567222,640,1614,0.9026798307475318,0.0028454467562964766
designed_e4_raw,ransomware,full_test,0.01,0.14165879786014557,709,2271014,696,41924,0.9816643159379408,0.018460476245412843
designed_e4_raw,ransomware,time_quartile_1,0.01,0.14165879786014557,0,567929,0,282,,0.0004965409408570437
designed_e4_raw,ransomware,time_quartile_2,0.01,0.14165879786014557,0,567932,0,1520,,0.002676376749329145
designed_e4_raw,ransomware,time_quartile_3,0.01,0.14165879786014557,0,567931,0,604,,0.001063509475622919
designed_e4_raw,ransomware,time_quartile_4,0.01,0.14165879786014557,709,567222,696,39518,0.9816643159379408,0.06966937107516986
designed_e4_raw,scanning,full_test,0.001,0.3180294334888458,6029,2265694,5484,4866,0.9096035826836955,0.002147686315980887
designed_e4_raw,scanning,time_quartile_1,0.001,0.3180294334888458,6029,561900,5484,838,0.9096035826836955,0.0014913685709200925
designed_e4_raw,scanning,time_quartile_2,0.001,0.3180294334888458,0,567932,0,182,,0.0003204609002486213
designed_e4_raw,scanning,time_quartile_3,0.001,0.3180294334888458,0,567931,0,154,,0.0002711597007382939
designed_e4_raw,scanning,time_quartile_4,0.001,0.3180294334888458,0,567931,0,3692,,0.006500789708608968
designed_e4_raw,scanning,full_test,0.01,0.18755179643630981,6029,2265694,5912,10164,0.9805937966495273,0.004486042687141335
designed_e4_raw,scanning,time_quartile_1,0.01,0.18755179643630981,6029,561900,5912,3504,0.9805937966495273,0.006235985050720769
designed_e4_raw,scanning,time_quartile_2,0.01,0.18755179643630981,0,567932,0,815,,0.001435030954410035
designed_e4_raw,scanning,time_quartile_3,0.01,0.18755179643630981,0,567931,0,851,,0.001498421463170702
designed_e4_raw,scanning,time_quartile_4,0.01,0.18755179643630981,0,567931,0,4994,,0.008793321723941818
designed_e4_raw,xss,full_test,0.001,0.16813308000564575,343854,1927869,331907,131531,0.9652556026685745,0.06822610872419237
designed_e4_raw,xss,time_quartile_1,0.001,0.16813308000564575,0,567929,0,1316,,0.002317191057332871
designed_e4_raw,xss,time_quartile_2,0.001,0.16813308000564575,0,567932,0,354,,0.0006233140587253404
designed_e4_raw,xss,time_quartile_3,0.001,0.16813308000564575,255032,312899,247527,99542,0.9705723203362715,0.3181282138964969
designed_e4_raw,xss,time_quartile_4,0.001,0.16813308000564575,88822,479109,84380,30319,0.9499898673751999,0.06328205063983353
designed_e4_raw,xss,full_test,0.01,0.13049279153347015,343854,1927869,336648,137517,0.9790434312237171,0.07133109147976341
designed_e4_raw,xss,time_quartile_1,0.01,0.13049279153347015,0,567929,0,2109,,0.0037134923555585293
designed_e4_raw,xss,time_quartile_2,0.01,0.13049279153347015,0,567932,0,589,,0.0010370959903650437
designed_e4_raw,xss,time_quartile_3,0.01,0.13049279153347015,255032,312899,250403,101747,0.9818493365538442,0.32517521628384877
designed_e4_raw,xss,time_quartile_4,0.01,0.13049279153347015,88822,479109,86245,33072,0.9709869176555358,0.06902813347275881
designed_e4_calibrated,backdoor,full_test,0.001,0.06348221749067307,40030,2231693,40020,41904,0.9997501873594804,0.01877677619636751
designed_e4_calibrated,backdoor,time_quartile_1,0.001,0.06348221749067307,0,567929,0,448,,0.0007888309982409773
designed_e4_calibrated,backdoor,time_quartile_2,0.001,0.06348221749067307,0,567932,0,415,,0.0007307212835339442
designed_e4_calibrated,backdoor,time_quartile_3,0.001,0.06348221749067307,0,567931,0,1880,,0.0033102612817402116
designed_e4_calibrated,backdoor,time_quartile_4,0.001,0.06348221749067307,40030,527901,40020,39161,0.9997501873594804,0.07418246981915169
designed_e4_calibrated,backdoor,full_test,0.01,0.019250892102718353,40030,2231693,40026,65412,0.9999000749437922,0.029310483117525574
designed_e4_calibrated,backdoor,time_quartile_1,0.01,0.019250892102718353,0,567929,0,2825,,0.00497421332596152
designed_e4_calibrated,backdoor,time_quartile_2,0.01,0.019250892102718353,0,567932,0,1053,,0.001854095208581309
designed_e4_calibrated,backdoor,time_quartile_3,0.01,0.019250892102718353,0,567931,0,8646,,0.015223680341449929
designed_e4_calibrated,backdoor,time_quartile_4,0.01,0.019250892102718353,40030,527901,40026,52888,0.9999000749437922,0.10018545143881144
designed_e4_calibrated,benign,full_test,0.001,0.6978121995925903,1474302,797421,990866,710,0.672091606740003,0.000890370331355708
designed_e4_calibrated,benign,time_quartile_1,0.001,0.6978121995925903,394793,173136,324982,627,0.823170623592617,0.003621430551705018
designed_e4_calibrated,benign,time_quartile_2,0.001,0.6978121995925903,358160,209772,254081,1,0.7094064105427742,4.7670804492496615e-06
designed_e4_calibrated,benign,time_quartile_3,0.001,0.6978121995925903,284140,283791,102835,43,0.3619166608010136,0.00015151995658777058
designed_e4_calibrated,benign,time_quartile_4,0.001,0.6978121995925903,437209,130722,308968,39,0.7066826163230857,0.0002983430486069675
designed_e4_calibrated,benign,full_test,0.01,0.11523214727640152,1474302,797421,1299245,10316,0.8812610984723618,0.01293670470178237
designed_e4_calibrated,benign,time_quartile_1,0.01,0.11523214727640152,394793,173136,391486,5906,0.9916234583693226,0.0341119120229184
designed_e4_calibrated,benign,time_quartile_2,0.01,0.11523214727640152,358160,209772,304549,56,0.8503155014518651,0.00026695650515798103
designed_e4_calibrated,benign,time_quartile_3,0.01,0.11523214727640152,284140,283791,180466,1680,0.6351305694376012,0.00591984946668499
designed_e4_calibrated,benign,time_quartile_4,0.01,0.11523214727640152,437209,130722,422744,2674,0.9669151366966371,0.020455623383975153
designed_e4_calibrated,ddos,full_test,0.001,0.7672192454338074,103338,2168385,98399,1494,0.9522053842729683,0.0006889920378530566
designed_e4_calibrated,ddos,time_quartile_1,0.001,0.7672192454338074,75758,492171,71664,92,0.9459595026267853,0.0001869269014224731
designed_e4_calibrated,ddos,time_quartile_2,0.001,0.7672192454338074,27580,540352,26735,1055,0.969361856417694,0.001952431007935568
designed_e4_calibrated,ddos,time_quartile_3,0.001,0.7672192454338074,0,567931,0,231,,0.00040673955110744086
designed_e4_calibrated,ddos,time_quartile_4,0.001,0.7672192454338074,0,567931,0,116,,0.00020425016419248112
designed_e4_calibrated,ddos,full_test,0.01,0.5999178290367126,103338,2168385,100883,1940,0.9762430083802667,0.000894675069233554
designed_e4_calibrated,ddos,time_quartile_1,0.01,0.5999178290367126,75758,492171,73529,177,0.9705773647667573,0.00035963110382367103
designed_e4_calibrated,ddos,time_quartile_2,0.01,0.5999178290367126,27580,540352,27354,1088,0.9918056562726614,0.0020135023096055906
designed_e4_calibrated,ddos,time_quartile_3,0.01,0.5999178290367126,0,567931,0,303,,0.0005335155150889808
designed_e4_calibrated,ddos,time_quartile_4,0.01,0.5999178290367126,0,567931,0,372,,0.0006550091472379568
designed_e4_calibrated,dos,full_test,0.001,0.5904001593589783,22458,2249265,22173,1766,0.9873096446700508,0.0007851453697096607
designed_e4_calibrated,dos,time_quartile_1,0.001,0.5904001593589783,22458,545471,22173,41,0.9873096446700508,7.516439920729058e-05
designed_e4_calibrated,dos,time_quartile_2,0.001,0.5904001593589783,0,567932,0,99,,0.00017431664354183247
designed_e4_calibrated,dos,time_quartile_3,0.001,0.5904001593589783,0,567931,0,802,,0.001412143376572154
designed_e4_calibrated,dos,time_quartile_4,0.001,0.5904001593589783,0,567931,0,824,,0.0014508804766776246
designed_e4_calibrated,dos,full_test,0.01,0.2542526125907898,22458,2249265,22393,19047,0.9971057084335203,0.00846809957919587
designed_e4_calibrated,dos,time_quartile_1,0.01,0.2542526125907898,22458,545471,22393,559,0.9971057084335203,0.0010248024184603764
designed_e4_calibrated,dos,time_quartile_2,0.01,0.2542526125907898,0,567932,0,710,,0.0012501496658050611
designed_e4_calibrated,dos,time_quartile_3,0.01,0.2542526125907898,0,567931,0,11167,,0.019662599858081352
designed_e4_calibrated,dos,time_quartile_4,0.01,0.2542526125907898,0,567931,0,6611,,0.011640498581693902
designed_e4_calibrated,injection,full_test,0.001,0.8957633972167969,68891,2202832,65625,8149,0.9525917754133341,0.0036993288639351526
designed_e4_calibrated,injection,time_quartile_1,0.001,0.8957633972167969,68891,499038,65625,215,0.9525917754133341,0.00043082891483213704
designed_e4_calibrated,injection,time_quartile_2,0.001,0.8957633972167969,0,567932,0,136,,0.00023946528809787088
designed_e4_calibrated,injection,time_quartile_3,0.001,0.8957633972167969,0,567931,0,6802,,0.011976807041700488
designed_e4_calibrated,injection,time_quartile_4,0.001,0.8957633972167969,0,567931,0,996,,0.0017537341684113034
designed_e4_calibrated,injection,full_test,0.01,0.49743109941482544,68891,2202832,68339,94031,0.9919873423233804,0.042686414579050966
designed_e4_calibrated,injection,time_quartile_1,0.01,0.49743109941482544,68891,499038,68339,30590,0.9919873423233804,0.06129793723123289
designed_e4_calibrated,injection,time_quartile_2,0.01,0.49743109941482544,0,567932,0,21904,,0.03856799757717473
designed_e4_calibrated,injection,time_quartile_3,0.01,0.49743109941482544,0,567931,0,36280,,0.063880999628476
designed_e4_calibrated,injection,time_quartile_4,0.01,0.49743109941482544,0,567931,0,5257,,0.009256406147929943
designed_e4_calibrated,mitm,full_test,0.001,0.7404637336730957,1161,2270562,1004,7986,0.8647717484926787,0.0035171908981124498
designed_e4_calibrated,mitm,time_quartile_1,0.001,0.7404637336730957,0,567929,0,637,,0.0011216190756238897
designed_e4_calibrated,mitm,time_quartile_2,0.001,0.7404637336730957,0,567932,0,899,,0.001582935985294014
designed_e4_calibrated,mitm,time_quartile_3,0.001,0.7404637336730957,0,567931,0,105,,0.00018488161413974586
designed_e4_calibrated,mitm,time_quartile_4,0.001,0.7404637336730957,1161,566770,1004,6345,0.8647717484926787,0.011195017379183795
designed_e4_calibrated,mitm,full_test,0.01,0.126662477850914,1161,2270562,1157,90459,0.9965546942291128,0.03983991628504309
designed_e4_calibrated,mitm,time_quartile_1,0.01,0.126662477850914,0,567929,0,13356,,0.023517024135059135
designed_e4_calibrated,mitm,time_quartile_2,0.01,0.126662477850914,0,567932,0,6501,,0.011446792925913666
designed_e4_calibrated,mitm,time_quartile_3,0.01,0.126662477850914,0,567931,0,6810,,0.011990893259920659
designed_e4_calibrated,mitm,time_quartile_4,0.01,0.126662477850914,1161,566770,1157,63792,0.9965546942291128,0.1125535931683046
designed_e4_calibrated,password,full_test,0.001,0.440241277217865,210951,2060772,209342,49699,0.992372636299425,0.024116690250061627
designed_e4_calibrated,password,time_quartile_1,0.001,0.440241277217865,0,567929,0,60,,0.00010564700869298803
designed_e4_calibrated,password,time_quartile_2,0.001,0.440241277217865,182192,385740,180887,49492,0.9928372266619829,0.12830403898999326
designed_e4_calibrated,password,time_quartile_3,0.001,0.440241277217865,28759,539172,28455,102,0.9894293960151604,0.00018917896329928113
designed_e4_calibrated,password,time_quartile_4,0.001,0.440241277217865,0,567931,0,45,,7.923497748846251e-05
designed_e4_calibrated,password,full_test,0.01,0.04263075441122055,210951,2060772,210761,59064,0.9990993169029775,0.02866110370288416
designed_e4_calibrated,password,time_quartile_1,0.01,0.04263075441122055,0,567929,0,4380,,0.007712231634588126
designed_e4_calibrated,password,time_quartile_2,0.01,0.04263075441122055,182192,385740,182035,50689,0.9991382717133573,0.1314071654482294
designed_e4_calibrated,password,time_quartile_3,0.01,0.04263075441122055,28759,539172,28726,2913,0.9988525331200667,0.005402728628341234
designed_e4_calibrated,password,time_quartile_4,0.01,0.04263075441122055,0,567931,0,1082,,0.001905161014278143
designed_e4_calibrated,ransomware,full_test,0.001,0.9176399111747742,709,2271014,638,1611,0.8998589562764457,0.0007093747550653585
designed_e4_calibrated,ransomware,time_quartile_1,0.001,0.9176399111747742,0,567929,0,2,,3.5215669564329345e-06
designed_e4_calibrated,ransomware,time_quartile_2,0.001,0.9176399111747742,0,567932,0,0,,0.0
designed_e4_calibrated,ransomware,time_quartile_3,0.001,0.9176399111747742,0,567931,0,1,,1.760777277521389e-06
designed_e4_calibrated,ransomware,time_quartile_4,0.001,0.9176399111747742,709,567222,638,1608,0.8998589562764457,0.002834868887313962
designed_e4_calibrated,ransomware,full_test,0.01,0.1034480482339859,709,2271014,697,42147,0.9830747531734838,0.018558670267994824
designed_e4_calibrated,ransomware,time_quartile_1,0.01,0.1034480482339859,0,567929,0,292,,0.0005141487756392084
designed_e4_calibrated,ransomware,time_quartile_2,0.01,0.1034480482339859,0,567932,0,1530,,0.0026939844911010474
designed_e4_calibrated,ransomware,time_quartile_3,0.01,0.1034480482339859,0,567931,0,623,,0.0010969642438958254
designed_e4_calibrated,ransomware,time_quartile_4,0.01,0.1034480482339859,709,567222,697,39702,0.9830747531734838,0.06999375905730032
designed_e4_calibrated,scanning,full_test,0.001,0.3425794541835785,6029,2265694,5193,4528,0.8613368717863659,0.0019985046524376195
designed_e4_calibrated,scanning,time_quartile_1,0.001,0.3425794541835785,6029,561900,5193,832,0.8613368717863659,0.0014806905143263927
designed_e4_calibrated,scanning,time_quartile_2,0.001,0.3425794541835785,0,567932,0,166,,0.0002922885134135777
designed_e4_calibrated,scanning,time_quartile_3,0.001,0.3425794541835785,0,567931,0,150,,0.00026411659162820834
designed_e4_calibrated,scanning,time_quartile_4,0.001,0.3425794541835785,0,567931,0,3380,,0.005951427198022295
designed_e4_calibrated,scanning,full_test,0.01,0.1720288246870041,6029,2265694,5850,10142,0.9703101675236357,0.004476332638034968
designed_e4_calibrated,scanning,time_quartile_1,0.01,0.1720288246870041,6029,561900,5850,3577,0.9703101675236357,0.006365901405944118
designed_e4_calibrated,scanning,time_quartile_2,0.01,0.1720288246870041,0,567932,0,809,,0.0014244663093468937
designed_e4_calibrated,scanning,time_quartile_3,0.01,0.1720288246870041,0,567931,0,795,,0.0013998179356295042
designed_e4_calibrated,scanning,time_quartile_4,0.01,0.1720288246870041,0,567931,0,4961,,0.008735216073783612
designed_e4_calibrated,xss,full_test,0.001,0.17564266920089722,343854,1927869,328901,125790,0.9565135202731392,0.06524820929222888
designed_e4_calibrated,xss,time_quartile_1,0.001,0.17564266920089722,0,567929,0,1008,,0.001774869746042199
designed_e4_calibrated,xss,time_quartile_2,0.001,0.17564266920089722,0,567932,0,278,,0.0004894952212588831
designed_e4_calibrated,xss,time_quartile_3,0.001,0.17564266920089722,255032,312899,245426,97569,0.9623341384610559,0.31182266482155585
designed_e4_calibrated,xss,time_quartile_4,0.001,0.17564266920089722,88822,479109,83475,26935,0.9398009502150368,0.056218939740226126
designed_e4_calibrated,xss,full_test,0.01,0.10841929912567139,343854,1927869,336520,136054,0.9786711802102055,0.07057222249022106
designed_e4_calibrated,xss,time_quartile_1,0.01,0.10841929912567139,0,567929,0,1834,,0.0032292768990490007
designed_e4_calibrated,xss,time_quartile_2,0.01,0.10841929912567139,0,567932,0,629,,0.0011075269574526527
designed_e4_calibrated,xss,time_quartile_3,0.01,0.10841929912567139,255032,312899,250292,101465,0.9814140970544872,0.32427396699893574
designed_e4_calibrated,xss,time_quartile_4,0.01,0.10841929912567139,88822,479109,86228,32126,0.9707955236315328,0.06705363497659196
matched_random_e1_raw,backdoor,full_test,0.001,0.10367675125598907,40030,2231693,40024,9400,0.9998501124156882,0.0042120488794829755
matched_random_e1_raw,backdoor,time_quartile_1,0.001,0.10367675125598907,0,567929,0,320,,0.0005634507130292695
matched_random_e1_raw,backdoor,time_quartile_2,0.001,0.10367675125598907,0,567932,0,403,,0.0007095919934076614
matched_random_e1_raw,backdoor,time_quartile_3,0.001,0.10367675125598907,0,567931,0,464,,0.0008170006567699245
matched_random_e1_raw,backdoor,time_quartile_4,0.001,0.10367675125598907,40030,527901,40024,8213,0.9998501124156882,0.015557841337675056
matched_random_e1_raw,backdoor,full_test,0.01,0.021553028374910355,40030,2231693,40026,67700,0.9999000749437922,0.030335713738403984
matched_random_e1_raw,backdoor,time_quartile_1,0.01,0.021553028374910355,0,567929,0,4540,,0.00799395699110276
matched_random_e1_raw,backdoor,time_quartile_2,0.01,0.021553028374910355,0,567932,0,2562,,0.004511103441961361
matched_random_e1_raw,backdoor,time_quartile_3,0.01,0.021553028374910355,0,567931,0,8976,,0.015804736843031988
matched_random_e1_raw,backdoor,time_quartile_4,0.01,0.021553028374910355,40030,527901,40026,51622,0.9999000749437922,0.09778727450790962
matched_random_e1_raw,benign,full_test,0.001,0.6493314504623413,1474302,797421,1065273,816,0.7225609135713036,0.0010232988596989546
matched_random_e1_raw,benign,time_quartile_1,0.001,0.6493314504623413,394793,173136,351921,771,0.8914063825853042,0.004453146659273635
matched_random_e1_raw,benign,time_quartile_2,0.001,0.6493314504623413,358160,209772,278780,1,0.778367210185392,4.7670804492496615e-06
matched_random_e1_raw,benign,time_quartile_3,0.001,0.6493314504623413,284140,283791,107604,28,0.3787006405293165,9.866415777808316e-05
matched_random_e1_raw,benign,time_quartile_4,0.001,0.6493314504623413,437209,130722,326968,16,0.747852857557827,0.00012239714814644818
matched_random_e1_raw,benign,full_test,0.01,0.17418019473552704,1474302,797421,1288784,10905,0.8741655373186769,0.013675335863991544
matched_random_e1_raw,benign,time_quartile_1,0.01,0.17418019473552704,394793,173136,393941,4904,0.997841907024694,0.028324554107753443
matched_random_e1_raw,benign,time_quartile_2,0.01,0.17418019473552704,358160,209772,304268,66,0.8495309358945723,0.00031462730965047767
matched_random_e1_raw,benign,time_quartile_3,0.01,0.17418019473552704,284140,283791,174606,2156,0.6145069332019427,0.007597140148912404
matched_random_e1_raw,benign,time_quartile_4,0.01,0.17418019473552704,437209,130722,415969,3779,0.9514191153430053,0.02890867642783923
matched_random_e1_raw,ddos,full_test,0.001,0.11887948960065842,103338,2168385,101943,5986,0.9865006096498867,0.0027605798785732237
matched_random_e1_raw,ddos,time_quartile_1,0.001,0.11887948960065842,75758,492171,74459,403,0.9828532960215423,0.000818821100796268
matched_random_e1_raw,ddos,time_quartile_2,0.001,0.11887948960065842,27580,540352,27484,2191,0.9965192168237853,0.004054764301788464
matched_random_e1_raw,ddos,time_quartile_3,0.001,0.11887948960065842,0,567931,0,1523,,0.0026816637936650754
matched_random_e1_raw,ddos,time_quartile_4,0.001,0.11887948960065842,0,567931,0,1869,,0.003290892731687476
matched_random_e1_raw,ddos,full_test,0.01,0.03998008742928505,103338,2168385,102159,29951,0.9885908378331301,0.013812584019904215
matched_random_e1_raw,ddos,time_quartile_1,0.01,0.03998008742928505,75758,492171,74648,5262,0.9853480820507405,0.010691406035707101
matched_random_e1_raw,ddos,time_quartile_2,0.01,0.03998008742928505,27580,540352,27511,2942,0.9974981870920957,0.005444599076157764
matched_random_e1_raw,ddos,time_quartile_3,0.01,0.03998008742928505,0,567931,0,16231,,0.028579175991449667
matched_random_e1_raw,ddos,time_quartile_4,0.01,0.03998008742928505,0,567931,0,5516,,0.009712447462807982
matched_random_e1_raw,dos,full_test,0.001,0.3213367462158203,22458,2249265,22216,691,0.9892243298601835,0.00030721146685695104
matched_random_e1_raw,dos,time_quartile_1,0.001,0.3213367462158203,22458,545471,22216,72,0.9892243298601835,0.00013199601812012004
matched_random_e1_raw,dos,time_quartile_2,0.001,0.3213367462158203,0,567932,0,293,,0.0005159068339167366
matched_random_e1_raw,dos,time_quartile_3,0.001,0.3213367462158203,0,567931,0,153,,0.00026939892346077254
matched_random_e1_raw,dos,time_quartile_4,0.001,0.3213367462158203,0,567931,0,173,,0.0003046144690112003
matched_random_e1_raw,dos,full_test,0.01,0.08817675709724426,22458,2249265,22430,50090,0.9987532282482857,0.022269496924550908
matched_random_e1_raw,dos,time_quartile_1,0.01,0.08817675709724426,22458,545471,22430,7783,0.9987532282482857,0.014268402903179088
matched_random_e1_raw,dos,time_quartile_2,0.01,0.08817675709724426,0,567932,0,4026,,0.007088876837367854
matched_random_e1_raw,dos,time_quartile_3,0.01,0.08817675709724426,0,567931,0,15482,,0.027260353810586144
matched_random_e1_raw,dos,time_quartile_4,0.01,0.08817675709724426,0,567931,0,22799,,0.04014396115021015
matched_random_e1_raw,injection,full_test,0.001,0.49472105503082275,68891,2202832,68071,9814,0.9880971389586448,0.004455174066837598
matched_random_e1_raw,injection,time_quartile_1,0.001,0.49472105503082275,68891,499038,68071,1467,0.9880971389586448,0.0029396558979476514
matched_random_e1_raw,injection,time_quartile_2,0.001,0.49472105503082275,0,567932,0,219,,0.0003856095448046597
matched_random_e1_raw,injection,time_quartile_3,0.001,0.49472105503082275,0,567931,0,7126,,0.012547298879617419
matched_random_e1_raw,injection,time_quartile_4,0.001,0.49472105503082275,0,567931,0,1002,,0.001764298832076432
matched_random_e1_raw,injection,full_test,0.01,0.1995062530040741,68891,2202832,68570,38553,0.9953404653728354,0.017501561626124915
matched_random_e1_raw,injection,time_quartile_1,0.01,0.1995062530040741,68891,499038,68570,2480,0.9953404653728354,0.004969561436203255
matched_random_e1_raw,injection,time_quartile_2,0.01,0.1995062530040741,0,567932,0,3167,,0.005576371819161449
matched_random_e1_raw,injection,time_quartile_3,0.01,0.1995062530040741,0,567931,0,27405,,0.04825410129047367
matched_random_e1_raw,injection,time_quartile_4,0.01,0.1995062530040741,0,567931,0,5501,,0.009686035803645162
matched_random_e1_raw,mitm,full_test,0.001,0.2987501621246338,1161,2270562,1132,62951,0.9750215331610681,0.02772485402292472
matched_random_e1_raw,mitm,time_quartile_1,0.001,0.2987501621246338,0,567929,0,6079,,0.010703802764077903
matched_random_e1_raw,mitm,time_quartile_2,0.001,0.2987501621246338,0,567932,0,3495,,0.006153905749279843
matched_random_e1_raw,mitm,time_quartile_3,0.001,0.2987501621246338,0,567931,0,1286,,0.0022643595788925065
matched_random_e1_raw,mitm,time_quartile_4,0.001,0.2987501621246338,1161,566770,1132,52091,0.9750215331610681,0.09190853432609347
matched_random_e1_raw,mitm,full_test,0.01,0.1014261543750763,1161,2270562,1157,110755,0.9965546942291128,0.04877867241678492
matched_random_e1_raw,mitm,time_quartile_1,0.01,0.1014261543750763,0,567929,0,16499,,0.029051166607093493
matched_random_e1_raw,mitm,time_quartile_2,0.01,0.1014261543750763,0,567932,0,6990,,0.012307811498559687
matched_random_e1_raw,mitm,time_quartile_3,0.01,0.1014261543750763,0,567931,0,16186,,0.028499941013961205
matched_random_e1_raw,mitm,time_quartile_4,0.01,0.1014261543750763,1161,566770,1157,71080,0.9965546942291128,0.12541242479312595
matched_random_e1_raw,password,full_test,0.001,0.06817259639501572,210951,2060772,210741,53697,0.9990045081559225,0.026056739901357356
matched_random_e1_raw,password,time_quartile_1,0.001,0.06817259639501572,0,567929,0,998,,0.0017572619112600342
matched_random_e1_raw,password,time_quartile_2,0.001,0.06817259639501572,182192,385740,182018,50565,0.9990449635549311,0.13108570539741796
matched_random_e1_raw,password,time_quartile_3,0.001,0.06817259639501572,28759,539172,28723,1604,0.9987482179491637,0.002974931932667127
matched_random_e1_raw,password,time_quartile_4,0.001,0.06817259639501572,0,567931,0,530,,0.0009332119570863362
matched_random_e1_raw,password,full_test,0.01,0.01961795799434185,210951,2060772,210837,65225,0.9994595901417865,0.031650760006444185
matched_random_e1_raw,password,time_quartile_1,0.01,0.01961795799434185,0,567929,0,6279,,0.011055959459721197
matched_random_e1_raw,password,time_quartile_2,0.01,0.01961795799434185,182192,385740,182102,52017,0.9995060156318609,0.13484989889562918
matched_random_e1_raw,password,time_quartile_3,0.01,0.01961795799434185,28759,539172,28735,5801,0.9991654786327758,0.010759089863716959
matched_random_e1_raw,password,time_quartile_4,0.01,0.01961795799434185,0,567931,0,1128,,0.0019861567690441268
matched_random_e1_raw,ransomware,full_test,0.001,0.09473627060651779,709,2271014,655,50495,0.923836389280677,0.022234561301691668
matched_random_e1_raw,ransomware,time_quartile_1,0.001,0.09473627060651779,0,567929,0,254,,0.00044723900346698266
matched_random_e1_raw,ransomware,time_quartile_2,0.001,0.09473627060651779,0,567932,0,2138,,0.0037645351908327054
matched_random_e1_raw,ransomware,time_quartile_3,0.001,0.09473627060651779,0,567931,0,1057,,0.0018611415823401082
matched_random_e1_raw,ransomware,time_quartile_4,0.001,0.09473627060651779,709,567222,655,47046,0.923836389280677,0.0829410706918984
matched_random_e1_raw,ransomware,full_test,0.01,0.07170728594064713,709,2271014,661,57118,0.9322990126939351,0.025150879739182584
matched_random_e1_raw,ransomware,time_quartile_1,0.01,0.07170728594064713,0,567929,0,1834,,0.0032292768990490007
matched_random_e1_raw,ransomware,time_quartile_2,0.01,0.07170728594064713,0,567932,0,2483,,0.004372002281963334
matched_random_e1_raw,ransomware,time_quartile_3,0.01,0.07170728594064713,0,567931,0,1446,,0.0025460839432959285
matched_random_e1_raw,ransomware,time_quartile_4,0.01,0.07170728594064713,709,567222,661,51355,0.9322990126939351,0.09053774359950778
matched_random_e1_raw,scanning,full_test,0.001,0.3505631983280182,6029,2265694,5232,1388,0.8678056062365235,0.0006126158254380335
matched_random_e1_raw,scanning,time_quartile_1,0.001,0.3505631983280182,6029,561900,5232,321,0.8678056062365235,0.0005712760277629471
matched_random_e1_raw,scanning,time_quartile_2,0.001,0.3505631983280182,0,567932,0,224,,0.0003944134156906109
matched_random_e1_raw,scanning,time_quartile_3,0.001,0.3505631983280182,0,567931,0,159,,0.00027996358712590084
matched_random_e1_raw,scanning,time_quartile_4,0.001,0.3505631983280182,0,567931,0,684,,0.0012043716578246301
matched_random_e1_raw,scanning,full_test,0.01,0.07871118187904358,6029,2265694,5961,35467,0.9887211809586997,0.015653923257068252
matched_random_e1_raw,scanning,time_quartile_1,0.01,0.07871118187904358,6029,561900,5961,4856,0.9887211809586997,0.008642107136501157
matched_random_e1_raw,scanning,time_quartile_2,0.01,0.07871118187904358,0,567932,0,3359,,0.005914440461181973
matched_random_e1_raw,scanning,time_quartile_3,0.01,0.07871118187904358,0,567931,0,18215,,0.0320725581100521
matched_random_e1_raw,scanning,time_quartile_4,0.01,0.07871118187904358,0,567931,0,9037,,0.015912144256960793
matched_random_e1_raw,xss,full_test,0.001,0.4403547942638397,343854,1927869,316514,103789,0.9204895100827677,0.0538361268322692
matched_random_e1_raw,xss,time_quartile_1,0.001,0.4403547942638397,0,567929,0,656,,0.0011550739617100024
matched_random_e1_raw,xss,time_quartile_2,0.001,0.4403547942638397,0,567932,0,600,,0.0010564645063141362
matched_random_e1_raw,xss,time_quartile_3,0.001,0.4403547942638397,255032,312899,236827,100785,0.9286168010288904,0.3221007417729044
matched_random_e1_raw,xss,time_quartile_4,0.001,0.4403547942638397,88822,479109,79687,1748,0.8971538582783545,0.003648439081712095
matched_random_e1_raw,xss,full_test,0.01,0.1674693524837494,343854,1927869,343365,139889,0.9985778847999441,0.07256146553526199
matched_random_e1_raw,xss,time_quartile_1,0.01,0.1674693524837494,0,567929,0,6291,,0.011077088861459795
matched_random_e1_raw,xss,time_quartile_2,0.01,0.1674693524837494,0,567932,0,8223,,0.014478846059035237
matched_random_e1_raw,xss,time_quartile_3,0.01,0.1674693524837494,255032,312899,254736,117978,0.9988393613350481,0.3770481848775483
matched_random_e1_raw,xss,time_quartile_4,0.01,0.1674693524837494,88822,479109,88629,7397,0.9978271149039653,0.015439075450471604
matched_random_e1_calibrated,backdoor,full_test,0.001,0.07564732432365417,40030,2231693,40024,9232,0.9998501124156882,0.004136769708019876
matched_random_e1_calibrated,backdoor,time_quartile_1,0.001,0.07564732432365417,0,567929,0,379,,0.0006673369382440411
matched_random_e1_calibrated,backdoor,time_quartile_2,0.001,0.07564732432365417,0,567932,0,411,,0.0007236781868251833
matched_random_e1_calibrated,backdoor,time_quartile_3,0.001,0.07564732432365417,0,567931,0,588,,0.0010353370391825768
matched_random_e1_calibrated,backdoor,time_quartile_4,0.001,0.07564732432365417,40030,527901,40024,7854,0.9998501124156882,0.01487778958554729
matched_random_e1_calibrated,backdoor,full_test,0.01,0.012001783587038517,40030,2231693,40026,65370,0.9999000749437922,0.029291663324659798
matched_random_e1_calibrated,backdoor,time_quartile_1,0.01,0.012001783587038517,0,567929,0,4255,,0.007492133699811068
matched_random_e1_calibrated,backdoor,time_quartile_2,0.01,0.012001783587038517,0,567932,0,2306,,0.004060345252600663
matched_random_e1_calibrated,backdoor,time_quartile_3,0.01,0.012001783587038517,0,567931,0,8704,,0.01532580542354617
matched_random_e1_calibrated,backdoor,time_quartile_4,0.01,0.012001783587038517,40030,527901,40026,50105,0.9999000749437922,0.09491362963889062
matched_random_e1_calibrated,benign,full_test,0.001,0.7214025855064392,1474302,797421,1152365,682,0.7816342920242936,0.0008552571351895673
matched_random_e1_calibrated,benign,time_quartile_1,0.001,0.7214025855064392,394793,173136,380455,635,0.9636822334742511,0.003667637002125497
matched_random_e1_calibrated,benign,time_quartile_2,0.001,0.7214025855064392,358160,209772,297925,1,0.8318209738664284,4.7670804492496615e-06
matched_random_e1_calibrated,benign,time_quartile_3,0.001,0.7214025855064392,284140,283791,144085,29,0.5070915745759133,0.00010218787769872899
matched_random_e1_calibrated,benign,time_quartile_4,0.001,0.7214025855064392,437209,130722,329900,17,0.7545590324078416,0.0001300469699056012
matched_random_e1_calibrated,benign,full_test,0.01,0.15992483496665955,1474302,797421,1284266,11489,0.8711010362870023,0.014407696812599617
matched_random_e1_calibrated,benign,time_quartile_1,0.01,0.15992483496665955,394793,173136,393885,4576,0.9977000605380542,0.026430089640513816
matched_random_e1_calibrated,benign,time_quartile_2,0.01,0.15992483496665955,358160,209772,304222,61,0.8494025016752289,0.0002907919074042294
matched_random_e1_calibrated,benign,time_quartile_3,0.01,0.15992483496665955,284140,283791,174445,2664,0.6139403111142394,0.009387189868600484
matched_random_e1_calibrated,benign,time_quartile_4,0.01,0.15992483496665955,437209,130722,411714,4188,0.9416869277622373,0.03203745352733281
matched_random_e1_calibrated,ddos,full_test,0.001,0.09324906766414642,103338,2168385,101925,5435,0.9863264239679498,0.0025064737120022505
matched_random_e1_calibrated,ddos,time_quartile_1,0.001,0.09324906766414642,75758,492171,74448,397,0.9827080968346578,0.0008066302159208893
matched_random_e1_calibrated,ddos,time_quartile_2,0.001,0.09324906766414642,27580,540352,27477,2184,0.9962654097171864,0.004041809783252398
matched_random_e1_calibrated,ddos,time_quartile_3,0.001,0.09324906766414642,0,567931,0,1551,,0.0027309655574356746
matched_random_e1_calibrated,ddos,time_quartile_4,0.001,0.09324906766414642,0,567931,0,1303,,0.00229429279261037
matched_random_e1_calibrated,ddos,full_test,0.01,0.019883058965206146,103338,2168385,102167,31311,0.9886682536917688,0.014439778913799902
matched_random_e1_calibrated,ddos,time_quartile_1,0.01,0.019883058965206146,75758,492171,74655,5049,0.9854404815333034,0.010258629622631158
matched_random_e1_calibrated,ddos,time_quartile_2,0.01,0.019883058965206146,27580,540352,27512,3012,0.9975344452501813,0.005574144261518418
matched_random_e1_calibrated,ddos,time_quartile_3,0.01,0.019883058965206146,0,567931,0,17379,,0.03060054830604422
matched_random_e1_calibrated,ddos,time_quartile_4,0.01,0.019883058965206146,0,567931,0,5871,,0.010337523396328076
matched_random_e1_calibrated,dos,full_test,0.001,0.34522178769111633,22458,2249265,22216,707,0.9892243298601835,0.00031432490169010767
matched_random_e1_calibrated,dos,time_quartile_1,0.001,0.34522178769111633,22458,545471,22216,75,0.9892243298601835,0.00013749585220845838
matched_random_e1_calibrated,dos,time_quartile_2,0.001,0.34522178769111633,0,567932,0,279,,0.0004912559954360733
matched_random_e1_calibrated,dos,time_quartile_3,0.001,0.34522178769111633,0,567931,0,146,,0.0002570734825181228
matched_random_e1_calibrated,dos,time_quartile_4,0.001,0.34522178769111633,0,567931,0,207,,0.0003644808964469275
matched_random_e1_calibrated,dos,full_test,0.01,0.0693613812327385,22458,2249265,22430,47850,0.9987532282482857,0.021273616047908984
matched_random_e1_calibrated,dos,time_quartile_1,0.01,0.0693613812327385,22458,545471,22430,7169,0.9987532282482857,0.013142770193099175
matched_random_e1_calibrated,dos,time_quartile_2,0.01,0.0693613812327385,0,567932,0,3721,,0.006551840713324835
matched_random_e1_calibrated,dos,time_quartile_3,0.01,0.0693613812327385,0,567931,0,15416,,0.027144142510269732
matched_random_e1_calibrated,dos,time_quartile_4,0.01,0.0693613812327385,0,567931,0,21544,,0.037934185666920806
matched_random_e1_calibrated,injection,full_test,0.001,0.5312849283218384,68891,2202832,68062,9975,0.9879664978008739,0.0045282618011723095
matched_random_e1_calibrated,injection,time_quartile_1,0.001,0.5312849283218384,68891,499038,68062,1471,0.9879664978008739,0.002947671319618947
matched_random_e1_calibrated,injection,time_quartile_2,0.001,0.5312849283218384,0,567932,0,217,,0.00038208799645027925
matched_random_e1_calibrated,injection,time_quartile_3,0.001,0.5312849283218384,0,567931,0,7219,,0.012711051166426908
matched_random_e1_calibrated,injection,time_quartile_4,0.001,0.5312849283218384,0,567931,0,1068,,0.0018805101323928436
matched_random_e1_calibrated,injection,full_test,0.01,0.1874324083328247,68891,2202832,68574,37565,0.9953985281096225,0.017053048076294517
matched_random_e1_calibrated,injection,time_quartile_1,0.01,0.1874324083328247,68891,499038,68574,2444,0.9953985281096225,0.0048974226411615945
matched_random_e1_calibrated,injection,time_quartile_2,0.01,0.1874324083328247,0,567932,0,1889,,0.0033261024207123387
matched_random_e1_calibrated,injection,time_quartile_3,0.01,0.1874324083328247,0,567931,0,27220,,0.04792835749413221
matched_random_e1_calibrated,injection,time_quartile_4,0.01,0.1874324083328247,0,567931,0,6012,,0.010585792992458591
matched_random_e1_calibrated,mitm,full_test,0.001,0.31859031319618225,1161,2270562,1133,62452,0.9758828596037898,0.027505084644242263
matched_random_e1_calibrated,mitm,time_quartile_1,0.001,0.31859031319618225,0,567929,0,5903,,0.010393904871911806
matched_random_e1_calibrated,mitm,time_quartile_2,0.001,0.31859031319618225,0,567932,0,3411,,0.0060060007183958646
matched_random_e1_calibrated,mitm,time_quartile_3,0.001,0.31859031319618225,0,567931,0,1539,,0.0027098362301054175
matched_random_e1_calibrated,mitm,time_quartile_4,0.001,0.31859031319618225,1161,566770,1133,51599,0.9758828596037898,0.09104045732836953
matched_random_e1_calibrated,mitm,full_test,0.01,0.08282402902841568,1161,2270562,1157,108573,0.9965546942291128,0.047817676857095294
matched_random_e1_calibrated,mitm,time_quartile_1,0.01,0.08282402902841568,0,567929,0,15853,,0.027913700480165653
matched_random_e1_calibrated,mitm,time_quartile_2,0.01,0.08282402902841568,0,567932,0,6698,,0.01179366543882014
matched_random_e1_calibrated,mitm,time_quartile_3,0.01,0.08282402902841568,0,567931,0,16105,,0.02835731805448197
matched_random_e1_calibrated,mitm,time_quartile_4,0.01,0.08282402902841568,1161,566770,1157,69917,0.9965546942291128,0.12336044603631102
matched_random_e1_calibrated,password,full_test,0.001,0.03831777721643448,210951,2060772,210749,55877,0.9990424316547445,0.0271145958893075
matched_random_e1_calibrated,password,time_quartile_1,0.001,0.03831777721643448,0,567929,0,1048,,0.0018453010851708577
matched_random_e1_calibrated,password,time_quartile_2,0.001,0.03831777721643448,182192,385740,182027,50655,0.999094361991745,0.1313190231762327
matched_random_e1_calibrated,password,time_quartile_3,0.001,0.03831777721643448,28759,539172,28722,3590,0.9987134462255294,0.0066583576298472474
matched_random_e1_calibrated,password,time_quartile_4,0.001,0.03831777721643448,0,567931,0,584,,0.0010282939300724912
matched_random_e1_calibrated,password,full_test,0.01,0.007922597229480743,210951,2060772,210842,65954,0.9994832923285503,0.03200451093085504
matched_random_e1_calibrated,password,time_quartile_1,0.01,0.007922597229480743,0,567929,0,6377,,0.011228516240586411
matched_random_e1_calibrated,password,time_quartile_2,0.01,0.007922597229480743,182192,385740,182107,52152,0.9995334592078686,0.1351998755638513
matched_random_e1_calibrated,password,time_quartile_3,0.01,0.007922597229480743,28759,539172,28735,6101,0.9991654786327758,0.01131549857930308
matched_random_e1_calibrated,password,time_quartile_4,0.01,0.007922597229480743,0,567931,0,1324,,0.002331269115438319
matched_random_e1_calibrated,ransomware,full_test,0.001,0.05792684480547905,709,2271014,656,51526,0.92524682651622,0.022688543531655902
matched_random_e1_calibrated,ransomware,time_quartile_1,0.001,0.05792684480547905,0,567929,0,278,,0.0004894978069441779
matched_random_e1_calibrated,ransomware,time_quartile_2,0.001,0.05792684480547905,0,567932,0,2321,,0.004086756865258517
matched_random_e1_calibrated,ransomware,time_quartile_3,0.001,0.05792684480547905,0,567931,0,1145,,0.0020160899827619903
matched_random_e1_calibrated,ransomware,time_quartile_4,0.001,0.05792684480547905,709,567222,656,47782,0.92524682651622,0.08423862262042023
matched_random_e1_calibrated,ransomware,full_test,0.01,0.04020598903298378,709,2271014,661,58296,0.9322990126939351,0.02566959076430176
matched_random_e1_calibrated,ransomware,time_quartile_1,0.01,0.04020598903298378,0,567929,0,1917,,0.003375421927740968
matched_random_e1_calibrated,ransomware,time_quartile_2,0.01,0.04020598903298378,0,567932,0,2530,,0.004454758668291274
matched_random_e1_calibrated,ransomware,time_quartile_3,0.01,0.04020598903298378,0,567931,0,1518,,0.0026728599072774685
matched_random_e1_calibrated,ransomware,time_quartile_4,0.01,0.04020598903298378,709,567222,661,52331,0.9322990126939351,0.09225841028733019
matched_random_e1_calibrated,scanning,full_test,0.001,0.34415969252586365,6029,2265694,5061,2243,0.839442693647371,0.0009899836429809144
matched_random_e1_calibrated,scanning,time_quartile_1,0.001,0.34415969252586365,6029,561900,5061,386,0.839442693647371,0.0006869549741946965
matched_random_e1_calibrated,scanning,time_quartile_2,0.001,0.34415969252586365,0,567932,0,294,,0.0005176676080939268
matched_random_e1_calibrated,scanning,time_quartile_3,0.001,0.34415969252586365,0,567931,0,210,,0.0003697632282794917
matched_random_e1_calibrated,scanning,time_quartile_4,0.001,0.34415969252586365,0,567931,0,1353,,0.0023823316564864395
matched_random_e1_calibrated,scanning,full_test,0.01,0.048220548778772354,6029,2265694,5965,61858,0.9893846409023055,0.027302009891891844
matched_random_e1_calibrated,scanning,time_quartile_1,0.01,0.048220548778772354,6029,561900,5965,4994,0.9893846409023055,0.008887702438156255
matched_random_e1_calibrated,scanning,time_quartile_2,0.01,0.048220548778772354,0,567932,0,3586,,0.006314136199404154
matched_random_e1_calibrated,scanning,time_quartile_3,0.01,0.048220548778772354,0,567931,0,21624,,0.038075047849122516
matched_random_e1_calibrated,scanning,time_quartile_4,0.01,0.048220548778772354,0,567931,0,31654,,0.05573564394266205
matched_random_e1_calibrated,xss,full_test,0.001,0.4755164086818695,343854,1927869,325167,104815,0.945654260238357,0.05436832066909111
matched_random_e1_calibrated,xss,time_quartile_1,0.001,0.4755164086818695,0,567929,0,735,,0.0012941758564891034
matched_random_e1_calibrated,xss,time_quartile_2,0.001,0.4755164086818695,0,567932,0,701,,0.0012343026982103492
matched_random_e1_calibrated,xss,time_quartile_3,0.001,0.4755164086818695,255032,312899,242718,101597,0.9517158631073748,0.32469582836634187
matched_random_e1_calibrated,xss,time_quartile_4,0.001,0.4755164086818695,88822,479109,82449,1782,0.928249757942852,0.0037194041439421927
matched_random_e1_calibrated,xss,full_test,0.01,0.13973987102508545,343854,1927869,343381,137849,0.9986244161766331,0.07150330235093774
matched_random_e1_calibrated,xss,time_quartile_1,0.01,0.13973987102508545,0,567929,0,5758,,0.010138591267570418
matched_random_e1_calibrated,xss,time_quartile_2,0.01,0.13973987102508545,0,567932,0,7634,,0.013441750068670193
matched_random_e1_calibrated,xss,time_quartile_3,0.01,0.13973987102508545,255032,312899,254751,117685,0.9988981774836099,0.3761117804786848
matched_random_e1_calibrated,xss,time_quartile_4,0.01,0.13973987102508545,88822,479109,88630,6772,0.9978383733759654,0.014134570630065393
matched_random_e2_raw,backdoor,full_test,0.001,0.016848227009177208,40030,2231693,40010,47571,0.9995003747189608,0.02131610396232815
matched_random_e2_raw,backdoor,time_quartile_1,0.001,0.016848227009177208,0,567929,0,2053,,0.0036148884807784072
matched_random_e2_raw,backdoor,time_quartile_2,0.001,0.016848227009177208,0,567932,0,2382,,0.004194164090067121
matched_random_e2_raw,backdoor,time_quartile_3,0.001,0.016848227009177208,0,567931,0,1720,,0.003028536917336789
matched_random_e2_raw,backdoor,time_quartile_4,0.001,0.016848227009177208,40030,527901,40010,41416,0.9995003747189608,0.07845410408390967
matched_random_e2_raw,backdoor,full_test,0.01,0.006263334769755602,40030,2231693,40010,120968,0.9995003747189608,0.05420458817588261
matched_random_e2_raw,backdoor,time_quartile_1,0.01,0.006263334769755602,0,567929,0,8434,,0.014850447855277685
matched_random_e2_raw,backdoor,time_quartile_2,0.01,0.006263334769755602,0,567932,0,5670,,0.009983589584668587
matched_random_e2_raw,backdoor,time_quartile_3,0.01,0.006263334769755602,0,567931,0,4896,,0.008620765550744721
matched_random_e2_raw,backdoor,time_quartile_4,0.01,0.006263334769755602,40030,527901,40010,101968,0.9995003747189608,0.19315742913917572
matched_random_e2_raw,benign,full_test,0.001,0.4773113429546356,1474302,797421,1181688,869,0.8015237040986175,0.0010897631238705777
matched_random_e2_raw,benign,time_quartile_1,0.001,0.4773113429546356,394793,173136,383605,667,0.9716610983477417,0.0038524628038074113
matched_random_e2_raw,benign,time_quartile_2,0.001,0.4773113429546356,358160,209772,300943,2,0.8402473754746482,9.534160898499323e-06
matched_random_e2_raw,benign,time_quartile_3,0.001,0.4773113429546356,284140,283791,159618,110,0.5617582881678046,0.000387609191271041
matched_random_e2_raw,benign,time_quartile_4,0.001,0.4773113429546356,437209,130722,337522,90,0.7719923423351304,0.0006884839583237711
matched_random_e2_raw,benign,full_test,0.01,0.18496330082416534,1474302,797421,1295875,10936,0.8789752710096032,0.01371421118831834
matched_random_e2_raw,benign,time_quartile_1,0.01,0.18496330082416534,394793,173136,392098,3388,0.993173637830458,0.01956843175307273
matched_random_e2_raw,benign,time_quartile_2,0.01,0.18496330082416534,358160,209772,304319,62,0.8496733303551486,0.000295558987853479
matched_random_e2_raw,benign,time_quartile_3,0.01,0.18496330082416534,284140,283791,178873,3618,0.6295241782220032,0.012748818672896603
matched_random_e2_raw,benign,time_quartile_4,0.01,0.18496330082416534,437209,130722,420585,3868,0.9619769949840923,0.02958951056440385
matched_random_e2_raw,ddos,full_test,0.001,0.8245048522949219,103338,2168385,30005,137,0.2903578548065571,6.31806621056685e-05
matched_random_e2_raw,ddos,time_quartile_1,0.001,0.8245048522949219,75758,492171,27950,48,0.3689379339475699,9.752707900302944e-05
matched_random_e2_raw,ddos,time_quartile_2,0.001,0.8245048522949219,27580,540352,2055,13,0.07451051486584481,2.405839156697856e-05
matched_random_e2_raw,ddos,time_quartile_3,0.001,0.8245048522949219,0,567931,0,27,,4.75409864930775e-05
matched_random_e2_raw,ddos,time_quartile_4,0.001,0.8245048522949219,0,567931,0,49,,8.627808659854806e-05
matched_random_e2_raw,ddos,full_test,0.01,0.43862634897232056,103338,2168385,101577,1742,0.9829588341171689,0.0008033628714457995
matched_random_e2_raw,ddos,time_quartile_1,0.01,0.43862634897232056,75758,492171,74204,288,0.9794873148710367,0.0005851624740181766
matched_random_e2_raw,ddos,time_quartile_2,0.01,0.43862634897232056,27580,540352,27373,40,0.9924945612762872,7.402582020608789e-05
matched_random_e2_raw,ddos,time_quartile_3,0.01,0.43862634897232056,0,567931,0,875,,0.0015406801178312155
matched_random_e2_raw,ddos,time_quartile_4,0.01,0.43862634897232056,0,567931,0,539,,0.0009490589525840287
matched_random_e2_raw,dos,full_test,0.001,0.25683435797691345,22458,2249265,21986,3813,0.9789829904711016,0.0016952204386766344
matched_random_e2_raw,dos,time_quartile_1,0.001,0.25683435797691345,22458,545471,21986,516,0.9789829904711016,0.0009459714631941936
matched_random_e2_raw,dos,time_quartile_2,0.001,0.25683435797691345,0,567932,0,475,,0.0008363677341653578
matched_random_e2_raw,dos,time_quartile_3,0.001,0.25683435797691345,0,567931,0,808,,0.0014227080402372824
matched_random_e2_raw,dos,time_quartile_4,0.001,0.25683435797691345,0,567931,0,2014,,0.0035462054369280777
matched_random_e2_raw,dos,full_test,0.01,0.13903062045574188,22458,2249265,22323,33181,0.9939887790542346,0.01475193007493559
matched_random_e2_raw,dos,time_quartile_1,0.01,0.13903062045574188,22458,545471,22323,5041,0.9939887790542346,0.009241554546437849
matched_random_e2_raw,dos,time_quartile_2,0.01,0.13903062045574188,0,567932,0,1811,,0.003188762034891501
matched_random_e2_raw,dos,time_quartile_3,0.01,0.13903062045574188,0,567931,0,11303,,0.01990206556782426
matched_random_e2_raw,dos,time_quartile_4,0.01,0.13903062045574188,0,567931,0,15026,,0.02645743937203639
matched_random_e2_raw,injection,full_test,0.001,0.6440874934196472,68891,2202832,65262,7552,0.9473225820499049,0.0034283140974890503
matched_random_e2_raw,injection,time_quartile_1,0.001,0.6440874934196472,68891,499038,65262,522,0.9473225820499049,0.0010460125281040722
matched_random_e2_raw,injection,time_quartile_2,0.001,0.6440874934196472,0,567932,0,436,,0.000767697541254939
matched_random_e2_raw,injection,time_quartile_3,0.001,0.6440874934196472,0,567931,0,5749,,0.010122708568470466
matched_random_e2_raw,injection,time_quartile_4,0.001,0.6440874934196472,0,567931,0,845,,0.0014878567995055738
matched_random_e2_raw,injection,full_test,0.01,0.32089146971702576,68891,2202832,66386,25872,0.9636382110870796,0.011744881134830073
matched_random_e2_raw,injection,time_quartile_1,0.01,0.32089146971702576,68891,499038,66386,1555,0.9636382110870796,0.0031159951747161537
matched_random_e2_raw,injection,time_quartile_2,0.01,0.32089146971702576,0,567932,0,7361,,0.012961058718297261
matched_random_e2_raw,injection,time_quartile_3,0.01,0.32089146971702576,0,567931,0,14555,,0.025628113274323818
matched_random_e2_raw,injection,time_quartile_4,0.01,0.32089146971702576,0,567931,0,2401,,0.004227626243328855
matched_random_e2_raw,mitm,full_test,0.001,0.6928921937942505,1161,2270562,1054,9158,0.9078380706287683,0.004033362665278464
matched_random_e2_raw,mitm,time_quartile_1,0.001,0.6928921937942505,0,567929,0,1866,,0.003285621970351928
matched_random_e2_raw,mitm,time_quartile_2,0.001,0.6928921937942505,0,567932,0,1206,,0.0021234936576914137
matched_random_e2_raw,mitm,time_quartile_3,0.001,0.6928921937942505,0,567931,0,208,,0.0003662416737244489
matched_random_e2_raw,mitm,time_quartile_4,0.001,0.6928921937942505,1161,566770,1054,5878,0.9078380706287683,0.010371049985002734
matched_random_e2_raw,mitm,full_test,0.01,0.3273248076438904,1161,2270562,1151,74811,0.9913867355727821,0.032948230438102986
matched_random_e2_raw,mitm,time_quartile_1,0.01,0.3273248076438904,0,567929,0,8405,,0.014799385134409407
matched_random_e2_raw,mitm,time_quartile_2,0.01,0.3273248076438904,0,567932,0,4025,,0.007087116063190664
matched_random_e2_raw,mitm,time_quartile_3,0.01,0.3273248076438904,0,567931,0,6951,,0.012239162856051176
matched_random_e2_raw,mitm,time_quartile_4,0.01,0.3273248076438904,1161,566770,1151,55430,0.9913867355727821,0.09779981297528098
matched_random_e2_raw,password,full_test,0.001,0.44742968678474426,210951,2060772,209298,50311,0.9921640570559039,0.02441366633475222
matched_random_e2_raw,password,time_quartile_1,0.001,0.44742968678474426,0,567929,0,351,,0.0006180350008539799
matched_random_e2_raw,password,time_quartile_2,0.001,0.44742968678474426,182192,385740,180888,49700,0.9928427153771845,0.1288432623010318
matched_random_e2_raw,password,time_quartile_3,0.001,0.44742968678474426,28759,539172,28410,230,0.9878646684516151,0.0004265800152826927
matched_random_e2_raw,password,time_quartile_4,0.001,0.44742968678474426,0,567931,0,30,,5.282331832564167e-05
matched_random_e2_raw,password,full_test,0.01,0.09835071861743927,210951,2060772,210617,53763,0.9984166939241814,0.026088766734020066
matched_random_e2_raw,password,time_quartile_1,0.01,0.09835071861743927,0,567929,0,2626,,0.004623817413796443
matched_random_e2_raw,password,time_quartile_2,0.01,0.09835071861743927,182192,385740,181927,50017,0.9985454904715904,0.12966505936641262
matched_random_e2_raw,password,time_quartile_3,0.01,0.09835071861743927,28759,539172,28690,659,0.9976007510692305,0.0012222444785708456
matched_random_e2_raw,password,time_quartile_4,0.01,0.09835071861743927,0,567931,0,461,,0.0008117183249373603
matched_random_e2_raw,ransomware,full_test,0.001,0.23232512176036835,709,2271014,651,46806,0.918194640338505,0.020610176775660564
matched_random_e2_raw,ransomware,time_quartile_1,0.001,0.23232512176036835,0,567929,0,117,,0.00020601166695132666
matched_random_e2_raw,ransomware,time_quartile_2,0.001,0.23232512176036835,0,567932,0,2508,,0.004416021636393089
matched_random_e2_raw,ransomware,time_quartile_3,0.001,0.23232512176036835,0,567931,0,746,,0.0013135398490309563
matched_random_e2_raw,ransomware,time_quartile_4,0.001,0.23232512176036835,709,567222,651,43435,0.918194640338505,0.07657495654258827
matched_random_e2_raw,ransomware,full_test,0.01,0.05774582922458649,709,2271014,689,68953,0.9717912552891397,0.030362208247064967
matched_random_e2_raw,ransomware,time_quartile_1,0.01,0.05774582922458649,0,567929,0,520,,0.0009156074086725629
matched_random_e2_raw,ransomware,time_quartile_2,0.01,0.05774582922458649,0,567932,0,2800,,0.004930167696132636
matched_random_e2_raw,ransomware,time_quartile_3,0.01,0.05774582922458649,0,567931,0,3215,,0.005660898947231266
matched_random_e2_raw,ransomware,time_quartile_4,0.01,0.05774582922458649,709,567222,689,62418,0.9717912552891397,0.11004157102510129
matched_random_e2_raw,scanning,full_test,0.001,0.4195277690887451,6029,2265694,5741,5838,0.9522308840603748,0.002576693940134899
matched_random_e2_raw,scanning,time_quartile_1,0.001,0.4195277690887451,6029,561900,5741,905,0.9522308840603748,0.001610606869549742
matched_random_e2_raw,scanning,time_quartile_2,0.001,0.4195277690887451,0,567932,0,253,,0.00044547586682912744
matched_random_e2_raw,scanning,time_quartile_3,0.001,0.4195277690887451,0,567931,0,639,,0.0011251366803361675
matched_random_e2_raw,scanning,time_quartile_4,0.001,0.4195277690887451,0,567931,0,4041,,0.007115300978463933
matched_random_e2_raw,scanning,full_test,0.01,0.20825731754302979,6029,2265694,5951,15680,0.9870625310996849,0.006920616817628506
matched_random_e2_raw,scanning,time_quartile_1,0.01,0.20825731754302979,6029,561900,5951,4036,0.9870625310996849,0.007182772735362164
matched_random_e2_raw,scanning,time_quartile_2,0.01,0.20825731754302979,0,567932,0,1602,,0.002820760231858744
matched_random_e2_raw,scanning,time_quartile_3,0.01,0.20825731754302979,0,567931,0,4063,,0.007154038078569403
matched_random_e2_raw,scanning,time_quartile_4,0.01,0.20825731754302979,0,567931,0,5979,,0.010527687342300385
matched_random_e2_raw,xss,full_test,0.001,0.3119182884693146,343854,1927869,310243,109906,0.9022521186317448,0.057009060262912054
matched_random_e2_raw,xss,time_quartile_1,0.001,0.3119182884693146,0,567929,0,1033,,0.0018188893329976106
matched_random_e2_raw,xss,time_quartile_2,0.001,0.3119182884693146,0,567932,0,643,,0.001132177795933316
matched_random_e2_raw,xss,time_quartile_3,0.001,0.3119182884693146,255032,312899,232393,104846,0.9112307475140374,0.3350793706595419
matched_random_e2_raw,xss,time_quartile_4,0.001,0.3119182884693146,88822,479109,77850,3384,0.8764720452140236,0.0070631108996073964
matched_random_e2_raw,xss,full_test,0.01,0.278437077999115,343854,1927869,311877,112561,0.9070041354761033,0.058386228524863464
matched_random_e2_raw,xss,time_quartile_1,0.01,0.278437077999115,0,567929,0,1509,,0.002657022268628649
matched_random_e2_raw,xss,time_quartile_2,0.01,0.278437077999115,0,567932,0,776,,0.0013663607614996162
matched_random_e2_raw,xss,time_quartile_3,0.01,0.278437077999115,255032,312899,233546,106098,0.9157517488001505,0.3390806618109997
matched_random_e2_raw,xss,time_quartile_4,0.01,0.278437077999115,88822,479109,78331,4178,0.8818873702461102,0.008720353823451448
matched_random_e2_calibrated,backdoor,full_test,0.001,0.006884388625621796,40030,2231693,40010,48535,0.9995003747189608,0.02174806301762832
matched_random_e2_calibrated,backdoor,time_quartile_1,0.001,0.006884388625621796,0,567929,0,2216,,0.003901896187727691
matched_random_e2_calibrated,backdoor,time_quartile_2,0.001,0.006884388625621796,0,567932,0,2564,,0.004514624990315742
matched_random_e2_calibrated,backdoor,time_quartile_3,0.001,0.006884388625621796,0,567931,0,1772,,0.0031200973357679014
matched_random_e2_calibrated,backdoor,time_quartile_4,0.001,0.006884388625621796,40030,527901,40010,41983,0.9995003747189608,0.07952816910746523
matched_random_e2_calibrated,backdoor,full_test,0.01,0.002271651290357113,40030,2231693,40010,117442,0.9995003747189608,0.05262462175577017
matched_random_e2_calibrated,backdoor,time_quartile_1,0.01,0.002271651290357113,0,567929,0,8024,,0.014128526629208932
matched_random_e2_calibrated,backdoor,time_quartile_2,0.01,0.002271651290357113,0,567932,0,5505,,0.0096930618454322
matched_random_e2_calibrated,backdoor,time_quartile_3,0.01,0.002271651290357113,0,567931,0,4667,,0.008217547554192323
matched_random_e2_calibrated,backdoor,time_quartile_4,0.01,0.002271651290357113,40030,527901,40010,99246,0.9995003747189608,0.1880011593082794
matched_random_e2_calibrated,benign,full_test,0.001,0.5094434022903442,1474302,797421,1187460,837,0.8054387771297875,0.0010496337568235599
matched_random_e2_calibrated,benign,time_quartile_1,0.001,0.5094434022903442,394793,173136,384717,606,0.9744777642967327,0.0035001386193512615
matched_random_e2_calibrated,benign,time_quartile_2,0.001,0.5094434022903442,358160,209772,301092,5,0.8406633906633907,2.3835402246248308e-05
matched_random_e2_calibrated,benign,time_quartile_3,0.001,0.5094434022903442,284140,283791,163139,120,0.5741500668684452,0.0004228463904774993
matched_random_e2_calibrated,benign,time_quartile_4,0.001,0.5094434022903442,437209,130722,338512,106,0.7742567056030412,0.0008108811064702192
matched_random_e2_calibrated,benign,full_test,0.01,0.17784717679023743,1474302,797421,1293419,12072,0.8773093979388212,0.015138803718487474
matched_random_e2_calibrated,benign,time_quartile_1,0.01,0.17784717679023743,394793,173136,391823,2954,0.9924770702621374,0.01706173181776176
matched_random_e2_calibrated,benign,time_quartile_2,0.01,0.17784717679023743,358160,209772,304141,61,0.8491763457672549,0.0002907919074042294
matched_random_e2_calibrated,benign,time_quartile_3,0.01,0.17784717679023743,284140,283791,178505,4368,0.6282290420215387,0.015391608613380974
matched_random_e2_calibrated,benign,time_quartile_4,0.01,0.17784717679023743,437209,130722,418950,4689,0.9582373647386033,0.03587001422866847
matched_random_e2_calibrated,ddos,full_test,0.001,0.9050329923629761,103338,2168385,31984,135,0.3095086028372912,6.225831667346897e-05
matched_random_e2_calibrated,ddos,time_quartile_1,0.001,0.9050329923629761,75758,492171,29067,48,0.38368225137939227,9.752707900302944e-05
matched_random_e2_calibrated,ddos,time_quartile_2,0.001,0.9050329923629761,27580,540352,2917,13,0.10576504713560551,2.405839156697856e-05
matched_random_e2_calibrated,ddos,time_quartile_3,0.001,0.9050329923629761,0,567931,0,20,,3.521554555042778e-05
matched_random_e2_calibrated,ddos,time_quartile_4,0.001,0.9050329923629761,0,567931,0,54,,9.5081972986155e-05
matched_random_e2_calibrated,ddos,full_test,0.01,0.48026221990585327,103338,2168385,101593,2050,0.9831136658344461,0.0009454040680045287
matched_random_e2_calibrated,ddos,time_quartile_1,0.01,0.48026221990585327,75758,492171,74220,559,0.9796985136883234,0.0011357841075561137
matched_random_e2_calibrated,ddos,time_quartile_2,0.01,0.48026221990585327,27580,540352,27373,39,0.9924945612762872,7.217517470093569e-05
matched_random_e2_calibrated,ddos,time_quartile_3,0.01,0.48026221990585327,0,567931,0,907,,0.0015970249907119
matched_random_e2_calibrated,ddos,time_quartile_4,0.01,0.48026221990585327,0,567931,0,545,,0.000959623616249157
matched_random_e2_calibrated,dos,full_test,0.001,0.26383891701698303,22458,2249265,21970,3671,0.978270549470122,0.0016320887045323694
matched_random_e2_calibrated,dos,time_quartile_1,0.001,0.26383891701698303,22458,545471,21970,484,0.978270549470122,0.0008873065662519181
matched_random_e2_calibrated,dos,time_quartile_2,0.001,0.26383891701698303,0,567932,0,455,,0.0008011522506215533
matched_random_e2_calibrated,dos,time_quartile_3,0.001,0.26383891701698303,0,567931,0,805,,0.0014174257084047183
matched_random_e2_calibrated,dos,time_quartile_4,0.001,0.26383891701698303,0,567931,0,1927,,0.0033930178137837165
matched_random_e2_calibrated,dos,full_test,0.01,0.1277717649936676,22458,2249265,22318,27522,0.9937661412414285,0.012235997092383512
matched_random_e2_calibrated,dos,time_quartile_1,0.01,0.1277717649936676,22458,545471,22318,2298,0.9937661412414285,0.004212872911667165
matched_random_e2_calibrated,dos,time_quartile_2,0.01,0.1277717649936676,0,567932,0,1445,,0.002544318686039878
matched_random_e2_calibrated,dos,time_quartile_3,0.01,0.1277717649936676,0,567931,0,10799,,0.01901463381995348
matched_random_e2_calibrated,dos,time_quartile_4,0.01,0.1277717649936676,0,567931,0,12980,,0.02285488906222763
matched_random_e2_calibrated,injection,full_test,0.001,0.7131227254867554,68891,2202832,65299,8052,0.9478596623651856,0.003655294638901196
matched_random_e2_calibrated,injection,time_quartile_1,0.001,0.7131227254867554,68891,499038,65299,538,0.9478596623651856,0.0010780742147892546
matched_random_e2_calibrated,injection,time_quartile_2,0.001,0.7131227254867554,0,567932,0,403,,0.0007095919934076614
matched_random_e2_calibrated,injection,time_quartile_3,0.001,0.7131227254867554,0,567931,0,6211,,0.010936187670685348
matched_random_e2_calibrated,injection,time_quartile_4,0.001,0.7131227254867554,0,567931,0,900,,0.00158469954976925
matched_random_e2_calibrated,injection,full_test,0.01,0.3209432065486908,68891,2202832,66386,26492,0.9636382110870796,0.012026337006181134
matched_random_e2_calibrated,injection,time_quartile_1,0.01,0.3209432065486908,68891,499038,66386,1706,0.9636382110870796,0.0034185773428075618
matched_random_e2_calibrated,injection,time_quartile_2,0.01,0.3209432065486908,0,567932,0,4981,,0.008770416176584521
matched_random_e2_calibrated,injection,time_quartile_3,0.01,0.3209432065486908,0,567931,0,16911,,0.02977650454016421
matched_random_e2_calibrated,injection,time_quartile_4,0.01,0.3209432065486908,0,567931,0,2894,,0.0050956894411469
matched_random_e2_calibrated,mitm,full_test,0.001,0.7978186011314392,1161,2270562,1042,7981,0.8975021533161068,0.0035149888001296597
matched_random_e2_calibrated,mitm,time_quartile_1,0.001,0.7978186011314392,0,567929,0,1754,,0.0030884142207916834
matched_random_e2_calibrated,mitm,time_quartile_2,0.001,0.7978186011314392,0,567932,0,1122,,0.001975588626807435
matched_random_e2_calibrated,mitm,time_quartile_3,0.001,0.7978186011314392,0,567931,0,167,,0.00029404980534607195
matched_random_e2_calibrated,mitm,time_quartile_4,0.001,0.7978186011314392,1161,566770,1042,4938,0.8975021533161068,0.008712528891790321
matched_random_e2_calibrated,mitm,full_test,0.01,0.3719721734523773,1161,2270562,1148,72935,0.9888027562446167,0.03212200327496012
matched_random_e2_calibrated,mitm,time_quartile_1,0.01,0.3719721734523773,0,567929,0,7606,,0.01339251913531445
matched_random_e2_calibrated,mitm,time_quartile_2,0.01,0.3719721734523773,0,567932,0,3777,,0.006650444067247487
matched_random_e2_calibrated,mitm,time_quartile_3,0.01,0.3719721734523773,0,567931,0,6961,,0.012256770628826389
matched_random_e2_calibrated,mitm,time_quartile_4,0.01,0.3719721734523773,1161,566770,1148,54591,0.9888027562446167,0.09631949468038181
matched_random_e2_calibrated,password,full_test,0.001,0.5291497111320496,210951,2060772,208646,50018,0.9890732919019108,0.024271486607931398
matched_random_e2_calibrated,password,time_quartile_1,0.001,0.5291497111320496,0,567929,0,257,,0.00045252135390163207
matched_random_e2_calibrated,password,time_quartile_2,0.001,0.5291497111320496,182192,385740,180370,49595,0.9899995609027838,0.1285710582257479
matched_random_e2_calibrated,password,time_quartile_3,0.001,0.5291497111320496,28759,539172,28276,146,0.9832052574846135,0.00027078557491857884
matched_random_e2_calibrated,password,time_quartile_4,0.001,0.5291497111320496,0,567931,0,20,,3.521554555042778e-05
matched_random_e2_calibrated,password,full_test,0.01,0.06593579798936844,210951,2060772,210616,53840,0.9984119534868287,0.026126131372126563
matched_random_e2_calibrated,password,time_quartile_1,0.01,0.06593579798936844,0,567929,0,2629,,0.004629099764231092
matched_random_e2_calibrated,password,time_quartile_2,0.01,0.06593579798936844,182192,385740,181926,50019,0.9985400017563889,0.12967024420594184
matched_random_e2_calibrated,password,time_quartile_3,0.01,0.06593579798936844,28759,539172,28690,687,0.9976007510692305,0.001274175958692217
matched_random_e2_calibrated,password,time_quartile_4,0.01,0.06593579798936844,0,567931,0,505,,0.0008891925251483015
matched_random_e2_calibrated,ransomware,full_test,0.001,0.23567219078540802,709,2271014,651,45675,0.918194640338505,0.020112161351713377
matched_random_e2_calibrated,ransomware,time_quartile_1,0.001,0.23567219078540802,0,567929,0,109,,0.00019192539912559492
matched_random_e2_calibrated,ransomware,time_quartile_2,0.001,0.23567219078540802,0,567932,0,2508,,0.004416021636393089
matched_random_e2_calibrated,ransomware,time_quartile_3,0.001,0.23567219078540802,0,567931,0,715,,0.0012589557534277932
matched_random_e2_calibrated,ransomware,time_quartile_4,0.001,0.23567219078540802,709,567222,651,42343,0.918194640338505,0.07464978438777058
matched_random_e2_calibrated,ransomware,full_test,0.01,0.035340335220098495,709,2271014,689,68682,0.9717912552891397,0.030242878291371168
matched_random_e2_calibrated,ransomware,time_quartile_1,0.01,0.035340335220098495,0,567929,0,538,,0.0009473015112804594
matched_random_e2_calibrated,ransomware,time_quartile_2,0.01,0.035340335220098495,0,567932,0,2831,,0.004984751695625533
matched_random_e2_calibrated,ransomware,time_quartile_3,0.01,0.035340335220098495,0,567931,0,3282,,0.005778871024825199
matched_random_e2_calibrated,ransomware,time_quartile_4,0.01,0.035340335220098495,709,567222,689,62031,0.9717912552891397,0.10935929847572907
matched_random_e2_calibrated,scanning,full_test,0.001,0.4491506516933441,6029,2265694,5664,5548,0.9394592801459611,0.0024486978382782494
matched_random_e2_calibrated,scanning,time_quartile_1,0.001,0.4491506516933441,6029,561900,5664,586,0.9394592801459611,0.0010428901939846947
matched_random_e2_calibrated,scanning,time_quartile_2,0.001,0.4491506516933441,0,567932,0,241,,0.0004243465767028447
matched_random_e2_calibrated,scanning,time_quartile_3,0.001,0.4491506516933441,0,567931,0,714,,0.0012571949761502718
matched_random_e2_calibrated,scanning,time_quartile_4,0.001,0.4491506516933441,0,567931,0,4007,,0.007055434551028206
matched_random_e2_calibrated,scanning,full_test,0.01,0.20933105051517487,6029,2265694,5909,13518,0.9800962016918229,0.005966383809993759
matched_random_e2_calibrated,scanning,time_quartile_1,0.01,0.20933105051517487,6029,561900,5909,3007,0.9800962016918229,0.0053514860295426235
matched_random_e2_calibrated,scanning,time_quartile_2,0.01,0.20933105051517487,0,567932,0,1037,,0.0018259228217462654
matched_random_e2_calibrated,scanning,time_quartile_3,0.01,0.20933105051517487,0,567931,0,3627,,0.006386339185570078
matched_random_e2_calibrated,scanning,time_quartile_4,0.01,0.20933105051517487,0,567931,0,5847,,0.010295264741667563
matched_random_e2_calibrated,xss,full_test,0.001,0.3146672546863556,343854,1927869,311169,110050,0.9049451220576175,0.05708375413474671
matched_random_e2_calibrated,xss,time_quartile_1,0.001,0.3146672546863556,0,567929,0,1040,,0.0018312148173451259
matched_random_e2_calibrated,xss,time_quartile_2,0.001,0.3146672546863556,0,567932,0,636,,0.0011198523766929843
matched_random_e2_calibrated,xss,time_quartile_3,0.001,0.3146672546863556,255032,312899,233070,105159,0.9138853163524577,0.33607969344740635
matched_random_e2_calibrated,xss,time_quartile_4,0.001,0.3146672546863556,88822,479109,78099,3215,0.8792754047420684,0.0067103727961695565
matched_random_e2_calibrated,xss,full_test,0.01,0.2793004512786865,343854,1927869,314489,112280,0.9146003827205733,0.05824047173329723
matched_random_e2_calibrated,xss,time_quartile_1,0.01,0.2793004512786865,0,567929,0,1375,,0.0024210772825476426
matched_random_e2_calibrated,xss,time_quartile_2,0.01,0.2793004512786865,0,567932,0,724,,0.0012748005042857243
matched_random_e2_calibrated,xss,time_quartile_3,0.01,0.2793004512786865,255032,312899,235477,106446,0.9233233476583331,0.3401928417796158
matched_random_e2_calibrated,xss,time_quartile_4,0.01,0.2793004512786865,88822,479109,79012,3735,0.8895543896782329,0.0077957208067475255
matched_random_e3_raw,backdoor,full_test,0.001,0.01599257066845894,40030,2231693,40010,44373,0.9995003747189608,0.019883111162691283
matched_random_e3_raw,backdoor,time_quartile_1,0.001,0.01599257066845894,0,567929,0,2044,,0.003599041429474459
matched_random_e3_raw,backdoor,time_quartile_2,0.001,0.01599257066845894,0,567932,0,883,,0.0015547635984589703
matched_random_e3_raw,backdoor,time_quartile_3,0.001,0.01599257066845894,0,567931,0,301,,0.0005299939605339381
matched_random_e3_raw,backdoor,time_quartile_4,0.001,0.01599257066845894,40030,527901,40010,41145,0.9995003747189608,0.07794075025430905
matched_random_e3_raw,backdoor,full_test,0.01,0.009731341153383255,40030,2231693,40010,67824,0.9995003747189608,0.030391276936388652
matched_random_e3_raw,backdoor,time_quartile_1,0.01,0.009731341153383255,0,567929,0,3506,,0.006173306874626934
matched_random_e3_raw,backdoor,time_quartile_2,0.01,0.009731341153383255,0,567932,0,2718,,0.004785784213603037
matched_random_e3_raw,backdoor,time_quartile_3,0.01,0.009731341153383255,0,567931,0,1972,,0.003472252791272179
matched_random_e3_raw,backdoor,time_quartile_4,0.01,0.009731341153383255,40030,527901,40010,59628,0.9995003747189608,0.11295299686873107
matched_random_e3_raw,benign,full_test,0.001,0.7058196067810059,1474302,797421,1022530,768,0.6935688888708013,0.0009631048091284278
matched_random_e3_raw,benign,time_quartile_1,0.001,0.7058196067810059,394793,173136,339895,737,0.8609448495793999,0.0042567692449866
matched_random_e3_raw,benign,time_quartile_2,0.001,0.7058196067810059,358160,209772,277524,2,0.7748603975876703,9.534160898499323e-06
matched_random_e3_raw,benign,time_quartile_3,0.001,0.7058196067810059,284140,283791,93634,16,0.3295347363975505,5.637951873033324e-05
matched_random_e3_raw,benign,time_quartile_4,0.001,0.7058196067810059,437209,130722,311477,13,0.7124212905040839,9.944768286898915e-05
matched_random_e3_raw,benign,full_test,0.01,0.2729233503341675,1474302,797421,1284997,10253,0.8715968641431674,0.012857700010408554
matched_random_e3_raw,benign,time_quartile_1,0.01,0.2729233503341675,394793,173136,390105,3704,0.9881254226898654,0.02139358654468164
matched_random_e3_raw,benign,time_quartile_2,0.01,0.2729233503341675,358160,209772,304471,41,0.8500977216886307,0.00019545029841923613
matched_random_e3_raw,benign,time_quartile_3,0.01,0.2729233503341675,284140,283791,176942,3356,0.6227282325614134,0.011825604053687397
matched_random_e3_raw,benign,time_quartile_4,0.01,0.2729233503341675,437209,130722,413479,3152,0.9457238986388661,0.024112238184850292
matched_random_e3_raw,ddos,full_test,0.001,0.8964583277702332,103338,2168385,39491,188,0.38215370918732705,8.670047062675678e-05
matched_random_e3_raw,ddos,time_quartile_1,0.001,0.8964583277702332,75758,492171,36663,74,0.48394888988621665,0.00015035424679633703
matched_random_e3_raw,ddos,time_quartile_2,0.001,0.8964583277702332,27580,540352,2828,13,0.10253807106598985,2.405839156697856e-05
matched_random_e3_raw,ddos,time_quartile_3,0.001,0.8964583277702332,0,567931,0,79,,0.00013910140492418973
matched_random_e3_raw,ddos,time_quartile_4,0.001,0.8964583277702332,0,567931,0,22,,3.8737100105470556e-05
matched_random_e3_raw,ddos,full_test,0.01,0.8038742542266846,103338,2168385,43910,356,0.424916294102847,0.00016417748693151816
matched_random_e3_raw,ddos,time_quartile_1,0.01,0.8038742542266846,75758,492171,39639,156,0.5232318699015286,0.0003169630067598457
matched_random_e3_raw,ddos,time_quartile_2,0.01,0.8038742542266846,27580,540352,4271,19,0.1548585931834663,3.516226459789175e-05
matched_random_e3_raw,ddos,time_quartile_3,0.01,0.8038742542266846,0,567931,0,127,,0.0002236187142452164
matched_random_e3_raw,ddos,time_quartile_4,0.01,0.8038742542266846,0,567931,0,54,,9.5081972986155e-05
matched_random_e3_raw,dos,full_test,0.001,0.20456968247890472,22458,2249265,22213,5086,0.9890907471724998,0.0022611830975896572
matched_random_e3_raw,dos,time_quartile_1,0.001,0.20456968247890472,22458,545471,22213,747,0.9890907471724998,0.0013694586879962455
matched_random_e3_raw,dos,time_quartile_2,0.001,0.20456968247890472,0,567932,0,798,,0.0014050977933978011
matched_random_e3_raw,dos,time_quartile_3,0.001,0.20456968247890472,0,567931,0,661,,0.0011638737804416381
matched_random_e3_raw,dos,time_quartile_4,0.001,0.20456968247890472,0,567931,0,2880,,0.0050710385592616005
matched_random_e3_raw,dos,full_test,0.01,0.16667015850543976,22458,2249265,22345,25394,0.9949683854305815,0.011289910259573682
matched_random_e3_raw,dos,time_quartile_1,0.01,0.16667015850543976,22458,545471,22345,1447,0.9949683854305815,0.0026527533086085236
matched_random_e3_raw,dos,time_quartile_2,0.01,0.16667015850543976,0,567932,0,1519,,0.002674615975151955
matched_random_e3_raw,dos,time_quartile_3,0.01,0.16667015850543976,0,567931,0,10512,,0.01850929074130484
matched_random_e3_raw,dos,time_quartile_4,0.01,0.16667015850543976,0,567931,0,11916,,0.02098142203894487
matched_random_e3_raw,injection,full_test,0.001,0.5989388823509216,68891,2202832,65340,8380,0.9484548054172534,0.003804193874067564
matched_random_e3_raw,injection,time_quartile_1,0.001,0.5989388823509216,68891,499038,65340,98,0.9484548054172534,0.00019637783094674153
matched_random_e3_raw,injection,time_quartile_2,0.001,0.5989388823509216,0,567932,0,212,,0.0003732841255643281
matched_random_e3_raw,injection,time_quartile_3,0.001,0.5989388823509216,0,567931,0,7016,,0.012353613379090066
matched_random_e3_raw,injection,time_quartile_4,0.001,0.5989388823509216,0,567931,0,1054,,0.001855859250507544
matched_random_e3_raw,injection,full_test,0.01,0.2096315622329712,68891,2202832,66717,50781,0.968442902556212,0.023052597746900355
matched_random_e3_raw,injection,time_quartile_1,0.01,0.2096315622329712,68891,499038,66717,2264,0.968442902556212,0.0045367286659532945
matched_random_e3_raw,injection,time_quartile_2,0.01,0.2096315622329712,0,567932,0,14796,,0.0260524147257066
matched_random_e3_raw,injection,time_quartile_3,0.01,0.2096315622329712,0,567931,0,30450,,0.053615668100526294
matched_random_e3_raw,injection,time_quartile_4,0.01,0.2096315622329712,0,567931,0,3271,,0.005759502474772463
matched_random_e3_raw,mitm,full_test,0.001,0.680415153503418,1161,2270562,1013,7363,0.8725236864771748,0.003242809489456795
matched_random_e3_raw,mitm,time_quartile_1,0.001,0.680415153503418,0,567929,0,2208,,0.0038878099199019596
matched_random_e3_raw,mitm,time_quartile_2,0.001,0.680415153503418,0,567932,0,1107,,0.0019491770141495813
matched_random_e3_raw,mitm,time_quartile_3,0.001,0.680415153503418,0,567931,0,160,,0.0002817243644034222
matched_random_e3_raw,mitm,time_quartile_4,0.001,0.680415153503418,1161,566770,1013,3888,0.8725236864771748,0.00685992554298922
matched_random_e3_raw,mitm,full_test,0.01,0.19368022680282593,1161,2270562,1152,81431,0.9922480620155039,0.035863808167317164
matched_random_e3_raw,mitm,time_quartile_1,0.01,0.19368022680282593,0,567929,0,10593,,0.018651979384747035
matched_random_e3_raw,mitm,time_quartile_2,0.01,0.19368022680282593,0,567932,0,5466,,0.009624391652521781
matched_random_e3_raw,mitm,time_quartile_3,0.01,0.19368022680282593,0,567931,0,5716,,0.01006460291831226
matched_random_e3_raw,mitm,time_quartile_4,0.01,0.19368022680282593,1161,566770,1152,59656,0.9922480620155039,0.10525610035816998
matched_random_e3_raw,password,full_test,0.001,0.46713775396347046,210951,2060772,209967,50456,0.9953354096448939,0.024484028315602115
matched_random_e3_raw,password,time_quartile_1,0.001,0.46713775396347046,0,567929,0,404,,0.0007113565251994527
matched_random_e3_raw,password,time_quartile_2,0.001,0.46713775396347046,182192,385740,181405,49807,0.9956803811363836,0.12912065121584487
matched_random_e3_raw,password,time_quartile_3,0.001,0.46713775396347046,28759,539172,28562,213,0.9931499704440349,0.00039505018806614586
matched_random_e3_raw,password,time_quartile_4,0.001,0.46713775396347046,0,567931,0,32,,5.634487288068445e-05
matched_random_e3_raw,password,full_test,0.01,0.04679364711046219,210951,2060772,210754,58748,0.9990661338415082,0.028507763110135424
matched_random_e3_raw,password,time_quartile_1,0.01,0.04679364711046219,0,567929,0,3309,,0.00582643252941829
matched_random_e3_raw,password,time_quartile_2,0.01,0.04679364711046219,182192,385740,182042,50868,0.9991766927197682,0.13187120858609427
matched_random_e3_raw,password,time_quartile_3,0.01,0.04679364711046219,28759,539172,28712,3148,0.998365728989186,0.005838582122217029
matched_random_e3_raw,password,time_quartile_4,0.01,0.04679364711046219,0,567931,0,1423,,0.0025055860659129368
matched_random_e3_raw,ransomware,full_test,0.001,0.2529584765434265,709,2271014,707,44557,0.997179125528914,0.01961987024298397
matched_random_e3_raw,ransomware,time_quartile_1,0.001,0.2529584765434265,0,567929,0,86,,0.00015142737912661618
matched_random_e3_raw,ransomware,time_quartile_2,0.001,0.2529584765434265,0,567932,0,2203,,0.00387898551235007
matched_random_e3_raw,ransomware,time_quartile_3,0.001,0.2529584765434265,0,567931,0,1853,,0.003262720295247134
matched_random_e3_raw,ransomware,time_quartile_4,0.001,0.2529584765434265,709,567222,707,40415,0.997179125528914,0.07125076248805583
matched_random_e3_raw,ransomware,full_test,0.01,0.12063466757535934,709,2271014,708,60022,0.998589562764457,0.026429603692447515
matched_random_e3_raw,ransomware,time_quartile_1,0.01,0.12063466757535934,0,567929,0,502,,0.0008839133060646665
matched_random_e3_raw,ransomware,time_quartile_2,0.01,0.12063466757535934,0,567932,0,2762,,0.004863258277399407
matched_random_e3_raw,ransomware,time_quartile_3,0.01,0.12063466757535934,0,567931,0,3901,,0.0068687921596109385
matched_random_e3_raw,ransomware,time_quartile_4,0.01,0.12063466757535934,709,567222,708,52857,0.998589562764457,0.09318573680146398
matched_random_e3_raw,scanning,full_test,0.001,0.30683302879333496,6029,2265694,5182,6153,0.8595123569414497,0.0027157241887033287
matched_random_e3_raw,scanning,time_quartile_1,0.001,0.30683302879333496,6029,561900,5182,1092,0.8595123569414497,0.0019434063000533903
matched_random_e3_raw,scanning,time_quartile_2,0.001,0.30683302879333496,0,567932,0,291,,0.0005123852855623561
matched_random_e3_raw,scanning,time_quartile_3,0.001,0.30683302879333496,0,567931,0,600,,0.0010564663665128334
matched_random_e3_raw,scanning,time_quartile_4,0.001,0.30683302879333496,0,567931,0,4170,,0.0073424412472641925
matched_random_e3_raw,scanning,full_test,0.01,0.15599994361400604,6029,2265694,5875,21048,0.9744567921711726,0.009289868799581939
matched_random_e3_raw,scanning,time_quartile_1,0.01,0.15599994361400604,6029,561900,5875,4287,0.9744567921711726,0.007629471436198612
matched_random_e3_raw,scanning,time_quartile_2,0.01,0.15599994361400604,0,567932,0,1829,,0.003220455970080925
matched_random_e3_raw,scanning,time_quartile_3,0.01,0.15599994361400604,0,567931,0,8111,,0.014281664497975986
matched_random_e3_raw,scanning,time_quartile_4,0.01,0.15599994361400604,0,567931,0,6821,,0.012010261809973395
matched_random_e3_raw,xss,full_test,0.001,0.2858395576477051,343854,1927869,325514,115835,0.9466634094702985,0.06008447669421522
matched_random_e3_raw,xss,time_quartile_1,0.001,0.2858395576477051,0,567929,0,1404,,0.0024721400034159197
matched_random_e3_raw,xss,time_quartile_2,0.001,0.2858395576477051,0,567932,0,326,,0.000574012381764014
matched_random_e3_raw,xss,time_quartile_3,0.001,0.2858395576477051,255032,312899,243833,111040,0.9560878634837982,0.3548748957331279
matched_random_e3_raw,xss,time_quartile_4,0.001,0.2858395576477051,88822,479109,81681,3065,0.9196032514467136,0.006397291639272065
matched_random_e3_raw,xss,full_test,0.01,0.2614774703979492,343854,1927869,328777,215855,0.9561529021037999,0.11196559517270105
matched_random_e3_raw,xss,time_quartile_1,0.01,0.2614774703979492,0,567929,0,31589,,0.05562138929337998
matched_random_e3_raw,xss,time_quartile_2,0.01,0.2614774703979492,0,567932,0,20441,,0.03599198495594543
matched_random_e3_raw,xss,time_quartile_3,0.01,0.2614774703979492,255032,312899,246174,157415,0.9652671037360018,0.5030856602290196
matched_random_e3_raw,xss,time_quartile_4,0.01,0.2614774703979492,88822,479109,82603,6410,0.9299835626308798,0.013379001438086114
matched_random_e3_calibrated,backdoor,full_test,0.001,0.006971398368477821,40030,2231693,40010,44832,0.9995003747189608,0.020088784613295826
matched_random_e3_calibrated,backdoor,time_quartile_1,0.001,0.006971398368477821,0,567929,0,2116,,0.0037258178399060446
matched_random_e3_calibrated,backdoor,time_quartile_2,0.001,0.006971398368477821,0,567932,0,986,,0.0017361233387095639
matched_random_e3_calibrated,backdoor,time_quartile_3,0.001,0.006971398368477821,0,567931,0,332,,0.0005845780561371011
matched_random_e3_calibrated,backdoor,time_quartile_4,0.001,0.006971398368477821,40030,527901,40010,41398,0.9995003747189608,0.07842000678157457
matched_random_e3_calibrated,backdoor,full_test,0.01,0.004469301551580429,40030,2231693,40010,56465,0.9995003747189608,0.02530141914680917
matched_random_e3_calibrated,backdoor,time_quartile_1,0.01,0.004469301551580429,0,567929,0,3294,,0.005800020777245043
matched_random_e3_calibrated,backdoor,time_quartile_2,0.01,0.004469301551580429,0,567932,0,1587,,0.00279434861920089
matched_random_e3_calibrated,backdoor,time_quartile_3,0.01,0.004469301551580429,0,567931,0,950,,0.0016727384136453196
matched_random_e3_calibrated,backdoor,time_quartile_4,0.01,0.004469301551580429,40030,527901,40010,50634,0.9995003747189608,0.09591571146862764
matched_random_e3_calibrated,benign,full_test,0.001,0.7590008974075317,1474302,797421,1033921,760,0.7012952570097578,0.0009530724673666733
matched_random_e3_calibrated,benign,time_quartile_1,0.001,0.7590008974075317,394793,173136,342089,706,0.8665021922881104,0.004077719249607245
matched_random_e3_calibrated,benign,time_quartile_2,0.001,0.7590008974075317,358160,209772,277978,2,0.7761279874916238,9.534160898499323e-06
matched_random_e3_calibrated,benign,time_quartile_3,0.001,0.7590008974075317,284140,283791,95349,27,0.33557049341873724,9.514043785743733e-05
matched_random_e3_calibrated,benign,time_quartile_4,0.001,0.7590008974075317,437209,130722,318505,25,0.7284959824706262,0.0001912455439788253
matched_random_e3_calibrated,benign,full_test,0.01,0.2854268550872803,1474302,797421,1283287,10494,0.8704369932347646,0.013159924305981407
matched_random_e3_calibrated,benign,time_quartile_1,0.01,0.2854268550872803,394793,173136,390016,3343,0.987899988095027,0.019308520469457538
matched_random_e3_calibrated,benign,time_quartile_2,0.01,0.2854268550872803,358160,209772,304391,23,0.8498743578289033,0.00010964285033274221
matched_random_e3_calibrated,benign,time_quartile_3,0.01,0.2854268550872803,284140,283791,176732,3682,0.6219891602731048,0.012974336747817937
matched_random_e3_calibrated,benign,time_quartile_4,0.01,0.2854268550872803,437209,130722,412148,3446,0.9426795880231194,0.026361285782041277
matched_random_e3_calibrated,ddos,full_test,0.001,0.9562291502952576,103338,2168385,38847,176,0.37592173256691636,8.116639803355954e-05
matched_random_e3_calibrated,ddos,time_quartile_1,0.001,0.9562291502952576,75758,492171,36112,70,0.47667573061590857,0.00014222699021275125
matched_random_e3_calibrated,ddos,time_quartile_2,0.001,0.9562291502952576,27580,540352,2735,13,0.0991660623640319,2.405839156697856e-05
matched_random_e3_calibrated,ddos,time_quartile_3,0.001,0.9562291502952576,0,567931,0,71,,0.00012501518670401861
matched_random_e3_calibrated,ddos,time_quartile_4,0.001,0.9562291502952576,0,567931,0,22,,3.8737100105470556e-05
matched_random_e3_calibrated,ddos,full_test,0.01,0.8953532576560974,103338,2168385,43635,372,0.42225512396214365,0.00017155625038911448
matched_random_e3_calibrated,ddos,time_quartile_1,0.01,0.8953532576560974,75758,492171,39475,155,0.5210670820243407,0.0003149311926139492
matched_random_e3_calibrated,ddos,time_quartile_2,0.01,0.8953532576560974,27580,540352,4160,19,0.15083393763596809,3.516226459789175e-05
matched_random_e3_calibrated,ddos,time_quartile_3,0.01,0.8953532576560974,0,567931,0,125,,0.00022009715969017362
matched_random_e3_calibrated,ddos,time_quartile_4,0.01,0.8953532576560974,0,567931,0,73,,0.0001285367412590614
matched_random_e3_calibrated,dos,full_test,0.001,0.19774691760540009,22458,2249265,22213,4852,0.9890907471724998,0.002157149113154742
matched_random_e3_calibrated,dos,time_quartile_1,0.001,0.19774691760540009,22458,545471,22213,696,0.9890907471724998,0.0012759615084944938
matched_random_e3_calibrated,dos,time_quartile_2,0.001,0.19774691760540009,0,567932,0,773,,0.0013610784389680454
matched_random_e3_calibrated,dos,time_quartile_3,0.001,0.19774691760540009,0,567931,0,615,,0.0010828780256756543
matched_random_e3_calibrated,dos,time_quartile_4,0.001,0.19774691760540009,0,567931,0,2768,,0.004873831504179205
matched_random_e3_calibrated,dos,full_test,0.01,0.15453311800956726,22458,2249265,22389,26122,0.9969275981832755,0.011613571544482308
matched_random_e3_calibrated,dos,time_quartile_1,0.01,0.15453311800956726,22458,545471,22389,1323,0.9969275981832755,0.002425426832957206
matched_random_e3_calibrated,dos,time_quartile_2,0.01,0.15453311800956726,0,567932,0,1325,,0.002333025784777051
matched_random_e3_calibrated,dos,time_quartile_3,0.01,0.15453311800956726,0,567931,0,13431,,0.023648999614389776
matched_random_e3_calibrated,dos,time_quartile_4,0.01,0.15453311800956726,0,567931,0,10043,,0.01768348619814731
matched_random_e3_calibrated,injection,full_test,0.001,0.6740654110908508,68891,2202832,65310,9326,0.9480193348913502,0.004233641058419344
matched_random_e3_calibrated,injection,time_quartile_1,0.001,0.6740654110908508,68891,499038,65310,803,0.9480193348913502,0.0016090959005125862
matched_random_e3_calibrated,injection,time_quartile_2,0.001,0.6740654110908508,0,567932,0,191,,0.0003363078678433334
matched_random_e3_calibrated,injection,time_quartile_3,0.001,0.6740654110908508,0,567931,0,7275,,0.012809654693968105
matched_random_e3_calibrated,injection,time_quartile_4,0.001,0.6740654110908508,0,567931,0,1057,,0.0018611415823401082
matched_random_e3_calibrated,injection,full_test,0.01,0.1973416954278946,68891,2202832,66688,50253,0.9680219477145056,0.022812906295169126
matched_random_e3_calibrated,injection,time_quartile_1,0.01,0.1973416954278946,68891,499038,66688,3008,0.9680219477145056,0.006027597096814271
matched_random_e3_calibrated,injection,time_quartile_2,0.01,0.1973416954278946,0,567932,0,8918,,0.015702584112182446
matched_random_e3_calibrated,injection,time_quartile_3,0.01,0.1973416954278946,0,567931,0,34970,,0.061574381394922974
matched_random_e3_calibrated,injection,time_quartile_4,0.01,0.1973416954278946,0,567931,0,3357,,0.005910929320639303
matched_random_e3_calibrated,mitm,full_test,0.001,0.7901884913444519,1161,2270562,1009,6525,0.8690783807062877,0.002873737867541164
matched_random_e3_calibrated,mitm,time_quartile_1,0.001,0.7901884913444519,0,567929,0,1908,,0.0033595748764370195
matched_random_e3_calibrated,mitm,time_quartile_2,0.001,0.7901884913444519,0,567932,0,1030,,0.0018135974025059339
matched_random_e3_calibrated,mitm,time_quartile_3,0.001,0.7901884913444519,0,567931,0,139,,0.0002447480415754731
matched_random_e3_calibrated,mitm,time_quartile_4,0.001,0.7901884913444519,1161,566770,1009,3448,0.8690783807062877,0.006083596520634472
matched_random_e3_calibrated,mitm,full_test,0.01,0.18645603954792023,1161,2270562,1152,79619,0.9922480620155039,0.03506576785835401
matched_random_e3_calibrated,mitm,time_quartile_1,0.01,0.18645603954792023,0,567929,0,10144,,0.017861387603027842
matched_random_e3_calibrated,mitm,time_quartile_2,0.01,0.18645603954792023,0,567932,0,5195,,0.009147221850503229
matched_random_e3_calibrated,mitm,time_quartile_3,0.01,0.18645603954792023,0,567931,0,5663,,0.009971281722603626
matched_random_e3_calibrated,mitm,time_quartile_4,0.01,0.18645603954792023,1161,566770,1152,58617,0.9922480620155039,0.10342290523492775
matched_random_e3_calibrated,password,full_test,0.001,0.5388622283935547,210951,2060772,209690,50346,0.9940223084981821,0.024430650261164262
matched_random_e3_calibrated,password,time_quartile_1,0.001,0.5388622283935547,0,567929,0,358,,0.0006303604852014952
matched_random_e3_calibrated,password,time_quartile_2,0.001,0.5388622283935547,182192,385740,181197,49795,0.9945387283744621,0.12908954217866958
matched_random_e3_calibrated,password,time_quartile_3,0.001,0.5388622283935547,28759,539172,28493,168,0.9907507215132654,0.0003115888807282277
matched_random_e3_calibrated,password,time_quartile_4,0.001,0.5388622283935547,0,567931,0,25,,4.4019431938034724e-05
matched_random_e3_calibrated,password,full_test,0.01,0.02407943829894066,210951,2060772,210754,59307,0.9990661338415082,0.02877902067768778
matched_random_e3_calibrated,password,time_quartile_1,0.01,0.02407943829894066,0,567929,0,3364,,0.005923275620720195
matched_random_e3_calibrated,password,time_quartile_2,0.01,0.02407943829894066,182192,385740,182045,50890,0.9991931588653727,0.13192824182091564
matched_random_e3_calibrated,password,time_quartile_3,0.01,0.02407943829894066,28759,539172,28709,3480,0.9982614138182829,0.0064543411007990025
matched_random_e3_calibrated,password,time_quartile_4,0.01,0.02407943829894066,0,567931,0,1573,,0.002769702657541145
matched_random_e3_calibrated,ransomware,full_test,0.001,0.21963268518447876,709,2271014,707,45075,0.997179125528914,0.019847962187815663
matched_random_e3_calibrated,ransomware,time_quartile_1,0.001,0.21963268518447876,0,567929,0,101,,0.00017783913129986318
matched_random_e3_calibrated,ransomware,time_quartile_2,0.001,0.21963268518447876,0,567932,0,2331,,0.004104364607030419
matched_random_e3_calibrated,ransomware,time_quartile_3,0.001,0.21963268518447876,0,567931,0,1974,,0.003475774345827222
matched_random_e3_calibrated,ransomware,time_quartile_4,0.001,0.21963268518447876,709,567222,707,40669,0.997179125528914,0.07169855894164895
matched_random_e3_calibrated,ransomware,full_test,0.01,0.10623594373464584,709,2271014,708,57168,0.998589562764457,0.02517289633617406
matched_random_e3_calibrated,ransomware,time_quartile_1,0.01,0.10623594373464584,0,567929,0,470,,0.0008275682347617396
matched_random_e3_calibrated,ransomware,time_quartile_2,0.01,0.10623594373464584,0,567932,0,2735,,0.004815717374615271
matched_random_e3_calibrated,ransomware,time_quartile_3,0.01,0.10623594373464584,0,567931,0,3744,,0.006592350127040081
matched_random_e3_calibrated,ransomware,time_quartile_4,0.01,0.10623594373464584,709,567222,708,50219,0.998589562764457,0.08853500040548498
matched_random_e3_calibrated,scanning,full_test,0.001,0.3432203531265259,6029,2265694,4703,2754,0.7800630286946426,0.0012155216017697005
matched_random_e3_calibrated,scanning,time_quartile_1,0.001,0.3432203531265259,6029,561900,4703,1015,0.7800630286946426,0.001806371240434241
matched_random_e3_calibrated,scanning,time_quartile_2,0.001,0.3432203531265259,0,567932,0,244,,0.0004296288992344154
matched_random_e3_calibrated,scanning,time_quartile_3,0.001,0.3432203531265259,0,567931,0,550,,0.0009684275026367639
matched_random_e3_calibrated,scanning,time_quartile_4,0.001,0.3432203531265259,0,567931,0,945,,0.0016639345272577127
matched_random_e3_calibrated,scanning,full_test,0.01,0.12984521687030792,6029,2265694,5838,20907,0.968319787692818,0.009227636212127499
matched_random_e3_calibrated,scanning,time_quartile_1,0.01,0.12984521687030792,6029,561900,5838,4401,0.968319787692818,0.007832354511478911
matched_random_e3_calibrated,scanning,time_quartile_2,0.01,0.12984521687030792,0,567932,0,1892,,0.0033313847432439093
matched_random_e3_calibrated,scanning,time_quartile_3,0.01,0.12984521687030792,0,567931,0,7598,,0.013378385754607513
matched_random_e3_calibrated,scanning,time_quartile_4,0.01,0.12984521687030792,0,567931,0,7016,,0.012353613379090066
matched_random_e3_calibrated,xss,full_test,0.001,0.2942638695240021,343854,1927869,328055,114920,0.9540531737307113,0.059609859383599195
matched_random_e3_calibrated,xss,time_quartile_1,0.001,0.2942638695240021,0,567929,0,1388,,0.0024439674677644565
matched_random_e3_calibrated,xss,time_quartile_2,0.001,0.2942638695240021,0,567932,0,319,,0.0005616869625236824
matched_random_e3_calibrated,xss,time_quartile_3,0.001,0.2942638695240021,255032,312899,245726,110913,0.9635104614322908,0.3544690139629721
matched_random_e3_calibrated,xss,time_quartile_4,0.001,0.2942638695240021,88822,479109,82329,2300,0.9268987413028303,0.004800577739094861
matched_random_e3_calibrated,xss,full_test,0.01,0.2624054253101349,343854,1927869,330475,214643,0.961091044454914,0.11133692175142605
matched_random_e3_calibrated,xss,time_quartile_1,0.01,0.2624054253101349,0,567929,0,31572,,0.0555914559742503
matched_random_e3_calibrated,xss,time_quartile_2,0.01,0.2624054253101349,0,567932,0,20444,,0.035997267278477
matched_random_e3_calibrated,xss,time_quartile_3,0.01,0.2624054253101349,255032,312899,247061,157332,0.9687450986542865,0.5028203989146658
matched_random_e3_calibrated,xss,time_quartile_4,0.01,0.2624054253101349,88822,479109,83414,5295,0.9391141834230258,0.01105176483848143
matched_random_e4_raw,backdoor,full_test,0.001,0.021031726151704788,40030,2231693,40010,45347,0.9995003747189608,0.020319551121054734
matched_random_e4_raw,backdoor,time_quartile_1,0.001,0.021031726151704788,0,567929,0,1331,,0.0023436028095061177
matched_random_e4_raw,backdoor,time_quartile_2,0.001,0.021031726151704788,0,567932,0,455,,0.0008011522506215533
matched_random_e4_raw,backdoor,time_quartile_3,0.001,0.021031726151704788,0,567931,0,231,,0.00040673955110744086
matched_random_e4_raw,backdoor,time_quartile_4,0.001,0.021031726151704788,40030,527901,40010,43330,0.9995003747189608,0.08207978389887498
matched_random_e4_raw,backdoor,full_test,0.01,0.008840912021696568,40030,2231693,40010,73750,0.9995003747189608,0.03304666009168824
matched_random_e4_raw,backdoor,time_quartile_1,0.01,0.008840912021696568,0,567929,0,6208,,0.010930943832767829
matched_random_e4_raw,backdoor,time_quartile_2,0.01,0.008840912021696568,0,567932,0,3442,,0.006060584717888761
matched_random_e4_raw,backdoor,time_quartile_3,0.01,0.008840912021696568,0,567931,0,1845,,0.0032486340770269627
matched_random_e4_raw,backdoor,time_quartile_4,0.01,0.008840912021696568,40030,527901,40010,62255,0.9995003747189608,0.11792930871508105
matched_random_e4_raw,benign,full_test,0.001,0.6631770730018616,1474302,797421,1029187,751,0.6980842459686007,0.0009417860828846995
matched_random_e4_raw,benign,time_quartile_1,0.001,0.6631770730018616,394793,173136,339140,671,0.8590324549827378,0.0038755660290176507
matched_random_e4_raw,benign,time_quartile_2,0.001,0.6631770730018616,358160,209772,277528,1,0.7748715657806566,4.7670804492496615e-06
matched_random_e4_raw,benign,time_quartile_3,0.001,0.6631770730018616,284140,283791,101636,46,0.3576969099739565,0.00016209111634970806
matched_random_e4_raw,benign,time_quartile_4,0.001,0.6631770730018616,437209,130722,310883,33,0.7110626725433374,0.00025244411805204936
matched_random_e4_raw,benign,full_test,0.01,0.22083202004432678,1474302,797421,1260373,8966,0.8548947230621677,0.011243747029486306
matched_random_e4_raw,benign,time_quartile_1,0.01,0.22083202004432678,394793,173136,390011,4389,0.9878873232301485,0.025350013861935125
matched_random_e4_raw,benign,time_quartile_2,0.01,0.22083202004432678,358160,209772,304691,45,0.8507119723028814,0.00021451862021623476
matched_random_e4_raw,benign,time_quartile_3,0.01,0.22083202004432678,284140,283791,178377,2396,0.6277785598648553,0.008442832929867403
matched_random_e4_raw,benign,time_quartile_4,0.01,0.22083202004432678,437209,130722,387294,2136,0.8858326338204383,0.016340019277550834
matched_random_e4_raw,ddos,full_test,0.001,0.7707987427711487,103338,2168385,97156,233,0.9401768952369893,0.00010745324285124644
matched_random_e4_raw,ddos,time_quartile_1,0.001,0.7707987427711487,75758,492171,70931,58,0.9362839568098419,0.0001178452204619939
matched_random_e4_raw,ddos,time_quartile_2,0.001,0.7707987427711487,27580,540352,26225,13,0.9508701957940536,2.405839156697856e-05
matched_random_e4_raw,ddos,time_quartile_3,0.001,0.7707987427711487,0,567931,0,63,,0.00011092896848384751
matched_random_e4_raw,ddos,time_quartile_4,0.001,0.7707987427711487,0,567931,0,99,,0.0001743169504746175
matched_random_e4_raw,ddos,full_test,0.01,0.615140974521637,103338,2168385,100135,732,0.9690046255975536,0.0003375784281850317
matched_random_e4_raw,ddos,time_quartile_1,0.01,0.615140974521637,75758,492171,73210,149,0.9663665883471052,0.00030274030773857054
matched_random_e4_raw,ddos,time_quartile_2,0.01,0.615140974521637,27580,540352,26925,24,0.9762509064539522,4.441549212365273e-05
matched_random_e4_raw,ddos,time_quartile_3,0.01,0.615140974521637,0,567931,0,202,,0.0003556770100593206
matched_random_e4_raw,ddos,time_quartile_4,0.01,0.615140974521637,0,567931,0,357,,0.0006285974880751359
matched_random_e4_raw,dos,full_test,0.001,0.2587623596191406,22458,2249265,22204,3131,0.9886899991094488,0.001392010278913334
matched_random_e4_raw,dos,time_quartile_1,0.001,0.2587623596191406,22458,545471,22204,422,0.9886899991094488,0.0007736433284262591
matched_random_e4_raw,dos,time_quartile_2,0.001,0.2587623596191406,0,567932,0,433,,0.0007624152187233683
matched_random_e4_raw,dos,time_quartile_3,0.001,0.2587623596191406,0,567931,0,654,,0.0011515483394989885
matched_random_e4_raw,dos,time_quartile_4,0.001,0.2587623596191406,0,567931,0,1622,,0.002855980744139693
matched_random_e4_raw,dos,full_test,0.01,0.19459237158298492,22458,2249265,22363,25630,0.9957698815566836,0.011394833423362742
matched_random_e4_raw,dos,time_quartile_1,0.01,0.19459237158298492,22458,545471,22363,1090,0.9957698815566836,0.001998273052096262
matched_random_e4_raw,dos,time_quartile_2,0.01,0.19459237158298492,0,567932,0,960,,0.001690343210102618
matched_random_e4_raw,dos,time_quartile_3,0.01,0.19459237158298492,0,567931,0,13306,,0.023428902454699602
matched_random_e4_raw,dos,time_quartile_4,0.01,0.19459237158298492,0,567931,0,10274,,0.01809022574925475
matched_random_e4_raw,injection,full_test,0.001,0.6672435402870178,68891,2202832,66636,9145,0.9672671321362732,0.004151474102428147
matched_random_e4_raw,injection,time_quartile_1,0.001,0.6672435402870178,68891,499038,66636,1107,0.9672671321362732,0.0022182679475310496
matched_random_e4_raw,injection,time_quartile_2,0.001,0.6672435402870178,0,567932,0,201,,0.0003539156096152356
matched_random_e4_raw,injection,time_quartile_3,0.001,0.6672435402870178,0,567931,0,6800,,0.011973285487145446
matched_random_e4_raw,injection,time_quartile_4,0.001,0.6672435402870178,0,567931,0,1037,,0.0018259260367896805
matched_random_e4_raw,injection,full_test,0.01,0.2055724859237671,68891,2202832,68466,35840,0.9938308342163708,0.016269965208422613
matched_random_e4_raw,injection,time_quartile_1,0.01,0.2055724859237671,68891,499038,68466,2692,0.9938308342163708,0.00539437878478192
matched_random_e4_raw,injection,time_quartile_2,0.01,0.2055724859237671,0,567932,0,3235,,0.0056961044632103846
matched_random_e4_raw,injection,time_quartile_3,0.01,0.2055724859237671,0,567931,0,26373,,0.046436979140071596
matched_random_e4_raw,injection,time_quartile_4,0.01,0.2055724859237671,0,567931,0,3540,,0.006233151562425717
matched_random_e4_raw,mitm,full_test,0.001,0.5648279786109924,1161,2270562,1105,45395,0.9517657192075797,0.019992847585751896
matched_random_e4_raw,mitm,time_quartile_1,0.001,0.5648279786109924,0,567929,0,3084,,0.005430256246819585
matched_random_e4_raw,mitm,time_quartile_2,0.001,0.5648279786109924,0,567932,0,2124,,0.0037398843523520423
matched_random_e4_raw,mitm,time_quartile_3,0.001,0.5648279786109924,0,567931,0,517,,0.0009103218524785581
matched_random_e4_raw,mitm,time_quartile_4,0.001,0.5648279786109924,1161,566770,1105,39670,0.9517657192075797,0.06999311890184731
matched_random_e4_raw,mitm,full_test,0.01,0.16997884213924408,1161,2270562,1156,93883,0.9956933677863911,0.04134791298365779
matched_random_e4_raw,mitm,time_quartile_1,0.01,0.16997884213924408,0,567929,0,13690,,0.024105125816783438
matched_random_e4_raw,mitm,time_quartile_2,0.01,0.16997884213924408,0,567932,0,6886,,0.012124690984131903
matched_random_e4_raw,mitm,time_quartile_3,0.01,0.16997884213924408,0,567931,0,8405,,0.014799333017567275
matched_random_e4_raw,mitm,time_quartile_4,0.01,0.16997884213924408,1161,566770,1156,64902,0.9956933677863911,0.11451205956560863
matched_random_e4_raw,password,full_test,0.001,0.192597895860672,210951,2060772,210514,50871,0.9979284288768482,0.024685409157344917
matched_random_e4_raw,password,time_quartile_1,0.001,0.192597895860672,0,567929,0,330,,0.0005810585478114342
matched_random_e4_raw,password,time_quartile_2,0.001,0.192597895860672,182192,385740,181838,49999,0.9980569948186528,0.12961839581064966
matched_random_e4_raw,password,time_quartile_3,0.001,0.192597895860672,28759,539172,28676,262,0.9971139469383498,0.00048593027827854564
matched_random_e4_raw,password,time_quartile_4,0.001,0.192597895860672,0,567931,0,280,,0.0004930176377059889
matched_random_e4_raw,password,full_test,0.01,0.031824540346860886,210951,2060772,210759,65470,0.999089836028272,0.03176964749132849
matched_random_e4_raw,password,time_quartile_1,0.01,0.031824540346860886,0,567929,0,10160,,0.017889560138679306
matched_random_e4_raw,password,time_quartile_2,0.01,0.031824540346860886,182192,385740,182048,52886,0.9992096250109774,0.13710271167107377
matched_random_e4_raw,password,time_quartile_3,0.01,0.031824540346860886,28759,539172,28711,1260,0.9983309572655517,0.0023369166054617078
matched_random_e4_raw,password,time_quartile_4,0.01,0.031824540346860886,0,567931,0,1164,,0.002049544751034897
matched_random_e4_raw,ransomware,full_test,0.001,0.7659598588943481,709,2271014,648,7906,0.9139633286318759,0.003481264316292194
matched_random_e4_raw,ransomware,time_quartile_1,0.001,0.7659598588943481,0,567929,0,7,,1.232548434751527e-05
matched_random_e4_raw,ransomware,time_quartile_2,0.001,0.7659598588943481,0,567932,0,0,,0.0
matched_random_e4_raw,ransomware,time_quartile_3,0.001,0.7659598588943481,0,567931,0,5,,8.803886387606944e-06
matched_random_e4_raw,ransomware,time_quartile_4,0.001,0.7659598588943481,709,567222,648,7894,0.9139633286318759,0.013916949624661949
matched_random_e4_raw,ransomware,full_test,0.01,0.2266022264957428,709,2271014,691,44155,0.9746121297602257,0.019442856803172502
matched_random_e4_raw,ransomware,time_quartile_1,0.01,0.2266022264957428,0,567929,0,300,,0.0005282350434649401
matched_random_e4_raw,ransomware,time_quartile_2,0.01,0.2266022264957428,0,567932,0,2344,,0.0041272546713338925
matched_random_e4_raw,ransomware,time_quartile_3,0.01,0.2266022264957428,0,567931,0,767,,0.0013505161718589053
matched_random_e4_raw,ransomware,time_quartile_4,0.01,0.2266022264957428,709,567222,691,40744,0.9746121297602257,0.07183078230393038
matched_random_e4_raw,scanning,full_test,0.001,0.36065125465393066,6029,2265694,5098,1364,0.8455796981257256,0.0006020230445947246
matched_random_e4_raw,scanning,time_quartile_1,0.001,0.36065125465393066,6029,561900,5098,555,0.8455796981257256,0.000987720234917245
matched_random_e4_raw,scanning,time_quartile_2,0.001,0.36065125465393066,0,567932,0,130,,0.0002289006430347295
matched_random_e4_raw,scanning,time_quartile_3,0.001,0.36065125465393066,0,567931,0,182,,0.0003204614645088928
matched_random_e4_raw,scanning,time_quartile_4,0.001,0.36065125465393066,0,567931,0,497,,0.0008751063069281303
matched_random_e4_raw,scanning,full_test,0.01,0.1635710448026657,6029,2265694,5919,17769,0.9817548515508376,0.007842630116864854
matched_random_e4_raw,scanning,time_quartile_1,0.01,0.1635710448026657,6029,561900,5919,6643,0.9817548515508376,0.011822388325324791
matched_random_e4_raw,scanning,time_quartile_2,0.01,0.1635710448026657,0,567932,0,1194,,0.002102364367565131
matched_random_e4_raw,scanning,time_quartile_3,0.01,0.1635710448026657,0,567931,0,4521,,0.0079604740716742
matched_random_e4_raw,scanning,time_quartile_4,0.01,0.1635710448026657,0,567931,0,5411,,0.009527565848668236
matched_random_e4_raw,xss,full_test,0.001,0.3064732551574707,343854,1927869,324956,111533,0.9450406277082716,0.05785299727315497
matched_random_e4_raw,xss,time_quartile_1,0.001,0.3064732551574707,0,567929,0,1055,,0.0018576265695183728
matched_random_e4_raw,xss,time_quartile_2,0.001,0.3064732551574707,0,567932,0,166,,0.0002922885134135777
matched_random_e4_raw,xss,time_quartile_3,0.001,0.3064732551574707,255032,312899,243557,100409,0.955005646350262,0.320899076059687
matched_random_e4_raw,xss,time_quartile_4,0.001,0.3064732551574707,88822,479109,81399,9903,0.9164283623426629,0.020669617978372353
matched_random_e4_raw,xss,full_test,0.01,0.222288116812706,343854,1927869,338362,125601,0.9840281049515202,0.0651501735854459
matched_random_e4_raw,xss,time_quartile_1,0.01,0.222288116812706,0,567929,0,3293,,0.005798259993766827
matched_random_e4_raw,xss,time_quartile_2,0.01,0.222288116812706,0,567932,0,405,,0.0007131135417620419
matched_random_e4_raw,xss,time_quartile_3,0.01,0.222288116812706,255032,312899,251921,105945,0.9878015307882932,0.3385916861351426
matched_random_e4_raw,xss,time_quartile_4,0.01,0.222288116812706,88822,479109,86441,15958,0.9731935781675711,0.033307660678467736
matched_random_e4_calibrated,backdoor,full_test,0.001,0.009553330950438976,40030,2231693,40010,46150,0.9995003747189608,0.020679367637036098
matched_random_e4_calibrated,backdoor,time_quartile_1,0.001,0.009553330950438976,0,567929,0,1686,,0.0029686809442729637
matched_random_e4_calibrated,backdoor,time_quartile_2,0.001,0.009553330950438976,0,567932,0,551,,0.0009701865716318151
matched_random_e4_calibrated,backdoor,time_quartile_3,0.001,0.009553330950438976,0,567931,0,250,,0.00044019431938034724
matched_random_e4_calibrated,backdoor,time_quartile_4,0.001,0.009553330950438976,40030,527901,40010,43663,0.9995003747189608,0.08271058399207427
matched_random_e4_calibrated,backdoor,full_test,0.01,0.00338197429664433,40030,2231693,40010,74942,0.9995003747189608,0.03358078373683119
matched_random_e4_calibrated,backdoor,time_quartile_1,0.01,0.00338197429664433,0,567929,0,6389,,0.011249645642325008
matched_random_e4_calibrated,backdoor,time_quartile_2,0.01,0.00338197429664433,0,567932,0,3820,,0.006726157356866667
matched_random_e4_calibrated,backdoor,time_quartile_3,0.01,0.00338197429664433,0,567931,0,1973,,0.0034740135685497006
matched_random_e4_calibrated,backdoor,time_quartile_4,0.01,0.00338197429664433,40030,527901,40010,62760,0.9995003747189608,0.11888592747503793
matched_random_e4_calibrated,benign,full_test,0.001,0.7103182077407837,1474302,797421,1045257,759,0.7089843193592629,0.000951818424646454
matched_random_e4_calibrated,benign,time_quartile_1,0.001,0.7103182077407837,394793,173136,343602,661,0.8703345804003617,0.0038178079659920523
matched_random_e4_calibrated,benign,time_quartile_2,0.001,0.7103182077407837,358160,209772,279026,2,0.779054054054054,9.534160898499323e-06
matched_random_e4_calibrated,benign,time_quartile_3,0.001,0.7103182077407837,284140,283791,107599,57,0.3786830435700711,0.00020085203547681217
matched_random_e4_calibrated,benign,time_quartile_4,0.001,0.7103182077407837,437209,130722,315030,39,0.7205478386766969,0.0002983430486069675
matched_random_e4_calibrated,benign,full_test,0.01,0.21488967537879944,1474302,797421,1253446,9403,0.8501962284525152,0.011791763698222144
matched_random_e4_calibrated,benign,time_quartile_1,0.01,0.21488967537879944,394793,173136,389880,4039,0.9875555037703303,0.023328481656039183
matched_random_e4_calibrated,benign,time_quartile_2,0.01,0.21488967537879944,358160,209772,304635,44,0.8505556176010721,0.00020975153976698511
matched_random_e4_calibrated,benign,time_quartile_3,0.01,0.21488967537879944,284140,283791,178092,2878,0.6267755331878652,0.010141265931618692
matched_random_e4_calibrated,benign,time_quartile_4,0.01,0.21488967537879944,437209,130722,380839,2442,0.8710685278665352,0.018680864735851656
matched_random_e4_calibrated,ddos,full_test,0.001,0.8675409555435181,103338,2168385,97219,213,0.9407865451237686,9.822978852925103e-05
matched_random_e4_calibrated,ddos,time_quartile_1,0.001,0.8675409555435181,75758,492171,71013,56,0.9373663507484358,0.000113781592170201
matched_random_e4_calibrated,ddos,time_quartile_2,0.001,0.8675409555435181,27580,540352,26206,12,0.9501812907904279,2.2207746061826365e-05
matched_random_e4_calibrated,ddos,time_quartile_3,0.001,0.8675409555435181,0,567931,0,53,,9.332119570863362e-05
matched_random_e4_calibrated,ddos,time_quartile_4,0.001,0.8675409555435181,0,567931,0,92,,0.00016199150953196778
matched_random_e4_calibrated,ddos,full_test,0.01,0.712108314037323,103338,2168385,100119,728,0.9688497938802764,0.0003357337373206326
matched_random_e4_calibrated,ddos,time_quartile_1,0.01,0.712108314037323,75758,492171,73205,149,0.9663005887167032,0.00030274030773857054
matched_random_e4_calibrated,ddos,time_quartile_2,0.01,0.712108314037323,27580,540352,26914,29,0.9758520667150109,5.366871964941372e-05
matched_random_e4_calibrated,ddos,time_quartile_3,0.01,0.712108314037323,0,567931,0,197,,0.00034687312367171364
matched_random_e4_calibrated,ddos,time_quartile_4,0.01,0.712108314037323,0,567931,0,353,,0.0006215543789650503
matched_random_e4_calibrated,dos,full_test,0.001,0.27685388922691345,22458,2249265,22199,2901,0.9884673612966426,0.0012897546531867076
matched_random_e4_calibrated,dos,time_quartile_1,0.001,0.27685388922691345,22458,545471,22199,381,0.9884673612966426,0.0006984789292189686
matched_random_e4_calibrated,dos,time_quartile_2,0.001,0.27685388922691345,0,567932,0,401,,0.0007060704450532811
matched_random_e4_calibrated,dos,time_quartile_3,0.001,0.27685388922691345,0,567931,0,626,,0.0011022465757283895
matched_random_e4_calibrated,dos,time_quartile_4,0.001,0.27685388922691345,0,567931,0,1493,,0.002628840475339434
matched_random_e4_calibrated,dos,full_test,0.01,0.18664106726646423,22458,2249265,22368,25422,0.9959925193694897,0.011302358770531706
matched_random_e4_calibrated,dos,time_quartile_1,0.01,0.18664106726646423,22458,545471,22368,1038,0.9959925193694897,0.001902942594565064
matched_random_e4_calibrated,dos,time_quartile_2,0.01,0.18664106726646423,0,567932,0,848,,0.0014931365022573125
matched_random_e4_calibrated,dos,time_quartile_3,0.01,0.18664106726646423,0,567931,0,13796,,0.024291683320685084
matched_random_e4_calibrated,dos,time_quartile_4,0.01,0.18664106726646423,0,567931,0,9740,,0.01714997068305833
matched_random_e4_calibrated,injection,full_test,0.001,0.7417104840278625,68891,2202832,66404,9239,0.9638994934026215,0.0041941464442136304
matched_random_e4_calibrated,injection,time_quartile_1,0.001,0.7417104840278625,68891,499038,66404,1108,0.9638994934026215,0.002220271802948874
matched_random_e4_calibrated,injection,time_quartile_2,0.001,0.7417104840278625,0,567932,0,206,,0.00036271948050118675
matched_random_e4_calibrated,injection,time_quartile_3,0.001,0.7417104840278625,0,567931,0,6885,,0.012122951555734764
matched_random_e4_calibrated,injection,time_quartile_4,0.001,0.7417104840278625,0,567931,0,1040,,0.0018312083686222447
matched_random_e4_calibrated,injection,full_test,0.01,0.1857316941022873,68891,2202832,68457,35139,0.9937001930585998,0.015951738489362783
matched_random_e4_calibrated,injection,time_quartile_1,0.01,0.1857316941022873,68891,499038,68457,2737,0.9937001930585998,0.0054845522785839955
matched_random_e4_calibrated,injection,time_quartile_2,0.01,0.1857316941022873,0,567932,0,2633,,0.004636118408541868
matched_random_e4_calibrated,injection,time_quartile_3,0.01,0.1857316941022873,0,567931,0,26305,,0.04631724628520014
matched_random_e4_calibrated,injection,time_quartile_4,0.01,0.1857316941022873,0,567931,0,3464,,0.006099332489334091
matched_random_e4_calibrated,mitm,full_test,0.001,0.651260495185852,1161,2270562,1108,44423,0.954349698535745,0.01956475973789749
matched_random_e4_calibrated,mitm,time_quartile_1,0.001,0.651260495185852,0,567929,0,3002,,0.005285872001605835
matched_random_e4_calibrated,mitm,time_quartile_2,0.001,0.651260495185852,0,567932,0,2070,,0.0036448025467837697
matched_random_e4_calibrated,mitm,time_quartile_3,0.001,0.651260495185852,0,567931,0,498,,0.0008768670842056517
matched_random_e4_calibrated,mitm,time_quartile_4,0.001,0.651260495185852,1161,566770,1108,38853,0.954349698535745,0.06855161705806588
matched_random_e4_calibrated,mitm,full_test,0.01,0.16397953033447266,1161,2270562,1156,90992,0.9956933677863911,0.04007465993000852
matched_random_e4_calibrated,mitm,time_quartile_1,0.01,0.16397953033447266,0,567929,0,12696,,0.022354907039436267
matched_random_e4_calibrated,mitm,time_quartile_2,0.01,0.16397953033447266,0,567932,0,6516,,0.01147320453857152
matched_random_e4_calibrated,mitm,time_quartile_3,0.01,0.16397953033447266,0,567931,0,8255,,0.014535216425939067
matched_random_e4_calibrated,mitm,time_quartile_4,0.01,0.16397953033447266,1161,566770,1156,63525,0.9956933677863911,0.1120825026024666
matched_random_e4_calibrated,password,full_test,0.001,0.19881121814250946,210951,2060772,210438,50720,0.9975681556380391,0.024612135646252958
matched_random_e4_calibrated,password,time_quartile_1,0.001,0.19881121814250946,0,567929,0,261,,0.0004595644878144979
matched_random_e4_calibrated,password,time_quartile_2,0.001,0.19881121814250946,182192,385740,181773,49973,0.9977002283305524,0.12955099289676986
matched_random_e4_calibrated,password,time_quartile_3,0.001,0.19881121814250946,28759,539172,28665,230,0.996731457978372,0.0004265800152826927
matched_random_e4_calibrated,password,time_quartile_4,0.001,0.19881121814250946,0,567931,0,256,,0.0004507589830454756
matched_random_e4_calibrated,password,full_test,0.01,0.015388336032629013,210951,2060772,210755,65620,0.999070874278861,0.03184243574738011
matched_random_e4_calibrated,password,time_quartile_1,0.01,0.015388336032629013,0,567929,0,10018,,0.01763952888477257
matched_random_e4_calibrated,password,time_quartile_2,0.01,0.015388336032629013,182192,385740,182045,52911,0.9991931588653727,0.137167522165189
matched_random_e4_calibrated,password,time_quartile_3,0.01,0.015388336032629013,28759,539172,28710,1377,0.9982961855419173,0.002553916004540295
matched_random_e4_calibrated,password,time_quartile_4,0.01,0.015388336032629013,0,567931,0,1314,,0.002313661342663105
matched_random_e4_calibrated,ransomware,full_test,0.001,0.8526983857154846,709,2271014,648,7909,0.9139633286318759,0.0034825853121116823
matched_random_e4_calibrated,ransomware,time_quartile_1,0.001,0.8526983857154846,0,567929,0,7,,1.232548434751527e-05
matched_random_e4_calibrated,ransomware,time_quartile_2,0.001,0.8526983857154846,0,567932,0,0,,0.0
matched_random_e4_calibrated,ransomware,time_quartile_3,0.001,0.8526983857154846,0,567931,0,7,,1.2325440942649723e-05
matched_random_e4_calibrated,ransomware,time_quartile_4,0.001,0.8526983857154846,709,567222,648,7895,0.9139633286318759,0.0139187126028257
matched_random_e4_calibrated,ransomware,full_test,0.01,0.2223735898733139,709,2271014,687,43702,0.9689703808180536,0.01924338643442973
matched_random_e4_calibrated,ransomware,time_quartile_1,0.01,0.2223735898733139,0,567929,0,296,,0.0005211919095520743
matched_random_e4_calibrated,ransomware,time_quartile_2,0.01,0.2223735898733139,0,567932,0,2331,,0.004104364607030419
matched_random_e4_calibrated,ransomware,time_quartile_3,0.01,0.2223735898733139,0,567931,0,732,,0.0012888889671456567
matched_random_e4_calibrated,ransomware,time_quartile_4,0.01,0.2223735898733139,709,567222,687,40343,0.9689703808180536,0.07112382806026564
matched_random_e4_calibrated,scanning,full_test,0.001,0.4217767119407654,6029,2265694,4642,1188,0.7699452645546525,0.0005243426517437924
matched_random_e4_calibrated,scanning,time_quartile_1,0.001,0.4217767119407654,6029,561900,4642,516,0.7699452645546525,0.0009183128670581954
matched_random_e4_calibrated,scanning,time_quartile_2,0.001,0.4217767119407654,0,567932,0,92,,0.00016199122430150088
matched_random_e4_calibrated,scanning,time_quartile_3,0.001,0.4217767119407654,0,567931,0,164,,0.0002887674735135078
matched_random_e4_calibrated,scanning,time_quartile_4,0.001,0.4217767119407654,0,567931,0,416,,0.0007324833474488978
matched_random_e4_calibrated,scanning,full_test,0.01,0.14401735365390778,6029,2265694,5891,17818,0.9771106319455963,0.007864257044419943
matched_random_e4_calibrated,scanning,time_quartile_1,0.01,0.14401735365390778,6029,561900,5891,6692,0.9771106319455963,0.01190959245417334
matched_random_e4_calibrated,scanning,time_quartile_2,0.01,0.14401735365390778,0,567932,0,1181,,0.002079474303261658
matched_random_e4_calibrated,scanning,time_quartile_3,0.01,0.14401735365390778,0,567931,0,4572,,0.00805027371282779
matched_random_e4_calibrated,scanning,time_quartile_4,0.01,0.14401735365390778,0,567931,0,5373,,0.009460656312122423
matched_random_e4_calibrated,xss,full_test,0.001,0.29192912578582764,343854,1927869,330646,112062,0.9615883485432771,0.05812739351065866
matched_random_e4_calibrated,xss,time_quartile_1,0.001,0.29192912578582764,0,567929,0,1052,,0.0018523442190837235
matched_random_e4_calibrated,xss,time_quartile_2,0.001,0.29192912578582764,0,567932,0,180,,0.0003169393518942409
matched_random_e4_calibrated,xss,time_quartile_3,0.001,0.29192912578582764,255032,312899,247171,101249,0.9691764170770727,0.3235836483977258
matched_random_e4_calibrated,xss,time_quartile_4,0.001,0.29192912578582764,88822,479109,83475,9581,0.9398009502150368,0.019997537094899074
matched_random_e4_calibrated,xss,full_test,0.01,0.20747171342372894,343854,1927869,339369,125850,0.9869566734718805,0.06527933173882665
matched_random_e4_calibrated,xss,time_quartile_1,0.01,0.20747171342372894,0,567929,0,2767,,0.004872087884224965
matched_random_e4_calibrated,xss,time_quartile_2,0.01,0.20747171342372894,0,567932,0,474,,0.0008346069599881676
matched_random_e4_calibrated,xss,time_quartile_3,0.01,0.20747171342372894,255032,312899,252426,108098,0.9897816744565388,0.3454725007110921
matched_random_e4_calibrated,xss,time_quartile_4,0.01,0.20747171342372894,88822,479109,86943,14511,0.9788453311116615,0.030287471118263277
balanced_random_e1_raw,backdoor,full_test,0.001,0.06468357890844345,40030,2231693,40024,41801,0.9998501124156882,0.01873062289481573
balanced_random_e1_raw,backdoor,time_quartile_1,0.001,0.06468357890844345,0,567929,0,884,,0.001556532594743357
balanced_random_e1_raw,backdoor,time_quartile_2,0.001,0.06468357890844345,0,567932,0,602,,0.0010599860546685166
balanced_random_e1_raw,backdoor,time_quartile_3,0.001,0.06468357890844345,0,567931,0,805,,0.0014174257084047183
balanced_random_e1_raw,backdoor,time_quartile_4,0.001,0.06468357890844345,40030,527901,40024,39510,0.9998501124156882,0.07484357862553774
balanced_random_e1_raw,backdoor,full_test,0.01,0.019302576780319214,40030,2231693,40026,84587,0.9999000749437922,0.03790261474136451
balanced_random_e1_raw,backdoor,time_quartile_1,0.01,0.019302576780319214,0,567929,0,6413,,0.011291904445802204
balanced_random_e1_raw,backdoor,time_quartile_2,0.01,0.019302576780319214,0,567932,0,3166,,0.005574611044984259
balanced_random_e1_raw,backdoor,time_quartile_3,0.01,0.019302576780319214,0,567931,0,8182,,0.014406679684680006
balanced_random_e1_raw,backdoor,time_quartile_4,0.01,0.019302576780319214,40030,527901,40026,66826,0.9999000749437922,0.1265881292136215
balanced_random_e1_raw,benign,full_test,0.001,0.4200459420681,1474302,797421,1229741,789,0.8341174331988969,0.0009894397062530332
balanced_random_e1_raw,benign,time_quartile_1,0.001,0.4200459420681,394793,173136,388937,698,0.9851669102542345,0.004031512799186766
balanced_random_e1_raw,benign,time_quartile_2,0.001,0.4200459420681,358160,209772,302019,2,0.843251619387983,9.534160898499323e-06
balanced_random_e1_raw,benign,time_quartile_3,0.001,0.4200459420681,284140,283791,161987,41,0.5700957274582952,0.00014447251674647892
balanced_random_e1_raw,benign,time_quartile_4,0.001,0.4200459420681,437209,130722,376798,48,0.8618258087093358,0.00036719144443934454
balanced_random_e1_raw,benign,full_test,0.01,0.15037184953689575,1474302,797421,1291643,12943,0.8761047600830766,0.01623107492779849
balanced_random_e1_raw,benign,time_quartile_1,0.01,0.15037184953689575,394793,173136,393020,4457,0.9955090389140638,0.025742768690509194
balanced_random_e1_raw,benign,time_quartile_2,0.01,0.15037184953689575,358160,209772,303907,55,0.848523006477552,0.00026218942470873137
balanced_random_e1_raw,benign,time_quartile_3,0.01,0.15037184953689575,284140,283791,175383,3352,0.6172415006686844,0.011811509174004814
balanced_random_e1_raw,benign,time_quartile_4,0.01,0.15037184953689575,437209,130722,419333,5079,0.9591133759826536,0.038853444714738145
balanced_random_e1_raw,ddos,full_test,0.001,0.20018035173416138,103338,2168385,101758,4282,0.9847103679188682,0.0019747415703392154
balanced_random_e1_raw,ddos,time_quartile_1,0.001,0.20018035173416138,75758,492171,74338,211,0.9812561049658122,0.00042871278478415025
balanced_random_e1_raw,ddos,time_quartile_2,0.001,0.20018035173416138,27580,540352,27420,2138,0.994198694706309,0.003956680090015398
balanced_random_e1_raw,ddos,time_quartile_3,0.001,0.20018035173416138,0,567931,0,1260,,0.00221857936967695
balanced_random_e1_raw,ddos,time_quartile_4,0.001,0.20018035173416138,0,567931,0,673,,0.0011850031077718947
balanced_random_e1_raw,ddos,full_test,0.01,0.06299710273742676,103338,2168385,102081,9344,0.9878360332114033,0.0043091978592362514
balanced_random_e1_raw,ddos,time_quartile_1,0.01,0.06299710273742676,75758,492171,74610,1206,0.9848464848596847,0.0024503678599511144
balanced_random_e1_raw,ddos,time_quartile_2,0.01,0.06299710273742676,27580,540352,27471,2294,0.9960478607686729,0.00424538078881914
balanced_random_e1_raw,ddos,time_quartile_3,0.01,0.06299710273742676,0,567931,0,3688,,0.006493746599498883
balanced_random_e1_raw,ddos,time_quartile_4,0.01,0.06299710273742676,0,567931,0,2156,,0.003796235810336115
balanced_random_e1_raw,dos,full_test,0.001,0.23865188658237457,22458,2249265,22120,2894,0.9849496838543058,0.0012866425254472015
balanced_random_e1_raw,dos,time_quartile_1,0.001,0.23865188658237457,22458,545471,22120,294,0.9849496838543058,0.0005389837406571568
balanced_random_e1_raw,dos,time_quartile_2,0.001,0.23865188658237457,0,567932,0,651,,0.0011462639893508378
balanced_random_e1_raw,dos,time_quartile_3,0.001,0.23865188658237457,0,567931,0,466,,0.0008205222113249673
balanced_random_e1_raw,dos,time_quartile_4,0.001,0.23865188658237457,0,567931,0,1483,,0.00261123270256422
balanced_random_e1_raw,dos,full_test,0.01,0.09139290452003479,22458,2249265,22428,59480,0.9986641731231632,0.026444193992259692
balanced_random_e1_raw,dos,time_quartile_1,0.01,0.09139290452003479,22458,545471,22428,6827,0.9986641731231632,0.012515789107028604
balanced_random_e1_raw,dos,time_quartile_2,0.01,0.09139290452003479,0,567932,0,3336,,0.0058739426551065975
balanced_random_e1_raw,dos,time_quartile_3,0.01,0.09139290452003479,0,567931,0,15445,,0.027195205051317853
balanced_random_e1_raw,dos,time_quartile_4,0.01,0.09139290452003479,0,567931,0,33872,,0.05964104794420449
balanced_random_e1_raw,injection,full_test,0.001,0.46971386671066284,68891,2202832,68005,10532,0.9871391038016577,0.004781118124305439
balanced_random_e1_raw,injection,time_quartile_1,0.001,0.46971386671066284,68891,499038,68005,1505,0.9871391038016577,0.0030158024038249593
balanced_random_e1_raw,injection,time_quartile_2,0.001,0.46971386671066284,0,567932,0,270,,0.0004754090278413613
balanced_random_e1_raw,injection,time_quartile_3,0.001,0.46971386671066284,0,567931,0,7750,,0.013646023900790765
balanced_random_e1_raw,injection,time_quartile_4,0.001,0.46971386671066284,0,567931,0,1007,,0.0017731027184640388
balanced_random_e1_raw,injection,full_test,0.01,0.2287951409816742,68891,2202832,68571,35257,0.9953549810570321,0.01600530589713605
balanced_random_e1_raw,injection,time_quartile_1,0.01,0.2287951409816742,68891,499038,68571,2626,0.9953549810570321,0.005262124327205544
balanced_random_e1_raw,injection,time_quartile_2,0.01,0.2287951409816742,0,567932,0,1428,,0.0025143855250276442
balanced_random_e1_raw,injection,time_quartile_3,0.01,0.2287951409816742,0,567931,0,26829,,0.04723989357862134
balanced_random_e1_raw,injection,time_quartile_4,0.01,0.2287951409816742,0,567931,0,4374,,0.007701639811878555
balanced_random_e1_raw,mitm,full_test,0.001,0.4265596270561218,1161,2270562,1109,52454,0.9552110249784669,0.02310176951785505
balanced_random_e1_raw,mitm,time_quartile_1,0.001,0.4265596270561218,0,567929,0,2856,,0.00502879761378623
balanced_random_e1_raw,mitm,time_quartile_2,0.001,0.4265596270561218,0,567932,0,2087,,0.003674735707796004
balanced_random_e1_raw,mitm,time_quartile_3,0.001,0.4265596270561218,0,567931,0,1902,,0.003348998381845682
balanced_random_e1_raw,mitm,time_quartile_4,0.001,0.4265596270561218,1161,566770,1109,45609,0.9552110249784669,0.08047179631949468
balanced_random_e1_raw,mitm,full_test,0.01,0.14275848865509033,1161,2270562,1157,103338,0.9965546942291128,0.04551208026911399
balanced_random_e1_raw,mitm,time_quartile_1,0.01,0.14275848865509033,0,567929,0,11690,,0.0205835588603505
balanced_random_e1_raw,mitm,time_quartile_2,0.01,0.14275848865509033,0,567932,0,6145,,0.010819957318833945
balanced_random_e1_raw,mitm,time_quartile_3,0.01,0.14275848865509033,0,567931,0,15986,,0.028147785558456925
balanced_random_e1_raw,mitm,time_quartile_4,0.01,0.14275848865509033,1161,566770,1157,69517,0.9965546942291128,0.1226546923796249
balanced_random_e1_raw,password,full_test,0.001,0.10589132457971573,210951,2060772,210711,51356,0.99886229503534,0.024920757851911807
balanced_random_e1_raw,password,time_quartile_1,0.001,0.10589132457971573,0,567929,0,468,,0.0008240466678053066
balanced_random_e1_raw,password,time_quartile_2,0.001,0.10589132457971573,182192,385740,181996,50050,0.9989242118204971,0.12975060921864467
balanced_random_e1_raw,password,time_quartile_3,0.001,0.10589132457971573,28759,539172,28715,443,0.998470044160089,0.0008216302033488386
balanced_random_e1_raw,password,time_quartile_4,0.001,0.10589132457971573,0,567931,0,395,,0.0006955070246209487
balanced_random_e1_raw,password,full_test,0.01,0.04333700239658356,210951,2060772,210804,60679,0.9993031557091457,0.02944479059303989
balanced_random_e1_raw,password,time_quartile_1,0.01,0.04333700239658356,0,567929,0,3243,,0.005710220819856003
balanced_random_e1_raw,password,time_quartile_2,0.01,0.04333700239658356,182192,385740,182070,50959,0.9993303767454115,0.13210711878467363
balanced_random_e1_raw,password,time_quartile_3,0.01,0.04333700239658356,28759,539172,28734,5389,0.9991307069091415,0.009994955227645352
balanced_random_e1_raw,password,time_quartile_4,0.01,0.04333700239658356,0,567931,0,1088,,0.0019157256779432712
balanced_random_e1_raw,ransomware,full_test,0.001,0.1276099532842636,709,2271014,708,48145,0.998589562764457,0.021199781243092294
balanced_random_e1_raw,ransomware,time_quartile_1,0.001,0.1276099532842636,0,567929,0,218,,0.00038385079825118985
balanced_random_e1_raw,ransomware,time_quartile_2,0.001,0.1276099532842636,0,567932,0,1575,,0.0027732193290746074
balanced_random_e1_raw,ransomware,time_quartile_3,0.001,0.1276099532842636,0,567931,0,2301,,0.004051548515576716
balanced_random_e1_raw,ransomware,time_quartile_4,0.001,0.1276099532842636,709,567222,708,44051,0.998589562764457,0.07766095109145978
balanced_random_e1_raw,ransomware,full_test,0.01,0.02687133103609085,709,2271014,709,84637,1.0,0.037268374391351174
balanced_random_e1_raw,ransomware,time_quartile_1,0.01,0.02687133103609085,0,567929,0,1472,,0.00259187327993464
balanced_random_e1_raw,ransomware,time_quartile_2,0.01,0.02687133103609085,0,567932,0,5487,,0.009661367910242776
balanced_random_e1_raw,ransomware,time_quartile_3,0.01,0.02687133103609085,0,567931,0,6424,,0.011311233230797402
balanced_random_e1_raw,ransomware,time_quartile_4,0.01,0.02687133103609085,709,567222,709,71254,1.0,0.12561924608001807
balanced_random_e1_raw,scanning,full_test,0.001,0.3382047116756439,6029,2265694,5886,6318,0.976281307016089,0.0027885495570010776
balanced_random_e1_raw,scanning,time_quartile_1,0.001,0.3382047116756439,6029,561900,5886,1186,0.976281307016089,0.0021106958533546895
balanced_random_e1_raw,scanning,time_quartile_2,0.001,0.3382047116756439,0,567932,0,855,,0.001505461921497644
balanced_random_e1_raw,scanning,time_quartile_3,0.001,0.3382047116756439,0,567931,0,438,,0.0007712204475543684
balanced_random_e1_raw,scanning,time_quartile_4,0.001,0.3382047116756439,0,567931,0,3839,,0.006759623968404613
balanced_random_e1_raw,scanning,full_test,0.01,0.15779779851436615,6029,2265694,5961,15798,0.9887211809586997,0.006972697990108108
balanced_random_e1_raw,scanning,time_quartile_1,0.01,0.15779779851436615,6029,561900,5961,4486,0.9887211809586997,0.00798362697988966
balanced_random_e1_raw,scanning,time_quartile_2,0.01,0.15779779851436615,0,567932,0,2594,,0.0045674482156314485
balanced_random_e1_raw,scanning,time_quartile_3,0.01,0.15779779851436615,0,567931,0,3649,,0.006425076285675548
balanced_random_e1_raw,scanning,time_quartile_4,0.01,0.15779779851436615,0,567931,0,5069,,0.008925380019755921
balanced_random_e1_raw,xss,full_test,0.001,0.31675833463668823,343854,1927869,328685,111326,0.9558853466878384,0.05774562483239266
balanced_random_e1_raw,xss,time_quartile_1,0.001,0.31675833463668823,0,567929,0,1025,,0.001804803065171879
balanced_random_e1_raw,xss,time_quartile_2,0.001,0.31675833463668823,0,567932,0,657,,0.0011568286344139792
balanced_random_e1_raw,xss,time_quartile_3,0.001,0.31675833463668823,255032,312899,245427,105940,0.9623380595376266,0.33857570653789243
balanced_random_e1_raw,xss,time_quartile_4,0.001,0.31675833463668823,88822,479109,83258,3704,0.9373578617909977,0.007731017367655377
balanced_random_e1_raw,xss,full_test,0.01,0.16778986155986786,343854,1927869,339803,230869,0.9882188370645681,0.11975346872635018
balanced_random_e1_raw,xss,time_quartile_1,0.01,0.16778986155986786,0,567929,0,32024,,0.05638733010640415
balanced_random_e1_raw,xss,time_quartile_2,0.01,0.16778986155986786,0,567932,0,21354,,0.037599571779720106
balanced_random_e1_raw,xss,time_quartile_3,0.01,0.16778986155986786,255032,312899,252364,162745,0.9895385677091503,0.5201199108977658
balanced_random_e1_raw,xss,time_quartile_4,0.01,0.16778986155986786,88822,479109,87439,14746,0.9844295332237508,0.03077796493073601
balanced_random_e1_calibrated,backdoor,full_test,0.001,0.04674551263451576,40030,2231693,40024,41758,0.9998501124156882,0.018711355011643626
balanced_random_e1_calibrated,backdoor,time_quartile_1,0.001,0.04674551263451576,0,567929,0,881,,0.0015512502443087077
balanced_random_e1_calibrated,backdoor,time_quartile_2,0.001,0.04674551263451576,0,567932,0,590,,0.0010388567645422339
balanced_random_e1_calibrated,backdoor,time_quartile_3,0.001,0.04674551263451576,0,567931,0,842,,0.0014825744676730097
balanced_random_e1_calibrated,backdoor,time_quartile_4,0.001,0.04674551263451576,40030,527901,40024,39445,0.9998501124156882,0.07472044947821656
balanced_random_e1_calibrated,backdoor,full_test,0.01,0.010695957578718662,40030,2231693,40026,78607,0.9999000749437922,0.03522303470952322
balanced_random_e1_calibrated,backdoor,time_quartile_1,0.01,0.010695957578718662,0,567929,0,6030,,0.010617524373645297
balanced_random_e1_calibrated,backdoor,time_quartile_2,0.01,0.010695957578718662,0,567932,0,2646,,0.00465900847284534
balanced_random_e1_calibrated,backdoor,time_quartile_3,0.01,0.010695957578718662,0,567931,0,8001,,0.014087978997448633
balanced_random_e1_calibrated,backdoor,time_quartile_4,0.01,0.010695957578718662,40030,527901,40026,61930,0.9999000749437922,0.11731366297847513
balanced_random_e1_calibrated,benign,full_test,0.001,0.42753732204437256,1474302,797421,1239582,793,0.8407924563624006,0.0009944558771339104
balanced_random_e1_calibrated,benign,time_quartile_1,0.001,0.42753732204437256,394793,173136,389751,689,0.9872287502564635,0.003979530542463728
balanced_random_e1_calibrated,benign,time_quartile_2,0.001,0.42753732204437256,358160,209772,302231,4,0.8438435336162609,1.9068321796998646e-05
balanced_random_e1_calibrated,benign,time_quartile_3,0.001,0.42753732204437256,284140,283791,168475,42,0.5929295417751812,0.00014799623666712474
balanced_random_e1_calibrated,benign,time_quartile_4,0.001,0.42753732204437256,437209,130722,379125,58,0.8671482060067381,0.00044368966203087466
balanced_random_e1_calibrated,benign,full_test,0.01,0.13437694311141968,1474302,797421,1290657,11609,0.8754359690212724,0.014558181939025935
balanced_random_e1_calibrated,benign,time_quartile_1,0.01,0.13437694311141968,394793,173136,392953,4082,0.9953393297246912,0.023576841327049257
balanced_random_e1_calibrated,benign,time_quartile_2,0.01,0.13437694311141968,358160,209772,303854,53,0.8483750279204825,0.0002526552638102321
balanced_random_e1_calibrated,benign,time_quartile_3,0.01,0.13437694311141968,284140,283791,175104,3897,0.6162595903427888,0.01373193653075679
balanced_random_e1_calibrated,benign,time_quartile_4,0.01,0.13437694311141968,437209,130722,418746,3577,0.9577707686712762,0.02736341243249032
balanced_random_e1_calibrated,ddos,full_test,0.001,0.1725146472454071,103338,2168385,101753,4413,0.9846619830072191,0.0020351551961482854
balanced_random_e1_calibrated,ddos,time_quartile_1,0.001,0.1725146472454071,75758,492171,74336,218,0.9812297051136514,0.00044293548380542534
balanced_random_e1_calibrated,ddos,time_quartile_2,0.001,0.1725146472454071,27580,540352,27417,2142,0.9940899202320522,0.0039640826720360066
balanced_random_e1_calibrated,ddos,time_quartile_3,0.001,0.1725146472454071,0,567931,0,1332,,0.00234535533365849
balanced_random_e1_calibrated,ddos,time_quartile_4,0.001,0.1725146472454071,0,567931,0,721,,0.0012695204170929215
balanced_random_e1_calibrated,ddos,full_test,0.01,0.035716261714696884,103338,2168385,102084,10376,0.9878650641583928,0.004785128102251215
balanced_random_e1_calibrated,ddos,time_quartile_1,0.01,0.035716261714696884,75758,492171,74613,1457,0.984886084637926,0.002960353210571123
balanced_random_e1_calibrated,ddos,time_quartile_2,0.01,0.035716261714696884,27580,540352,27471,2315,0.9960478607686729,0.004284244344427336
balanced_random_e1_calibrated,ddos,time_quartile_3,0.01,0.035716261714696884,0,567931,0,4177,,0.007354766688206842
balanced_random_e1_calibrated,ddos,time_quartile_4,0.01,0.035716261714696884,0,567931,0,2427,,0.004273406452544411
balanced_random_e1_calibrated,dos,full_test,0.001,0.23221981525421143,22458,2249265,22130,3234,0.9853949594799181,0.0014378030156517797
balanced_random_e1_calibrated,dos,time_quartile_1,0.001,0.23221981525421143,22458,545471,22130,334,0.9853949594799181,0.0006123148618350013
balanced_random_e1_calibrated,dos,time_quartile_2,0.001,0.23221981525421143,0,567932,0,729,,0.0012836043751716754
balanced_random_e1_calibrated,dos,time_quartile_3,0.001,0.23221981525421143,0,567931,0,548,,0.0009649059480817212
balanced_random_e1_calibrated,dos,time_quartile_4,0.001,0.23221981525421143,0,567931,0,1623,,0.0028577415214172145
balanced_random_e1_calibrated,dos,full_test,0.01,0.07397621870040894,22458,2249265,22427,52672,0.998619645560602,0.023417427470751557
balanced_random_e1_calibrated,dos,time_quartile_1,0.01,0.07397621870040894,22458,545471,22427,6343,0.998619645560602,0.011628482540776686
balanced_random_e1_calibrated,dos,time_quartile_2,0.01,0.07397621870040894,0,567932,0,3087,,0.005435509884986231
balanced_random_e1_calibrated,dos,time_quartile_3,0.01,0.07397621870040894,0,567931,0,15357,,0.02704025665089597
balanced_random_e1_calibrated,dos,time_quartile_4,0.01,0.07397621870040894,0,567931,0,27885,,0.04909927438368393
balanced_random_e1_calibrated,injection,full_test,0.001,0.5075900554656982,68891,2202832,68028,10595,0.9874729645381836,0.00480971767252337
balanced_random_e1_calibrated,injection,time_quartile_1,0.001,0.5075900554656982,68891,499038,68028,1516,0.9874729645381836,0.003037844813421022
balanced_random_e1_calibrated,injection,time_quartile_2,0.001,0.5075900554656982,0,567932,0,267,,0.0004701267053097906
balanced_random_e1_calibrated,injection,time_quartile_3,0.001,0.5075900554656982,0,567931,0,7817,,0.013763995978384699
balanced_random_e1_calibrated,injection,time_quartile_4,0.001,0.5075900554656982,0,567931,0,995,,0.001751973391133782
balanced_random_e1_calibrated,injection,full_test,0.01,0.22677083313465118,68891,2202832,68581,35540,0.9955001378989998,0.016133776883575326
balanced_random_e1_calibrated,injection,time_quartile_1,0.01,0.22677083313465118,68891,499038,68581,2519,0.9955001378989998,0.005047711797498387
balanced_random_e1_calibrated,injection,time_quartile_2,0.01,0.22677083313465118,0,567932,0,1089,,0.0019174830789601572
balanced_random_e1_calibrated,injection,time_quartile_3,0.01,0.22677083313465118,0,567931,0,27278,,0.04803048257622845
balanced_random_e1_calibrated,injection,time_quartile_4,0.01,0.22677083313465118,0,567931,0,4654,,0.008194657449584544
balanced_random_e1_calibrated,mitm,full_test,0.001,0.48096582293510437,1161,2270562,1110,50079,0.9560723514211886,0.022055772976029724
balanced_random_e1_calibrated,mitm,time_quartile_1,0.001,0.48096582293510437,0,567929,0,2746,,0.004835111431182419
balanced_random_e1_calibrated,mitm,time_quartile_2,0.001,0.48096582293510437,0,567932,0,2077,,0.0036571279660241015
balanced_random_e1_calibrated,mitm,time_quartile_3,0.001,0.48096582293510437,0,567931,0,2321,,0.004086764061127144
balanced_random_e1_calibrated,mitm,time_quartile_4,0.001,0.48096582293510437,1161,566770,1110,42935,0.9560723514211886,0.07575383312454788
balanced_random_e1_calibrated,mitm,full_test,0.01,0.13075636327266693,1161,2270562,1157,101198,0.9965546942291128,0.0445695823324798
balanced_random_e1_calibrated,mitm,time_quartile_1,0.01,0.13075636327266693,0,567929,0,11155,,0.019641539699504693
balanced_random_e1_calibrated,mitm,time_quartile_2,0.01,0.13075636327266693,0,567932,0,5711,,0.010055781325933386
balanced_random_e1_calibrated,mitm,time_quartile_3,0.01,0.13075636327266693,0,567931,0,15696,,0.027637160147975723
balanced_random_e1_calibrated,mitm,time_quartile_4,0.01,0.13075636327266693,1161,566770,1157,68636,0.9965546942291128,0.12110026995077368
balanced_random_e1_calibrated,password,full_test,0.001,0.0678163468837738,210951,2060772,210721,51453,0.9989096994088674,0.024967827590825185
balanced_random_e1_calibrated,password,time_quartile_1,0.001,0.0678163468837738,0,567929,0,481,,0.0008469368530221207
balanced_random_e1_calibrated,password,time_quartile_2,0.001,0.0678163468837738,182192,385740,182006,50084,0.9989790989725125,0.12983875149064136
balanced_random_e1_calibrated,password,time_quartile_3,0.001,0.0678163468837738,28759,539172,28715,472,0.998470044160089,0.0008754163791888302
balanced_random_e1_calibrated,password,time_quartile_4,0.001,0.0678163468837738,0,567931,0,416,,0.0007324833474488978
balanced_random_e1_calibrated,password,full_test,0.01,0.021616067737340927,210951,2060772,210804,62487,0.9993031557091457,0.03032213170598203
balanced_random_e1_calibrated,password,time_quartile_1,0.01,0.021616067737340927,0,567929,0,3316,,0.005838758013765806
balanced_random_e1_calibrated,password,time_quartile_2,0.01,0.021616067737340927,182192,385740,182070,51310,0.9993303767454115,0.1330170581220511
balanced_random_e1_calibrated,password,time_quartile_3,0.01,0.021616067737340927,28759,539172,28734,6700,0.9991307069091415,0.012426461314756701
balanced_random_e1_calibrated,password,time_quartile_4,0.01,0.021616067737340927,0,567931,0,1161,,0.002044262419202333
balanced_random_e1_calibrated,ransomware,full_test,0.001,0.08513176441192627,709,2271014,708,48748,0.998589562764457,0.021465301402809493
balanced_random_e1_calibrated,ransomware,time_quartile_1,0.001,0.08513176441192627,0,567929,0,244,,0.000429631168684818
balanced_random_e1_calibrated,ransomware,time_quartile_2,0.001,0.08513176441192627,0,567932,0,1683,,0.002963382940211152
balanced_random_e1_calibrated,ransomware,time_quartile_3,0.001,0.08513176441192627,0,567931,0,2387,,0.004202975361443556
balanced_random_e1_calibrated,ransomware,time_quartile_4,0.001,0.08513176441192627,709,567222,708,44434,0.998589562764457,0.07833617172817697
balanced_random_e1_calibrated,ransomware,full_test,0.01,0.011368343606591225,709,2271014,709,88869,1.0,0.03913185916070971
balanced_random_e1_calibrated,ransomware,time_quartile_1,0.01,0.011368343606591225,0,567929,0,1662,,0.0029264221407957684
balanced_random_e1_calibrated,ransomware,time_quartile_2,0.01,0.011368343606591225,0,567932,0,5718,,0.010068106745173718
balanced_random_e1_calibrated,ransomware,time_quartile_3,0.01,0.011368343606591225,0,567931,0,6917,,0.012179296428615448
balanced_random_e1_calibrated,ransomware,time_quartile_4,0.01,0.011368343606591225,709,567222,709,74572,1.0,0.13146880762734872
balanced_random_e1_calibrated,scanning,full_test,0.001,0.36595281958580017,6029,2265694,5847,5187,0.9698125725659313,0.002289364759760144
balanced_random_e1_calibrated,scanning,time_quartile_1,0.001,0.36595281958580017,6029,561900,5847,1172,0.9698125725659313,0.0020857803879693894
balanced_random_e1_calibrated,scanning,time_quartile_2,0.001,0.36595281958580017,0,567932,0,802,,0.0014121408901065621
balanced_random_e1_calibrated,scanning,time_quartile_3,0.001,0.36595281958580017,0,567931,0,451,,0.0007941105521621464
balanced_random_e1_calibrated,scanning,time_quartile_4,0.001,0.36595281958580017,0,567931,0,2762,,0.0048632668405140765
balanced_random_e1_calibrated,scanning,full_test,0.01,0.1300644725561142,6029,2265694,5963,14684,0.9890529109305025,0.006481016412631185
balanced_random_e1_calibrated,scanning,time_quartile_1,0.01,0.1300644725561142,6029,561900,5963,3205,0.9890529109305025,0.005703861897134722
balanced_random_e1_calibrated,scanning,time_quartile_2,0.01,0.1300644725561142,0,567932,0,1903,,0.003350753259193002
balanced_random_e1_calibrated,scanning,time_quartile_3,0.01,0.1300644725561142,0,567931,0,4483,,0.007893564535128387
balanced_random_e1_calibrated,scanning,time_quartile_4,0.01,0.1300644725561142,0,567931,0,5093,,0.008967638674416434
balanced_random_e1_calibrated,xss,full_test,0.001,0.3494185507297516,343854,1927869,330493,109465,0.961143392253689,0.05678031028041843
balanced_random_e1_calibrated,xss,time_quartile_1,0.001,0.3494185507297516,0,567929,0,943,,0.0016604188199581286
balanced_random_e1_calibrated,xss,time_quartile_2,0.001,0.3494185507297516,0,567932,0,599,,0.001054703732136946
balanced_random_e1_calibrated,xss,time_quartile_3,0.001,0.3494185507297516,255032,312899,246495,104991,0.9665257693152232,0.3355427789797986
balanced_random_e1_calibrated,xss,time_quartile_4,0.001,0.3494185507297516,88822,479109,83998,2932,0.9456891310711311,0.006119693013489623
balanced_random_e1_calibrated,xss,full_test,0.01,0.14943142235279083,343854,1927869,340409,230226,0.9899812129566619,0.11941993984031073
balanced_random_e1_calibrated,xss,time_quartile_1,0.01,0.14943142235279083,0,567929,0,32173,,0.056649686844658396
balanced_random_e1_calibrated,xss,time_quartile_2,0.01,0.14943142235279083,0,567932,0,21378,,0.03764183035997267
balanced_random_e1_calibrated,xss,time_quartile_3,0.01,0.14943142235279083,255032,312899,252774,163761,0.9911462091031714,0.5233669650590127
balanced_random_e1_calibrated,xss,time_quartile_4,0.01,0.14943142235279083,88822,479109,87635,12914,0.9866361937357861,0.026954200401161324
balanced_random_e2_raw,backdoor,full_test,0.001,0.016213422641158104,40030,2231693,40010,46627,0.9995003747189608,0.020893106713154544
balanced_random_e2_raw,backdoor,time_quartile_1,0.001,0.016213422641158104,0,567929,0,2184,,0.0038455511164247644
balanced_random_e2_raw,backdoor,time_quartile_2,0.001,0.016213422641158104,0,567932,0,1001,,0.0017625349513674172
balanced_random_e2_raw,backdoor,time_quartile_3,0.001,0.016213422641158104,0,567931,0,521,,0.0009173649615886437
balanced_random_e2_raw,backdoor,time_quartile_4,0.001,0.016213422641158104,40030,527901,40010,42921,0.9995003747189608,0.08130501741803861
balanced_random_e2_raw,backdoor,full_test,0.01,0.005949166137725115,40030,2231693,40014,145361,0.9996002997751686,0.06513485501814094
balanced_random_e2_raw,backdoor,time_quartile_1,0.01,0.005949166137725115,0,567929,0,6730,,0.011850072808396825
balanced_random_e2_raw,backdoor,time_quartile_2,0.01,0.005949166137725115,0,567932,0,6228,,0.010966101575540734
balanced_random_e2_raw,backdoor,time_quartile_3,0.01,0.005949166137725115,0,567931,0,5798,,0.010208986655069014
balanced_random_e2_raw,backdoor,time_quartile_4,0.01,0.005949166137725115,40030,527901,40014,126605,0.9996002997751686,0.23982716456305253
balanced_random_e2_raw,benign,full_test,0.001,0.5576573014259338,1474302,797421,1076434,653,0.7301312756816446,0.0008188898963032075
balanced_random_e2_raw,benign,time_quartile_1,0.001,0.5576573014259338,394793,173136,354754,506,0.8985822950254944,0.0029225579890952776
balanced_random_e2_raw,benign,time_quartile_2,0.001,0.5576573014259338,358160,209772,280662,2,0.7836218449854814,9.534160898499323e-06
balanced_random_e2_raw,benign,time_quartile_3,0.001,0.5576573014259338,284140,283791,106183,71,0.3736995847117618,0.00025018411436585373
balanced_random_e2_raw,benign,time_quartile_4,0.001,0.5576573014259338,437209,130722,334835,74,0.7658465402130331,0.0005660868101773228
balanced_random_e2_raw,benign,full_test,0.01,0.2479454129934311,1474302,797421,1290784,11512,0.8755221114805515,0.014436539795164662
balanced_random_e2_raw,benign,time_quartile_1,0.01,0.2479454129934311,394793,173136,392703,4187,0.9947060864807633,0.02418330098881804
balanced_random_e2_raw,benign,time_quartile_2,0.01,0.2479454129934311,358160,209772,306471,58,0.8556818181818182,0.00027649066605648037
balanced_random_e2_raw,benign,time_quartile_3,0.01,0.2479454129934311,284140,283791,178743,2942,0.6290666572816217,0.010366784006540024
balanced_random_e2_raw,benign,time_quartile_4,0.01,0.2479454129934311,437209,130722,412867,4325,0.9443241104368849,0.03308547910833678
balanced_random_e2_raw,ddos,full_test,0.001,0.7843495011329651,103338,2168385,34160,182,0.3305657163870019,8.393343433015815e-05
balanced_random_e2_raw,ddos,time_quartile_1,0.001,0.7843495011329651,75758,492171,32062,57,0.42321602999023206,0.00011581340631609745
balanced_random_e2_raw,ddos,time_quartile_2,0.001,0.7843495011329651,27580,540352,2098,10,0.0760696156635243,1.850645505152197e-05
balanced_random_e2_raw,ddos,time_quartile_3,0.001,0.7843495011329651,0,567931,0,78,,0.00013734062764666835
balanced_random_e2_raw,ddos,time_quartile_4,0.001,0.7843495011329651,0,567931,0,37,,6.51487592682914e-05
balanced_random_e2_raw,ddos,full_test,0.01,0.5608969330787659,103338,2168385,98380,557,0.9520215216087016,0.00025687320286757194
balanced_random_e2_raw,ddos,time_quartile_1,0.01,0.5608969330787659,75758,492171,71953,145,0.949774281264025,0.00029461305115498475
balanced_random_e2_raw,ddos,time_quartile_2,0.01,0.5608969330787659,27580,540352,26427,19,0.9581943437273387,3.516226459789175e-05
balanced_random_e2_raw,ddos,time_quartile_3,0.01,0.5608969330787659,0,567931,0,252,,0.00044371587393539006
balanced_random_e2_raw,ddos,time_quartile_4,0.01,0.5608969330787659,0,567931,0,141,,0.00024826959613051585
balanced_random_e2_raw,dos,full_test,0.001,0.22502084076404572,22458,2249265,21594,3454,0.9615281859471012,0.001535612744607683
balanced_random_e2_raw,dos,time_quartile_1,0.001,0.22502084076404572,22458,545471,21594,299,0.9615281859471012,0.0005481501308043874
balanced_random_e2_raw,dos,time_quartile_2,0.001,0.22502084076404572,0,567932,0,454,,0.000799391476444363
balanced_random_e2_raw,dos,time_quartile_3,0.001,0.22502084076404572,0,567931,0,852,,0.0015001822404482235
balanced_random_e2_raw,dos,time_quartile_4,0.001,0.22502084076404572,0,567931,0,1849,,0.0032556771861370483
balanced_random_e2_raw,dos,full_test,0.01,0.1220017522573471,22458,2249265,22300,41000,0.9929646451153263,0.01822817675996381
balanced_random_e2_raw,dos,time_quartile_1,0.01,0.1220017522573471,22458,545471,22300,9102,0.9929646451153263,0.01668649662401851
balanced_random_e2_raw,dos,time_quartile_2,0.01,0.1220017522573471,0,567932,0,2176,,0.003831444609565934
balanced_random_e2_raw,dos,time_quartile_3,0.01,0.1220017522573471,0,567931,0,12443,,0.021909351664198645
balanced_random_e2_raw,dos,time_quartile_4,0.01,0.1220017522573471,0,567931,0,17279,,0.030424470578292083
balanced_random_e2_raw,injection,full_test,0.001,0.5054437518119812,68891,2202832,65546,9092,0.9514450363617889,0.00412741416503846
balanced_random_e2_raw,injection,time_quartile_1,0.001,0.5054437518119812,68891,499038,65546,42,0.9514450363617889,8.416192754860351e-05
balanced_random_e2_raw,injection,time_quartile_2,0.001,0.5054437518119812,0,567932,0,296,,0.0005211891564483072
balanced_random_e2_raw,injection,time_quartile_3,0.001,0.5054437518119812,0,567931,0,7601,,0.013383668086440079
balanced_random_e2_raw,injection,time_quartile_4,0.001,0.5054437518119812,0,567931,0,1153,,0.0020301762009821618
balanced_random_e2_raw,injection,full_test,0.01,0.24720707535743713,68891,2202832,66908,33768,0.9712153982377959,0.01532935784481068
balanced_random_e2_raw,injection,time_quartile_1,0.01,0.24720707535743713,68891,499038,66908,2044,0.9712153982377959,0.004095880474032037
balanced_random_e2_raw,injection,time_quartile_2,0.01,0.24720707535743713,0,567932,0,9607,,0.01691575752026651
balanced_random_e2_raw,injection,time_quartile_3,0.01,0.24720707535743713,0,567931,0,18568,,0.03269411248901715
balanced_random_e2_raw,injection,time_quartile_4,0.01,0.24720707535743713,0,567931,0,3549,,0.00624899855792341
balanced_random_e2_raw,mitm,full_test,0.001,0.7082077264785767,1161,2270562,980,6649,0.8440999138673557,0.00292834989751436
balanced_random_e2_raw,mitm,time_quartile_1,0.001,0.7082077264785767,0,567929,0,985,,0.0017343717260432203
balanced_random_e2_raw,mitm,time_quartile_2,0.001,0.7082077264785767,0,567932,0,661,,0.00116387173112274
balanced_random_e2_raw,mitm,time_quartile_3,0.001,0.7082077264785767,0,567931,0,47,,8.275653204350529e-05
balanced_random_e2_raw,mitm,time_quartile_4,0.001,0.7082077264785767,1161,566770,980,4956,0.8440999138673557,0.008744287806341197
balanced_random_e2_raw,mitm,full_test,0.01,0.38339975476264954,1161,2270562,1128,60070,0.9715762273901809,0.026456005165241027
balanced_random_e2_raw,mitm,time_quartile_1,0.01,0.38339975476264954,0,567929,0,5325,,0.009376172021502687
balanced_random_e2_raw,mitm,time_quartile_2,0.01,0.38339975476264954,0,567932,0,2732,,0.0048104350520837
balanced_random_e2_raw,mitm,time_quartile_3,0.01,0.38339975476264954,0,567931,0,7477,,0.013165331704027426
balanced_random_e2_raw,mitm,time_quartile_4,0.01,0.38339975476264954,1161,566770,1128,44536,0.9715762273901809,0.07857861213543413
balanced_random_e2_raw,password,full_test,0.001,0.3283011317253113,210951,2060772,210274,50447,0.9967907239121881,0.02447966102023902
balanced_random_e2_raw,password,time_quartile_1,0.001,0.3283011317253113,0,567929,0,296,,0.0005211919095520743
balanced_random_e2_raw,password,time_quartile_2,0.001,0.3283011317253113,182192,385740,181637,49858,0.9969537630631422,0.1292528646238399
balanced_random_e2_raw,password,time_quartile_3,0.001,0.3283011317253113,28759,539172,28637,207,0.9957578497166104,0.00038392201375442346
balanced_random_e2_raw,password,time_quartile_4,0.001,0.3283011317253113,0,567931,0,86,,0.00015142684586683946
balanced_random_e2_raw,password,full_test,0.01,0.12033450603485107,210951,2060772,210623,57702,0.9984451365482979,0.028000186337935492
balanced_random_e2_raw,password,time_quartile_1,0.01,0.12033450603485107,0,567929,0,5113,,0.009002885924120798
balanced_random_e2_raw,password,time_quartile_2,0.01,0.12033450603485107,182192,385740,181934,50661,0.9985839114780012,0.13133457769482035
balanced_random_e2_raw,password,time_quartile_3,0.01,0.12033450603485107,28759,539172,28689,1404,0.9975659793455962,0.002603992788943046
balanced_random_e2_raw,password,time_quartile_4,0.01,0.12033450603485107,0,567931,0,524,,0.0009226472934212079
balanced_random_e2_raw,ransomware,full_test,0.001,0.2043660283088684,709,2271014,708,51626,0.998589562764457,0.022732576725638855
balanced_random_e2_raw,ransomware,time_quartile_1,0.001,0.2043660283088684,0,567929,0,91,,0.00016023129651769852
balanced_random_e2_raw,ransomware,time_quartile_2,0.001,0.2043660283088684,0,567932,0,2480,,0.004366719959431763
balanced_random_e2_raw,ransomware,time_quartile_3,0.001,0.2043660283088684,0,567931,0,920,,0.001619915095319678
balanced_random_e2_raw,ransomware,time_quartile_4,0.001,0.2043660283088684,709,567222,708,48135,0.998589562764457,0.08486095391222484
balanced_random_e2_raw,ransomware,full_test,0.01,0.131602481007576,709,2271014,708,62493,0.998589562764457,0.027517663915766263
balanced_random_e2_raw,ransomware,time_quartile_1,0.01,0.131602481007576,0,567929,0,345,,0.0006074702999846812
balanced_random_e2_raw,ransomware,time_quartile_2,0.01,0.131602481007576,0,567932,0,2607,,0.004590338279934922
balanced_random_e2_raw,ransomware,time_quartile_3,0.01,0.131602481007576,0,567931,0,1203,,0.002118215064858231
balanced_random_e2_raw,ransomware,time_quartile_4,0.01,0.131602481007576,709,567222,708,58338,0.998589562764457,0.10284862011699124
balanced_random_e2_raw,scanning,full_test,0.001,0.33927980065345764,6029,2265694,5766,3542,0.9563775087079117,0.0015633179061250108
balanced_random_e2_raw,scanning,time_quartile_1,0.001,0.33927980065345764,6029,561900,5766,1806,0.9563775087079117,0.003214095034703684
balanced_random_e2_raw,scanning,time_quartile_2,0.001,0.33927980065345764,0,567932,0,698,,0.0012290203756787784
balanced_random_e2_raw,scanning,time_quartile_3,0.001,0.33927980065345764,0,567931,0,450,,0.000792349774884625
balanced_random_e2_raw,scanning,time_quartile_4,0.001,0.33927980065345764,0,567931,0,588,,0.0010353370391825768
balanced_random_e2_raw,scanning,full_test,0.01,0.2072741538286209,6029,2265694,5937,12228,0.9847404212970642,0.005397021839665904
balanced_random_e2_raw,scanning,time_quartile_1,0.01,0.2072741538286209,6029,561900,5937,3887,0.9847404212970642,0.006917600996618615
balanced_random_e2_raw,scanning,time_quartile_2,0.01,0.2072741538286209,0,567932,0,1332,,0.0023453512040173823
balanced_random_e2_raw,scanning,time_quartile_3,0.01,0.2072741538286209,0,567931,0,2175,,0.003829690578609021
balanced_random_e2_raw,scanning,time_quartile_4,0.01,0.2072741538286209,0,567931,0,4834,,0.008511597359538395
balanced_random_e2_raw,xss,full_test,0.001,0.2834826409816742,343854,1927869,308042,105584,0.895851146125972,0.05476720669298588
balanced_random_e2_raw,xss,time_quartile_1,0.001,0.2834826409816742,0,567929,0,1193,,0.0021006146895122453
balanced_random_e2_raw,xss,time_quartile_2,0.001,0.2834826409816742,0,567932,0,254,,0.00044723664100631763
balanced_random_e2_raw,xss,time_quartile_3,0.001,0.2834826409816742,255032,312899,230812,102330,0.9050315254556291,0.3270384373232257
balanced_random_e2_raw,xss,time_quartile_4,0.001,0.2834826409816742,88822,479109,77230,1807,0.8694917925739118,0.003771584336758441
balanced_random_e2_raw,xss,full_test,0.01,0.16871270537376404,343854,1927869,310851,222524,0.9040203109459247,0.1154248551120434
balanced_random_e2_raw,xss,time_quartile_1,0.01,0.16871270537376404,0,567929,0,34723,,0.06113968471411039
balanced_random_e2_raw,xss,time_quartile_2,0.01,0.16871270537376404,0,567932,0,20803,,0.03662938520808829
balanced_random_e2_raw,xss,time_quartile_3,0.01,0.16871270537376404,255032,312899,232735,160368,0.9125717557012454,0.5125232103650059
balanced_random_e2_raw,xss,time_quartile_4,0.01,0.16871270537376404,88822,479109,78116,6630,0.8794667987660715,0.0138381871348691
balanced_random_e2_calibrated,backdoor,full_test,0.001,0.006907534319907427,40030,2231693,40010,47648,0.9995003747189608,0.021350606915915407
balanced_random_e2_calibrated,backdoor,time_quartile_1,0.001,0.006907534319907427,0,567929,0,2331,,0.004104386287722585
balanced_random_e2_calibrated,backdoor,time_quartile_2,0.001,0.006907534319907427,0,567932,0,1169,,0.0020583450131353752
balanced_random_e2_calibrated,backdoor,time_quartile_3,0.001,0.006907534319907427,0,567931,0,556,,0.0009789921663018923
balanced_random_e2_calibrated,backdoor,time_quartile_4,0.001,0.006907534319907427,40030,527901,40010,43592,0.9995003747189608,0.08257608907730805
balanced_random_e2_calibrated,backdoor,full_test,0.01,0.002128962427377701,40030,2231693,40014,140952,0.9996002997751686,0.06315922485754089
balanced_random_e2_calibrated,backdoor,time_quartile_1,0.01,0.002128962427377701,0,567929,0,6767,,0.011915221797090833
balanced_random_e2_calibrated,backdoor,time_quartile_2,0.01,0.002128962427377701,0,567932,0,6336,,0.011156265186677278
balanced_random_e2_calibrated,backdoor,time_quartile_3,0.01,0.002128962427377701,0,567931,0,5316,,0.009360292007303704
balanced_random_e2_calibrated,backdoor,time_quartile_4,0.01,0.002128962427377701,40030,527901,40014,122533,0.9996002997751686,0.23211359705702395
balanced_random_e2_calibrated,benign,full_test,0.001,0.6021689772605896,1474302,797421,1174765,723,0.7968279226372887,0.000906672886718559
balanced_random_e2_calibrated,benign,time_quartile_1,0.001,0.6021689772605896,394793,173136,385270,515,0.9758784983523011,0.002974540245818316
balanced_random_e2_calibrated,benign,time_quartile_2,0.001,0.6021689772605896,358160,209772,301404,2,0.8415345097163279,9.534160898499323e-06
balanced_random_e2_calibrated,benign,time_quartile_3,0.001,0.6021689772605896,284140,283791,149547,107,0.5263144928556346,0.00037703803150910354
balanced_random_e2_calibrated,benign,time_quartile_4,0.001,0.6021689772605896,437209,130722,338544,99,0.774329897143014,0.0007573323541561482
balanced_random_e2_calibrated,benign,full_test,0.01,0.25273945927619934,1474302,797421,1288978,12424,0.8742971250123788,0.01558022675600467
balanced_random_e2_calibrated,benign,time_quartile_1,0.01,0.25273945927619934,394793,173136,392788,3741,0.9949213891836988,0.021607291377876352
balanced_random_e2_calibrated,benign,time_quartile_2,0.01,0.25273945927619934,358160,209772,306415,59,0.8555254634800089,0.00028125774650573004
balanced_random_e2_calibrated,benign,time_quartile_3,0.01,0.25273945927619934,284140,283791,178608,3607,0.6285915393819947,0.0127100577537695
balanced_random_e2_calibrated,benign,time_quartile_4,0.01,0.25273945927619934,437209,130722,411167,5017,0.940435809875826,0.03837915576567066
balanced_random_e2_calibrated,ddos,full_test,0.001,0.8840418457984924,103338,2168385,33838,178,0.3274497280767965,8.208874346575908e-05
balanced_random_e2_calibrated,ddos,time_quartile_1,0.001,0.8840418457984924,75758,492171,31797,55,0.41971804957892234,0.00011174977802430456
balanced_random_e2_calibrated,ddos,time_quartile_2,0.001,0.8840418457984924,27580,540352,2041,10,0.07400290065264685,1.850645505152197e-05
balanced_random_e2_calibrated,ddos,time_quartile_3,0.001,0.8840418457984924,0,567931,0,74,,0.0001302975185365828
balanced_random_e2_calibrated,ddos,time_quartile_4,0.001,0.8840418457984924,0,567931,0,39,,6.867031382333417e-05
balanced_random_e2_calibrated,ddos,full_test,0.01,0.6585578918457031,103338,2168385,98511,557,0.9532892062939093,0.00025687320286757194
balanced_random_e2_calibrated,ddos,time_quartile_1,0.01,0.6585578918457031,75758,492171,72060,145,0.9511866733546293,0.00029461305115498475
balanced_random_e2_calibrated,ddos,time_quartile_2,0.01,0.6585578918457031,27580,540352,26451,20,0.9590645395213924,3.701291010304394e-05
balanced_random_e2_calibrated,ddos,time_quartile_3,0.01,0.6585578918457031,0,567931,0,250,,0.00044019431938034724
balanced_random_e2_calibrated,ddos,time_quartile_4,0.01,0.6585578918457031,0,567931,0,142,,0.00025003037340803723
balanced_random_e2_calibrated,dos,full_test,0.001,0.23171716928482056,22458,2249265,21454,2951,0.9552943271885297,0.001311984137040322
balanced_random_e2_calibrated,dos,time_quartile_1,0.001,0.23171716928482056,22458,545471,21454,257,0.9552943271885297,0.0004711524535676507
balanced_random_e2_calibrated,dos,time_quartile_2,0.001,0.23171716928482056,0,567932,0,405,,0.0007131135417620419
balanced_random_e2_calibrated,dos,time_quartile_3,0.001,0.23171716928482056,0,567931,0,835,,0.0014702490267303598
balanced_random_e2_calibrated,dos,time_quartile_4,0.001,0.23171716928482056,0,567931,0,1454,,0.0025601701615160996
balanced_random_e2_calibrated,dos,full_test,0.01,0.10680591315031052,22458,2249265,22309,33221,0.9933653931783775,0.014769713662018482
balanced_random_e2_calibrated,dos,time_quartile_1,0.01,0.10680591315031052,22458,545471,22309,2693,0.9933653931783775,0.004937017733298379
balanced_random_e2_calibrated,dos,time_quartile_2,0.01,0.10680591315031052,0,567932,0,1897,,0.0033401886141298607
balanced_random_e2_calibrated,dos,time_quartile_3,0.01,0.10680591315031052,0,567931,0,13279,,0.023381361468206525
balanced_random_e2_calibrated,dos,time_quartile_4,0.01,0.10680591315031052,0,567931,0,15352,,0.027031452764508364
balanced_random_e2_calibrated,injection,full_test,0.001,0.5565676689147949,68891,2202832,65640,9739,0.9528095106762857,0.004421126985625776
balanced_random_e2_calibrated,injection,time_quartile_1,0.001,0.5565676689147949,68891,499038,65640,163,0.9528095106762857,0.0003266284331052946
balanced_random_e2_calibrated,injection,time_quartile_2,0.001,0.5565676689147949,0,567932,0,285,,0.0005018206404992147
balanced_random_e2_calibrated,injection,time_quartile_3,0.001,0.5565676689147949,0,567931,0,8080,,0.014227080402372824
balanced_random_e2_calibrated,injection,time_quartile_4,0.001,0.5565676689147949,0,567931,0,1211,,0.002132301283078402
balanced_random_e2_calibrated,injection,full_test,0.01,0.21633310616016388,68891,2202832,66936,36497,0.9716218373953056,0.01656821763983817
balanced_random_e2_calibrated,injection,time_quartile_1,0.01,0.21633310616016388,68891,499038,66936,2074,0.9716218373953056,0.004155996136566755
balanced_random_e2_calibrated,injection,time_quartile_2,0.01,0.21633310616016388,0,567932,0,9419,,0.016584731974954747
balanced_random_e2_calibrated,injection,time_quartile_3,0.01,0.21633310616016388,0,567931,0,21267,,0.03744645036104738
balanced_random_e2_calibrated,injection,time_quartile_4,0.01,0.21633310616016388,0,567931,0,3737,,0.006580024686097431
balanced_random_e2_calibrated,mitm,full_test,0.001,0.8125102519989014,1161,2270562,974,6307,0.8389319552110249,0.0027777263954915127
balanced_random_e2_calibrated,mitm,time_quartile_1,0.001,0.8125102519989014,0,567929,0,984,,0.0017326109425650038
balanced_random_e2_calibrated,mitm,time_quartile_2,0.001,0.8125102519989014,0,567932,0,653,,0.0011497855377052182
balanced_random_e2_calibrated,mitm,time_quartile_3,0.001,0.8125102519989014,0,567931,0,45,,7.923497748846251e-05
balanced_random_e2_calibrated,mitm,time_quartile_4,0.001,0.8125102519989014,1161,566770,974,4625,0.8389319552110249,0.00816027665543342
balanced_random_e2_calibrated,mitm,full_test,0.01,0.4441194236278534,1161,2270562,1124,57289,0.9681309216192937,0.02523119826721314
balanced_random_e2_calibrated,mitm,time_quartile_1,0.01,0.4441194236278534,0,567929,0,5054,,0.008898999698906025
balanced_random_e2_calibrated,mitm,time_quartile_2,0.01,0.4441194236278534,0,567932,0,2497,,0.004396653120443997
balanced_random_e2_calibrated,mitm,time_quartile_3,0.01,0.4441194236278534,0,567931,0,8318,,0.014646145394422914
balanced_random_e2_calibrated,mitm,time_quartile_4,0.01,0.4441194236278534,1161,566770,1124,41420,0.9681309216192937,0.07308079114984914
balanced_random_e2_calibrated,password,full_test,0.001,0.3777804672718048,210951,2060772,210207,50266,0.9964731146095539,0.024391829857936736
balanced_random_e2_calibrated,password,time_quartile_1,0.001,0.3777804672718048,0,567929,0,222,,0.0003908939321640557
balanced_random_e2_calibrated,password,time_quartile_2,0.001,0.3777804672718048,182192,385740,181583,49838,0.9966573724422587,0.12920101622854774
balanced_random_e2_calibrated,password,time_quartile_3,0.001,0.3777804672718048,28759,539172,28624,146,0.9953058173093641,0.00027078557491857884
balanced_random_e2_calibrated,password,time_quartile_4,0.001,0.3777804672718048,0,567931,0,60,,0.00010564663665128334
balanced_random_e2_calibrated,password,full_test,0.01,0.08742169290781021,210951,2060772,210630,57673,0.9984783196097672,0.027986113941765513
balanced_random_e2_calibrated,password,time_quartile_1,0.01,0.08742169290781021,0,567929,0,5012,,0.008825046792820933
balanced_random_e2_calibrated,password,time_quartile_2,0.01,0.08742169290781021,182192,385740,181939,50662,0.998611355054009,0.13133717011458496
balanced_random_e2_calibrated,password,time_quartile_3,0.01,0.08742169290781021,28759,539172,28691,1374,0.9976355227928648,0.002548351917384434
balanced_random_e2_calibrated,password,time_quartile_4,0.01,0.08742169290781021,0,567931,0,625,,0.0011004857984508681
balanced_random_e2_calibrated,ransomware,full_test,0.001,0.1714324653148651,709,2271014,708,51311,0.998589562764457,0.022593872164592556
balanced_random_e2_calibrated,ransomware,time_quartile_1,0.001,0.1714324653148651,0,567929,0,93,,0.00016375286347413144
balanced_random_e2_calibrated,ransomware,time_quartile_2,0.001,0.1714324653148651,0,567932,0,2522,,0.004440672474873753
balanced_random_e2_calibrated,ransomware,time_quartile_3,0.001,0.1714324653148651,0,567931,0,966,,0.0017009108500856617
balanced_random_e2_calibrated,ransomware,time_quartile_4,0.001,0.1714324653148651,709,567222,708,47730,0.998589562764457,0.0841469477559051
balanced_random_e2_calibrated,ransomware,full_test,0.01,0.09953992068767548,709,2271014,708,61649,0.998589562764457,0.027146023758550145
balanced_random_e2_calibrated,ransomware,time_quartile_1,0.01,0.09953992068767548,0,567929,0,306,,0.000538799744334239
balanced_random_e2_calibrated,ransomware,time_quartile_2,0.01,0.09953992068767548,0,567932,0,2611,,0.004597381376643683
balanced_random_e2_calibrated,ransomware,time_quartile_3,0.01,0.09953992068767548,0,567931,0,1238,,0.0021798422695714797
balanced_random_e2_calibrated,ransomware,time_quartile_4,0.01,0.09953992068767548,709,567222,708,57494,0.998589562764457,0.10136066654678415
balanced_random_e2_calibrated,scanning,full_test,0.001,0.3919883072376251,6029,2265694,5626,3072,0.9331564106817051,0.001355875947943544
balanced_random_e2_calibrated,scanning,time_quartile_1,0.001,0.3919883072376251,6029,561900,5626,1515,0.9331564106817051,0.0026962092899092366
balanced_random_e2_calibrated,scanning,time_quartile_2,0.001,0.3919883072376251,0,567932,0,677,,0.0011920441179577837
balanced_random_e2_calibrated,scanning,time_quartile_3,0.001,0.3919883072376251,0,567931,0,399,,0.0007025501337310342
balanced_random_e2_calibrated,scanning,time_quartile_4,0.001,0.3919883072376251,0,567931,0,481,,0.0008469338704877881
balanced_random_e2_calibrated,scanning,full_test,0.01,0.19258186221122742,6029,2265694,5925,12685,0.9827500414662464,0.005598726041557245
balanced_random_e2_calibrated,scanning,time_quartile_1,0.01,0.19258186221122742,6029,561900,5925,3505,0.9827500414662464,0.006237764726819719
balanced_random_e2_calibrated,scanning,time_quartile_2,0.01,0.19258186221122742,0,567932,0,1311,,0.002308374946296388
balanced_random_e2_calibrated,scanning,time_quartile_3,0.01,0.19258186221122742,0,567931,0,2926,,0.005152034314027584
balanced_random_e2_calibrated,scanning,time_quartile_4,0.01,0.19258186221122742,0,567931,0,4943,,0.008703522082788226
balanced_random_e2_calibrated,xss,full_test,0.001,0.27558398246765137,343854,1927869,308618,106299,0.897526275686774,0.05513808251494266
balanced_random_e2_calibrated,xss,time_quartile_1,0.001,0.27558398246765137,0,567929,0,1196,,0.0021058970399468946
balanced_random_e2_calibrated,xss,time_quartile_2,0.001,0.27558398246765137,0,567932,0,292,,0.0005141460597395463
balanced_random_e2_calibrated,xss,time_quartile_3,0.001,0.27558398246765137,255032,312899,231301,103051,0.9069489318987422,0.329342695246709
balanced_random_e2_calibrated,xss,time_quartile_4,0.001,0.27558398246765137,88822,479109,77317,1760,0.8704712796379276,0.003673485574263894
balanced_random_e2_calibrated,xss,full_test,0.01,0.152492493391037,343854,1927869,312014,221646,0.9074025603890024,0.11496942997682934
balanced_random_e2_calibrated,xss,time_quartile_1,0.01,0.152492493391037,0,567929,0,33227,,0.05850555263069856
balanced_random_e2_calibrated,xss,time_quartile_2,0.01,0.152492493391037,0,567932,0,20729,,0.036499087918976214
balanced_random_e2_calibrated,xss,time_quartile_3,0.01,0.152492493391037,255032,312899,233321,161686,0.9148695065717243,0.5167354322001668
balanced_random_e2_calibrated,xss,time_quartile_4,0.01,0.152492493391037,88822,479109,78693,6004,0.8859629371101754,0.012531595106750238
balanced_random_e3_raw,backdoor,full_test,0.001,0.01648890972137451,40030,2231693,40012,49402,0.9995503372470647,0.022136557313214678
balanced_random_e3_raw,backdoor,time_quartile_1,0.001,0.01648890972137451,0,567929,0,2335,,0.004111429421635451
balanced_random_e3_raw,backdoor,time_quartile_2,0.001,0.01648890972137451,0,567932,0,885,,0.001558285146813351
balanced_random_e3_raw,backdoor,time_quartile_3,0.001,0.01648890972137451,0,567931,0,463,,0.0008152398794924031
balanced_random_e3_raw,backdoor,time_quartile_4,0.001,0.01648890972137451,40030,527901,40012,45719,0.9995503372470647,0.08660525363657201
balanced_random_e3_raw,backdoor,full_test,0.01,0.011097526177763939,40030,2231693,40012,74646,0.9995503372470647,0.033448149006158105
balanced_random_e3_raw,backdoor,time_quartile_1,0.01,0.011097526177763939,0,567929,0,4075,,0.0071751926737321035
balanced_random_e3_raw,backdoor,time_quartile_2,0.01,0.011097526177763939,0,567932,0,1834,,0.0032292598409668764
balanced_random_e3_raw,backdoor,time_quartile_3,0.01,0.011097526177763939,0,567931,0,1179,,0.0020759564101977177
balanced_random_e3_raw,backdoor,time_quartile_4,0.01,0.011097526177763939,40030,527901,40012,67558,0.9995503372470647,0.12797475284191542
balanced_random_e3_raw,benign,full_test,0.001,0.5868924260139465,1474302,797421,1055927,741,0.7162216425128637,0.0009292456556825064
balanced_random_e3_raw,benign,time_quartile_1,0.001,0.5868924260139465,394793,173136,348295,645,0.882221822575375,0.0037253950651510953
balanced_random_e3_raw,benign,time_quartile_2,0.001,0.5868924260139465,358160,209772,280277,2,0.7825469064105428,9.534160898499323e-06
balanced_random_e3_raw,benign,time_quartile_3,0.001,0.5868924260139465,284140,283791,104134,47,0.36648835081297954,0.0001656148362703539
balanced_random_e3_raw,benign,time_quartile_4,0.001,0.5868924260139465,437209,130722,323221,47,0.7392825856741284,0.00035954162268019154
balanced_random_e3_raw,benign,full_test,0.01,0.25346946716308594,1474302,797421,1290595,9439,0.8753939152222543,0.011836909236150038
balanced_random_e3_raw,benign,time_quartile_1,0.01,0.25346946716308594,394793,173136,390449,3892,0.98899676539351,0.022479438129562886
balanced_random_e3_raw,benign,time_quartile_2,0.01,0.25346946716308594,358160,209772,306206,69,0.8549419253964708,0.0003289285509982266
balanced_random_e3_raw,benign,time_quartile_3,0.01,0.25346946716308594,284140,283791,178808,2794,0.6292954177518125,0.009845273458284442
balanced_random_e3_raw,benign,time_quartile_4,0.01,0.25346946716308594,437209,130722,415132,2684,0.9495046991255898,0.020532121601566682
balanced_random_e3_raw,ddos,full_test,0.001,0.876093327999115,103338,2168385,34388,113,0.33277206835820317,5.211251691927402e-05
balanced_random_e3_raw,ddos,time_quartile_1,0.001,0.876093327999115,75758,492171,32494,61,0.4289183980569709,0.00012394066289968323
balanced_random_e3_raw,ddos,time_quartile_2,0.001,0.876093327999115,27580,540352,1894,13,0.06867295141406816,2.405839156697856e-05
balanced_random_e3_raw,ddos,time_quartile_3,0.001,0.876093327999115,0,567931,0,15,,2.6411659162820835e-05
balanced_random_e3_raw,ddos,time_quartile_4,0.001,0.876093327999115,0,567931,0,24,,4.2258654660513334e-05
balanced_random_e3_raw,ddos,full_test,0.01,0.6911810040473938,103338,2168385,100345,494,0.971036791886818,0.00022781932175328643
balanced_random_e3_raw,ddos,time_quartile_1,0.01,0.6911810040473938,75758,492171,73297,148,0.9675149819161013,0.00030070849359267407
balanced_random_e3_raw,ddos,time_quartile_2,0.01,0.6911810040473938,27580,540352,27048,25,0.9807106598984772,4.6266137628804926e-05
balanced_random_e3_raw,ddos,time_quartile_3,0.01,0.6911810040473938,0,567931,0,210,,0.0003697632282794917
balanced_random_e3_raw,ddos,time_quartile_4,0.01,0.6911810040473938,0,567931,0,111,,0.00019544627780487418
balanced_random_e3_raw,dos,full_test,0.001,0.25934016704559326,22458,2249265,22173,2674,0.9873096446700508,0.0011888327964912982
balanced_random_e3_raw,dos,time_quartile_1,0.001,0.25934016704559326,22458,545471,22173,246,0.9873096446700508,0.0004509863952437435
balanced_random_e3_raw,dos,time_quartile_2,0.001,0.25934016704559326,0,567932,0,368,,0.0006479648972060035
balanced_random_e3_raw,dos,time_quartile_3,0.001,0.25934016704559326,0,567931,0,723,,0.0012730419716479643
balanced_random_e3_raw,dos,time_quartile_4,0.001,0.25934016704559326,0,567931,0,1337,,0.002354159220046097
balanced_random_e3_raw,dos,full_test,0.01,0.20961523056030273,22458,2249265,22355,25321,0.9954136610561938,0.011257455213147406
balanced_random_e3_raw,dos,time_quartile_1,0.01,0.20961523056030273,22458,545471,22355,602,0.9954136610561938,0.0011036333737265592
balanced_random_e3_raw,dos,time_quartile_2,0.01,0.20961523056030273,0,567932,0,633,,0.0011145700541614137
balanced_random_e3_raw,dos,time_quartile_3,0.01,0.20961523056030273,0,567931,0,14959,,0.02633946729444246
balanced_random_e3_raw,dos,time_quartile_4,0.01,0.20961523056030273,0,567931,0,9127,,0.016070614211937718
balanced_random_e3_raw,injection,full_test,0.001,0.5574878454208374,68891,2202832,65407,9601,0.9494273562584372,0.004358480356196024
balanced_random_e3_raw,injection,time_quartile_1,0.001,0.5574878454208374,68891,499038,65407,1089,0.9494273562584372,0.00218219855001022
balanced_random_e3_raw,injection,time_quartile_2,0.001,0.5574878454208374,0,567932,0,274,,0.0004824521245501222
balanced_random_e3_raw,injection,time_quartile_3,0.001,0.5574878454208374,0,567931,0,7171,,0.012626533857105882
balanced_random_e3_raw,injection,time_quartile_4,0.001,0.5574878454208374,0,567931,0,1067,,0.001878749355115322
balanced_random_e3_raw,injection,full_test,0.01,0.21971750259399414,68891,2202832,66691,28778,0.9680654947670958,0.013064092041517464
balanced_random_e3_raw,injection,time_quartile_1,0.01,0.21971750259399414,68891,499038,66691,1880,0.9680654947670958,0.0037672481855089194
balanced_random_e3_raw,injection,time_quartile_2,0.01,0.21971750259399414,0,567932,0,6497,,0.011439749829204905
balanced_random_e3_raw,injection,time_quartile_3,0.01,0.21971750259399414,0,567931,0,17383,,0.030607591415154307
balanced_random_e3_raw,injection,time_quartile_4,0.01,0.21971750259399414,0,567931,0,3018,,0.005314025823559552
balanced_random_e3_raw,mitm,full_test,0.001,0.715186595916748,1161,2270562,969,5093,0.834625322997416,0.002243057005270061
balanced_random_e3_raw,mitm,time_quartile_1,0.001,0.715186595916748,0,567929,0,985,,0.0017343717260432203
balanced_random_e3_raw,mitm,time_quartile_2,0.001,0.715186595916748,0,567932,0,683,,0.001202608763020925
balanced_random_e3_raw,mitm,time_quartile_3,0.001,0.715186595916748,0,567931,0,57,,0.00010036430481871918
balanced_random_e3_raw,mitm,time_quartile_4,0.001,0.715186595916748,1161,566770,969,3368,0.834625322997416,0.005942445789297246
balanced_random_e3_raw,mitm,full_test,0.01,0.17362549901008606,1161,2270562,1150,80305,0.9905254091300603,0.03536789570159282
balanced_random_e3_raw,mitm,time_quartile_1,0.01,0.17362549901008606,0,567929,0,11075,,0.019500677021247373
balanced_random_e3_raw,mitm,time_quartile_2,0.01,0.17362549901008606,0,567932,0,5155,,0.00907679088341562
balanced_random_e3_raw,mitm,time_quartile_3,0.01,0.17362549901008606,0,567931,0,6161,,0.010848148806809278
balanced_random_e3_raw,mitm,time_quartile_4,0.01,0.17362549901008606,1161,566770,1150,57914,0.9905254091300603,0.10218254318330187
balanced_random_e3_raw,password,full_test,0.001,0.34339338541030884,210951,2060772,210263,50775,0.9967385791013079,0.024638824673471883
balanced_random_e3_raw,password,time_quartile_1,0.001,0.34339338541030884,0,567929,0,563,,0.0009913210982358711
balanced_random_e3_raw,password,time_quartile_2,0.001,0.34339338541030884,182192,385740,181631,49838,0.9969208307719329,0.12920101622854774
balanced_random_e3_raw,password,time_quartile_3,0.001,0.34339338541030884,28759,539172,28632,294,0.9955839910984388,0.0005452805412743985
balanced_random_e3_raw,password,time_quartile_4,0.001,0.34339338541030884,0,567931,0,80,,0.0001408621822017111
balanced_random_e3_raw,password,full_test,0.01,0.06434890627861023,210951,2060772,210719,59585,0.998900218534162,0.02891392157890344
balanced_random_e3_raw,password,time_quartile_1,0.01,0.06434890627861023,0,567929,0,6213,,0.01093974775015891
balanced_random_e3_raw,password,time_quartile_2,0.01,0.06434890627861023,182192,385740,182019,50199,0.9990504522701326,0.13013687976357133
balanced_random_e3_raw,password,time_quartile_3,0.01,0.06434890627861023,28759,539172,28700,2323,0.9979484683055739,0.004308458154355196
balanced_random_e3_raw,password,time_quartile_4,0.01,0.06434890627861023,0,567931,0,850,,0.0014966606858931807
balanced_random_e3_raw,ransomware,full_test,0.001,0.3614240288734436,709,2271014,695,11761,0.9802538787023978,0.005178743944334998
balanced_random_e3_raw,ransomware,time_quartile_1,0.001,0.3614240288734436,0,567929,0,71,,0.00012501562695336918
balanced_random_e3_raw,ransomware,time_quartile_2,0.001,0.3614240288734436,0,567932,0,1707,,0.0030056415204637176
balanced_random_e3_raw,ransomware,time_quartile_3,0.001,0.3614240288734436,0,567931,0,574,,0.0010106861572972772
balanced_random_e3_raw,ransomware,time_quartile_4,0.001,0.3614240288734436,709,567222,695,9409,0.9802538787023978,0.016587861542746933
balanced_random_e3_raw,ransomware,full_test,0.01,0.17042577266693115,709,2271014,708,56309,0.998589562764457,0.024794651199860504
balanced_random_e3_raw,ransomware,time_quartile_1,0.01,0.17042577266693115,0,567929,0,348,,0.0006127526504193306
balanced_random_e3_raw,ransomware,time_quartile_2,0.01,0.17042577266693115,0,567932,0,2646,,0.00465900847284534
balanced_random_e3_raw,ransomware,time_quartile_3,0.01,0.17042577266693115,0,567931,0,920,,0.001619915095319678
balanced_random_e3_raw,ransomware,time_quartile_4,0.01,0.17042577266693115,709,567222,708,52395,0.998589562764457,0.09237124088981034
balanced_random_e3_raw,scanning,full_test,0.001,0.41918522119522095,6029,2265694,5329,1087,0.8838945098689667,0.00047976469902820065
balanced_random_e3_raw,scanning,time_quartile_1,0.001,0.41918522119522095,6029,561900,5329,249,0.8838945098689667,0.0004431393486385478
balanced_random_e3_raw,scanning,time_quartile_2,0.001,0.41918522119522095,0,567932,0,170,,0.00029933161012233857
balanced_random_e3_raw,scanning,time_quartile_3,0.001,0.41918522119522095,0,567931,0,206,,0.00036272011916940614
balanced_random_e3_raw,scanning,time_quartile_4,0.001,0.41918522119522095,0,567931,0,462,,0.0008134791022148817
balanced_random_e3_raw,scanning,full_test,0.01,0.22358548641204834,6029,2265694,5922,15781,0.982252446508542,0.006965194770344098
balanced_random_e3_raw,scanning,time_quartile_1,0.01,0.22358548641204834,6029,561900,5922,3234,0.982252446508542,0.005755472504004271
balanced_random_e3_raw,scanning,time_quartile_2,0.01,0.22358548641204834,0,567932,0,969,,0.00170619017769733
balanced_random_e3_raw,scanning,time_quartile_3,0.01,0.22358548641204834,0,567931,0,6050,,0.010652702529004405
balanced_random_e3_raw,scanning,time_quartile_4,0.01,0.22358548641204834,0,567931,0,5528,,0.009733576790138239
balanced_random_e3_raw,xss,full_test,0.001,0.25207290053367615,343854,1927869,326063,108751,0.9482600173329379,0.05640995316590494
balanced_random_e3_raw,xss,time_quartile_1,0.001,0.25207290053367615,0,567929,0,1309,,0.0023048655729853555
balanced_random_e3_raw,xss,time_quartile_2,0.001,0.25207290053367615,0,567932,0,198,,0.00034863328708366494
balanced_random_e3_raw,xss,time_quartile_3,0.001,0.25207290053367615,255032,312899,244093,100761,0.9571073433922017,0.32202403970610327
balanced_random_e3_raw,xss,time_quartile_4,0.001,0.25207290053367615,88822,479109,81970,6483,0.9228569498547657,0.01353136760110956
balanced_random_e3_raw,xss,full_test,0.01,0.22261695563793182,343854,1927869,333878,113675,0.9709876866344437,0.05896406861669543
balanced_random_e3_raw,xss,time_quartile_1,0.01,0.22261695563793182,0,567929,0,1686,,0.0029686809442729637
balanced_random_e3_raw,xss,time_quartile_2,0.01,0.22261695563793182,0,567932,0,230,,0.0004049780607537522
balanced_random_e3_raw,xss,time_quartile_3,0.01,0.22261695563793182,255032,312899,249285,102440,0.9774655729477085,0.32738998846273076
balanced_random_e3_raw,xss,time_quartile_4,0.01,0.22261695563793182,88822,479109,84593,9319,0.9523879219112382,0.01945068867418479
balanced_random_e3_calibrated,backdoor,full_test,0.001,0.008297380059957504,40030,2231693,40012,46623,0.9995503372470647,0.02089131435192923
balanced_random_e3_calibrated,backdoor,time_quartile_1,0.001,0.008297380059957504,0,567929,0,2195,,0.0038649197346851457
balanced_random_e3_calibrated,backdoor,time_quartile_2,0.001,0.008297380059957504,0,567932,0,859,,0.001512505018206405
balanced_random_e3_calibrated,backdoor,time_quartile_3,0.001,0.008297380059957504,0,567931,0,323,,0.0005687310606394087
balanced_random_e3_calibrated,backdoor,time_quartile_4,0.001,0.008297380059957504,40030,527901,40012,43246,0.9995503372470647,0.08192066315464452
balanced_random_e3_calibrated,backdoor,full_test,0.01,0.004857633728533983,40030,2231693,40014,71841,0.9996002997751686,0.03219125569690813
balanced_random_e3_calibrated,backdoor,time_quartile_1,0.01,0.004857633728533983,0,567929,0,3970,,0.006990310408519375
balanced_random_e3_calibrated,backdoor,time_quartile_2,0.01,0.004857633728533983,0,567932,0,1811,,0.003188762034891501
balanced_random_e3_calibrated,backdoor,time_quartile_3,0.01,0.004857633728533983,0,567931,0,914,,0.0016093504316545496
balanced_random_e3_calibrated,backdoor,time_quartile_4,0.01,0.004857633728533983,40030,527901,40014,65146,0.9996002997751686,0.12340571432901244
balanced_random_e3_calibrated,benign,full_test,0.001,0.6298114657402039,1474302,797421,1156825,781,0.7846594524052738,0.0009794073644912788
balanced_random_e3_calibrated,benign,time_quartile_1,0.001,0.6298114657402039,394793,173136,379427,610,0.9610783372552199,0.003523241844561501
balanced_random_e3_calibrated,benign,time_quartile_2,0.001,0.6298114657402039,358160,209772,301148,2,0.8408197453651999,9.534160898499323e-06
balanced_random_e3_calibrated,benign,time_quartile_3,0.001,0.6298114657402039,284140,283791,146042,95,0.5139790244245794,0.0003347533924613536
balanced_random_e3_calibrated,benign,time_quartile_4,0.001,0.6298114657402039,437209,130722,330208,74,0.7552635009800804,0.0005660868101773228
balanced_random_e3_calibrated,benign,full_test,0.01,0.25930213928222656,1474302,797421,1288568,10014,0.8740190273091945,0.01255798380027614
balanced_random_e3_calibrated,benign,time_quartile_1,0.01,0.25930213928222656,394793,173136,390349,3405,0.9887434680959389,0.019666620460216246
balanced_random_e3_calibrated,benign,time_quartile_2,0.01,0.25930213928222656,358160,209772,306177,62,0.8548609559973196,0.000295558987853479
balanced_random_e3_calibrated,benign,time_quartile_3,0.01,0.25930213928222656,284140,283791,178702,3308,0.6289223622158091,0.011656465497496398
balanced_random_e3_calibrated,benign,time_quartile_4,0.01,0.25930213928222656,437209,130722,413340,3239,0.9454059728871089,0.024777772677896603
balanced_random_e3_calibrated,ddos,full_test,0.001,0.9422523975372314,103338,2168385,34270,136,0.3316301844432832,6.271948938956874e-05
balanced_random_e3_calibrated,ddos,time_quartile_1,0.001,0.9422523975372314,75758,492171,32399,62,0.42766440507933157,0.00012597247704557968
balanced_random_e3_calibrated,ddos,time_quartile_2,0.001,0.9422523975372314,27580,540352,1871,13,0.06783901377810007,2.405839156697856e-05
balanced_random_e3_calibrated,ddos,time_quartile_3,0.001,0.9422523975372314,0,567931,0,14,,2.4650881885299446e-05
balanced_random_e3_calibrated,ddos,time_quartile_4,0.001,0.9422523975372314,0,567931,0,47,,8.275653204350529e-05
balanced_random_e3_calibrated,ddos,full_test,0.01,0.7954548001289368,103338,2168385,98970,467,0.9577309411833014,0.00021536765841859265
balanced_random_e3_calibrated,ddos,time_quartile_1,0.01,0.7954548001289368,75758,492171,72363,143,0.9551862509569946,0.00029054942286319186
balanced_random_e3_calibrated,ddos,time_quartile_2,0.01,0.7954548001289368,27580,540352,26607,25,0.9647208121827411,4.6266137628804926e-05
balanced_random_e3_calibrated,ddos,time_quartile_3,0.01,0.7954548001289368,0,567931,0,193,,0.0003398300145616281
balanced_random_e3_calibrated,ddos,time_quartile_4,0.01,0.7954548001289368,0,567931,0,106,,0.00018664239141726724
balanced_random_e3_calibrated,dos,full_test,0.001,0.28504183888435364,22458,2249265,22167,2256,0.9870424792946834,0.001002994311475082
balanced_random_e3_calibrated,dos,time_quartile_1,0.001,0.28504183888435364,22458,545471,22167,200,0.9870424792946834,0.00036665560588922233
balanced_random_e3_calibrated,dos,time_quartile_2,0.001,0.28504183888435364,0,567932,0,330,,0.0005810554784727749
balanced_random_e3_calibrated,dos,time_quartile_3,0.001,0.28504183888435364,0,567931,0,688,,0.0012114147669347157
balanced_random_e3_calibrated,dos,time_quartile_4,0.001,0.28504183888435364,0,567931,0,1038,,0.001827686814067202
balanced_random_e3_calibrated,dos,full_test,0.01,0.21781110763549805,22458,2249265,22351,24785,0.9952355508059488,0.01101915514623666
balanced_random_e3_calibrated,dos,time_quartile_1,0.01,0.21781110763549805,22458,545471,22351,526,0.9952355508059488,0.0009643042434886547
balanced_random_e3_calibrated,dos,time_quartile_2,0.01,0.21781110763549805,0,567932,0,524,,0.000922645668847679
balanced_random_e3_calibrated,dos,time_quartile_3,0.01,0.21781110763549805,0,567931,0,14914,,0.026260232316953996
balanced_random_e3_calibrated,dos,time_quartile_4,0.01,0.21781110763549805,0,567931,0,8821,,0.015531816365016172
balanced_random_e3_calibrated,injection,full_test,0.001,0.6237117052078247,68891,2202832,65411,9882,0.9494854189952243,0.00448604342046965
balanced_random_e3_calibrated,injection,time_quartile_1,0.001,0.6237117052078247,68891,499038,65411,1107,0.9494854189952243,0.0022182679475310496
balanced_random_e3_calibrated,injection,time_quartile_2,0.001,0.6237117052078247,0,567932,0,243,,0.0004278681250572252
balanced_random_e3_calibrated,injection,time_quartile_3,0.001,0.6237117052078247,0,567931,0,7444,,0.01310722605386922
balanced_random_e3_calibrated,injection,time_quartile_4,0.001,0.6237117052078247,0,567931,0,1088,,0.0019157256779432712
balanced_random_e3_calibrated,injection,full_test,0.01,0.20131248235702515,68891,2202832,66700,26585,0.9681961359248669,0.012068555386883794
balanced_random_e3_calibrated,injection,time_quartile_1,0.01,0.20131248235702515,68891,499038,66700,1898,0.9681961359248669,0.003803317583029749
balanced_random_e3_calibrated,injection,time_quartile_2,0.01,0.20131248235702515,0,567932,0,4478,,0.007884746765457836
balanced_random_e3_calibrated,injection,time_quartile_3,0.01,0.20131248235702515,0,567931,0,17188,,0.030264239846037634
balanced_random_e3_calibrated,injection,time_quartile_4,0.01,0.20131248235702515,0,567931,0,3021,,0.005319308155392116
balanced_random_e3_calibrated,mitm,full_test,0.001,0.8143735527992249,1161,2270562,969,4987,0.834625322997416,0.0021963725280349095
balanced_random_e3_calibrated,mitm,time_quartile_1,0.001,0.8143735527992249,0,567929,0,988,,0.0017396540764778696
balanced_random_e3_calibrated,mitm,time_quartile_2,0.001,0.8143735527992249,0,567932,0,684,,0.0012043695371981153
balanced_random_e3_calibrated,mitm,time_quartile_3,0.001,0.8143735527992249,0,567931,0,53,,9.332119570863362e-05
balanced_random_e3_calibrated,mitm,time_quartile_4,0.001,0.8143735527992249,1161,566770,969,3262,0.834625322997416,0.00575542107027542
balanced_random_e3_calibrated,mitm,full_test,0.01,0.16638468205928802,1161,2270562,1151,78145,0.9913867355727821,0.03441658937302747
balanced_random_e3_calibrated,mitm,time_quartile_1,0.01,0.16638468205928802,0,567929,0,10066,,0.017724046491726958
balanced_random_e3_calibrated,mitm,time_quartile_2,0.01,0.16638468205928802,0,567932,0,4731,,0.008330222632286964
balanced_random_e3_calibrated,mitm,time_quartile_3,0.01,0.16638468205928802,0,567931,0,6257,,0.011017183425451332
balanced_random_e3_calibrated,mitm,time_quartile_4,0.01,0.16638468205928802,1161,566770,1151,57091,0.9913867355727821,0.10073045503467015
balanced_random_e3_calibrated,password,full_test,0.001,0.3424498438835144,210951,2060772,210252,50766,0.9966864342904276,0.024634457378108786
balanced_random_e3_calibrated,password,time_quartile_1,0.001,0.3424498438835144,0,567929,0,545,,0.0009596269956279746
balanced_random_e3_calibrated,password,time_quartile_2,0.001,0.3424498438835144,182192,385740,181623,49843,0.9968769210503206,0.12921397832737078
balanced_random_e3_calibrated,password,time_quartile_3,0.001,0.3424498438835144,28759,539172,28629,297,0.9954796759275357,0.0005508446284302597
balanced_random_e3_calibrated,password,time_quartile_4,0.001,0.3424498438835144,0,567931,0,81,,0.00014262295947923252
balanced_random_e3_calibrated,password,full_test,0.01,0.03734125941991806,210951,2060772,210725,59121,0.9989286611582785,0.028688763240183775
balanced_random_e3_calibrated,password,time_quartile_1,0.01,0.03734125941991806,0,567929,0,5618,,0.009892081580620113
balanced_random_e3_calibrated,password,time_quartile_2,0.01,0.03734125941991806,182192,385740,182023,50243,0.9990724071309388,0.1302509462332141
balanced_random_e3_calibrated,password,time_quartile_3,0.01,0.03734125941991806,28759,539172,28702,2347,0.9980180117528425,0.004352970851602086
balanced_random_e3_calibrated,password,time_quartile_4,0.01,0.03734125941991806,0,567931,0,913,,0.0016075896543770282
balanced_random_e3_calibrated,ransomware,full_test,0.001,0.3618307411670685,709,2271014,696,12051,0.9816643159379408,0.005306440206885559
balanced_random_e3_calibrated,ransomware,time_quartile_1,0.001,0.3618307411670685,0,567929,0,71,,0.00012501562695336918
balanced_random_e3_calibrated,ransomware,time_quartile_2,0.001,0.3618307411670685,0,567932,0,1949,,0.0034317488713437524
balanced_random_e3_calibrated,ransomware,time_quartile_3,0.001,0.3618307411670685,0,567931,0,580,,0.0010212508209624057
balanced_random_e3_calibrated,ransomware,time_quartile_4,0.001,0.3618307411670685,709,567222,696,9451,0.9816643159379408,0.016661906625624535
balanced_random_e3_calibrated,ransomware,full_test,0.01,0.15086302161216736,709,2271014,708,54673,0.998589562764457,0.024074268146299406
balanced_random_e3_calibrated,ransomware,time_quartile_1,0.01,0.15086302161216736,0,567929,0,329,,0.0005792977643332177
balanced_random_e3_calibrated,ransomware,time_quartile_2,0.01,0.15086302161216736,0,567932,0,2630,,0.004630836086010297
balanced_random_e3_calibrated,ransomware,time_quartile_3,0.01,0.15086302161216736,0,567931,0,890,,0.0015670917769940362
balanced_random_e3_calibrated,ransomware,time_quartile_4,0.01,0.15086302161216736,709,567222,708,50824,0.998589562764457,0.08960160219455522
balanced_random_e3_calibrated,scanning,full_test,0.001,0.49102628231048584,6029,2265694,4840,927,0.8027865317631449,0.0004091461600728077
balanced_random_e3_calibrated,scanning,time_quartile_1,0.001,0.49102628231048584,6029,561900,4840,190,0.8027865317631449,0.00033813845880049833
balanced_random_e3_calibrated,scanning,time_quartile_2,0.001,0.49102628231048584,0,567932,0,163,,0.000287006190882007
balanced_random_e3_calibrated,scanning,time_quartile_3,0.001,0.49102628231048584,0,567931,0,196,,0.00034511234639419226
balanced_random_e3_calibrated,scanning,time_quartile_4,0.001,0.49102628231048584,0,567931,0,378,,0.0006655738109030851
balanced_random_e3_calibrated,scanning,full_test,0.01,0.20934602618217468,6029,2265694,5889,16047,0.9767789019737934,0.007082598091357438
balanced_random_e3_calibrated,scanning,time_quartile_1,0.01,0.20934602618217468,6029,561900,5889,3289,0.9767789019737934,0.0058533546894465206
balanced_random_e3_calibrated,scanning,time_quartile_2,0.01,0.20934602618217468,0,567932,0,950,,0.0016727354683307156
balanced_random_e3_calibrated,scanning,time_quartile_3,0.01,0.20934602618217468,0,567931,0,6167,,0.010858713470474407
balanced_random_e3_calibrated,scanning,time_quartile_4,0.01,0.20934602618217468,0,567931,0,5641,,0.009932544622498155
balanced_random_e3_calibrated,xss,full_test,0.001,0.2604077160358429,343854,1927869,328541,106246,0.955466564297638,0.05511059102044796
balanced_random_e3_calibrated,xss,time_quartile_1,0.001,0.2604077160358429,0,567929,0,1269,,0.002234434233856697
balanced_random_e3_calibrated,xss,time_quartile_2,0.001,0.2604077160358429,0,567932,0,191,,0.0003363078678433334
balanced_random_e3_calibrated,xss,time_quartile_3,0.001,0.2604077160358429,255032,312899,245870,100174,0.9640750964584837,0.32014803498892613
balanced_random_e3_calibrated,xss,time_quartile_4,0.001,0.2604077160358429,88822,479109,82671,4612,0.930749138726892,0.009626201970741523
balanced_random_e3_calibrated,xss,full_test,0.01,0.22003263235092163,343854,1927869,335923,110876,0.9769349782174993,0.05751220648290937
balanced_random_e3_calibrated,xss,time_quartile_1,0.01,0.22003263235092163,0,567929,0,1661,,0.002924661357317552
balanced_random_e3_calibrated,xss,time_quartile_2,0.01,0.22003263235092163,0,567932,0,221,,0.0003891310931590402
balanced_random_e3_calibrated,xss,time_quartile_3,0.01,0.22003263235092163,255032,312899,250525,101840,0.9823277078954797,0.3254724367927031
balanced_random_e3_calibrated,xss,time_quartile_4,0.01,0.22003263235092163,88822,479109,85398,7154,0.9614509918713832,0.01493188397629767
balanced_random_e4_raw,backdoor,full_test,0.001,0.013433534651994705,40030,2231693,40010,50641,0.9995003747189608,0.02269174120275504
balanced_random_e4_raw,backdoor,time_quartile_1,0.001,0.013433534651994705,0,567929,0,2485,,0.004375546943367921
balanced_random_e4_raw,backdoor,time_quartile_2,0.001,0.013433534651994705,0,567932,0,1830,,0.0032222167442581156
balanced_random_e4_raw,backdoor,time_quartile_3,0.001,0.013433534651994705,0,567931,0,906,,0.0015952642134343786
balanced_random_e4_raw,backdoor,time_quartile_4,0.001,0.013433534651994705,40030,527901,40010,45420,0.9995003747189608,0.08603885955889456
balanced_random_e4_raw,backdoor,full_test,0.01,0.008378202095627785,40030,2231693,40012,83176,0.9995503372470647,0.03727035931913574
balanced_random_e4_raw,backdoor,time_quartile_1,0.01,0.008378202095627785,0,567929,0,4203,,0.007400572958943812
balanced_random_e4_raw,backdoor,time_quartile_2,0.01,0.008378202095627785,0,567932,0,3303,,0.005815837107259319
balanced_random_e4_raw,backdoor,time_quartile_3,0.01,0.008378202095627785,0,567931,0,1803,,0.0031746814313710642
balanced_random_e4_raw,backdoor,time_quartile_4,0.01,0.008378202095627785,40030,527901,40012,73867,0.9995503372470647,0.1399258573103669
balanced_random_e4_raw,benign,full_test,0.001,0.5874614119529724,1474302,797421,1068757,838,0.7249240657612891,0.0010508877995437792
balanced_random_e4_raw,benign,time_quartile_1,0.001,0.5874614119529724,394793,173136,352344,732,0.89247783015403,0.004227890213473801
balanced_random_e4_raw,benign,time_quartile_2,0.001,0.5874614119529724,358160,209772,279934,2,0.7815892338619611,9.534160898499323e-06
balanced_random_e4_raw,benign,time_quartile_3,0.001,0.5874614119529724,284140,283791,102614,52,0.36113887520236504,0.00018323343587358303
balanced_random_e4_raw,benign,time_quartile_4,0.001,0.5874614119529724,437209,130722,333865,52,0.7636279216576054,0.0003977907314759566
balanced_random_e4_raw,benign,full_test,0.01,0.19316603243350983,1474302,797421,1299569,9016,0.8814808634865855,0.011306449165497272
balanced_random_e4_raw,benign,time_quartile_1,0.01,0.19316603243350983,394793,173136,392809,4599,0.9949745816161888,0.026562933185472693
balanced_random_e4_raw,benign,time_quartile_2,0.01,0.19316603243350983,358160,209772,306631,61,0.8561285459012732,0.0002907919074042294
balanced_random_e4_raw,benign,time_quartile_3,0.01,0.19316603243350983,284140,283791,180405,2084,0.6349158865348068,0.007343432314625904
balanced_random_e4_raw,benign,time_quartile_4,0.01,0.19316603243350983,437209,130722,419724,2272,0.9600076851116972,0.017380395036795643
balanced_random_e4_raw,ddos,full_test,0.001,0.7889850735664368,103338,2168385,36766,212,0.35578393233853955,9.776861581315126e-05
balanced_random_e4_raw,ddos,time_quartile_1,0.001,0.7889850735664368,75758,492171,34695,61,0.457971435359962,0.00012394066289968323
balanced_random_e4_raw,ddos,time_quartile_2,0.001,0.7889850735664368,27580,540352,2071,14,0.07509064539521393,2.5909037072130758e-05
balanced_random_e4_raw,ddos,time_quartile_3,0.001,0.7889850735664368,0,567931,0,98,,0.00017255617319709613
balanced_random_e4_raw,ddos,time_quartile_4,0.001,0.7889850735664368,0,567931,0,39,,6.867031382333417e-05
balanced_random_e4_raw,ddos,full_test,0.01,0.5974835157394409,103338,2168385,99163,564,0.9595985987729586,0.00026010141188027034
balanced_random_e4_raw,ddos,time_quartile_1,0.01,0.5974835157394409,75758,492171,72484,155,0.9567834420127247,0.0003149311926139492
balanced_random_e4_raw,ddos,time_quartile_2,0.01,0.5974835157394409,27580,540352,26679,21,0.9673313995649021,3.886355560819614e-05
balanced_random_e4_raw,ddos,time_quartile_3,0.01,0.5974835157394409,0,567931,0,243,,0.00042786887843769756
balanced_random_e4_raw,ddos,time_quartile_4,0.01,0.5974835157394409,0,567931,0,145,,0.00025531270524060143
balanced_random_e4_raw,dos,full_test,0.001,0.236927330493927,22458,2249265,22054,3580,0.9820108647252649,0.0015916310439187912
balanced_random_e4_raw,dos,time_quartile_1,0.001,0.236927330493927,22458,545471,22054,384,0.9820108647252649,0.0007039787633073069
balanced_random_e4_raw,dos,time_quartile_2,0.001,0.236927330493927,0,567932,0,558,,0.0009825119908721466
balanced_random_e4_raw,dos,time_quartile_3,0.001,0.236927330493927,0,567931,0,812,,0.001429751149347368
balanced_random_e4_raw,dos,time_quartile_4,0.001,0.236927330493927,0,567931,0,1826,,0.0032151793087540565
balanced_random_e4_raw,dos,full_test,0.01,0.13128603994846344,22458,2249265,22370,35886,0.9960815744946122,0.01595454515141613
balanced_random_e4_raw,dos,time_quartile_1,0.01,0.13128603994846344,22458,545471,22370,3744,0.9960815744946122,0.0068637929422462425
balanced_random_e4_raw,dos,time_quartile_2,0.01,0.13128603994846344,0,567932,0,2217,,0.003903636350830733
balanced_random_e4_raw,dos,time_quartile_3,0.01,0.13128603994846344,0,567931,0,12478,,0.021970978868911892
balanced_random_e4_raw,dos,time_quartile_4,0.01,0.13128603994846344,0,567931,0,17447,,0.030720281160915675
balanced_random_e4_raw,injection,full_test,0.001,0.5355755090713501,68891,2202832,65664,9846,0.9531578870970083,0.004469700821487976
balanced_random_e4_raw,injection,time_quartile_1,0.001,0.5355755090713501,68891,499038,65664,175,0.9531578870970083,0.0003506746981191813
balanced_random_e4_raw,injection,time_quartile_2,0.001,0.5355755090713501,0,567932,0,258,,0.00045427973771507856
balanced_random_e4_raw,injection,time_quartile_3,0.001,0.5355755090713501,0,567931,0,8215,,0.014464785334838212
balanced_random_e4_raw,injection,time_quartile_4,0.001,0.5355755090713501,0,567931,0,1198,,0.002109411178470624
balanced_random_e4_raw,injection,full_test,0.01,0.20852816104888916,68891,2202832,66983,35138,0.9723040745525541,0.01595128452827996
balanced_random_e4_raw,injection,time_quartile_1,0.01,0.20852816104888916,68891,499038,66983,1613,0.9723040745525541,0.0032322187889499395
balanced_random_e4_raw,injection,time_quartile_2,0.01,0.20852816104888916,0,567932,0,3884,,0.006838846904206841
balanced_random_e4_raw,injection,time_quartile_3,0.01,0.20852816104888916,0,567931,0,25455,,0.04482058559930696
balanced_random_e4_raw,injection,time_quartile_4,0.01,0.20852816104888916,0,567931,0,4186,,0.007370613683704535
balanced_random_e4_raw,mitm,full_test,0.001,0.7200695872306824,1161,2270562,1003,6231,0.8639104220499569,0.0027442545061531023
balanced_random_e4_raw,mitm,time_quartile_1,0.001,0.7200695872306824,0,567929,0,1060,,0.0018664304869094553
balanced_random_e4_raw,mitm,time_quartile_2,0.001,0.7200695872306824,0,567932,0,679,,0.001195565666312164
balanced_random_e4_raw,mitm,time_quartile_3,0.001,0.7200695872306824,0,567931,0,44,,7.747420021094111e-05
balanced_random_e4_raw,mitm,time_quartile_4,0.001,0.7200695872306824,1161,566770,1003,4448,0.8639104220499569,0.007847980662349806
balanced_random_e4_raw,mitm,full_test,0.01,0.3211469054222107,1161,2270562,1150,71267,0.9905254091300603,0.03138738338790132
balanced_random_e4_raw,mitm,time_quartile_1,0.01,0.3211469054222107,0,567929,0,7162,,0.012610731270986338
balanced_random_e4_raw,mitm,time_quartile_2,0.01,0.3211469054222107,0,567932,0,3430,,0.006039455427762478
balanced_random_e4_raw,mitm,time_quartile_3,0.01,0.3211469054222107,0,567931,0,8042,,0.01416017086582701
balanced_random_e4_raw,mitm,time_quartile_4,0.01,0.3211469054222107,1161,566770,1150,52633,0.9905254091300603,0.09286483053090319
balanced_random_e4_raw,password,full_test,0.001,0.3332502543926239,210951,2060772,210340,50792,0.9971035927774696,0.02464707400915773
balanced_random_e4_raw,password,time_quartile_1,0.001,0.3332502543926239,0,567929,0,533,,0.000938497593889377
balanced_random_e4_raw,password,time_quartile_2,0.001,0.3332502543926239,182192,385740,181696,49861,0.9972775972600334,0.12926064188313371
balanced_random_e4_raw,password,time_quartile_3,0.001,0.3332502543926239,28759,539172,28644,293,0.9960012517820508,0.0005434258455557781
balanced_random_e4_raw,password,time_quartile_4,0.001,0.3332502543926239,0,567931,0,105,,0.00018488161413974586
balanced_random_e4_raw,password,full_test,0.01,0.10482820868492126,210951,2060772,210697,61110,0.9987959289124014,0.0296539355154282
balanced_random_e4_raw,password,time_quartile_1,0.01,0.10482820868492126,0,567929,0,5955,,0.010485465612779063
balanced_random_e4_raw,password,time_quartile_2,0.01,0.10482820868492126,182192,385740,181998,51413,0.9989351892509002,0.13328407735780579
balanced_random_e4_raw,password,time_quartile_3,0.01,0.10482820868492126,28759,539172,28699,2826,0.9979136965819395,0.005241370100821259
balanced_random_e4_raw,password,time_quartile_4,0.01,0.10482820868492126,0,567931,0,916,,0.0016128719862095924
balanced_random_e4_raw,ransomware,full_test,0.001,0.35897505283355713,709,2271014,706,41255,0.995768688293371,0.018165894177666893
balanced_random_e4_raw,ransomware,time_quartile_1,0.001,0.35897505283355713,0,567929,0,49,,8.627839043260689e-05
balanced_random_e4_raw,ransomware,time_quartile_2,0.001,0.35897505283355713,0,567932,0,1628,,0.0028665403604656897
balanced_random_e4_raw,ransomware,time_quartile_3,0.001,0.35897505283355713,0,567931,0,1137,,0.002002003764541819
balanced_random_e4_raw,ransomware,time_quartile_4,0.001,0.35897505283355713,709,567222,706,38441,0.995768688293371,0.06777064359280846
balanced_random_e4_raw,ransomware,full_test,0.01,0.14730443060398102,709,2271014,708,57418,0.998589562764457,0.02528297932113144
balanced_random_e4_raw,ransomware,time_quartile_1,0.01,0.14730443060398102,0,567929,0,341,,0.0006004271660718153
balanced_random_e4_raw,ransomware,time_quartile_2,0.01,0.14730443060398102,0,567932,0,2595,,0.004569208989808639
balanced_random_e4_raw,ransomware,time_quartile_3,0.01,0.14730443060398102,0,567931,0,3162,,0.005567577751522632
balanced_random_e4_raw,ransomware,time_quartile_4,0.01,0.14730443060398102,709,567222,708,51320,0.998589562764457,0.09047603936377643
balanced_random_e4_raw,scanning,full_test,0.001,0.40223854780197144,6029,2265694,5339,1204,0.8855531597279814,0.0005314045056393317
balanced_random_e4_raw,scanning,time_quartile_1,0.001,0.40223854780197144,6029,561900,5339,285,0.8855531597279814,0.0005072076882007474
balanced_random_e4_raw,scanning,time_quartile_2,0.001,0.40223854780197144,0,567932,0,133,,0.0002341829655663002
balanced_random_e4_raw,scanning,time_quartile_3,0.001,0.40223854780197144,0,567931,0,303,,0.0005335155150889808
balanced_random_e4_raw,scanning,time_quartile_4,0.001,0.40223854780197144,0,567931,0,483,,0.0008504554250428309
balanced_random_e4_raw,scanning,full_test,0.01,0.19722123444080353,6029,2265694,5892,16509,0.9772764969314978,0.007286509122591135
balanced_random_e4_raw,scanning,time_quartile_1,0.01,0.19722123444080353,6029,561900,5892,3425,0.9772764969314978,0.00609539063890372
balanced_random_e4_raw,scanning,time_quartile_2,0.01,0.19722123444080353,0,567932,0,1386,,0.0024404330095856544
balanced_random_e4_raw,scanning,time_quartile_3,0.01,0.19722123444080353,0,567931,0,6694,,0.011786643095728178
balanced_random_e4_raw,scanning,time_quartile_4,0.01,0.19722123444080353,0,567931,0,5004,,0.00881092949671703
balanced_random_e4_raw,xss,full_test,0.001,0.22745461761951447,343854,1927869,321457,107403,0.9348647972686082,0.05571073553234167
balanced_random_e4_raw,xss,time_quartile_1,0.001,0.22745461761951447,0,567929,0,1421,,0.0025020733225456
balanced_random_e4_raw,xss,time_quartile_2,0.001,0.22745461761951447,0,567932,0,225,,0.00039617418986780107
balanced_random_e4_raw,xss,time_quartile_3,0.001,0.22745461761951447,255032,312899,240225,103837,0.941940619216412,0.3318546879344453
balanced_random_e4_raw,xss,time_quartile_4,0.001,0.22745461761951447,88822,479109,81232,1920,0.9145481975186328,0.004007438808287884
balanced_random_e4_raw,xss,full_test,0.01,0.17664507031440735,343854,1927869,337771,216694,0.9823093522250723,0.11240079071762656
balanced_random_e4_raw,xss,time_quartile_1,0.01,0.17664507031440735,0,567929,0,33319,,0.05866754471069447
balanced_random_e4_raw,xss,time_quartile_2,0.01,0.17664507031440735,0,567932,0,20527,,0.036143411535183786
balanced_random_e4_raw,xss,time_quartile_3,0.01,0.17664507031440735,255032,312899,251249,157697,0.9851665673327269,0.5039869095139327
balanced_random_e4_raw,xss,time_quartile_4,0.01,0.17664507031440735,88822,479109,86522,5151,0.9741055143995857,0.01075120692785984
balanced_random_e4_calibrated,backdoor,full_test,0.001,0.006015770602971315,40030,2231693,40012,50236,0.9995503372470647,0.022510264628692208
balanced_random_e4_calibrated,backdoor,time_quartile_1,0.001,0.006015770602971315,0,567929,0,2658,,0.004680162485099369
balanced_random_e4_calibrated,backdoor,time_quartile_2,0.001,0.006015770602971315,0,567932,0,1735,,0.003054943197425044
balanced_random_e4_calibrated,backdoor,time_quartile_3,0.001,0.006015770602971315,0,567931,0,639,,0.0011251366803361675
balanced_random_e4_calibrated,backdoor,time_quartile_4,0.001,0.006015770602971315,40030,527901,40012,45204,0.9995503372470647,0.0856296919308734
balanced_random_e4_calibrated,backdoor,full_test,0.01,0.003276656847447157,40030,2231693,40012,79199,0.9995503372470647,0.03548830417086938
balanced_random_e4_calibrated,backdoor,time_quartile_1,0.01,0.003276656847447157,0,567929,0,4260,,0.0075009376172021506
balanced_random_e4_calibrated,backdoor,time_quartile_2,0.01,0.003276656847447157,0,567932,0,3276,,0.005768296204475183
balanced_random_e4_calibrated,backdoor,time_quartile_3,0.01,0.003276656847447157,0,567931,0,1752,,0.0030848817902174737
balanced_random_e4_calibrated,backdoor,time_quartile_4,0.01,0.003276656847447157,40030,527901,40012,69911,0.9995503372470647,0.13243202797494227
balanced_random_e4_calibrated,benign,full_test,0.001,0.6354120373725891,1474302,797421,1170308,876,0.7938047971175513,0.0010985414229121129
balanced_random_e4_calibrated,benign,time_quartile_1,0.001,0.6354120373725891,394793,173136,383260,691,0.9707872226711213,0.0039910821550688475
balanced_random_e4_calibrated,benign,time_quartile_2,0.001,0.6354120373725891,358160,209772,300798,2,0.8398425284788921,9.534160898499323e-06
balanced_random_e4_calibrated,benign,time_quartile_3,0.001,0.6354120373725891,284140,283791,148259,100,0.5217815161540086,0.00035237199206458275
balanced_random_e4_calibrated,benign,time_quartile_4,0.001,0.6354120373725891,437209,130722,337991,83,0.7730650558428578,0.0006349352060097
balanced_random_e4_calibrated,benign,full_test,0.01,0.18473339080810547,1474302,797421,1297730,9675,0.8802334935447419,0.012132863318121795
balanced_random_e4_calibrated,benign,time_quartile_1,0.01,0.18473339080810547,394793,173136,392665,4211,0.9946098335076863,0.024321920340079475
balanced_random_e4_calibrated,benign,time_quartile_2,0.01,0.18473339080810547,358160,209772,306567,62,0.8559498548134912,0.000295558987853479
balanced_random_e4_calibrated,benign,time_quartile_3,0.01,0.18473339080810547,284140,283791,180169,2509,0.634085310058422,0.008841013280900381
balanced_random_e4_calibrated,benign,time_quartile_4,0.01,0.18473339080810547,437209,130722,418329,2893,0.9568169914160047,0.022130934349229664
balanced_random_e4_calibrated,ddos,full_test,0.001,0.883113443851471,103338,2168385,36511,213,0.35331630184443286,9.822978852925103e-05
balanced_random_e4_calibrated,ddos,time_quartile_1,0.001,0.883113443851471,75758,492171,34487,60,0.45522585073523586,0.00012190884875378679
balanced_random_e4_calibrated,ddos,time_quartile_2,0.001,0.883113443851471,27580,540352,2024,14,0.07338651196519216,2.5909037072130758e-05
balanced_random_e4_calibrated,ddos,time_quartile_3,0.001,0.883113443851471,0,567931,0,97,,0.00017079539591957475
balanced_random_e4_calibrated,ddos,time_quartile_4,0.001,0.883113443851471,0,567931,0,42,,7.395264565589833e-05
balanced_random_e4_calibrated,ddos,full_test,0.01,0.688722550868988,103338,2168385,99200,645,0.9599566471191624,0.00029745640188435173
balanced_random_e4_calibrated,ddos,time_quartile_1,0.01,0.688722550868988,75758,492171,72514,164,0.9571794397951372,0.00033321751992701726
balanced_random_e4_calibrated,ddos,time_quartile_2,0.01,0.688722550868988,27580,540352,26686,21,0.967585206671501,3.886355560819614e-05
balanced_random_e4_calibrated,ddos,time_quartile_3,0.01,0.688722550868988,0,567931,0,306,,0.0005387978469215451
balanced_random_e4_calibrated,ddos,time_quartile_4,0.01,0.688722550868988,0,567931,0,154,,0.0002711597007382939
balanced_random_e4_calibrated,dos,full_test,0.001,0.23561961948871613,22458,2249265,22054,3507,0.9820108647252649,0.0015591759974925143
balanced_random_e4_calibrated,dos,time_quartile_1,0.001,0.23561961948871613,22458,545471,22054,373,0.9820108647252649,0.0006838127049833997
balanced_random_e4_calibrated,dos,time_quartile_2,0.001,0.23561961948871613,0,567932,0,539,,0.0009490572815055323
balanced_random_e4_calibrated,dos,time_quartile_3,0.001,0.23561961948871613,0,567931,0,825,,0.001452641253955146
balanced_random_e4_calibrated,dos,time_quartile_4,0.001,0.23561961948871613,0,567931,0,1770,,0.0031165757812128586
balanced_random_e4_calibrated,dos,full_test,0.01,0.11973249167203903,22458,2249265,22369,33573,0.996037046932051,0.014926209228347927
balanced_random_e4_calibrated,dos,time_quartile_1,0.01,0.11973249167203903,22458,545471,22369,3026,0.996037046932051,0.005547499317103934
balanced_random_e4_calibrated,dos,time_quartile_2,0.01,0.11973249167203903,0,567932,0,1927,,0.0033930118394455673
balanced_random_e4_calibrated,dos,time_quartile_3,0.01,0.11973249167203903,0,567931,0,12395,,0.021824834354877618
balanced_random_e4_calibrated,dos,time_quartile_4,0.01,0.11973249167203903,0,567931,0,16225,,0.028568611327784536
balanced_random_e4_calibrated,injection,full_test,0.001,0.5861930251121521,68891,2202832,65703,11177,0.9537239987806825,0.005073923022727108
balanced_random_e4_calibrated,injection,time_quartile_1,0.001,0.5861930251121521,68891,499038,65703,1111,0.9537239987806825,0.0022262833692023453
balanced_random_e4_calibrated,injection,time_quartile_2,0.001,0.5861930251121521,0,567932,0,254,,0.00044723664100631763
balanced_random_e4_calibrated,injection,time_quartile_3,0.001,0.5861930251121521,0,567931,0,8544,,0.015044081059142749
balanced_random_e4_calibrated,injection,time_quartile_4,0.001,0.5861930251121521,0,567931,0,1268,,0.002232665587897121
balanced_random_e4_calibrated,injection,full_test,0.01,0.19469240307807922,68891,2202832,66957,35496,0.9719266667634379,0.016113802595931054
balanced_random_e4_calibrated,injection,time_quartile_1,0.01,0.19469240307807922,68891,499038,66957,1620,0.9719266667634379,0.003246245776874707
balanced_random_e4_calibrated,injection,time_quartile_2,0.01,0.19469240307807922,0,567932,0,2800,,0.004930167696132636
balanced_random_e4_calibrated,injection,time_quartile_3,0.01,0.19469240307807922,0,567931,0,26987,,0.047518096388469724
balanced_random_e4_calibrated,injection,time_quartile_4,0.01,0.19469240307807922,0,567931,0,4089,,0.00719981828778496
balanced_random_e4_calibrated,mitm,full_test,0.001,0.8229917883872986,1161,2270562,996,5871,0.8578811369509044,0.0025857034513922105
balanced_random_e4_calibrated,mitm,time_quartile_1,0.001,0.8229917883872986,0,567929,0,1063,,0.0018717128373441046
balanced_random_e4_calibrated,mitm,time_quartile_2,0.001,0.8229917883872986,0,567932,0,664,,0.0011691540536543108
balanced_random_e4_calibrated,mitm,time_quartile_3,0.001,0.8229917883872986,0,567931,0,40,,7.043109110085556e-05
balanced_random_e4_calibrated,mitm,time_quartile_4,0.001,0.8229917883872986,1161,566770,996,4104,0.8578811369509044,0.007241032517599732
balanced_random_e4_calibrated,mitm,full_test,0.01,0.3652462065219879,1161,2270562,1148,67718,0.9888027562446167,0.029824334239716862
balanced_random_e4_calibrated,mitm,time_quartile_1,0.01,0.3652462065219879,0,567929,0,6590,,0.011603563121446519
balanced_random_e4_calibrated,mitm,time_quartile_2,0.01,0.3652462065219879,0,567932,0,3214,,0.00565912820548939
balanced_random_e4_calibrated,mitm,time_quartile_3,0.01,0.3652462065219879,0,567931,0,7961,,0.014017547906347778
balanced_random_e4_calibrated,mitm,time_quartile_4,0.01,0.3652462065219879,1161,566770,1148,49953,0.9888027562446167,0.08813628103110609
balanced_random_e4_calibrated,password,full_test,0.001,0.3642228841781616,210951,2060772,210315,50595,0.9969850818436509,0.024551478766209944
balanced_random_e4_calibrated,password,time_quartile_1,0.001,0.3642228841781616,0,567929,0,457,,0.0008046780495449255
balanced_random_e4_calibrated,password,time_quartile_2,0.001,0.3642228841781616,182192,385740,181673,49851,0.9971513568103978,0.12923471768548764
balanced_random_e4_calibrated,password,time_quartile_3,0.001,0.3642228841781616,28759,539172,28642,196,0.9959317083347822,0.000363520360849599
balanced_random_e4_calibrated,password,time_quartile_4,0.001,0.3642228841781616,0,567931,0,91,,0.0001602307322544464
balanced_random_e4_calibrated,password,full_test,0.01,0.07061433792114258,210951,2060772,210715,61233,0.9988812567847509,0.029713621885390524
balanced_random_e4_calibrated,password,time_quartile_1,0.01,0.07061433792114258,0,567929,0,5898,,0.010385100954520724
balanced_random_e4_calibrated,password,time_quartile_2,0.01,0.07061433792114258,182192,385740,182010,51442,0.9990010538333187,0.1333592575309794
balanced_random_e4_calibrated,password,time_quartile_3,0.01,0.07061433792114258,28759,539172,28705,2901,0.9981223269237456,0.00538047227971779
balanced_random_e4_calibrated,password,time_quartile_4,0.01,0.07061433792114258,0,567931,0,992,,0.0017466910593012179
balanced_random_e4_calibrated,ransomware,full_test,0.001,0.3720848262310028,709,2271014,706,41438,0.995768688293371,0.018246474922655694
balanced_random_e4_calibrated,ransomware,time_quartile_1,0.001,0.3720848262310028,0,567929,0,42,,7.395290608509163e-05
balanced_random_e4_calibrated,ransomware,time_quartile_2,0.001,0.3720848262310028,0,567932,0,1619,,0.0028506933928709776
balanced_random_e4_calibrated,ransomware,time_quartile_3,0.001,0.3720848262310028,0,567931,0,1003,,0.0017660596093539533
balanced_random_e4_calibrated,ransomware,time_quartile_4,0.001,0.3720848262310028,709,567222,706,38774,0.995768688293371,0.06835771532133803
balanced_random_e4_calibrated,ransomware,full_test,0.01,0.12785765528678894,709,2271014,708,54496,0.998589562764457,0.02399632939294958
balanced_random_e4_calibrated,ransomware,time_quartile_1,0.01,0.12785765528678894,0,567929,0,324,,0.0005704938469421354
balanced_random_e4_calibrated,ransomware,time_quartile_2,0.01,0.12785765528678894,0,567932,0,2599,,0.0045762520865174
balanced_random_e4_calibrated,ransomware,time_quartile_3,0.01,0.12785765528678894,0,567931,0,3176,,0.0055922286334079314
balanced_random_e4_calibrated,ransomware,time_quartile_4,0.01,0.12785765528678894,709,567222,708,48397,0.998589562764457,0.08532285419112799
balanced_random_e4_calibrated,scanning,full_test,0.001,0.4681577980518341,6029,2265694,4956,1066,0.822026870127716,0.0004704960157903053
balanced_random_e4_calibrated,scanning,time_quartile_1,0.001,0.4681577980518341,6029,561900,4956,214,0.822026870127716,0.0003808506851752981
balanced_random_e4_calibrated,scanning,time_quartile_2,0.001,0.4681577980518341,0,567932,0,109,,0.00019192438531373475
balanced_random_e4_calibrated,scanning,time_quartile_3,0.001,0.4681577980518341,0,567931,0,266,,0.00046836675582068946
balanced_random_e4_calibrated,scanning,time_quartile_4,0.001,0.4681577980518341,0,567931,0,477,,0.0008398907613777026
balanced_random_e4_calibrated,scanning,full_test,0.01,0.19275538623332977,6029,2265694,5827,10279,0.9664952728479018,0.004536799762015524
balanced_random_e4_calibrated,scanning,time_quartile_1,0.01,0.19275538623332977,6029,561900,5827,3206,0.9664952728479018,0.0057056415732336715
balanced_random_e4_calibrated,scanning,time_quartile_2,0.01,0.19275538623332977,0,567932,0,1208,,0.002127015206045794
balanced_random_e4_calibrated,scanning,time_quartile_3,0.01,0.19275538623332977,0,567931,0,3938,,0.00693394091887923
balanced_random_e4_calibrated,scanning,time_quartile_4,0.01,0.19275538623332977,0,567931,0,1927,,0.0033930178137837165
balanced_random_e4_calibrated,xss,full_test,0.001,0.22079406678676605,343854,1927869,324721,107908,0.9443571981131527,0.05597268279120625
balanced_random_e4_calibrated,xss,time_quartile_1,0.001,0.22079406678676605,0,567929,0,1379,,0.002428120416460508
balanced_random_e4_calibrated,xss,time_quartile_2,0.001,0.22079406678676605,0,567932,0,208,,0.0003662410288555672
balanced_random_e4_calibrated,xss,time_quartile_3,0.001,0.22079406678676605,255032,312899,242484,104500,0.9507983311898115,0.3339735825298259
balanced_random_e4_calibrated,xss,time_quartile_4,0.001,0.22079406678676605,88822,479109,82237,1821,0.9258629618788138,0.0038008052447355404
balanced_random_e4_calibrated,xss,full_test,0.01,0.15774928033351898,343854,1927869,339120,214210,0.9862325289221588,0.11111232142847881
balanced_random_e4_calibrated,xss,time_quartile_1,0.01,0.15774928033351898,0,567929,0,31008,,0.05459837409253621
balanced_random_e4_calibrated,xss,time_quartile_2,0.01,0.15774928033351898,0,567932,0,19476,,0.034292837874956864
balanced_random_e4_calibrated,xss,time_quartile_3,0.01,0.15774928033351898,255032,312899,252119,158859,0.9885779039493083,0.5077005679148863
balanced_random_e4_calibrated,xss,time_quartile_4,0.01,0.15774928033351898,88822,479109,87001,4867,0.979498322487672,0.010158439937467257
