model,class,window,validation_FPR_target,threshold,positives,negatives,TP,FP,recall,FPR
global_raw,benign,full_test,0.001,0.9776881337165833,2652203,390270,1593472,307,0.6008107222561773,0.0007866348937914777
global_raw,benign,time_quartile_1,0.001,0.9776881337165833,420631,339986,238016,0,0.5658546326828028,0.0
global_raw,benign,time_quartile_2,0.001,0.9776881337165833,752591,8028,458183,305,0.6088074398976336,0.0379920279023418
global_raw,benign,time_quartile_3,0.001,0.9776881337165833,759904,714,450660,2,0.5930485956120773,0.0028011204481792717
global_raw,benign,time_quartile_4,0.001,0.9776881337165833,719077,41542,446613,0,0.6210920388219898,0.0
global_raw,benign,full_test,0.01,0.8738133907318115,2652203,390270,2365993,2824,0.8920859376148809,0.007236016091423886
global_raw,benign,time_quartile_1,0.01,0.8738133907318115,420631,339986,379135,6,0.9013482125663587,1.764778549704988e-05
global_raw,benign,time_quartile_2,0.01,0.8738133907318115,752591,8028,670965,2589,0.8915400263888353,0.32249626307922274
global_raw,benign,time_quartile_3,0.01,0.8738133907318115,759904,714,675753,229,0.8892610119172948,0.32072829131652664
global_raw,benign,time_quartile_4,0.01,0.8738133907318115,719077,41542,640140,0,0.8902245517517595,0.0
global_raw,bot,full_test,0.001,0.0046463110484182835,41542,3000931,41422,1688,0.9971113571806846,0.0005624921066162468
global_raw,bot,time_quartile_1,0.001,0.0046463110484182835,0,760617,0,940,,0.001235838799290576
global_raw,bot,time_quartile_2,0.001,0.0046463110484182835,0,760619,0,246,,0.00032342079280165233
global_raw,bot,time_quartile_3,0.001,0.0046463110484182835,0,760618,0,214,,0.0002813501652603541
global_raw,bot,time_quartile_4,0.001,0.0046463110484182835,41542,719077,41422,288,0.9971113571806846,0.00040051343597417247
global_raw,bot,full_test,0.01,0.0037123849615454674,41542,3000931,41422,40596,0.9971113571806846,0.013527801872152342
global_raw,bot,time_quartile_1,0.01,0.0037123849615454674,0,760617,0,39709,,0.0522063009372654
global_raw,bot,time_quartile_2,0.01,0.0037123849615454674,0,760619,0,292,,0.0003838978516182215
global_raw,bot,time_quartile_3,0.01,0.0037123849615454674,0,760618,0,263,,0.0003457714647825847
global_raw,bot,time_quartile_4,0.01,0.0037123849615454674,41542,719077,41422,332,0.9971113571806846,0.0004617029886924488
global_raw,brute_force,full_test,0.001,0.0005240934551693499,37696,3004777,37696,1914,1.0,0.0006369857064267997
global_raw,brute_force,time_quartile_1,0.001,0.0005240934551693499,37696,722921,37696,1291,1.0,0.0017858106210775452
global_raw,brute_force,time_quartile_2,0.001,0.0005240934551693499,0,760619,0,204,,0.00026820260866478485
global_raw,brute_force,time_quartile_3,0.001,0.0005240934551693499,0,760618,0,127,,0.00016696949059843443
global_raw,brute_force,time_quartile_4,0.001,0.0005240934551693499,0,760619,0,292,,0.0003838978516182215
global_raw,brute_force,full_test,0.01,0.0003425356699153781,37696,3004777,37696,32535,1.0,0.010827758599057434
global_raw,brute_force,time_quartile_1,0.01,0.0003425356699153781,37696,722921,37696,14154,1.0,0.019578902812340492
global_raw,brute_force,time_quartile_2,0.01,0.0003425356699153781,0,760619,0,248,,0.00032605023014150317
global_raw,brute_force,time_quartile_3,0.01,0.0003425356699153781,0,760618,0,211,,0.0002774060040651155
global_raw,brute_force,time_quartile_4,0.01,0.0003425356699153781,0,760619,0,17922,,0.023562388002403307
global_raw,ddos,full_test,0.001,0.01448453776538372,262680,2779793,262679,4843,0.9999961930866453,0.001742216057094899
global_raw,ddos,time_quartile_1,0.001,0.01448453776538372,262680,497937,262679,370,0.9999961930866453,0.0007430658898615689
global_raw,ddos,time_quartile_2,0.001,0.01448453776538372,0,760619,0,99,,0.00013015714832261617
global_raw,ddos,time_quartile_3,0.001,0.01448453776538372,0,760618,0,43,,5.653297713175339e-05
global_raw,ddos,time_quartile_4,0.001,0.01448453776538372,0,760619,0,4331,,0.005694046559446977
global_raw,ddos,full_test,0.01,0.00194461306091398,262680,2779793,262680,52447,1.0,0.018867232200383267
global_raw,ddos,time_quartile_1,0.01,0.00194461306091398,262680,497937,262680,4025,1.0,0.00808335190998058
global_raw,ddos,time_quartile_2,0.01,0.00194461306091398,0,760619,0,3082,,0.004051962940710132
global_raw,ddos,time_quartile_3,0.01,0.00194461306091398,0,760618,0,3000,,0.003944161195238609
global_raw,ddos,time_quartile_4,0.01,0.00194461306091398,0,760619,0,42340,,0.055665188484642115
global_raw,dos,full_test,0.001,0.006128109525889158,39483,3002990,39479,10375,0.9998986905756908,0.0034548899596735256
global_raw,dos,time_quartile_1,0.001,0.006128109525889158,39483,721134,39479,9879,0.9998986905756908,0.013699257003552737
global_raw,dos,time_quartile_2,0.001,0.006128109525889158,0,760619,0,144,,0.0001893194884692599
global_raw,dos,time_quartile_3,0.001,0.006128109525889158,0,760618,0,134,,0.0001761725333873245
global_raw,dos,time_quartile_4,0.001,0.006128109525889158,0,760619,0,218,,0.0002866086700437407
global_raw,dos,full_test,0.01,0.004133608192205429,39483,3002990,39479,45432,0.9998986905756908,0.01512892150823013
global_raw,dos,time_quartile_1,0.01,0.004133608192205429,39483,721134,39479,44819,0.9998986905756908,0.06215072372125014
global_raw,dos,time_quartile_2,0.01,0.004133608192205429,0,760619,0,173,,0.00022744632989709696
global_raw,dos,time_quartile_3,0.01,0.004133608192205429,0,760618,0,160,,0.00021035526374605913
global_raw,dos,time_quartile_4,0.01,0.004133608192205429,0,760619,0,280,,0.0003681212275791165
global_raw,infiltration,full_test,0.001,0.9816744923591614,8742,3033731,889,74,0.10169297643559826,2.4392406577906873e-05
global_raw,infiltration,time_quartile_1,0.001,0.9816744923591614,0,760617,0,57,,7.493916123357748e-05
global_raw,infiltration,time_quartile_2,0.001,0.9816744923591614,8028,752591,889,16,0.11073741903338316,2.125988750862022e-05
global_raw,infiltration,time_quartile_3,0.001,0.9816744923591614,714,759904,0,1,0.0,1.3159556996673263e-06
global_raw,infiltration,time_quartile_4,0.001,0.9816744923591614,0,760619,0,0,,0.0
global_raw,infiltration,full_test,0.01,0.3530050218105316,8742,3033731,2932,13263,0.33539235872797984,0.004371844438415931
global_raw,infiltration,time_quartile_1,0.01,0.3530050218105316,0,760617,0,1829,,0.0024046267701090035
global_raw,infiltration,time_quartile_2,0.01,0.3530050218105316,8028,752591,2838,3780,0.35351270553064273,0.005022648423911527
global_raw,infiltration,time_quartile_3,0.01,0.3530050218105316,714,759904,94,4526,0.13165266106442577,0.00595601549669432
global_raw,infiltration,time_quartile_4,0.01,0.3530050218105316,0,760619,0,3128,,0.004112439999526702
global_raw,web_attacks,full_test,0.001,0.5287265777587891,127,3042346,114,543,0.8976377952755905,0.00017848068562878778
global_raw,web_attacks,time_quartile_1,0.001,0.5287265777587891,127,760490,114,227,0.8976377952755905,0.00029849176189036017
global_raw,web_attacks,time_quartile_2,0.001,0.5287265777587891,0,760619,0,214,,0.000281349795364039
global_raw,web_attacks,time_quartile_3,0.001,0.5287265777587891,0,760618,0,61,,8.019794430318504e-05
global_raw,web_attacks,time_quartile_4,0.001,0.5287265777587891,0,760619,0,41,,5.390346546694206e-05
global_raw,web_attacks,full_test,0.01,0.07265030592679977,127,3042346,124,52435,0.9763779527559056,0.017235054789954858
global_raw,web_attacks,time_quartile_1,0.01,0.07265030592679977,127,760490,124,47948,0.9763779527559056,0.06304882378466516
global_raw,web_attacks,time_quartile_2,0.01,0.07265030592679977,0,760619,0,829,,0.00108990177736817
global_raw,web_attacks,time_quartile_3,0.01,0.07265030592679977,0,760618,0,458,,0.0006021419424730943
global_raw,web_attacks,time_quartile_4,0.01,0.07265030592679977,0,760619,0,3200,,0.004207099743761331
global_calibrated,benign,full_test,0.001,0.952997088432312,2652203,390270,1590250,303,0.5995958831205606,0.0007763855792143901
global_calibrated,benign,time_quartile_1,0.001,0.952997088432312,420631,339986,237520,0,0.564675451880627,0.0
global_calibrated,benign,time_quartile_2,0.001,0.952997088432312,752591,8028,457362,301,0.6077165419198476,0.037493771798704535
global_calibrated,benign,time_quartile_3,0.001,0.952997088432312,759904,714,449574,2,0.5916194677222386,0.0028011204481792717
global_calibrated,benign,time_quartile_4,0.001,0.952997088432312,719077,41542,445794,0,0.6199530787384383,0.0
global_calibrated,benign,full_test,0.01,0.8238118886947632,2652203,390270,2365953,2820,0.8920708558130731,0.0072257667768467985
global_calibrated,benign,time_quartile_1,0.01,0.8238118886947632,420631,339986,379120,2,0.9013125518566154,5.8825951656832925e-06
global_calibrated,benign,time_quartile_2,0.01,0.8238118886947632,752591,8028,670950,2589,0.891520095244296,0.32249626307922274
global_calibrated,benign,time_quartile_3,0.01,0.8238118886947632,759904,714,675820,229,0.8893491809491725,0.32072829131652664
global_calibrated,benign,time_quartile_4,0.01,0.8238118886947632,719077,41542,640063,0,0.8901174700345026,0.0
global_calibrated,bot,full_test,0.001,0.010936453007161617,41542,3000931,41422,1160,0.9971113571806846,0.00038654670833817905
global_calibrated,bot,time_quartile_1,0.001,0.010936453007161617,0,760617,0,327,,0.00042991413549789187
global_calibrated,bot,time_quartile_2,0.001,0.010936453007161617,0,760619,0,276,,0.0003628623528994148
global_calibrated,bot,time_quartile_3,0.001,0.010936453007161617,0,760618,0,245,,0.00032210649761115303
global_calibrated,bot,time_quartile_4,0.001,0.010936453007161617,41542,719077,41422,312,0.9971113571806846,0.00043388955563868683
global_calibrated,bot,full_test,0.01,0.009295987896621227,41542,3000931,41422,35079,0.9971113571806846,0.011689372398099123
global_calibrated,bot,time_quartile_1,0.01,0.009295987896621227,0,760617,0,34114,,0.044850430637232666
global_calibrated,bot,time_quartile_2,0.01,0.009295987896621227,0,760619,0,308,,0.0004049333503370281
global_calibrated,bot,time_quartile_3,0.01,0.009295987896621227,0,760618,0,294,,0.00038652779713338367
global_calibrated,bot,time_quartile_4,0.01,0.009295987896621227,41542,719077,41422,363,0.9971113571806846,0.0005048138099257799
global_calibrated,brute_force,full_test,0.001,0.0022420675959438086,37696,3004777,37696,1761,1.0,0.0005860667863205822
global_calibrated,brute_force,time_quartile_1,0.001,0.0022420675959438086,37696,722921,37696,1172,1.0,0.0016212006567799249
global_calibrated,brute_force,time_quartile_2,0.001,0.0022420675959438086,0,760619,0,193,,0.0002537407032956053
global_calibrated,brute_force,time_quartile_3,0.001,0.0022420675959438086,0,760618,0,114,,0.00014987812541906713
global_calibrated,brute_force,time_quartile_4,0.001,0.0022420675959438086,0,760619,0,282,,0.0003707506649189673
global_calibrated,brute_force,full_test,0.01,0.001607638318091631,37696,3004777,37696,30874,1.0,0.010274972152675556
global_calibrated,brute_force,time_quartile_1,0.01,0.001607638318091631,37696,722921,37696,13362,1.0,0.018483347419704227
global_calibrated,brute_force,time_quartile_2,0.01,0.001607638318091631,0,760619,0,234,,0.0003076441687625473
global_calibrated,brute_force,time_quartile_3,0.01,0.001607638318091631,0,760618,0,201,,0.0002642588000809868
global_calibrated,brute_force,time_quartile_4,0.01,0.001607638318091631,0,760619,0,17077,,0.022451450726316328
global_calibrated,ddos,full_test,0.001,0.03203766047954559,262680,2779793,262667,4791,0.9999505101263895,0.0017235096282349081
global_calibrated,ddos,time_quartile_1,0.001,0.03203766047954559,262680,497937,262667,366,0.9999505101263895,0.0007350327451063086
global_calibrated,ddos,time_quartile_2,0.001,0.03203766047954559,0,760619,0,83,,0.00010912164960380953
global_calibrated,ddos,time_quartile_3,0.001,0.03203766047954559,0,760618,0,30,,3.944161195238609e-05
global_calibrated,ddos,time_quartile_4,0.001,0.03203766047954559,0,760619,0,4312,,0.0056690669047183935
global_calibrated,ddos,full_test,0.01,0.006490269210189581,262680,2779793,262680,52605,1.0,0.018924070964996313
global_calibrated,ddos,time_quartile_1,0.01,0.006490269210189581,262680,497937,262680,4344,1.0,0.008723995204212581
global_calibrated,ddos,time_quartile_2,0.01,0.006490269210189581,0,760619,0,3068,,0.004033556879331176
global_calibrated,ddos,time_quartile_3,0.01,0.006490269210189581,0,760618,0,2993,,0.003934958152449718
global_calibrated,ddos,time_quartile_4,0.01,0.006490269210189581,0,760619,0,42200,,0.055481127870852555
global_calibrated,dos,full_test,0.001,0.013561860658228397,39483,3002990,39479,9526,0.9998986905756908,0.0031721717355036147
global_calibrated,dos,time_quartile_1,0.001,0.013561860658228397,39483,721134,39479,8996,0.9998986905756908,0.012474796639736859
global_calibrated,dos,time_quartile_2,0.001,0.013561860658228397,0,760619,0,153,,0.00020115195649858864
global_calibrated,dos,time_quartile_3,0.001,0.013561860658228397,0,760618,0,143,,0.00018800501697304034
global_calibrated,dos,time_quartile_4,0.001,0.013561860658228397,0,760619,0,234,,0.0003076441687625473
global_calibrated,dos,full_test,0.01,0.010582337155938148,39483,3002990,39479,35965,0.9998986905756908,0.011976396857798395
global_calibrated,dos,time_quartile_1,0.01,0.010582337155938148,39483,721134,39479,35334,0.9998986905756908,0.04899782842023812
global_calibrated,dos,time_quartile_2,0.01,0.010582337155938148,0,760619,0,180,,0.00023664936058657489
global_calibrated,dos,time_quartile_3,0.01,0.010582337155938148,0,760618,0,166,,0.00021824358613653635
global_calibrated,dos,time_quartile_4,0.01,0.010582337155938148,0,760619,0,285,,0.00037469482092874356
global_calibrated,infiltration,full_test,0.001,0.9597398042678833,8742,3033731,882,72,0.10089224433768017,2.3733152346071554e-05
global_calibrated,infiltration,time_quartile_1,0.001,0.9597398042678833,0,760617,0,55,,7.230971697976774e-05
global_calibrated,infiltration,time_quartile_2,0.001,0.9597398042678833,8028,752591,882,16,0.10986547085201794,2.125988750862022e-05
global_calibrated,infiltration,time_quartile_3,0.001,0.9597398042678833,714,759904,0,1,0.0,1.3159556996673263e-06
global_calibrated,infiltration,time_quartile_4,0.001,0.9597398042678833,0,760619,0,0,,0.0
global_calibrated,infiltration,full_test,0.01,0.3808668553829193,8742,3033731,2932,13234,0.33539235872797984,0.004362285252054319
global_calibrated,infiltration,time_quartile_1,0.01,0.3808668553829193,0,760617,0,1826,,0.002400682603728289
global_calibrated,infiltration,time_quartile_2,0.01,0.3808668553829193,8028,752591,2838,3776,0.35351270553064273,0.005017333452034372
global_calibrated,infiltration,time_quartile_3,0.01,0.3808668553829193,714,759904,94,4517,0.13165266106442577,0.005944171895397313
global_calibrated,infiltration,time_quartile_4,0.01,0.3808668553829193,0,760619,0,3115,,0.004095348656817671
global_calibrated,web_attacks,full_test,0.001,0.5011137127876282,127,3042346,113,452,0.889763779527559,0.00014856955783464472
global_calibrated,web_attacks,time_quartile_1,0.001,0.5011137127876282,127,760490,113,135,0.889763779527559,0.00017751712711541244
global_calibrated,web_attacks,time_quartile_2,0.001,0.5011137127876282,0,760619,0,214,,0.000281349795364039
global_calibrated,web_attacks,time_quartile_3,0.001,0.5011137127876282,0,760618,0,62,,8.151266470159791e-05
global_calibrated,web_attacks,time_quartile_4,0.001,0.5011137127876282,0,760619,0,41,,5.390346546694206e-05
global_calibrated,web_attacks,full_test,0.01,0.10382979363203049,127,3042346,124,48585,0.9763779527559056,0.01596958399866419
global_calibrated,web_attacks,time_quartile_1,0.01,0.10382979363203049,127,760490,124,44019,0.9763779527559056,0.05788241791476548
global_calibrated,web_attacks,time_quartile_2,0.01,0.10382979363203049,0,760619,0,861,,0.001131972774805783
global_calibrated,web_attacks,time_quartile_3,0.01,0.10382979363203049,0,760618,0,486,,0.0006389541136286546
global_calibrated,web_attacks,time_quartile_4,0.01,0.10382979363203049,0,760619,0,3219,,0.004232079398489914
designed_e1_raw,benign,full_test,0.001,0.9915509819984436,2652203,390270,893435,330,0.336865239953352,0.0008455684526097317
designed_e1_raw,benign,time_quartile_1,0.001,0.9915509819984436,420631,339986,140336,21,0.33363209083495987,6.176724923967457e-05
designed_e1_raw,benign,time_quartile_2,0.001,0.9915509819984436,752591,8028,255631,301,0.33966789398225594,0.037493771798704535
designed_e1_raw,benign,time_quartile_3,0.001,0.9915509819984436,759904,714,250402,8,0.32951793910809785,0.011204481792717087
designed_e1_raw,benign,time_quartile_4,0.001,0.9915509819984436,719077,41542,247066,0,0.3435876825430378,0.0
designed_e1_raw,benign,full_test,0.01,0.9841831922531128,2652203,390270,1889841,2600,0.7125551852554273,0.006662054475106977
designed_e1_raw,benign,time_quartile_1,0.01,0.9841831922531128,420631,339986,303979,37,0.7226737924689336,0.00010882801056514092
designed_e1_raw,benign,time_quartile_2,0.01,0.9841831922531128,752591,8028,525124,2320,0.6977548230047927,0.28898854010961633
designed_e1_raw,benign,time_quartile_3,0.01,0.9841831922531128,759904,714,548069,243,0.7212345243609719,0.3403361344537815
designed_e1_raw,benign,time_quartile_4,0.01,0.9841831922531128,719077,41542,512669,0,0.7129542455119549,0.0
designed_e1_raw,bot,full_test,0.001,0.13403022289276123,41542,3000931,41418,43,0.9970150690867075,1.432888660219112e-05
designed_e1_raw,bot,time_quartile_1,0.001,0.13403022289276123,0,760617,0,4,,5.258888507619472e-06
designed_e1_raw,bot,time_quartile_2,0.001,0.13403022289276123,0,760619,0,14,,1.8406061378955825e-05
designed_e1_raw,bot,time_quartile_3,0.001,0.13403022289276123,0,760618,0,1,,1.3147203984128695e-06
designed_e1_raw,bot,time_quartile_4,0.001,0.13403022289276123,41542,719077,41418,24,0.9970150690867075,3.337611966451437e-05
designed_e1_raw,bot,full_test,0.01,0.011888772249221802,41542,3000931,41422,1337,0.9971113571806846,0.00044552840435184947
designed_e1_raw,bot,time_quartile_1,0.01,0.011888772249221802,0,760617,0,251,,0.0003299952538531219
designed_e1_raw,bot,time_quartile_2,0.01,0.011888772249221802,0,760619,0,391,,0.0005140549999408377
designed_e1_raw,bot,time_quartile_3,0.01,0.011888772249221802,0,760618,0,218,,0.00028660904685400555
designed_e1_raw,bot,time_quartile_4,0.01,0.011888772249221802,41542,719077,41422,477,0.9971113571806846,0.0006633503783322231
designed_e1_raw,brute_force,full_test,0.001,0.00624461192637682,37696,3004777,37676,30,0.9994694397283531,9.984101981611281e-06
designed_e1_raw,brute_force,time_quartile_1,0.001,0.00624461192637682,37696,722921,37676,1,0.9994694397283531,1.3832770109043726e-06
designed_e1_raw,brute_force,time_quartile_2,0.001,0.00624461192637682,0,760619,0,9,,1.1832468029328744e-05
designed_e1_raw,brute_force,time_quartile_3,0.001,0.00624461192637682,0,760618,0,9,,1.1832483585715827e-05
designed_e1_raw,brute_force,time_quartile_4,0.001,0.00624461192637682,0,760619,0,11,,1.4461905369179576e-05
designed_e1_raw,brute_force,full_test,0.01,0.0002764370001386851,37696,3004777,37696,25433,1.0,0.008464188856610657
designed_e1_raw,brute_force,time_quartile_1,0.01,0.0002764370001386851,37696,722921,37696,166,1.0,0.00022962398381012587
designed_e1_raw,brute_force,time_quartile_2,0.01,0.0002764370001386851,0,760619,0,147,,0.00019326364447903616
designed_e1_raw,brute_force,time_quartile_3,0.01,0.0002764370001386851,0,760618,0,51,,6.705074031905635e-05
designed_e1_raw,brute_force,time_quartile_4,0.01,0.0002764370001386851,0,760619,0,25069,,0.032958682336360255
designed_e1_raw,ddos,full_test,0.001,0.010353059507906437,262680,2779793,262101,97,0.9977957971676564,3.4894684604213334e-05
designed_e1_raw,ddos,time_quartile_1,0.001,0.010353059507906437,262680,497937,262101,3,0.9977957971676564,6.024858566445153e-06
designed_e1_raw,ddos,time_quartile_2,0.001,0.010353059507906437,0,760619,0,32,,4.2070997437613314e-05
designed_e1_raw,ddos,time_quartile_3,0.001,0.010353059507906437,0,760618,0,12,,1.5776644780954434e-05
designed_e1_raw,ddos,time_quartile_4,0.001,0.010353059507906437,0,760619,0,50,,6.57359334962708e-05
designed_e1_raw,ddos,full_test,0.01,0.0010509395506232977,262680,2779793,262482,21885,0.9992462311557789,0.007872888376940298
designed_e1_raw,ddos,time_quartile_1,0.01,0.0010509395506232977,262680,497937,262482,129,0.9992462311557789,0.0002590689183571416
designed_e1_raw,ddos,time_quartile_2,0.01,0.0010509395506232977,0,760619,0,211,,0.0002774056393542628
designed_e1_raw,ddos,time_quartile_3,0.01,0.0010509395506232977,0,760618,0,72,,9.465986868572661e-05
designed_e1_raw,ddos,time_quartile_4,0.01,0.0010509395506232977,0,760619,0,21473,,0.02823095399930846
designed_e1_raw,dos,full_test,0.001,0.002489785198122263,39483,3002990,39393,4434,0.997720537953043,0.0014765283933679432
designed_e1_raw,dos,time_quartile_1,0.001,0.002489785198122263,39483,721134,39393,3684,0.997720537953043,0.005108620589238616
designed_e1_raw,dos,time_quartile_2,0.001,0.002489785198122263,0,760619,0,231,,0.0003037000127527711
designed_e1_raw,dos,time_quartile_3,0.001,0.002489785198122263,0,760618,0,334,,0.0004391166130698984
designed_e1_raw,dos,time_quartile_4,0.001,0.002489785198122263,0,760619,0,185,,0.00024322295393620197
designed_e1_raw,dos,full_test,0.01,0.0011065604630857706,39483,3002990,39483,13987,1.0,0.004657691167802756
designed_e1_raw,dos,time_quartile_1,0.01,0.0011065604630857706,39483,721134,39483,12235,1.0,0.016966333580166793
designed_e1_raw,dos,time_quartile_2,0.01,0.0011065604630857706,0,760619,0,502,,0.0006599887723025588
designed_e1_raw,dos,time_quartile_3,0.01,0.0011065604630857706,0,760618,0,651,,0.0008558829793667781
designed_e1_raw,dos,time_quartile_4,0.01,0.0011065604630857706,0,760619,0,599,,0.0007875164832853242
designed_e1_raw,infiltration,full_test,0.001,0.943415641784668,8742,3033731,998,78,0.11416151910318005,2.5710915041577516e-05
designed_e1_raw,infiltration,time_quartile_1,0.001,0.943415641784668,0,760617,0,62,,8.151277186810181e-05
designed_e1_raw,infiltration,time_quartile_2,0.001,0.943415641784668,8028,752591,998,14,0.12431489785749876,1.8602401570042693e-05
designed_e1_raw,infiltration,time_quartile_3,0.001,0.943415641784668,714,759904,0,2,0.0,2.6319113993346527e-06
designed_e1_raw,infiltration,time_quartile_4,0.001,0.943415641784668,0,760619,0,0,,0.0
designed_e1_raw,infiltration,full_test,0.01,0.24052387475967407,8742,3033731,1214,513,0.13886982383893845,0.00016909871046575983
designed_e1_raw,infiltration,time_quartile_1,0.01,0.24052387475967407,0,760617,0,102,,0.00013410165694429654
designed_e1_raw,infiltration,time_quartile_2,0.01,0.24052387475967407,8028,752591,1214,64,0.1512207274539113,8.503955003448088e-05
designed_e1_raw,infiltration,time_quartile_3,0.01,0.24052387475967407,714,759904,0,119,0.0,0.00015659872826041184
designed_e1_raw,infiltration,time_quartile_4,0.01,0.24052387475967407,0,760619,0,228,,0.00029975585674299487
designed_e1_raw,web_attacks,full_test,0.001,0.05125250667333603,127,3042346,69,1934,0.5433070866141733,0.0006356936390535462
designed_e1_raw,web_attacks,time_quartile_1,0.001,0.05125250667333603,127,760490,69,1607,0.5433070866141733,0.002113111283514576
designed_e1_raw,web_attacks,time_quartile_2,0.001,0.05125250667333603,0,760619,0,220,,0.00028923810738359153
designed_e1_raw,web_attacks,time_quartile_3,0.001,0.05125250667333603,0,760618,0,64,,8.414210549842364e-05
designed_e1_raw,web_attacks,time_quartile_4,0.001,0.05125250667333603,0,760619,0,43,,5.6532902806792886e-05
designed_e1_raw,web_attacks,full_test,0.01,0.012629351578652859,127,3042346,89,37326,0.7007874015748031,0.012268821494991037
designed_e1_raw,web_attacks,time_quartile_1,0.01,0.012629351578652859,127,760490,89,32914,0.7007874015748031,0.04327999053241989
designed_e1_raw,web_attacks,time_quartile_2,0.01,0.012629351578652859,0,760619,0,1615,,0.002123270651929547
designed_e1_raw,web_attacks,time_quartile_3,0.01,0.012629351578652859,0,760618,0,1359,,0.0017867050214430897
designed_e1_raw,web_attacks,time_quartile_4,0.01,0.012629351578652859,0,760619,0,1438,,0.0018905654473527482
designed_e1_calibrated,benign,full_test,0.001,0.9774601459503174,2652203,390270,888247,315,0.3349091302588829,0.0008071335229456531
designed_e1_calibrated,benign,time_quartile_1,0.001,0.9774601459503174,420631,339986,139348,8,0.3312832387532065,2.353038066273317e-05
designed_e1_calibrated,benign,time_quartile_2,0.001,0.9774601459503174,752591,8028,254131,299,0.3376747795283228,0.0372446437468859
designed_e1_calibrated,benign,time_quartile_3,0.001,0.9774601459503174,759904,714,248459,8,0.3269610371836443,0.011204481792717087
designed_e1_calibrated,benign,time_quartile_4,0.001,0.9774601459503174,719077,41542,246309,0,0.3425349441019529,0.0
designed_e1_calibrated,benign,full_test,0.01,0.9639208912849426,2652203,390270,1869902,2598,0.705037284099294,0.006656929817818433
designed_e1_calibrated,benign,time_quartile_1,0.01,0.9639208912849426,420631,339986,300535,33,0.7144860935118905,9.706282023377433e-05
designed_e1_calibrated,benign,time_quartile_2,0.01,0.9639208912849426,752591,8028,519936,2320,0.6908613044801226,0.28898854010961633
designed_e1_calibrated,benign,time_quartile_3,0.01,0.9639208912849426,759904,714,542044,245,0.7133058912704763,0.3431372549019608
designed_e1_calibrated,benign,time_quartile_4,0.01,0.9639208912849426,719077,41542,507387,0,0.7056087178424564,0.0
designed_e1_calibrated,bot,full_test,0.001,0.1593126505613327,41542,3000931,41418,70,0.9970150690867075,2.332609446868322e-05
designed_e1_calibrated,bot,time_quartile_1,0.001,0.1593126505613327,0,760617,0,7,,9.203054888334076e-06
designed_e1_calibrated,bot,time_quartile_2,0.001,0.1593126505613327,0,760619,0,20,,2.629437339850832e-05
designed_e1_calibrated,bot,time_quartile_3,0.001,0.1593126505613327,0,760618,0,3,,3.9441611952386086e-06
designed_e1_calibrated,bot,time_quartile_4,0.001,0.1593126505613327,41542,719077,41418,40,0.9970150690867075,5.562686610752395e-05
designed_e1_calibrated,bot,full_test,0.01,0.026151707395911217,41542,3000931,41422,1518,0.9971113571806846,0.0005058430200494447
designed_e1_calibrated,bot,time_quartile_1,0.01,0.026151707395911217,0,760617,0,350,,0.0004601527444167038
designed_e1_calibrated,bot,time_quartile_2,0.01,0.026151707395911217,0,760619,0,415,,0.0005456082480190476
designed_e1_calibrated,bot,time_quartile_3,0.01,0.026151707395911217,0,760618,0,252,,0.00033130954040004314
designed_e1_calibrated,bot,time_quartile_4,0.01,0.026151707395911217,41542,719077,41422,501,0.9971113571806846,0.0006967264979967374
designed_e1_calibrated,brute_force,full_test,0.001,0.013811741955578327,37696,3004777,37676,35,0.9994694397283531,1.1648118978546495e-05
designed_e1_calibrated,brute_force,time_quartile_1,0.001,0.013811741955578327,37696,722921,37676,2,0.9994694397283531,2.7665540218087452e-06
designed_e1_calibrated,brute_force,time_quartile_2,0.001,0.013811741955578327,0,760619,0,10,,1.314718669925416e-05
designed_e1_calibrated,brute_force,time_quartile_3,0.001,0.013811741955578327,0,760618,0,9,,1.1832483585715827e-05
designed_e1_calibrated,brute_force,time_quartile_4,0.001,0.013811741955578327,0,760619,0,14,,1.8406061378955825e-05
designed_e1_calibrated,brute_force,full_test,0.01,0.0013310383073985577,37696,3004777,37696,25430,1.0,0.008463190446412496
designed_e1_calibrated,brute_force,time_quartile_1,0.01,0.0013310383073985577,37696,722921,37696,165,1.0,0.0002282407067992215
designed_e1_calibrated,brute_force,time_quartile_2,0.01,0.0013310383073985577,0,760619,0,143,,0.0001880047697993345
designed_e1_calibrated,brute_force,time_quartile_3,0.01,0.0013310383073985577,0,760618,0,48,,6.310657912381774e-05
designed_e1_calibrated,brute_force,time_quartile_4,0.01,0.0013310383073985577,0,760619,0,25074,,0.032965255929709884
designed_e1_calibrated,ddos,full_test,0.001,0.02056102082133293,262680,2779793,262174,107,0.9980737018425461,3.849207476959615e-05
designed_e1_calibrated,ddos,time_quartile_1,0.001,0.02056102082133293,262680,497937,262174,3,0.9980737018425461,6.024858566445153e-06
designed_e1_calibrated,ddos,time_quartile_2,0.001,0.02056102082133293,0,760619,0,37,,4.8644590787240395e-05
designed_e1_calibrated,ddos,time_quartile_3,0.001,0.02056102082133293,0,760618,0,12,,1.5776644780954434e-05
designed_e1_calibrated,ddos,time_quartile_4,0.001,0.02056102082133293,0,760619,0,55,,7.230952684589788e-05
designed_e1_calibrated,ddos,full_test,0.01,0.0038077416829764843,262680,2779793,262492,24422,0.9992843002893255,0.008785546261897918
designed_e1_calibrated,ddos,time_quartile_1,0.01,0.0038077416829764843,262680,497937,262492,129,0.9992843002893255,0.0002590689183571416
designed_e1_calibrated,ddos,time_quartile_2,0.01,0.0038077416829764843,0,760619,0,211,,0.0002774056393542628
designed_e1_calibrated,ddos,time_quartile_3,0.01,0.0038077416829764843,0,760618,0,73,,9.597458908413947e-05
designed_e1_calibrated,ddos,time_quartile_4,0.01,0.0038077416829764843,0,760619,0,24009,,0.03156508054623931
designed_e1_calibrated,dos,full_test,0.001,0.006647926289588213,39483,3002990,39393,4671,0.997720537953043,0.001555449735097353
designed_e1_calibrated,dos,time_quartile_1,0.001,0.006647926289588213,39483,721134,39393,3853,0.997720537953043,0.0053429737053030365
designed_e1_calibrated,dos,time_quartile_2,0.001,0.006647926289588213,0,760619,0,254,,0.0003339385421610557
designed_e1_calibrated,dos,time_quartile_3,0.001,0.006647926289588213,0,760618,0,353,,0.00046409630063974297
designed_e1_calibrated,dos,time_quartile_4,0.001,0.006647926289588213,0,760619,0,211,,0.0002774056393542628
designed_e1_calibrated,dos,full_test,0.01,0.0038409875705838203,39483,3002990,39483,13594,1.0,0.004526821601137533
designed_e1_calibrated,dos,time_quartile_1,0.01,0.0038409875705838203,39483,721134,39483,11798,1.0,0.01636034356998838
designed_e1_calibrated,dos,time_quartile_2,0.01,0.0038409875705838203,0,760619,0,503,,0.0006613034909724843
designed_e1_calibrated,dos,time_quartile_3,0.01,0.0038409875705838203,0,760618,0,666,,0.0008756037853429711
designed_e1_calibrated,dos,time_quartile_4,0.01,0.0038409875705838203,0,760619,0,627,,0.0008243286060432358
designed_e1_calibrated,infiltration,full_test,0.001,0.9040379524230957,8742,3033731,996,78,0.11393273850377487,2.5710915041577516e-05
designed_e1_calibrated,infiltration,time_quartile_1,0.001,0.9040379524230957,0,760617,0,62,,8.151277186810181e-05
designed_e1_calibrated,infiltration,time_quartile_2,0.001,0.9040379524230957,8028,752591,996,14,0.12406576980568013,1.8602401570042693e-05
designed_e1_calibrated,infiltration,time_quartile_3,0.001,0.9040379524230957,714,759904,0,2,0.0,2.6319113993346527e-06
designed_e1_calibrated,infiltration,time_quartile_4,0.001,0.9040379524230957,0,760619,0,0,,0.0
designed_e1_calibrated,infiltration,full_test,0.01,0.26194435358047485,8742,3033731,1225,752,0.1401281171356669,0.00024787959117008066
designed_e1_calibrated,infiltration,time_quartile_1,0.01,0.26194435358047485,0,760617,0,129,,0.00016959915437072797
designed_e1_calibrated,infiltration,time_quartile_2,0.01,0.26194435358047485,8028,752591,1225,124,0.1525909317389138,0.0001647641281918067
designed_e1_calibrated,infiltration,time_quartile_3,0.01,0.26194435358047485,714,759904,0,197,0.0,0.0002592432728344633
designed_e1_calibrated,infiltration,time_quartile_4,0.01,0.26194435358047485,0,760619,0,302,,0.00039704503831747566
designed_e1_calibrated,web_attacks,full_test,0.001,0.08459029346704483,127,3042346,73,1504,0.5748031496062992,0.0004943553428834196
designed_e1_calibrated,web_attacks,time_quartile_1,0.001,0.08459029346704483,127,760490,73,1163,0.5748031496062992,0.0015292771765572197
designed_e1_calibrated,web_attacks,time_quartile_2,0.001,0.08459029346704483,0,760619,0,228,,0.00029975585674299487
designed_e1_calibrated,web_attacks,time_quartile_3,0.001,0.08459029346704483,0,760618,0,63,,8.282738510001078e-05
designed_e1_calibrated,web_attacks,time_quartile_4,0.001,0.08459029346704483,0,760619,0,50,,6.57359334962708e-05
designed_e1_calibrated,web_attacks,full_test,0.01,0.02588994987308979,127,3042346,89,41901,0.7007874015748031,0.013772595227498779
designed_e1_calibrated,web_attacks,time_quartile_1,0.01,0.02588994987308979,127,760490,89,36560,0.7007874015748031,0.04807426790621836
designed_e1_calibrated,web_attacks,time_quartile_2,0.01,0.02588994987308979,0,760619,0,2024,,0.002660990587929042
designed_e1_calibrated,web_attacks,time_quartile_3,0.01,0.02588994987308979,0,760618,0,1676,,0.0022034713877399693
designed_e1_calibrated,web_attacks,time_quartile_4,0.01,0.02588994987308979,0,760619,0,1641,,0.0021574533373476075
designed_e2_raw,benign,full_test,0.001,0.8490668535232544,2652203,390270,1602356,392,0.6041603904376852,0.0010044328285545904
designed_e2_raw,benign,time_quartile_1,0.001,0.8490668535232544,420631,339986,238245,1,0.5663990528515492,2.9412975828416463e-06
designed_e2_raw,benign,time_quartile_2,0.001,0.8490668535232544,752591,8028,462558,310,0.6146206903882719,0.03861484803188839
designed_e2_raw,benign,time_quartile_3,0.001,0.8490668535232544,759904,714,447938,12,0.5894665641975828,0.01680672268907563
designed_e2_raw,benign,time_quartile_4,0.001,0.8490668535232544,719077,41542,453615,69,0.6308295217341119,0.0016609696211063501
designed_e2_raw,benign,full_test,0.01,0.37720903754234314,2652203,390270,2325338,2906,0.8767571713024983,0.007446127040254183
designed_e2_raw,benign,time_quartile_1,0.01,0.37720903754234314,420631,339986,370942,7,0.8818703329046124,2.0589083079891523e-05
designed_e2_raw,benign,time_quartile_2,0.01,0.37720903754234314,752591,8028,658002,2565,0.8743155312779451,0.3195067264573991
designed_e2_raw,benign,time_quartile_3,0.01,0.37720903754234314,759904,714,663885,214,0.873643249673643,0.29971988795518206
designed_e2_raw,benign,time_quartile_4,0.01,0.37720903754234314,719077,41542,632509,120,0.8796123363700966,0.002888642819315392
designed_e2_raw,bot,full_test,0.001,0.042575158178806305,41542,3000931,41422,1201,0.9971113571806846,0.0004002091350984078
designed_e2_raw,bot,time_quartile_1,0.001,0.042575158178806305,0,760617,0,231,,0.0003037008113150245
designed_e2_raw,bot,time_quartile_2,0.001,0.042575158178806305,0,760619,0,336,,0.0004417454730949398
designed_e2_raw,bot,time_quartile_3,0.001,0.042575158178806305,0,760618,0,414,,0.000544294244942928
designed_e2_raw,bot,time_quartile_4,0.001,0.042575158178806305,41542,719077,41422,220,0.9971113571806846,0.00030594776359138174
designed_e2_raw,bot,full_test,0.01,0.009298338554799557,41542,3000931,41422,3807,0.9971113571806846,0.0012686063091753858
designed_e2_raw,bot,time_quartile_1,0.01,0.009298338554799557,0,760617,0,778,,0.0010228538147319874
designed_e2_raw,bot,time_quartile_2,0.01,0.009298338554799557,0,760619,0,1035,,0.0013607338233728055
designed_e2_raw,bot,time_quartile_3,0.01,0.009298338554799557,0,760618,0,1229,,0.0016157913696494166
designed_e2_raw,bot,time_quartile_4,0.01,0.009298338554799557,41542,719077,41422,765,0.9971113571806846,0.0010638638143063955
designed_e2_raw,brute_force,full_test,0.001,0.00271425349637866,37696,3004777,37696,1459,1.0,0.0004855601597056953
designed_e2_raw,brute_force,time_quartile_1,0.001,0.00271425349637866,37696,722921,37696,799,1.0,0.0011052383317125937
designed_e2_raw,brute_force,time_quartile_2,0.001,0.00271425349637866,0,760619,0,203,,0.00026688788999485943
designed_e2_raw,brute_force,time_quartile_3,0.001,0.00271425349637866,0,760618,0,218,,0.00028660904685400555
designed_e2_raw,brute_force,time_quartile_4,0.001,0.00271425349637866,0,760619,0,239,,0.0003142177621121744
designed_e2_raw,brute_force,full_test,0.01,0.0016228272579610348,37696,3004777,37696,27603,1.0,0.009186372233280539
designed_e2_raw,brute_force,time_quartile_1,0.01,0.0016228272579610348,37696,722921,37696,22728,1.0,0.031439119903834585
designed_e2_raw,brute_force,time_quartile_2,0.01,0.0016228272579610348,0,760619,0,606,,0.000796719513974802
designed_e2_raw,brute_force,time_quartile_3,0.01,0.0016228272579610348,0,760618,0,941,,0.0012371518949065101
designed_e2_raw,brute_force,time_quartile_4,0.01,0.0016228272579610348,0,760619,0,3328,,0.004375383733511784
designed_e2_raw,ddos,full_test,0.001,0.02883111499249935,262680,2779793,262680,2465,1.0,0.0008867566757668646
designed_e2_raw,ddos,time_quartile_1,0.001,0.02883111499249935,262680,497937,262680,2018,1.0,0.004052721529028773
designed_e2_raw,ddos,time_quartile_2,0.001,0.02883111499249935,0,760619,0,153,,0.00020115195649858864
designed_e2_raw,ddos,time_quartile_3,0.001,0.02883111499249935,0,760618,0,154,,0.00020246694135558191
designed_e2_raw,ddos,time_quartile_4,0.001,0.02883111499249935,0,760619,0,140,,0.00018406061378955824
designed_e2_raw,ddos,full_test,0.01,0.004519171081483364,262680,2779793,262680,31077,1.0,0.011179609416960183
designed_e2_raw,ddos,time_quartile_1,0.01,0.004519171081483364,262680,497937,262680,24677,1.0,0.04955847828138901
designed_e2_raw,ddos,time_quartile_2,0.01,0.004519171081483364,0,760619,0,2146,,0.0028213862656599428
designed_e2_raw,ddos,time_quartile_3,0.01,0.004519171081483364,0,760618,0,2432,,0.0031974000089400986
designed_e2_raw,ddos,time_quartile_4,0.01,0.004519171081483364,0,760619,0,1822,,0.002395417416604108
designed_e2_raw,dos,full_test,0.001,0.09697381407022476,39483,3002990,39479,2394,0.9998986905756908,0.0007972054518996068
designed_e2_raw,dos,time_quartile_1,0.001,0.09697381407022476,39483,721134,39479,621,0.9998986905756908,0.0008611436986745876
designed_e2_raw,dos,time_quartile_2,0.001,0.09697381407022476,0,760619,0,748,,0.0009834095651042112
designed_e2_raw,dos,time_quartile_3,0.001,0.09697381407022476,0,760618,0,569,,0.0007480759066969228
designed_e2_raw,dos,time_quartile_4,0.001,0.09697381407022476,0,760619,0,456,,0.0005995117134859897
designed_e2_raw,dos,full_test,0.01,0.014113047160208225,39483,3002990,39483,34552,1.0,0.011505865820399003
designed_e2_raw,dos,time_quartile_1,0.01,0.014113047160208225,39483,721134,39483,23756,1.0,0.032942559912582124
designed_e2_raw,dos,time_quartile_2,0.01,0.014113047160208225,0,760619,0,2824,,0.0037127655238693748
designed_e2_raw,dos,time_quartile_3,0.01,0.014113047160208225,0,760618,0,2732,,0.0035918161284639594
designed_e2_raw,dos,time_quartile_4,0.01,0.014113047160208225,0,760619,0,5240,,0.00688912583040918
designed_e2_raw,infiltration,full_test,0.001,0.9940563440322876,8742,3033731,513,34,0.05868222374742622,1.1207321941200456e-05
designed_e2_raw,infiltration,time_quartile_1,0.001,0.9940563440322876,0,760617,0,3,,3.944166380714604e-06
designed_e2_raw,infiltration,time_quartile_2,0.001,0.9940563440322876,8028,752591,513,7,0.06390134529147982,9.301200785021347e-06
designed_e2_raw,infiltration,time_quartile_3,0.001,0.9940563440322876,714,759904,0,15,0.0,1.9739335495009895e-05
designed_e2_raw,infiltration,time_quartile_4,0.001,0.9940563440322876,0,760619,0,9,,1.1832468029328744e-05
designed_e2_raw,infiltration,full_test,0.01,0.8385874032974243,8742,3033731,2806,14639,0.32097918096545414,0.004825411349918631
designed_e2_raw,infiltration,time_quartile_1,0.01,0.8385874032974243,0,760617,0,2617,,0.0034406278061100398
designed_e2_raw,infiltration,time_quartile_2,0.01,0.8385874032974243,8028,752591,2699,4006,0.33619830592924765,0.005322944334970788
designed_e2_raw,infiltration,time_quartile_3,0.01,0.8385874032974243,714,759904,107,4761,0.14985994397759103,0.006265265086116141
designed_e2_raw,infiltration,time_quartile_4,0.01,0.8385874032974243,0,760619,0,3255,,0.004279409270607229
designed_e2_raw,web_attacks,full_test,0.001,0.897196352481842,127,3042346,78,328,0.6141732283464567,0.00010781153754372449
designed_e2_raw,web_attacks,time_quartile_1,0.001,0.897196352481842,127,760490,78,105,0.6141732283464567,0.00013806887664532077
designed_e2_raw,web_attacks,time_quartile_2,0.001,0.897196352481842,0,760619,0,188,,0.0002471671099459782
designed_e2_raw,web_attacks,time_quartile_3,0.001,0.897196352481842,0,760618,0,21,,2.760912836667026e-05
designed_e2_raw,web_attacks,time_quartile_4,0.001,0.897196352481842,0,760619,0,14,,1.8406061378955825e-05
designed_e2_raw,web_attacks,full_test,0.01,0.1948523372411728,127,3042346,125,18533,0.984251968503937,0.006091680564932457
designed_e2_raw,web_attacks,time_quartile_1,0.01,0.1948523372411728,127,760490,125,10862,0.984251968503937,0.01428289655353785
designed_e2_raw,web_attacks,time_quartile_2,0.01,0.1948523372411728,0,760619,0,2596,,0.00341300966712638
designed_e2_raw,web_attacks,time_quartile_3,0.01,0.1948523372411728,0,760618,0,2793,,0.0036720140727671447
designed_e2_raw,web_attacks,time_quartile_4,0.01,0.1948523372411728,0,760619,0,2282,,0.003000188004769799
designed_e2_calibrated,benign,full_test,0.001,0.8490667939186096,2652203,390270,1602356,392,0.6041603904376852,0.0010044328285545904
designed_e2_calibrated,benign,time_quartile_1,0.001,0.8490667939186096,420631,339986,238245,1,0.5663990528515492,2.9412975828416463e-06
designed_e2_calibrated,benign,time_quartile_2,0.001,0.8490667939186096,752591,8028,462558,310,0.6146206903882719,0.03861484803188839
designed_e2_calibrated,benign,time_quartile_3,0.001,0.8490667939186096,759904,714,447938,12,0.5894665641975828,0.01680672268907563
designed_e2_calibrated,benign,time_quartile_4,0.001,0.8490667939186096,719077,41542,453615,69,0.6308295217341119,0.0016609696211063501
designed_e2_calibrated,benign,full_test,0.01,0.37720903754234314,2652203,390270,2325338,2906,0.8767571713024983,0.007446127040254183
designed_e2_calibrated,benign,time_quartile_1,0.01,0.37720903754234314,420631,339986,370942,7,0.8818703329046124,2.0589083079891523e-05
designed_e2_calibrated,benign,time_quartile_2,0.01,0.37720903754234314,752591,8028,658002,2565,0.8743155312779451,0.3195067264573991
designed_e2_calibrated,benign,time_quartile_3,0.01,0.37720903754234314,759904,714,663885,214,0.873643249673643,0.29971988795518206
designed_e2_calibrated,benign,time_quartile_4,0.01,0.37720903754234314,719077,41542,632509,120,0.8796123363700966,0.002888642819315392
designed_e2_calibrated,bot,full_test,0.001,0.042575158178806305,41542,3000931,41422,1201,0.9971113571806846,0.0004002091350984078
designed_e2_calibrated,bot,time_quartile_1,0.001,0.042575158178806305,0,760617,0,231,,0.0003037008113150245
designed_e2_calibrated,bot,time_quartile_2,0.001,0.042575158178806305,0,760619,0,336,,0.0004417454730949398
designed_e2_calibrated,bot,time_quartile_3,0.001,0.042575158178806305,0,760618,0,414,,0.000544294244942928
designed_e2_calibrated,bot,time_quartile_4,0.001,0.042575158178806305,41542,719077,41422,220,0.9971113571806846,0.00030594776359138174
designed_e2_calibrated,bot,full_test,0.01,0.009298340417444706,41542,3000931,41422,3807,0.9971113571806846,0.0012686063091753858
designed_e2_calibrated,bot,time_quartile_1,0.01,0.009298340417444706,0,760617,0,778,,0.0010228538147319874
designed_e2_calibrated,bot,time_quartile_2,0.01,0.009298340417444706,0,760619,0,1035,,0.0013607338233728055
designed_e2_calibrated,bot,time_quartile_3,0.01,0.009298340417444706,0,760618,0,1229,,0.0016157913696494166
designed_e2_calibrated,bot,time_quartile_4,0.01,0.009298340417444706,41542,719077,41422,765,0.9971113571806846,0.0010638638143063955
designed_e2_calibrated,brute_force,full_test,0.001,0.00271425349637866,37696,3004777,37696,1459,1.0,0.0004855601597056953
designed_e2_calibrated,brute_force,time_quartile_1,0.001,0.00271425349637866,37696,722921,37696,799,1.0,0.0011052383317125937
designed_e2_calibrated,brute_force,time_quartile_2,0.001,0.00271425349637866,0,760619,0,203,,0.00026688788999485943
designed_e2_calibrated,brute_force,time_quartile_3,0.001,0.00271425349637866,0,760618,0,218,,0.00028660904685400555
designed_e2_calibrated,brute_force,time_quartile_4,0.001,0.00271425349637866,0,760619,0,239,,0.0003142177621121744
designed_e2_calibrated,brute_force,full_test,0.01,0.0016228273743763566,37696,3004777,37696,27603,1.0,0.009186372233280539
designed_e2_calibrated,brute_force,time_quartile_1,0.01,0.0016228273743763566,37696,722921,37696,22728,1.0,0.031439119903834585
designed_e2_calibrated,brute_force,time_quartile_2,0.01,0.0016228273743763566,0,760619,0,606,,0.000796719513974802
designed_e2_calibrated,brute_force,time_quartile_3,0.01,0.0016228273743763566,0,760618,0,941,,0.0012371518949065101
designed_e2_calibrated,brute_force,time_quartile_4,0.01,0.0016228273743763566,0,760619,0,3328,,0.004375383733511784
designed_e2_calibrated,ddos,full_test,0.001,0.028831111267209053,262680,2779793,262680,2466,1.0,0.0008871164147834029
designed_e2_calibrated,ddos,time_quartile_1,0.001,0.028831111267209053,262680,497937,262680,2019,1.0,0.004054729815217588
designed_e2_calibrated,ddos,time_quartile_2,0.001,0.028831111267209053,0,760619,0,153,,0.00020115195649858864
designed_e2_calibrated,ddos,time_quartile_3,0.001,0.028831111267209053,0,760618,0,154,,0.00020246694135558191
designed_e2_calibrated,ddos,time_quartile_4,0.001,0.028831111267209053,0,760619,0,140,,0.00018406061378955824
designed_e2_calibrated,ddos,full_test,0.01,0.004519172012805939,262680,2779793,262680,31077,1.0,0.011179609416960183
designed_e2_calibrated,ddos,time_quartile_1,0.01,0.004519172012805939,262680,497937,262680,24677,1.0,0.04955847828138901
designed_e2_calibrated,ddos,time_quartile_2,0.01,0.004519172012805939,0,760619,0,2146,,0.0028213862656599428
designed_e2_calibrated,ddos,time_quartile_3,0.01,0.004519172012805939,0,760618,0,2432,,0.0031974000089400986
designed_e2_calibrated,ddos,time_quartile_4,0.01,0.004519172012805939,0,760619,0,1822,,0.002395417416604108
designed_e2_calibrated,dos,full_test,0.001,0.09697382152080536,39483,3002990,39479,2394,0.9998986905756908,0.0007972054518996068
designed_e2_calibrated,dos,time_quartile_1,0.001,0.09697382152080536,39483,721134,39479,621,0.9998986905756908,0.0008611436986745876
designed_e2_calibrated,dos,time_quartile_2,0.001,0.09697382152080536,0,760619,0,748,,0.0009834095651042112
designed_e2_calibrated,dos,time_quartile_3,0.001,0.09697382152080536,0,760618,0,569,,0.0007480759066969228
designed_e2_calibrated,dos,time_quartile_4,0.001,0.09697382152080536,0,760619,0,456,,0.0005995117134859897
designed_e2_calibrated,dos,full_test,0.01,0.014113049954175949,39483,3002990,39483,34552,1.0,0.011505865820399003
designed_e2_calibrated,dos,time_quartile_1,0.01,0.014113049954175949,39483,721134,39483,23756,1.0,0.032942559912582124
designed_e2_calibrated,dos,time_quartile_2,0.01,0.014113049954175949,0,760619,0,2824,,0.0037127655238693748
designed_e2_calibrated,dos,time_quartile_3,0.01,0.014113049954175949,0,760618,0,2732,,0.0035918161284639594
designed_e2_calibrated,dos,time_quartile_4,0.01,0.014113049954175949,0,760619,0,5240,,0.00688912583040918
designed_e2_calibrated,infiltration,full_test,0.001,0.9940563440322876,8742,3033731,513,34,0.05868222374742622,1.1207321941200456e-05
designed_e2_calibrated,infiltration,time_quartile_1,0.001,0.9940563440322876,0,760617,0,3,,3.944166380714604e-06
designed_e2_calibrated,infiltration,time_quartile_2,0.001,0.9940563440322876,8028,752591,513,7,0.06390134529147982,9.301200785021347e-06
designed_e2_calibrated,infiltration,time_quartile_3,0.001,0.9940563440322876,714,759904,0,15,0.0,1.9739335495009895e-05
designed_e2_calibrated,infiltration,time_quartile_4,0.001,0.9940563440322876,0,760619,0,9,,1.1832468029328744e-05
designed_e2_calibrated,infiltration,full_test,0.01,0.8385874032974243,8742,3033731,2806,14639,0.32097918096545414,0.004825411349918631
designed_e2_calibrated,infiltration,time_quartile_1,0.01,0.8385874032974243,0,760617,0,2617,,0.0034406278061100398
designed_e2_calibrated,infiltration,time_quartile_2,0.01,0.8385874032974243,8028,752591,2699,4006,0.33619830592924765,0.005322944334970788
designed_e2_calibrated,infiltration,time_quartile_3,0.01,0.8385874032974243,714,759904,107,4761,0.14985994397759103,0.006265265086116141
designed_e2_calibrated,infiltration,time_quartile_4,0.01,0.8385874032974243,0,760619,0,3255,,0.004279409270607229
designed_e2_calibrated,web_attacks,full_test,0.001,0.897196352481842,127,3042346,78,328,0.6141732283464567,0.00010781153754372449
designed_e2_calibrated,web_attacks,time_quartile_1,0.001,0.897196352481842,127,760490,78,105,0.6141732283464567,0.00013806887664532077
designed_e2_calibrated,web_attacks,time_quartile_2,0.001,0.897196352481842,0,760619,0,188,,0.0002471671099459782
designed_e2_calibrated,web_attacks,time_quartile_3,0.001,0.897196352481842,0,760618,0,21,,2.760912836667026e-05
designed_e2_calibrated,web_attacks,time_quartile_4,0.001,0.897196352481842,0,760619,0,14,,1.8406061378955825e-05
designed_e2_calibrated,web_attacks,full_test,0.01,0.19485235214233398,127,3042346,125,18533,0.984251968503937,0.006091680564932457
designed_e2_calibrated,web_attacks,time_quartile_1,0.01,0.19485235214233398,127,760490,125,10862,0.984251968503937,0.01428289655353785
designed_e2_calibrated,web_attacks,time_quartile_2,0.01,0.19485235214233398,0,760619,0,2596,,0.00341300966712638
designed_e2_calibrated,web_attacks,time_quartile_3,0.01,0.19485235214233398,0,760618,0,2793,,0.0036720140727671447
designed_e2_calibrated,web_attacks,time_quartile_4,0.01,0.19485235214233398,0,760619,0,2282,,0.003000188004769799
designed_e3_raw,benign,full_test,0.001,0.6034685373306274,2652203,390270,1610682,370,0.6072996674839747,0.0009480615983806083
designed_e3_raw,benign,time_quartile_1,0.001,0.6034685373306274,420631,339986,238427,1,0.5668317361297669,2.9412975828416463e-06
designed_e3_raw,benign,time_quartile_2,0.001,0.6034685373306274,752591,8028,463488,247,0.6158564213497105,0.030767314399601394
designed_e3_raw,benign,time_quartile_3,0.001,0.6034685373306274,759904,714,452290,2,0.595193603402535,0.0028011204481792717
designed_e3_raw,benign,time_quartile_4,0.001,0.6034685373306274,719077,41542,456477,120,0.6348096240041052,0.002888642819315392
designed_e3_raw,benign,full_test,0.01,0.17507202923297882,2652203,390270,2331042,3221,0.8789078362402878,0.008253260563199836
designed_e3_raw,benign,time_quartile_1,0.01,0.17507202923297882,420631,339986,368810,69,0.8768017573597762,0.0002029495332160736
designed_e3_raw,benign,time_quartile_2,0.01,0.17507202923297882,752591,8028,660068,2842,0.8770607142524958,0.35401096163428003
designed_e3_raw,benign,time_quartile_3,0.01,0.17507202923297882,759904,714,662838,190,0.8722654440560913,0.2661064425770308
designed_e3_raw,benign,time_quartile_4,0.01,0.17507202923297882,719077,41542,639326,120,0.8890925450264714,0.002888642819315392
designed_e3_raw,bot,full_test,0.001,0.06403794139623642,41542,3000931,41422,426,0.9971113571806846,0.00014195594633798644
designed_e3_raw,bot,time_quartile_1,0.001,0.06403794139623642,0,760617,0,83,,0.00010912193653310404
designed_e3_raw,bot,time_quartile_2,0.001,0.06403794139623642,0,760619,0,95,,0.00012489827364291453
designed_e3_raw,bot,time_quartile_3,0.001,0.06403794139623642,0,760618,0,167,,0.0002195583065349492
designed_e3_raw,bot,time_quartile_4,0.001,0.06403794139623642,41542,719077,41422,81,0.9971113571806846,0.000112644403867736
designed_e3_raw,bot,full_test,0.01,0.015995630994439125,41542,3000931,41422,8618,0.9971113571806846,0.0028717754590158852
designed_e3_raw,bot,time_quartile_1,0.01,0.015995630994439125,0,760617,0,7790,,0.010241685368588922
designed_e3_raw,bot,time_quartile_2,0.01,0.015995630994439125,0,760619,0,205,,0.00026951732733471027
designed_e3_raw,bot,time_quartile_3,0.01,0.015995630994439125,0,760618,0,372,,0.0004890759882095875
designed_e3_raw,bot,time_quartile_4,0.01,0.015995630994439125,41542,719077,41422,251,0.9971113571806846,0.0003490585848247128
designed_e3_raw,brute_force,full_test,0.001,0.004383949097245932,37696,3004777,37694,2262,0.9999469439728353,0.0007528012894134906
designed_e3_raw,brute_force,time_quartile_1,0.001,0.004383949097245932,37696,722921,37694,1588,0.9999469439728353,0.002196643893316144
designed_e3_raw,brute_force,time_quartile_2,0.001,0.004383949097245932,0,760619,0,138,,0.0001814311764497074
designed_e3_raw,brute_force,time_quartile_3,0.001,0.004383949097245932,0,760618,0,291,,0.00038258363593814506
designed_e3_raw,brute_force,time_quartile_4,0.001,0.004383949097245932,0,760619,0,245,,0.0003221060741317269
designed_e3_raw,brute_force,full_test,0.01,0.002252211095765233,37696,3004777,37696,21001,1.0,0.006989204190527284
designed_e3_raw,brute_force,time_quartile_1,0.01,0.002252211095765233,37696,722921,37696,17359,1.0,0.024012305632289007
designed_e3_raw,brute_force,time_quartile_2,0.01,0.002252211095765233,0,760619,0,209,,0.00027477620201441194
designed_e3_raw,brute_force,time_quartile_3,0.01,0.002252211095765233,0,760618,0,403,,0.0005298323205603864
designed_e3_raw,brute_force,time_quartile_4,0.01,0.002252211095765233,0,760619,0,3030,,0.00398359756987401
designed_e3_raw,ddos,full_test,0.001,0.05022518336772919,262680,2779793,262680,2351,1.0,0.0008457464278815005
designed_e3_raw,ddos,time_quartile_1,0.001,0.05022518336772919,262680,497937,262680,1993,1.0,0.004002514374308396
designed_e3_raw,ddos,time_quartile_2,0.001,0.05022518336772919,0,760619,0,94,,0.0001235835549729891
designed_e3_raw,ddos,time_quartile_3,0.001,0.05022518336772919,0,760618,0,180,,0.0002366496717143165
designed_e3_raw,ddos,time_quartile_4,0.001,0.05022518336772919,0,760619,0,84,,0.00011043636827373495
designed_e3_raw,ddos,full_test,0.01,0.012252041138708591,262680,2779793,262680,27987,1.0,0.010068015855856894
designed_e3_raw,ddos,time_quartile_1,0.01,0.012252041138708591,262680,497937,262680,23326,1.0,0.04684528364029988
designed_e3_raw,ddos,time_quartile_2,0.01,0.012252041138708591,0,760619,0,573,,0.0007533337978672634
designed_e3_raw,ddos,time_quartile_3,0.01,0.012252041138708591,0,760618,0,819,,0.0010767560063001402
designed_e3_raw,ddos,time_quartile_4,0.01,0.012252041138708591,0,760619,0,3269,,0.004297815331986185
designed_e3_raw,dos,full_test,0.001,0.05172286927700043,39483,3002990,39483,5295,1.0,0.0017632426348406088
designed_e3_raw,dos,time_quartile_1,0.001,0.05172286927700043,39483,721134,39483,608,1.0,0.0008431165359004013
designed_e3_raw,dos,time_quartile_2,0.001,0.05172286927700043,0,760619,0,681,,0.0008953234142192083
designed_e3_raw,dos,time_quartile_3,0.001,0.05172286927700043,0,760618,0,660,,0.0008677154629524939
designed_e3_raw,dos,time_quartile_4,0.001,0.05172286927700043,0,760619,0,3346,,0.004399048669570442
designed_e3_raw,dos,full_test,0.01,0.010359065607190132,39483,3002990,39483,26169,1.0,0.008714314732982793
designed_e3_raw,dos,time_quartile_1,0.01,0.010359065607190132,39483,721134,39483,17053,1.0,0.023647477445245958
designed_e3_raw,dos,time_quartile_2,0.01,0.010359065607190132,0,760619,0,2107,,0.0027701122375328514
designed_e3_raw,dos,time_quartile_3,0.01,0.010359065607190132,0,760618,0,2256,,0.002966009218819434
designed_e3_raw,dos,time_quartile_4,0.01,0.010359065607190132,0,760619,0,4753,,0.0062488578381555025
designed_e3_raw,infiltration,full_test,0.001,0.9684900641441345,8742,3033731,891,234,0.10192175703500343,7.713274512473255e-05
designed_e3_raw,infiltration,time_quartile_1,0.001,0.9684900641441345,0,760617,0,27,,3.5497497426431435e-05
designed_e3_raw,infiltration,time_quartile_2,0.001,0.9684900641441345,8028,752591,891,83,0.1109865470852018,0.00011028566645096739
designed_e3_raw,infiltration,time_quartile_3,0.001,0.9684900641441345,714,759904,0,101,0.0,0.00013291152566639996
designed_e3_raw,infiltration,time_quartile_4,0.001,0.9684900641441345,0,760619,0,23,,3.023852940828457e-05
designed_e3_raw,infiltration,full_test,0.01,0.9099948406219482,8742,3033731,1401,11786,0.1602608098833219,0.0038849851882055463
designed_e3_raw,infiltration,time_quartile_1,0.01,0.9099948406219482,0,760617,0,1954,,0.002568967035972112
designed_e3_raw,infiltration,time_quartile_2,0.01,0.9099948406219482,8028,752591,1325,3429,0.16504733432984553,0.004556259641691171
designed_e3_raw,infiltration,time_quartile_3,0.01,0.9099948406219482,714,759904,76,3719,0.10644257703081232,0.004894039247062787
designed_e3_raw,infiltration,time_quartile_4,0.01,0.9099948406219482,0,760619,0,2684,,0.0035287049100798168
designed_e3_raw,web_attacks,full_test,0.001,0.7171292304992676,127,3042346,107,449,0.84251968503937,0.00014758347669857407
designed_e3_raw,web_attacks,time_quartile_1,0.001,0.7171292304992676,127,760490,107,145,0.84251968503937,0.00019066654393877632
designed_e3_raw,web_attacks,time_quartile_2,0.001,0.7171292304992676,0,760619,0,197,,0.00025899957797530693
designed_e3_raw,web_attacks,time_quartile_3,0.001,0.7171292304992676,0,760618,0,61,,8.019794430318504e-05
designed_e3_raw,web_attacks,time_quartile_4,0.001,0.7171292304992676,0,760619,0,46,,6.047705881656914e-05
designed_e3_raw,web_attacks,full_test,0.01,0.26671940088272095,127,3042346,124,15622,0.9763779527559056,0.005134853169231902
designed_e3_raw,web_attacks,time_quartile_1,0.01,0.26671940088272095,127,760490,124,11348,0.9763779527559056,0.014921958211153335
designed_e3_raw,web_attacks,time_quartile_2,0.01,0.26671940088272095,0,760619,0,1577,,0.002073311342472381
designed_e3_raw,web_attacks,time_quartile_3,0.01,0.26671940088272095,0,760618,0,1299,,0.0017078217975383175
designed_e3_raw,web_attacks,time_quartile_4,0.01,0.26671940088272095,0,760619,0,1398,,0.0018379767005557315
designed_e3_calibrated,benign,full_test,0.001,0.6034685373306274,2652203,390270,1610682,370,0.6072996674839747,0.0009480615983806083
designed_e3_calibrated,benign,time_quartile_1,0.001,0.6034685373306274,420631,339986,238427,1,0.5668317361297669,2.9412975828416463e-06
designed_e3_calibrated,benign,time_quartile_2,0.001,0.6034685373306274,752591,8028,463488,247,0.6158564213497105,0.030767314399601394
designed_e3_calibrated,benign,time_quartile_3,0.001,0.6034685373306274,759904,714,452290,2,0.595193603402535,0.0028011204481792717
designed_e3_calibrated,benign,time_quartile_4,0.001,0.6034685373306274,719077,41542,456477,120,0.6348096240041052,0.002888642819315392
designed_e3_calibrated,benign,full_test,0.01,0.17507204413414001,2652203,390270,2331041,3221,0.8789074591952426,0.008253260563199836
designed_e3_calibrated,benign,time_quartile_1,0.01,0.17507204413414001,420631,339986,368810,69,0.8768017573597762,0.0002029495332160736
designed_e3_calibrated,benign,time_quartile_2,0.01,0.17507204413414001,752591,8028,660068,2842,0.8770607142524958,0.35401096163428003
designed_e3_calibrated,benign,time_quartile_3,0.01,0.17507204413414001,759904,714,662837,190,0.8722641281003917,0.2661064425770308
designed_e3_calibrated,benign,time_quartile_4,0.01,0.17507204413414001,719077,41542,639326,120,0.8890925450264714,0.002888642819315392
designed_e3_calibrated,bot,full_test,0.001,0.06403794139623642,41542,3000931,41422,426,0.9971113571806846,0.00014195594633798644
designed_e3_calibrated,bot,time_quartile_1,0.001,0.06403794139623642,0,760617,0,83,,0.00010912193653310404
designed_e3_calibrated,bot,time_quartile_2,0.001,0.06403794139623642,0,760619,0,95,,0.00012489827364291453
designed_e3_calibrated,bot,time_quartile_3,0.001,0.06403794139623642,0,760618,0,167,,0.0002195583065349492
designed_e3_calibrated,bot,time_quartile_4,0.001,0.06403794139623642,41542,719077,41422,81,0.9971113571806846,0.000112644403867736
designed_e3_calibrated,bot,full_test,0.01,0.015995627269148827,41542,3000931,41422,8618,0.9971113571806846,0.0028717754590158852
designed_e3_calibrated,bot,time_quartile_1,0.01,0.015995627269148827,0,760617,0,7790,,0.010241685368588922
designed_e3_calibrated,bot,time_quartile_2,0.01,0.015995627269148827,0,760619,0,205,,0.00026951732733471027
designed_e3_calibrated,bot,time_quartile_3,0.01,0.015995627269148827,0,760618,0,372,,0.0004890759882095875
designed_e3_calibrated,bot,time_quartile_4,0.01,0.015995627269148827,41542,719077,41422,251,0.9971113571806846,0.0003490585848247128
designed_e3_calibrated,brute_force,full_test,0.001,0.004383949562907219,37696,3004777,37694,2262,0.9999469439728353,0.0007528012894134906
designed_e3_calibrated,brute_force,time_quartile_1,0.001,0.004383949562907219,37696,722921,37694,1588,0.9999469439728353,0.002196643893316144
designed_e3_calibrated,brute_force,time_quartile_2,0.001,0.004383949562907219,0,760619,0,138,,0.0001814311764497074
designed_e3_calibrated,brute_force,time_quartile_3,0.001,0.004383949562907219,0,760618,0,291,,0.00038258363593814506
designed_e3_calibrated,brute_force,time_quartile_4,0.001,0.004383949562907219,0,760619,0,245,,0.0003221060741317269
designed_e3_calibrated,brute_force,full_test,0.01,0.002252211095765233,37696,3004777,37696,21001,1.0,0.006989204190527284
designed_e3_calibrated,brute_force,time_quartile_1,0.01,0.002252211095765233,37696,722921,37696,17359,1.0,0.024012305632289007
designed_e3_calibrated,brute_force,time_quartile_2,0.01,0.002252211095765233,0,760619,0,209,,0.00027477620201441194
designed_e3_calibrated,brute_force,time_quartile_3,0.01,0.002252211095765233,0,760618,0,403,,0.0005298323205603864
designed_e3_calibrated,brute_force,time_quartile_4,0.01,0.002252211095765233,0,760619,0,3030,,0.00398359756987401
designed_e3_calibrated,ddos,full_test,0.001,0.05022517591714859,262680,2779793,262680,2351,1.0,0.0008457464278815005
designed_e3_calibrated,ddos,time_quartile_1,0.001,0.05022517591714859,262680,497937,262680,1993,1.0,0.004002514374308396
designed_e3_calibrated,ddos,time_quartile_2,0.001,0.05022517591714859,0,760619,0,94,,0.0001235835549729891
designed_e3_calibrated,ddos,time_quartile_3,0.001,0.05022517591714859,0,760618,0,180,,0.0002366496717143165
designed_e3_calibrated,ddos,time_quartile_4,0.001,0.05022517591714859,0,760619,0,84,,0.00011043636827373495
designed_e3_calibrated,ddos,full_test,0.01,0.012252040207386017,262680,2779793,262680,27987,1.0,0.010068015855856894
designed_e3_calibrated,ddos,time_quartile_1,0.01,0.012252040207386017,262680,497937,262680,23326,1.0,0.04684528364029988
designed_e3_calibrated,ddos,time_quartile_2,0.01,0.012252040207386017,0,760619,0,573,,0.0007533337978672634
designed_e3_calibrated,ddos,time_quartile_3,0.01,0.012252040207386017,0,760618,0,819,,0.0010767560063001402
designed_e3_calibrated,ddos,time_quartile_4,0.01,0.012252040207386017,0,760619,0,3269,,0.004297815331986185
designed_e3_calibrated,dos,full_test,0.001,0.051722873002290726,39483,3002990,39483,5295,1.0,0.0017632426348406088
designed_e3_calibrated,dos,time_quartile_1,0.001,0.051722873002290726,39483,721134,39483,608,1.0,0.0008431165359004013
designed_e3_calibrated,dos,time_quartile_2,0.001,0.051722873002290726,0,760619,0,681,,0.0008953234142192083
designed_e3_calibrated,dos,time_quartile_3,0.001,0.051722873002290726,0,760618,0,660,,0.0008677154629524939
designed_e3_calibrated,dos,time_quartile_4,0.001,0.051722873002290726,0,760619,0,3346,,0.004399048669570442
designed_e3_calibrated,dos,full_test,0.01,0.010359064675867558,39483,3002990,39483,26169,1.0,0.008714314732982793
designed_e3_calibrated,dos,time_quartile_1,0.01,0.010359064675867558,39483,721134,39483,17053,1.0,0.023647477445245958
designed_e3_calibrated,dos,time_quartile_2,0.01,0.010359064675867558,0,760619,0,2107,,0.0027701122375328514
designed_e3_calibrated,dos,time_quartile_3,0.01,0.010359064675867558,0,760618,0,2256,,0.002966009218819434
designed_e3_calibrated,dos,time_quartile_4,0.01,0.010359064675867558,0,760619,0,4753,,0.0062488578381555025
designed_e3_calibrated,infiltration,full_test,0.001,0.9684900045394897,8742,3033731,891,234,0.10192175703500343,7.713274512473255e-05
designed_e3_calibrated,infiltration,time_quartile_1,0.001,0.9684900045394897,0,760617,0,27,,3.5497497426431435e-05
designed_e3_calibrated,infiltration,time_quartile_2,0.001,0.9684900045394897,8028,752591,891,83,0.1109865470852018,0.00011028566645096739
designed_e3_calibrated,infiltration,time_quartile_3,0.001,0.9684900045394897,714,759904,0,101,0.0,0.00013291152566639996
designed_e3_calibrated,infiltration,time_quartile_4,0.001,0.9684900045394897,0,760619,0,23,,3.023852940828457e-05
designed_e3_calibrated,infiltration,full_test,0.01,0.9099948406219482,8742,3033731,1401,11786,0.1602608098833219,0.0038849851882055463
designed_e3_calibrated,infiltration,time_quartile_1,0.01,0.9099948406219482,0,760617,0,1954,,0.002568967035972112
designed_e3_calibrated,infiltration,time_quartile_2,0.01,0.9099948406219482,8028,752591,1325,3429,0.16504733432984553,0.004556259641691171
designed_e3_calibrated,infiltration,time_quartile_3,0.01,0.9099948406219482,714,759904,76,3719,0.10644257703081232,0.004894039247062787
designed_e3_calibrated,infiltration,time_quartile_4,0.01,0.9099948406219482,0,760619,0,2684,,0.0035287049100798168
designed_e3_calibrated,web_attacks,full_test,0.001,0.7171292304992676,127,3042346,107,449,0.84251968503937,0.00014758347669857407
designed_e3_calibrated,web_attacks,time_quartile_1,0.001,0.7171292304992676,127,760490,107,145,0.84251968503937,0.00019066654393877632
designed_e3_calibrated,web_attacks,time_quartile_2,0.001,0.7171292304992676,0,760619,0,197,,0.00025899957797530693
designed_e3_calibrated,web_attacks,time_quartile_3,0.001,0.7171292304992676,0,760618,0,61,,8.019794430318504e-05
designed_e3_calibrated,web_attacks,time_quartile_4,0.001,0.7171292304992676,0,760619,0,46,,6.047705881656914e-05
designed_e3_calibrated,web_attacks,full_test,0.01,0.26671937108039856,127,3042346,124,15622,0.9763779527559056,0.005134853169231902
designed_e3_calibrated,web_attacks,time_quartile_1,0.01,0.26671937108039856,127,760490,124,11348,0.9763779527559056,0.014921958211153335
designed_e3_calibrated,web_attacks,time_quartile_2,0.01,0.26671937108039856,0,760619,0,1577,,0.002073311342472381
designed_e3_calibrated,web_attacks,time_quartile_3,0.01,0.26671937108039856,0,760618,0,1299,,0.0017078217975383175
designed_e3_calibrated,web_attacks,time_quartile_4,0.01,0.26671937108039856,0,760619,0,1398,,0.0018379767005557315
designed_e4_raw,benign,full_test,0.001,0.8330650329589844,2652203,390270,1562858,316,0.5892678652425927,0.0008096958515899249
designed_e4_raw,benign,time_quartile_1,0.001,0.8330650329589844,420631,339986,234001,2,0.5563094493748677,5.8825951656832925e-06
designed_e4_raw,benign,time_quartile_2,0.001,0.8330650329589844,752591,8028,451139,304,0.5994477744219636,0.037867463876432486
designed_e4_raw,benign,time_quartile_3,0.001,0.8330650329589844,759904,714,436251,10,0.5740869899355708,0.014005602240896359
designed_e4_raw,benign,time_quartile_4,0.001,0.8330650329589844,719077,41542,441467,0,0.6139356424972569,0.0
designed_e4_raw,benign,full_test,0.01,0.4095931947231293,2652203,390270,2308076,3218,0.8702486197323508,0.00824557357726702
designed_e4_raw,benign,time_quartile_1,0.01,0.4095931947231293,420631,339986,353743,3,0.8409817631130373,8.82389274852494e-06
designed_e4_raw,benign,time_quartile_2,0.01,0.4095931947231293,752591,8028,657372,2914,0.8734784232072932,0.36297957149975085
designed_e4_raw,benign,time_quartile_3,0.01,0.4095931947231293,759904,714,658667,181,0.8667765928327789,0.2535014005602241
designed_e4_raw,benign,time_quartile_4,0.01,0.4095931947231293,719077,41542,638294,120,0.8876573718808973,0.002888642819315392
designed_e4_raw,bot,full_test,0.001,0.13521921634674072,41542,3000931,41422,741,0.9971113571806846,0.0002469233714470609
designed_e4_raw,bot,time_quartile_1,0.001,0.13521921634674072,0,760617,0,144,,0.000189319986274301
designed_e4_raw,bot,time_quartile_2,0.001,0.13521921634674072,0,760619,0,215,,0.00028266451403396444
designed_e4_raw,bot,time_quartile_3,0.001,0.13521921634674072,0,760618,0,242,,0.0003181623364159144
designed_e4_raw,bot,time_quartile_4,0.001,0.13521921634674072,41542,719077,41422,140,0.9971113571806846,0.00019469403137633383
designed_e4_raw,bot,full_test,0.01,0.009291485883295536,41542,3000931,41422,4423,0.9971113571806846,0.0014738759404997982
designed_e4_raw,bot,time_quartile_1,0.01,0.009291485883295536,0,760617,0,1035,,0.0013607374013465384
designed_e4_raw,bot,time_quartile_2,0.01,0.009291485883295536,0,760619,0,1154,,0.00151718534509393
designed_e4_raw,bot,time_quartile_3,0.01,0.009291485883295536,0,760618,0,1235,,0.001623679692039894
designed_e4_raw,bot,time_quartile_4,0.01,0.009291485883295536,41542,719077,41422,999,0.9971113571806846,0.0013892809810354106
designed_e4_raw,brute_force,full_test,0.001,0.006030753254890442,37696,3004777,37696,629,1.0,0.00020933333821444985
designed_e4_raw,brute_force,time_quartile_1,0.001,0.006030753254890442,37696,722921,37696,104,1.0,0.00014386080913405476
designed_e4_raw,brute_force,time_quartile_2,0.001,0.006030753254890442,0,760619,0,138,,0.0001814311764497074
designed_e4_raw,brute_force,time_quartile_3,0.001,0.006030753254890442,0,760618,0,180,,0.0002366496717143165
designed_e4_raw,brute_force,time_quartile_4,0.001,0.006030753254890442,0,760619,0,207,,0.0002721467646745611
designed_e4_raw,brute_force,full_test,0.01,0.0016241971170529723,37696,3004777,37696,12120,1.0,0.004033577200570957
designed_e4_raw,brute_force,time_quartile_1,0.01,0.0016241971170529723,37696,722921,37696,7999,1.0,0.011064832810224077
designed_e4_raw,brute_force,time_quartile_2,0.01,0.0016241971170529723,0,760619,0,380,,0.0004995930945716581
designed_e4_raw,brute_force,time_quartile_3,0.01,0.0016241971170529723,0,760618,0,533,,0.0007007459723540595
designed_e4_raw,brute_force,time_quartile_4,0.01,0.0016241971170529723,0,760619,0,3208,,0.004217617493120734
designed_e4_raw,ddos,full_test,0.001,0.01872955821454525,262680,2779793,262680,2105,1.0,0.0007572506298130832
designed_e4_raw,ddos,time_quartile_1,0.001,0.01872955821454525,262680,497937,262680,964,1.0,0.001935987886017709
designed_e4_raw,ddos,time_quartile_2,0.001,0.01872955821454525,0,760619,0,357,,0.0004693545651633735
designed_e4_raw,ddos,time_quartile_3,0.001,0.01872955821454525,0,760618,0,464,,0.0006100302648635715
designed_e4_raw,ddos,time_quartile_4,0.001,0.01872955821454525,0,760619,0,320,,0.0004207099743761331
designed_e4_raw,ddos,full_test,0.01,0.006222189869731665,262680,2779793,262680,27559,1.0,0.009914047556778507
designed_e4_raw,ddos,time_quartile_1,0.01,0.006222189869731665,262680,497937,262680,21629,1.0,0.04343722197788073
designed_e4_raw,ddos,time_quartile_2,0.01,0.006222189869731665,0,760619,0,1030,,0.0013541602300231785
designed_e4_raw,ddos,time_quartile_3,0.01,0.006222189869731665,0,760618,0,1235,,0.001623679692039894
designed_e4_raw,ddos,time_quartile_4,0.01,0.006222189869731665,0,760619,0,3665,,0.00481844392527665
designed_e4_raw,dos,full_test,0.001,0.029894664883613586,39483,3002990,39483,4219,1.0,0.001404933083360251
designed_e4_raw,dos,time_quartile_1,0.001,0.029894664883613586,39483,721134,39483,498,1.0,0.0006905790047342103
designed_e4_raw,dos,time_quartile_2,0.001,0.029894664883613586,0,760619,0,282,,0.0003707506649189673
designed_e4_raw,dos,time_quartile_3,0.001,0.029894664883613586,0,760618,0,460,,0.00060477138326992
designed_e4_raw,dos,time_quartile_4,0.001,0.029894664883613586,0,760619,0,2979,,0.003916546917707814
designed_e4_raw,dos,full_test,0.01,0.004654482007026672,39483,3002990,39483,25517,1.0,0.008497197792866442
designed_e4_raw,dos,time_quartile_1,0.01,0.004654482007026672,39483,721134,39483,17928,1.0,0.02486084417043157
designed_e4_raw,dos,time_quartile_2,0.01,0.004654482007026672,0,760619,0,1590,,0.0020904026851814115
designed_e4_raw,dos,time_quartile_3,0.01,0.004654482007026672,0,760618,0,1565,,0.002057537423516141
designed_e4_raw,dos,time_quartile_4,0.01,0.004654482007026672,0,760619,0,4434,,0.005829462582449294
designed_e4_raw,infiltration,full_test,0.001,0.971461832523346,8742,3033731,978,30,0.11187371310912834,9.888813477529815e-06
designed_e4_raw,infiltration,time_quartile_1,0.001,0.971461832523346,0,760617,0,8,,1.0517777015238944e-05
designed_e4_raw,infiltration,time_quartile_2,0.001,0.971461832523346,8028,752591,978,11,0.1218236173393124,1.4616172662176401e-05
designed_e4_raw,infiltration,time_quartile_3,0.001,0.971461832523346,714,759904,0,4,0.0,5.263822798669305e-06
designed_e4_raw,infiltration,time_quartile_4,0.001,0.971461832523346,0,760619,0,7,,9.203030689477913e-06
designed_e4_raw,infiltration,full_test,0.01,0.7639138698577881,8742,3033731,1515,12411,0.1733013040494166,0.004091002135654084
designed_e4_raw,infiltration,time_quartile_1,0.01,0.7639138698577881,0,760617,0,2230,,0.0029318303429978557
designed_e4_raw,infiltration,time_quartile_2,0.01,0.7639138698577881,8028,752591,1441,3667,0.17949676133532635,0.004872500468381897
designed_e4_raw,infiltration,time_quartile_3,0.01,0.7639138698577881,714,759904,74,3896,0.10364145658263306,0.005126963405903903
designed_e4_raw,infiltration,time_quartile_4,0.01,0.7639138698577881,0,760619,0,2618,,0.003441933477864739
designed_e4_raw,web_attacks,full_test,0.001,0.8650095462799072,127,3042346,111,390,0.8740157480314961,0.0001281905476891846
designed_e4_raw,web_attacks,time_quartile_1,0.001,0.8650095462799072,127,760490,111,115,0.8740157480314961,0.00015121829346868466
designed_e4_raw,web_attacks,time_quartile_2,0.001,0.8650095462799072,0,760619,0,202,,0.000265573171324934
designed_e4_raw,web_attacks,time_quartile_3,0.001,0.8650095462799072,0,760618,0,34,,4.4700493546037564e-05
designed_e4_raw,web_attacks,time_quartile_4,0.001,0.8650095462799072,0,760619,0,39,,5.127402812709122e-05
designed_e4_raw,web_attacks,full_test,0.01,0.183702290058136,127,3042346,125,11245,0.984251968503937,0.0036961607917048223
designed_e4_raw,web_attacks,time_quartile_1,0.01,0.183702290058136,127,760490,125,2989,0.984251968503937,0.003930360688503465
designed_e4_raw,web_attacks,time_quartile_2,0.01,0.183702290058136,0,760619,0,2925,,0.003845552109531842
designed_e4_raw,web_attacks,time_quartile_3,0.01,0.183702290058136,0,760618,0,2793,,0.0036720140727671447
designed_e4_raw,web_attacks,time_quartile_4,0.01,0.183702290058136,0,760619,0,2538,,0.003336755984270706
designed_e4_calibrated,benign,full_test,0.001,0.7824545502662659,2652203,390270,1558519,315,0.5876318667914937,0.0008071335229456531
designed_e4_calibrated,benign,time_quartile_1,0.001,0.7824545502662659,420631,339986,233177,1,0.5543504877196402,2.9412975828416463e-06
designed_e4_calibrated,benign,time_quartile_2,0.001,0.7824545502662659,752591,8028,450216,304,0.59822134466131,0.037867463876432486
designed_e4_calibrated,benign,time_quartile_3,0.001,0.7824545502662659,759904,714,434639,10,0.5719656693477071,0.014005602240896359
designed_e4_calibrated,benign,time_quartile_4,0.001,0.7824545502662659,719077,41542,440487,0,0.6125727842776225,0.0
designed_e4_calibrated,benign,full_test,0.01,0.4259974956512451,2652203,390270,2302377,3223,0.8680998400197873,0.00825838522048838
designed_e4_calibrated,benign,time_quartile_1,0.01,0.4259974956512451,420631,339986,346672,2,0.8241713045400838,5.8825951656832925e-06
designed_e4_calibrated,benign,time_quartile_2,0.01,0.4259974956512451,752591,8028,657912,2920,0.8741959444107091,0.3637269556552068
designed_e4_calibrated,benign,time_quartile_3,0.01,0.4259974956512451,759904,714,659036,181,0.8672621804859562,0.2535014005602241
designed_e4_calibrated,benign,time_quartile_4,0.01,0.4259974956512451,719077,41542,638757,120,0.888301252856092,0.002888642819315392
designed_e4_calibrated,bot,full_test,0.001,0.16772647202014923,41542,3000931,41422,707,0.9971113571806846,0.00023559355413370052
designed_e4_calibrated,bot,time_quartile_1,0.001,0.16772647202014923,0,760617,0,135,,0.0001774874871321572
designed_e4_calibrated,bot,time_quartile_2,0.001,0.16772647202014923,0,760619,0,201,,0.0002642584526550086
designed_e4_calibrated,bot,time_quartile_3,0.001,0.16772647202014923,0,760618,0,233,,0.0003063298528301986
designed_e4_calibrated,bot,time_quartile_4,0.001,0.16772647202014923,41542,719077,41422,138,0.9971113571806846,0.00019191268807095763
designed_e4_calibrated,bot,full_test,0.01,0.01997346803545952,41542,3000931,41422,4279,0.9971113571806846,0.001425890831878507
designed_e4_calibrated,bot,time_quartile_1,0.01,0.01997346803545952,0,760617,0,748,,0.0009834121509248413
designed_e4_calibrated,bot,time_quartile_2,0.01,0.01997346803545952,0,760619,0,1207,,0.0015868654345999771
designed_e4_calibrated,bot,time_quartile_3,0.01,0.01997346803545952,0,760618,0,1294,,0.0017012481955462533
designed_e4_calibrated,bot,time_quartile_4,0.01,0.01997346803545952,41542,719077,41422,1030,0.9971113571806846,0.0014323918022687418
designed_e4_calibrated,brute_force,full_test,0.001,0.012866811826825142,37696,3004777,37696,672,1.0,0.0002236438843880927
designed_e4_calibrated,brute_force,time_quartile_1,0.001,0.012866811826825142,37696,722921,37696,122,1.0,0.00016875979533033345
designed_e4_calibrated,brute_force,time_quartile_2,0.001,0.012866811826825142,0,760619,0,139,,0.00018274589511963282
designed_e4_calibrated,brute_force,time_quartile_3,0.001,0.012866811826825142,0,760618,0,185,,0.00024322327370638087
designed_e4_calibrated,brute_force,time_quartile_4,0.001,0.012866811826825142,0,760619,0,226,,0.00029712641940314404
designed_e4_calibrated,brute_force,full_test,0.01,0.004721558187156916,37696,3004777,37696,12242,1.0,0.0040741792152961765
designed_e4_calibrated,brute_force,time_quartile_1,0.01,0.004721558187156916,37696,722921,37696,8112,1.0,0.011221143112456271
designed_e4_calibrated,brute_force,time_quartile_2,0.01,0.004721558187156916,0,760619,0,381,,0.0005009078132415835
designed_e4_calibrated,brute_force,time_quartile_3,0.01,0.004721558187156916,0,760618,0,535,,0.0007033754131508853
designed_e4_calibrated,brute_force,time_quartile_4,0.01,0.004721558187156916,0,760619,0,3214,,0.004225505805140287
designed_e4_calibrated,ddos,full_test,0.001,0.036982279270887375,262680,2779793,262680,1487,1.0,0.000534931917592425
designed_e4_calibrated,ddos,time_quartile_1,0.001,0.036982279270887375,262680,497937,262680,471,1.0,0.000945902794931889
designed_e4_calibrated,ddos,time_quartile_2,0.001,0.036982279270887375,0,760619,0,319,,0.0004193952557062077
designed_e4_calibrated,ddos,time_quartile_3,0.001,0.036982279270887375,0,760618,0,413,,0.0005429795245445151
designed_e4_calibrated,ddos,time_quartile_4,0.001,0.036982279270887375,0,760619,0,284,,0.00037338010225881815
designed_e4_calibrated,ddos,full_test,0.01,0.013299820013344288,262680,2779793,262680,28419,1.0,0.01022342311100143
designed_e4_calibrated,ddos,time_quartile_1,0.01,0.013299820013344288,262680,497937,262680,22217,1.0,0.04461809425690399
designed_e4_calibrated,ddos,time_quartile_2,0.01,0.013299820013344288,0,760619,0,1132,,0.001488261534355571
designed_e4_calibrated,ddos,time_quartile_3,0.01,0.013299820013344288,0,760618,0,1310,,0.001722283721920859
designed_e4_calibrated,ddos,time_quartile_4,0.01,0.013299820013344288,0,760619,0,3760,,0.004943342198919564
designed_e4_calibrated,dos,full_test,0.001,0.05055767670273781,39483,3002990,39483,4182,1.0,0.00139261203001009
designed_e4_calibrated,dos,time_quartile_1,0.001,0.05055767670273781,39483,721134,39483,516,1.0,0.0007155396916523143
designed_e4_calibrated,dos,time_quartile_2,0.001,0.05055767670273781,0,760619,0,264,,0.00034708572886030985
designed_e4_calibrated,dos,time_quartile_3,0.001,0.05055767670273781,0,760618,0,436,,0.0005732180937080111
designed_e4_calibrated,dos,time_quartile_4,0.001,0.05055767670273781,0,760619,0,2966,,0.003899455574998784
designed_e4_calibrated,dos,full_test,0.01,0.010962935164570808,39483,3002990,39483,29187,1.0,0.009719313084625656
designed_e4_calibrated,dos,time_quartile_1,0.01,0.010962935164570808,39483,721134,39483,21567,1.0,0.029907063042374928
designed_e4_calibrated,dos,time_quartile_2,0.01,0.010962935164570808,0,760619,0,1595,,0.0020969762785310385
designed_e4_calibrated,dos,time_quartile_3,0.01,0.010962935164570808,0,760618,0,1586,,0.002085146551882811
designed_e4_calibrated,dos,time_quartile_4,0.01,0.010962935164570808,0,760619,0,4439,,0.005836036175798922
designed_e4_calibrated,infiltration,full_test,0.001,0.942192018032074,8742,3033731,952,24,0.10889956531686112,7.91105078202385e-06
designed_e4_calibrated,infiltration,time_quartile_1,0.001,0.942192018032074,0,760617,0,7,,9.203054888334076e-06
designed_e4_calibrated,infiltration,time_quartile_2,0.001,0.942192018032074,8028,752591,952,5,0.11858495266567015,6.6437148464438185e-06
designed_e4_calibrated,infiltration,time_quartile_3,0.001,0.942192018032074,714,759904,0,5,0.0,6.579778498336632e-06
designed_e4_calibrated,infiltration,time_quartile_4,0.001,0.942192018032074,0,760619,0,7,,9.203030689477913e-06
designed_e4_calibrated,infiltration,full_test,0.01,0.7179816365242004,8742,3033731,1513,12423,0.17307252345001145,0.004094957661045096
designed_e4_calibrated,infiltration,time_quartile_1,0.01,0.7179816365242004,0,760617,0,2221,,0.002919997843855712
designed_e4_calibrated,infiltration,time_quartile_2,0.01,0.7179816365242004,8028,752591,1439,3669,0.17924763328350773,0.004875157954320474
designed_e4_calibrated,infiltration,time_quartile_3,0.01,0.7179816365242004,714,759904,74,3911,0.10364145658263306,0.005146702741398913
designed_e4_calibrated,infiltration,time_quartile_4,0.01,0.7179816365242004,0,760619,0,2622,,0.0034471923525444407
designed_e4_calibrated,web_attacks,full_test,0.001,0.7950398921966553,127,3042346,111,386,0.8740157480314961,0.0001268757728410904
designed_e4_calibrated,web_attacks,time_quartile_1,0.001,0.7950398921966553,127,760490,111,115,0.8740157480314961,0.00015121829346868466
designed_e4_calibrated,web_attacks,time_quartile_2,0.001,0.7950398921966553,0,760619,0,200,,0.0002629437339850832
designed_e4_calibrated,web_attacks,time_quartile_3,0.001,0.7950398921966553,0,760618,0,33,,4.33857731476247e-05
designed_e4_calibrated,web_attacks,time_quartile_4,0.001,0.7950398921966553,0,760619,0,38,,4.9959309457165805e-05
designed_e4_calibrated,web_attacks,full_test,0.01,0.20106977224349976,127,3042346,125,11611,0.984251968503937,0.0038164626903054418
designed_e4_calibrated,web_attacks,time_quartile_1,0.01,0.20106977224349976,127,760490,125,3057,0.984251968503937,0.00401977672290234
designed_e4_calibrated,web_attacks,time_quartile_2,0.01,0.20106977224349976,0,760619,0,3017,,0.00396650622716498
designed_e4_calibrated,web_attacks,time_quartile_3,0.01,0.20106977224349976,0,760618,0,2899,,0.0038113744349989086
designed_e4_calibrated,web_attacks,time_quartile_4,0.01,0.20106977224349976,0,760619,0,2638,,0.0034682278512632473
matched_random_e1_raw,benign,full_test,0.001,0.9855154752731323,2652203,390270,1584748,294,0.5975213812819004,0.0007533246214159428
matched_random_e1_raw,benign,time_quartile_1,0.001,0.9855154752731323,420631,339986,237192,1,0.5638956710275752,2.9412975828416463e-06
matched_random_e1_raw,benign,time_quartile_2,0.001,0.9855154752731323,752591,8028,455316,281,0.6049979338046828,0.03500249128051819
matched_random_e1_raw,benign,time_quartile_3,0.001,0.9855154752731323,759904,714,449560,12,0.5916010443424432,0.01680672268907563
matched_random_e1_raw,benign,time_quartile_4,0.001,0.9855154752731323,719077,41542,442680,0,0.6156225272119675,0.0
matched_random_e1_raw,benign,full_test,0.01,0.9430713653564453,2652203,390270,2313047,3012,0.8721229106520126,0.007717733876547006
matched_random_e1_raw,benign,time_quartile_1,0.01,0.9430713653564453,420631,339986,373619,27,0.8882345809034522,7.941503473672445e-05
matched_random_e1_raw,benign,time_quartile_2,0.01,0.9430713653564453,752591,8028,658034,2777,0.8743580510529624,0.34591429995017436
matched_random_e1_raw,benign,time_quartile_3,0.01,0.9430713653564453,759904,714,661692,208,0.8707573588242725,0.2913165266106443
matched_random_e1_raw,benign,time_quartile_4,0.01,0.9430713653564453,719077,41542,619702,0,0.8618020045141201,0.0
matched_random_e1_raw,bot,full_test,0.001,0.03732436150312424,41542,3000931,41422,296,0.9971113571806846,9.86360566104319e-05
matched_random_e1_raw,bot,time_quartile_1,0.001,0.03732436150312424,0,760617,0,49,,6.442138421833853e-05
matched_random_e1_raw,bot,time_quartile_2,0.001,0.03732436150312424,0,760619,0,106,,0.0001393601790120941
matched_random_e1_raw,bot,time_quartile_3,0.001,0.03732436150312424,0,760618,0,69,,9.0715707490488e-05
matched_random_e1_raw,bot,time_quartile_4,0.001,0.03732436150312424,41542,719077,41422,72,0.9971113571806846,0.00010012835899354312
matched_random_e1_raw,bot,full_test,0.01,0.012414999306201935,41542,3000931,41422,4322,0.9971113571806846,0.001440219718480698
matched_random_e1_raw,bot,time_quartile_1,0.01,0.012414999306201935,0,760617,0,3621,,0.0047606088215225275
matched_random_e1_raw,bot,time_quartile_2,0.01,0.012414999306201935,0,760619,0,253,,0.00033262382349113026
matched_random_e1_raw,bot,time_quartile_3,0.01,0.012414999306201935,0,760618,0,141,,0.00018537557617621462
matched_random_e1_raw,bot,time_quartile_4,0.01,0.012414999306201935,41542,719077,41422,307,0.9971113571806846,0.00042693619737524635
matched_random_e1_raw,brute_force,full_test,0.001,0.0002836009953171015,37696,3004777,37696,7734,1.0,0.0025739014908593883
matched_random_e1_raw,brute_force,time_quartile_1,0.001,0.0002836009953171015,37696,722921,37696,7042,1.0,0.009741036710788593
matched_random_e1_raw,brute_force,time_quartile_2,0.001,0.0002836009953171015,0,760619,0,176,,0.00023139048590687321
matched_random_e1_raw,brute_force,time_quartile_3,0.001,0.0002836009953171015,0,760618,0,92,,0.000120954276653984
matched_random_e1_raw,brute_force,time_quartile_4,0.001,0.0002836009953171015,0,760619,0,424,,0.0005574407160483764
matched_random_e1_raw,brute_force,full_test,0.01,0.000171187988598831,37696,3004777,37696,27722,1.0,0.009225975837807598
matched_random_e1_raw,brute_force,time_quartile_1,0.01,0.000171187988598831,37696,722921,37696,24119,1.0,0.033363258226002564
matched_random_e1_raw,brute_force,time_quartile_2,0.01,0.000171187988598831,0,760619,0,258,,0.00033919741684075734
matched_random_e1_raw,brute_force,time_quartile_3,0.01,0.000171187988598831,0,760618,0,179,,0.00023533495131590365
matched_random_e1_raw,brute_force,time_quartile_4,0.01,0.000171187988598831,0,760619,0,3166,,0.004162399308983867
matched_random_e1_raw,ddos,full_test,0.001,0.0009990026010200381,262680,2779793,262680,4128,1.0,0.0014850026602700273
matched_random_e1_raw,ddos,time_quartile_1,0.001,0.0009990026010200381,262680,497937,262680,673,1.0,0.0013515766050725294
matched_random_e1_raw,ddos,time_quartile_2,0.001,0.0009990026010200381,0,760619,0,248,,0.00032605023014150317
matched_random_e1_raw,ddos,time_quartile_3,0.001,0.0009990026010200381,0,760618,0,133,,0.00017485781298891165
matched_random_e1_raw,ddos,time_quartile_4,0.001,0.0009990026010200381,0,760619,0,3074,,0.004041445191350729
matched_random_e1_raw,ddos,full_test,0.01,0.0005416650674305856,262680,2779793,262680,5036,1.0,0.0018116456872867871
matched_random_e1_raw,ddos,time_quartile_1,0.01,0.0005416650674305856,262680,497937,262680,748,1.0,0.001502198069233658
matched_random_e1_raw,ddos,time_quartile_2,0.01,0.0005416650674305856,0,760619,0,346,,0.0004548926597941939
matched_random_e1_raw,ddos,time_quartile_3,0.01,0.0005416650674305856,0,760618,0,174,,0.0002287613493238393
matched_random_e1_raw,ddos,time_quartile_4,0.01,0.0005416650674305856,0,760619,0,3768,,0.004953859948278967
matched_random_e1_raw,dos,full_test,0.001,0.003740105777978897,39483,3002990,39479,12203,0.9998986905756908,0.0040636165954598584
matched_random_e1_raw,dos,time_quartile_1,0.001,0.003740105777978897,39483,721134,39479,11558,0.9998986905756908,0.016027534411080326
matched_random_e1_raw,dos,time_quartile_2,0.001,0.003740105777978897,0,760619,0,240,,0.00031553248078209983
matched_random_e1_raw,dos,time_quartile_3,0.001,0.003740105777978897,0,760618,0,243,,0.0003194770568143273
matched_random_e1_raw,dos,time_quartile_4,0.001,0.003740105777978897,0,760619,0,162,,0.0002129844245279174
matched_random_e1_raw,dos,full_test,0.01,0.0019317477708682418,39483,3002990,39479,55914,0.9998986905756908,0.018619442622186556
matched_random_e1_raw,dos,time_quartile_1,0.01,0.0019317477708682418,39483,721134,39479,52318,0.9998986905756908,0.07254962323229802
matched_random_e1_raw,dos,time_quartile_2,0.01,0.0019317477708682418,0,760619,0,322,,0.00042333941171598396
matched_random_e1_raw,dos,time_quartile_3,0.01,0.0019317477708682418,0,760618,0,335,,0.0004404313334683113
matched_random_e1_raw,dos,time_quartile_4,0.01,0.0019317477708682418,0,760619,0,2939,,0.0038639581709107975
matched_random_e1_raw,infiltration,full_test,0.001,0.9962515234947205,8742,3033731,656,20,0.0750400366048959,6.592542318353209e-06
matched_random_e1_raw,infiltration,time_quartile_1,0.001,0.9962515234947205,0,760617,0,15,,1.972083190357302e-05
matched_random_e1_raw,infiltration,time_quartile_2,0.001,0.9962515234947205,8028,752591,656,5,0.0817140009965122,6.6437148464438185e-06
matched_random_e1_raw,infiltration,time_quartile_3,0.001,0.9962515234947205,714,759904,0,0,0.0,0.0
matched_random_e1_raw,infiltration,time_quartile_4,0.001,0.9962515234947205,0,760619,0,0,,0.0
matched_random_e1_raw,infiltration,full_test,0.01,0.20913709700107574,8742,3033731,2179,11127,0.2492564630519332,0.003667760918815808
matched_random_e1_raw,infiltration,time_quartile_1,0.01,0.20913709700107574,0,760617,0,1539,,0.002023357353306592
matched_random_e1_raw,infiltration,time_quartile_2,0.01,0.20913709700107574,8028,752591,2115,3449,0.26345291479820626,0.0045828345010769465
matched_random_e1_raw,infiltration,time_quartile_3,0.01,0.20913709700107574,714,759904,64,3612,0.0896358543417367,0.004753231987198383
matched_random_e1_raw,infiltration,time_quartile_4,0.01,0.20913709700107574,0,760619,0,2527,,0.0033222940789015263
matched_random_e1_raw,web_attacks,full_test,0.001,0.2942753732204437,127,3042346,76,352,0.5984251968503937,0.00011570018663228968
matched_random_e1_raw,web_attacks,time_quartile_1,0.001,0.2942753732204437,127,760490,76,103,0.5984251968503937,0.000135438993280648
matched_random_e1_raw,web_attacks,time_quartile_2,0.001,0.2942753732204437,0,760619,0,174,,0.00022876104856702238
matched_random_e1_raw,web_attacks,time_quartile_3,0.001,0.2942753732204437,0,760618,0,40,,5.258881593651478e-05
matched_random_e1_raw,web_attacks,time_quartile_4,0.001,0.2942753732204437,0,760619,0,35,,4.601515344738956e-05
matched_random_e1_raw,web_attacks,full_test,0.01,0.03416857868432999,127,3042346,124,31194,0.9763779527559056,0.010253271652862626
matched_random_e1_raw,web_attacks,time_quartile_1,0.01,0.03416857868432999,127,760490,124,26151,0.9763779527559056,0.034387039934778894
matched_random_e1_raw,web_attacks,time_quartile_2,0.01,0.03416857868432999,0,760619,0,996,,0.0013094597952457143
matched_random_e1_raw,web_attacks,time_quartile_3,0.01,0.03416857868432999,0,760618,0,604,,0.0007940911206413732
matched_random_e1_raw,web_attacks,time_quartile_4,0.01,0.03416857868432999,0,760619,0,3443,,0.004526576380553207
matched_random_e1_calibrated,benign,full_test,0.001,0.9659081101417542,2652203,390270,1551736,294,0.5850743702499394,0.0007533246214159428
matched_random_e1_calibrated,benign,time_quartile_1,0.001,0.9659081101417542,420631,339986,230463,1,0.5478982766367672,2.9412975828416463e-06
matched_random_e1_calibrated,benign,time_quartile_2,0.001,0.9659081101417542,752591,8028,446368,281,0.5931083417154869,0.03500249128051819
matched_random_e1_calibrated,benign,time_quartile_3,0.001,0.9659081101417542,759904,714,440429,12,0.5795850528487809,0.01680672268907563
matched_random_e1_calibrated,benign,time_quartile_4,0.001,0.9659081101417542,719077,41542,434476,0,0.6042134569733144,0.0
matched_random_e1_calibrated,benign,full_test,0.01,0.902884304523468,2652203,390270,2317713,3011,0.8738822028328902,0.007715171547902734
matched_random_e1_calibrated,benign,time_quartile_1,0.01,0.902884304523468,420631,339986,374388,21,0.8900627866229546,6.176724923967457e-05
matched_random_e1_calibrated,benign,time_quartile_2,0.01,0.902884304523468,752591,8028,659298,2780,0.8760375821661434,0.34628799202790234
matched_random_e1_calibrated,benign,time_quartile_3,0.01,0.902884304523468,759904,714,663129,210,0.8726483871646945,0.29411764705882354
matched_random_e1_calibrated,benign,time_quartile_4,0.01,0.902884304523468,719077,41542,620898,0,0.8634652478107352,0.0
matched_random_e1_calibrated,bot,full_test,0.001,0.06120968610048294,41542,3000931,41422,330,0.9971113571806846,0.00010996587392379232
matched_random_e1_calibrated,bot,time_quartile_1,0.001,0.06120968610048294,0,760617,0,54,,7.099499485286287e-05
matched_random_e1_calibrated,bot,time_quartile_2,0.001,0.06120968610048294,0,760619,0,120,,0.00015776624039104991
matched_random_e1_calibrated,bot,time_quartile_3,0.001,0.06120968610048294,0,760618,0,79,,0.00010386291147461669
matched_random_e1_calibrated,bot,time_quartile_4,0.001,0.06120968610048294,41542,719077,41422,77,0.9971113571806846,0.00010708171725698361
matched_random_e1_calibrated,bot,full_test,0.01,0.028008850291371346,41542,3000931,41422,5297,0.9971113571806846,0.0017651188914373573
matched_random_e1_calibrated,bot,time_quartile_1,0.01,0.028008850291371346,0,760617,0,4613,,0.006064813171412156
matched_random_e1_calibrated,bot,time_quartile_2,0.01,0.028008850291371346,0,760619,0,249,,0.0003273649488114286
matched_random_e1_calibrated,bot,time_quartile_3,0.01,0.028008850291371346,0,760618,0,141,,0.00018537557617621462
matched_random_e1_calibrated,bot,time_quartile_4,0.01,0.028008850291371346,41542,719077,41422,294,0.9971113571806846,0.00040885746589030105
matched_random_e1_calibrated,brute_force,full_test,0.001,0.0012315065832808614,37696,3004777,37696,7651,1.0,0.0025462788087102636
matched_random_e1_calibrated,brute_force,time_quartile_1,0.001,0.0012315065832808614,37696,722921,37696,6942,1.0,0.009602709009698155
matched_random_e1_calibrated,brute_force,time_quartile_2,0.001,0.0012315065832808614,0,760619,0,182,,0.00023927879792642572
matched_random_e1_calibrated,brute_force,time_quartile_3,0.001,0.0012315065832808614,0,760618,0,102,,0.0001341014806381127
matched_random_e1_calibrated,brute_force,time_quartile_4,0.001,0.0012315065832808614,0,760619,0,425,,0.0005587554347183018
matched_random_e1_calibrated,brute_force,full_test,0.01,0.0008686889195814729,37696,3004777,37696,25863,1.0,0.008607294318347085
matched_random_e1_calibrated,brute_force,time_quartile_1,0.01,0.0008686889195814729,37696,722921,37696,22228,1.0,0.030747481398382397
matched_random_e1_calibrated,brute_force,time_quartile_2,0.01,0.0008686889195814729,0,760619,0,259,,0.00034051213551068276
matched_random_e1_calibrated,brute_force,time_quartile_3,0.01,0.0008686889195814729,0,760618,0,184,,0.000241908553307968
matched_random_e1_calibrated,brute_force,time_quartile_4,0.01,0.0008686889195814729,0,760619,0,3192,,0.0041965819944019276
matched_random_e1_calibrated,ddos,full_test,0.001,0.0034191813319921494,262680,2779793,262680,4175,1.0,0.0015019103940473266
matched_random_e1_calibrated,ddos,time_quartile_1,0.001,0.0034191813319921494,262680,497937,262680,677,1.0,0.0013596097498277894
matched_random_e1_calibrated,ddos,time_quartile_2,0.001,0.0034191813319921494,0,760619,0,253,,0.00033262382349113026
matched_random_e1_calibrated,ddos,time_quartile_3,0.001,0.0034191813319921494,0,760618,0,139,,0.00018274613537938887
matched_random_e1_calibrated,ddos,time_quartile_4,0.001,0.0034191813319921494,0,760619,0,3106,,0.004083516188788342
matched_random_e1_calibrated,ddos,full_test,0.01,0.002310654381290078,262680,2779793,262680,5095,1.0,0.0018328702892625459
matched_random_e1_calibrated,ddos,time_quartile_1,0.01,0.002310654381290078,262680,497937,262680,739,1.0,0.0014841234935343225
matched_random_e1_calibrated,ddos,time_quartile_2,0.01,0.002310654381290078,0,760619,0,335,,0.0004404307544250144
matched_random_e1_calibrated,ddos,time_quartile_3,0.01,0.002310654381290078,0,760618,0,168,,0.00022087302693336207
matched_random_e1_calibrated,ddos,time_quartile_4,0.01,0.002310654381290078,0,760619,0,3853,,0.005065611035222628
matched_random_e1_calibrated,dos,full_test,0.001,0.00983384158462286,39483,3002990,39479,12105,0.9998986905756908,0.004030982454154027
matched_random_e1_calibrated,dos,time_quartile_1,0.001,0.00983384158462286,39483,721134,39479,11433,0.9998986905756908,0.01585419630748238
matched_random_e1_calibrated,dos,time_quartile_2,0.001,0.00983384158462286,0,760619,0,246,,0.00032342079280165233
matched_random_e1_calibrated,dos,time_quartile_3,0.001,0.00983384158462286,0,760618,0,256,,0.0003365684219936946
matched_random_e1_calibrated,dos,time_quartile_4,0.001,0.00983384158462286,0,760619,0,170,,0.0002235021738873207
matched_random_e1_calibrated,dos,full_test,0.01,0.006155093666166067,39483,3002990,39479,55591,0.9998986905756908,0.018511883156454068
matched_random_e1_calibrated,dos,time_quartile_1,0.01,0.006155093666166067,39483,721134,39479,52005,0.9998986905756908,0.07211558462088877
matched_random_e1_calibrated,dos,time_quartile_2,0.01,0.006155093666166067,0,760619,0,318,,0.0004180805370362823
matched_random_e1_calibrated,dos,time_quartile_3,0.01,0.006155093666166067,0,760618,0,341,,0.00044831965585878853
matched_random_e1_calibrated,dos,time_quartile_4,0.01,0.006155093666166067,0,760619,0,2927,,0.0038481815468716925
matched_random_e1_calibrated,infiltration,full_test,0.001,0.9877981543540955,8742,3033731,652,18,0.07458247540608556,5.9332880865178884e-06
matched_random_e1_calibrated,infiltration,time_quartile_1,0.001,0.9877981543540955,0,760617,0,13,,1.7091387649763285e-05
matched_random_e1_calibrated,infiltration,time_quartile_2,0.001,0.9877981543540955,8028,752591,652,5,0.08121574489287493,6.6437148464438185e-06
matched_random_e1_calibrated,infiltration,time_quartile_3,0.001,0.9877981543540955,714,759904,0,0,0.0,0.0
matched_random_e1_calibrated,infiltration,time_quartile_4,0.001,0.9877981543540955,0,760619,0,0,,0.0
matched_random_e1_calibrated,infiltration,full_test,0.01,0.2559751570224762,8742,3033731,2195,11220,0.2510867078471746,0.0036984162405961506
matched_random_e1_calibrated,infiltration,time_quartile_1,0.01,0.2559751570224762,0,760617,0,1548,,0.002035189852448736
matched_random_e1_calibrated,infiltration,time_quartile_2,0.01,0.2559751570224762,8028,752591,2131,3474,0.26544593921275533,0.004616053075309165
matched_random_e1_calibrated,infiltration,time_quartile_3,0.01,0.2559751570224762,714,759904,64,3647,0.0896358543417367,0.004799290436686739
matched_random_e1_calibrated,infiltration,time_quartile_4,0.01,0.2559751570224762,0,760619,0,2551,,0.0033538473269797363
matched_random_e1_calibrated,web_attacks,full_test,0.001,0.32069632411003113,127,3042346,76,357,0.5984251968503937,0.00011734365519240744
matched_random_e1_calibrated,web_attacks,time_quartile_1,0.001,0.32069632411003113,127,760490,76,103,0.5984251968503937,0.000135438993280648
matched_random_e1_calibrated,web_attacks,time_quartile_2,0.001,0.32069632411003113,0,760619,0,180,,0.00023664936058657489
matched_random_e1_calibrated,web_attacks,time_quartile_3,0.001,0.32069632411003113,0,760618,0,40,,5.258881593651478e-05
matched_random_e1_calibrated,web_attacks,time_quartile_4,0.001,0.32069632411003113,0,760619,0,34,,4.470043477746414e-05
matched_random_e1_calibrated,web_attacks,full_test,0.01,0.05800376459956169,127,3042346,124,31433,0.9763779527559056,0.010331829450036255
matched_random_e1_calibrated,web_attacks,time_quartile_1,0.01,0.05800376459956169,127,760490,124,26224,0.9763779527559056,0.03448303067758945
matched_random_e1_calibrated,web_attacks,time_quartile_2,0.01,0.05800376459956169,0,760619,0,1054,,0.0013857134781013886
matched_random_e1_calibrated,web_attacks,time_quartile_3,0.01,0.05800376459956169,0,760618,0,665,,0.0008742890649445583
matched_random_e1_calibrated,web_attacks,time_quartile_4,0.01,0.05800376459956169,0,760619,0,3490,,0.004588368158039702
matched_random_e2_raw,benign,full_test,0.001,0.8426032066345215,2652203,390270,1633493,407,0.6159004420099065,0.0010428677582186691
matched_random_e2_raw,benign,time_quartile_1,0.001,0.8426032066345215,420631,339986,244034,1,0.5801617094317822,2.9412975828416463e-06
matched_random_e2_raw,benign,time_quartile_2,0.001,0.8426032066345215,752591,8028,470183,317,0.6247523555290988,0.039486796213253614
matched_random_e2_raw,benign,time_quartile_3,0.001,0.8426032066345215,759904,714,458773,16,0.6037249442034783,0.022408963585434174
matched_random_e2_raw,benign,time_quartile_4,0.001,0.8426032066345215,719077,41542,460503,73,0.6404084680778276,0.0017572577150835298
matched_random_e2_raw,benign,full_test,0.01,0.3789914846420288,2652203,390270,2318715,2883,0.8742600019681751,0.007387193481435929
matched_random_e2_raw,benign,time_quartile_1,0.01,0.3789914846420288,420631,339986,369845,7,0.8792623463320582,2.0589083079891523e-05
matched_random_e2_raw,benign,time_quartile_2,0.01,0.3789914846420288,752591,8028,656106,2533,0.8717962346081737,0.31552067762830094
matched_random_e2_raw,benign,time_quartile_3,0.01,0.3789914846420288,759904,714,661745,223,0.8708271044763549,0.3123249299719888
matched_random_e2_raw,benign,time_quartile_4,0.01,0.3789914846420288,719077,41542,631019,120,0.8775402356075914,0.002888642819315392
matched_random_e2_raw,bot,full_test,0.001,0.042129047214984894,41542,3000931,41422,1100,0.9971113571806846,0.0003665529130793077
matched_random_e2_raw,bot,time_quartile_1,0.001,0.042129047214984894,0,760617,0,224,,0.00029449775642669045
matched_random_e2_raw,bot,time_quartile_2,0.001,0.042129047214984894,0,760619,0,307,,0.0004036186316671027
matched_random_e2_raw,bot,time_quartile_3,0.001,0.042129047214984894,0,760618,0,371,,0.00048776126781117457
matched_random_e2_raw,bot,time_quartile_4,0.001,0.042129047214984894,41542,719077,41422,198,0.9971113571806846,0.0002753529872322436
matched_random_e2_raw,bot,full_test,0.01,0.005162858869880438,41542,3000931,41422,5951,0.9971113571806846,0.001983051259759055
matched_random_e2_raw,bot,time_quartile_1,0.01,0.005162858869880438,0,760617,0,1524,,0.002003636521403019
matched_random_e2_raw,bot,time_quartile_2,0.01,0.005162858869880438,0,760619,0,1416,,0.001861641636614389
matched_random_e2_raw,bot,time_quartile_3,0.01,0.005162858869880438,0,760618,0,1925,,0.002530836766944774
matched_random_e2_raw,bot,time_quartile_4,0.01,0.005162858869880438,41542,719077,41422,1086,0.9971113571806846,0.0015102694148192753
matched_random_e2_raw,brute_force,full_test,0.001,0.0028143608942627907,37696,3004777,37696,1402,1.0,0.0004665903659406339
matched_random_e2_raw,brute_force,time_quartile_1,0.001,0.0028143608942627907,37696,722921,37696,742,1.0,0.0010263915420910446
matched_random_e2_raw,brute_force,time_quartile_2,0.001,0.0028143608942627907,0,760619,0,197,,0.00025899957797530693
matched_random_e2_raw,brute_force,time_quartile_3,0.001,0.0028143608942627907,0,760618,0,231,,0.00030370041203337287
matched_random_e2_raw,brute_force,time_quartile_4,0.001,0.0028143608942627907,0,760619,0,232,,0.0003050147314226965
matched_random_e2_raw,brute_force,full_test,0.01,0.0018444127636030316,37696,3004777,37696,27249,1.0,0.009068559829897526
matched_random_e2_raw,brute_force,time_quartile_1,0.01,0.0018444127636030316,37696,722921,37696,22724,1.0,0.03143358679579097
matched_random_e2_raw,brute_force,time_quartile_2,0.01,0.0018444127636030316,0,760619,0,526,,0.0006915420203807689
matched_random_e2_raw,brute_force,time_quartile_3,0.01,0.0018444127636030316,0,760618,0,740,,0.0009728930948255235
matched_random_e2_raw,brute_force,time_quartile_4,0.01,0.0018444127636030316,0,760619,0,3259,,0.004284668145286931
matched_random_e2_raw,ddos,full_test,0.001,0.027292322367429733,262680,2779793,262680,2752,1.0,0.0009900017735133516
matched_random_e2_raw,ddos,time_quartile_1,0.001,0.027292322367429733,262680,497937,262680,2279,1.0,0.004576884224309501
matched_random_e2_raw,ddos,time_quartile_2,0.001,0.027292322367429733,0,760619,0,156,,0.0002050961125083649
matched_random_e2_raw,ddos,time_quartile_3,0.001,0.027292322367429733,0,760618,0,164,,0.0002156141453397106
matched_random_e2_raw,ddos,time_quartile_4,0.001,0.027292322367429733,0,760619,0,153,,0.00020115195649858864
matched_random_e2_raw,ddos,full_test,0.01,0.004002910107374191,262680,2779793,262680,33646,1.0,0.01210377895044703
matched_random_e2_raw,ddos,time_quartile_1,0.01,0.004002910107374191,262680,497937,262680,24653,1.0,0.04951027941285745
matched_random_e2_raw,ddos,time_quartile_2,0.01,0.004002910107374191,0,760619,0,2109,,0.0027727416748727024
matched_random_e2_raw,ddos,time_quartile_3,0.01,0.004002910107374191,0,760618,0,2400,,0.003155328956190887
matched_random_e2_raw,ddos,time_quartile_4,0.01,0.004002910107374191,0,760619,0,4484,,0.005895198515945566
matched_random_e2_raw,dos,full_test,0.001,0.08263790607452393,39483,3002990,39479,2465,0.9998986905756908,0.00082084855427424
matched_random_e2_raw,dos,time_quartile_1,0.001,0.08263790607452393,39483,721134,39479,548,0.9998986905756908,0.000759914246173388
matched_random_e2_raw,dos,time_quartile_2,0.001,0.08263790607452393,0,760619,0,718,,0.0009439680050064487
matched_random_e2_raw,dos,time_quartile_3,0.001,0.08263790607452393,0,760618,0,677,,0.0008900657097255126
matched_random_e2_raw,dos,time_quartile_4,0.001,0.08263790607452393,0,760619,0,522,,0.0006862831457010672
matched_random_e2_raw,dos,full_test,0.01,0.016394922509789467,39483,3002990,39483,34259,1.0,0.011408296397923403
matched_random_e2_raw,dos,time_quartile_1,0.01,0.016394922509789467,39483,721134,39483,23140,1.0,0.032088349738051455
matched_random_e2_raw,dos,time_quartile_2,0.01,0.016394922509789467,0,760619,0,2995,,0.003937582416426621
matched_random_e2_raw,dos,time_quartile_3,0.01,0.016394922509789467,0,760618,0,2768,,0.003639146062806823
matched_random_e2_raw,dos,time_quartile_4,0.01,0.016394922509789467,0,760619,0,5356,,0.007041633196120528
matched_random_e2_raw,infiltration,full_test,0.001,0.9952321648597717,8742,3033731,673,37,0.07698467169983986,1.2196203288953437e-05
matched_random_e2_raw,infiltration,time_quartile_1,0.001,0.9952321648597717,0,760617,0,3,,3.944166380714604e-06
matched_random_e2_raw,infiltration,time_quartile_2,0.001,0.9952321648597717,8028,752591,673,8,0.0838315894369706,1.062994375431011e-05
matched_random_e2_raw,infiltration,time_quartile_3,0.001,0.9952321648597717,714,759904,0,16,0.0,2.105529119467722e-05
matched_random_e2_raw,infiltration,time_quartile_4,0.001,0.9952321648597717,0,760619,0,10,,1.314718669925416e-05
matched_random_e2_raw,infiltration,full_test,0.01,0.8415800333023071,8742,3033731,2839,14943,0.32475406085563946,0.004925617993157601
matched_random_e2_raw,infiltration,time_quartile_1,0.01,0.8415800333023071,0,760617,0,2674,,0.003515566967343617
matched_random_e2_raw,infiltration,time_quartile_2,0.01,0.8415800333023071,8028,752591,2732,4137,0.3403089187842551,0.005497009663947615
matched_random_e2_raw,infiltration,time_quartile_3,0.01,0.8415800333023071,714,759904,107,4816,0.14985994397759103,0.006337642649597844
matched_random_e2_raw,infiltration,time_quartile_4,0.01,0.8415800333023071,0,760619,0,3316,,0.00435960710947268
matched_random_e2_raw,web_attacks,full_test,0.001,0.9071086049079895,127,3042346,78,317,0.6141732283464567,0.00010419590671146543
matched_random_e2_raw,web_attacks,time_quartile_1,0.001,0.9071086049079895,127,760490,78,99,0.6141732283464567,0.00013017922655130245
matched_random_e2_raw,web_attacks,time_quartile_2,0.001,0.9071086049079895,0,760619,0,184,,0.00024190823526627656
matched_random_e2_raw,web_attacks,time_quartile_3,0.001,0.9071086049079895,0,760618,0,20,,2.629440796825739e-05
matched_random_e2_raw,web_attacks,time_quartile_4,0.001,0.9071086049079895,0,760619,0,14,,1.8406061378955825e-05
matched_random_e2_raw,web_attacks,full_test,0.01,0.18739068508148193,127,3042346,125,20230,0.984251968503937,0.006649473794236422
matched_random_e2_raw,web_attacks,time_quartile_1,0.01,0.18739068508148193,127,760490,125,12056,0.984251968503937,0.0158529369222475
matched_random_e2_raw,web_attacks,time_quartile_2,0.01,0.18739068508148193,0,760619,0,2774,,0.003647029590373104
matched_random_e2_raw,web_attacks,time_quartile_3,0.01,0.18739068508148193,0,760618,0,2915,,0.003832409961373515
matched_random_e2_raw,web_attacks,time_quartile_4,0.01,0.18739068508148193,0,760619,0,2485,,0.003267075894764659
matched_random_e2_calibrated,benign,full_test,0.001,0.7924388647079468,2652203,390270,1630252,364,0.6146784390184311,0.0009326876265149768
matched_random_e2_calibrated,benign,time_quartile_1,0.001,0.7924388647079468,420631,339986,243534,1,0.5789730191070083,2.9412975828416463e-06
matched_random_e2_calibrated,benign,time_quartile_2,0.001,0.7924388647079468,752591,8028,469252,317,0.623515295824691,0.039486796213253614
matched_random_e2_calibrated,benign,time_quartile_3,0.001,0.7924388647079468,759904,714,457729,16,0.6023510864530256,0.022408963585434174
matched_random_e2_calibrated,benign,time_quartile_4,0.001,0.7924388647079468,719077,41542,459737,30,0.6393432135918685,0.000722160704828848
matched_random_e2_calibrated,benign,full_test,0.01,0.40165817737579346,2652203,390270,2313391,2846,0.8722526141475596,0.007292387321597868
matched_random_e2_calibrated,benign,time_quartile_1,0.01,0.40165817737579346,420631,339986,364911,2,0.8675323502071888,5.8825951656832925e-06
matched_random_e2_calibrated,benign,time_quartile_2,0.01,0.40165817737579346,752591,8028,655948,2501,0.871586293219026,0.3115346287992028
matched_random_e2_calibrated,benign,time_quartile_3,0.01,0.40165817737579346,759904,714,661596,223,0.8706310270771045,0.3123249299719888
matched_random_e2_calibrated,benign,time_quartile_4,0.01,0.40165817737579346,719077,41542,630936,120,0.8774248098604183,0.002888642819315392
matched_random_e2_calibrated,bot,full_test,0.001,0.06654119491577148,41542,3000931,41422,1101,0.9971113571806846,0.00036688614300028893
matched_random_e2_calibrated,bot,time_quartile_1,0.001,0.06654119491577148,0,760617,0,226,,0.00029712720068050016
matched_random_e2_calibrated,bot,time_quartile_2,0.001,0.06654119491577148,0,760619,0,308,,0.0004049333503370281
matched_random_e2_calibrated,bot,time_quartile_3,0.001,0.06654119491577148,0,760618,0,371,,0.00048776126781117457
matched_random_e2_calibrated,bot,time_quartile_4,0.001,0.06654119491577148,41542,719077,41422,196,0.9971113571806846,0.0002725716439268674
matched_random_e2_calibrated,bot,full_test,0.01,0.012211376801133156,41542,3000931,41422,5907,0.9971113571806846,0.0019683891432358824
matched_random_e2_calibrated,bot,time_quartile_1,0.01,0.012211376801133156,0,760617,0,1471,,0.0019339562486770608
matched_random_e2_calibrated,bot,time_quartile_2,0.01,0.012211376801133156,0,760619,0,1504,,0.001977336879567826
matched_random_e2_calibrated,bot,time_quartile_3,0.01,0.012211376801133156,0,760618,0,1856,,0.002440121059454286
matched_random_e2_calibrated,bot,time_quartile_4,0.01,0.012211376801133156,41542,719077,41422,1076,0.9971113571806846,0.0014963626982923942
matched_random_e2_calibrated,brute_force,full_test,0.001,0.007264442276209593,37696,3004777,37696,1196,1.0,0.00039803286566690306
matched_random_e2_calibrated,brute_force,time_quartile_1,0.001,0.007264442276209593,37696,722921,37696,504,1.0,0.0006971716134958039
matched_random_e2_calibrated,brute_force,time_quartile_2,0.001,0.007264442276209593,0,760619,0,197,,0.00025899957797530693
matched_random_e2_calibrated,brute_force,time_quartile_3,0.001,0.007264442276209593,0,760618,0,235,,0.0003089592936270243
matched_random_e2_calibrated,brute_force,time_quartile_4,0.001,0.007264442276209593,0,760619,0,260,,0.0003418268541806082
matched_random_e2_calibrated,brute_force,full_test,0.01,0.005261783488094807,37696,3004777,37696,27204,1.0,0.00905358367692511
matched_random_e2_calibrated,brute_force,time_quartile_1,0.01,0.005261783488094807,37696,722921,37696,22596,1.0,0.03125652733839521
matched_random_e2_calibrated,brute_force,time_quartile_2,0.01,0.005261783488094807,0,760619,0,616,,0.0008098667006740562
matched_random_e2_calibrated,brute_force,time_quartile_3,0.01,0.005261783488094807,0,760618,0,733,,0.0009636900520366334
matched_random_e2_calibrated,brute_force,time_quartile_4,0.01,0.005261783488094807,0,760619,0,3259,,0.004284668145286931
matched_random_e2_calibrated,ddos,full_test,0.001,0.04261988028883934,262680,2779793,262680,2725,1.0,0.000980288820066818
matched_random_e2_calibrated,ddos,time_quartile_1,0.001,0.04261988028883934,262680,497937,262680,2237,1.0,0.004492536204379269
matched_random_e2_calibrated,ddos,time_quartile_2,0.001,0.04261988028883934,0,760619,0,160,,0.00021035498718806656
matched_random_e2_calibrated,ddos,time_quartile_3,0.001,0.04261988028883934,0,760618,0,174,,0.0002287613493238393
matched_random_e2_calibrated,ddos,time_quartile_4,0.001,0.04261988028883934,0,760619,0,154,,0.00020246667516851406
matched_random_e2_calibrated,ddos,full_test,0.01,0.009896100498735905,262680,2779793,262680,33655,1.0,0.012107016601595874
matched_random_e2_calibrated,ddos,time_quartile_1,0.01,0.009896100498735905,262680,497937,262680,24659,1.0,0.04952232912999034
matched_random_e2_calibrated,ddos,time_quartile_2,0.01,0.009896100498735905,0,760619,0,2103,,0.0027648533628531497
matched_random_e2_calibrated,ddos,time_quartile_3,0.01,0.009896100498735905,0,760618,0,2400,,0.003155328956190887
matched_random_e2_calibrated,ddos,time_quartile_4,0.01,0.009896100498735905,0,760619,0,4493,,0.005907030983974894
matched_random_e2_calibrated,dos,full_test,0.001,0.12153696268796921,39483,3002990,39479,2132,0.9998986905756908,0.0007099590741227909
matched_random_e2_calibrated,dos,time_quartile_1,0.001,0.12153696268796921,39483,721134,39479,493,0.9998986905756908,0.0006836454805902925
matched_random_e2_calibrated,dos,time_quartile_2,0.001,0.12153696268796921,0,760619,0,614,,0.0008072372633342054
matched_random_e2_calibrated,dos,time_quartile_3,0.001,0.12153696268796921,0,760618,0,579,,0.0007612231106810515
matched_random_e2_calibrated,dos,time_quartile_4,0.001,0.12153696268796921,0,760619,0,446,,0.0005863645267867356
matched_random_e2_calibrated,dos,full_test,0.01,0.03117060661315918,39483,3002990,39483,33672,1.0,0.011212824551530309
matched_random_e2_calibrated,dos,time_quartile_1,0.01,0.03117060661315918,39483,721134,39483,22598,1.0,0.03133675572085077
matched_random_e2_calibrated,dos,time_quartile_2,0.01,0.03117060661315918,0,760619,0,2989,,0.003929694104407068
matched_random_e2_calibrated,dos,time_quartile_3,0.01,0.03117060661315918,0,760618,0,2717,,0.0035720953224877665
matched_random_e2_calibrated,dos,time_quartile_4,0.01,0.03117060661315918,0,760619,0,5368,,0.0070574098201596335
matched_random_e2_calibrated,infiltration,full_test,0.001,0.9857813715934753,8742,3033731,654,37,0.07481125600549074,1.2196203288953437e-05
matched_random_e2_calibrated,infiltration,time_quartile_1,0.001,0.9857813715934753,0,760617,0,3,,3.944166380714604e-06
matched_random_e2_calibrated,infiltration,time_quartile_2,0.001,0.9857813715934753,8028,752591,654,8,0.08146487294469357,1.062994375431011e-05
matched_random_e2_calibrated,infiltration,time_quartile_3,0.001,0.9857813715934753,714,759904,0,16,0.0,2.105529119467722e-05
matched_random_e2_calibrated,infiltration,time_quartile_4,0.001,0.9857813715934753,0,760619,0,10,,1.314718669925416e-05
matched_random_e2_calibrated,infiltration,full_test,0.01,0.7904843091964722,8742,3033731,2837,15004,0.3245252802562343,0.004945725247228578
matched_random_e2_calibrated,infiltration,time_quartile_1,0.01,0.7904843091964722,0,760617,0,2686,,0.0035313436328664755
matched_random_e2_calibrated,infiltration,time_quartile_2,0.01,0.7904843091964722,8028,752591,2730,4159,0.3400597907324365,0.005526242009271968
matched_random_e2_calibrated,infiltration,time_quartile_3,0.01,0.7904843091964722,714,759904,107,4832,0.14985994397759103,0.006358697940792521
matched_random_e2_calibrated,infiltration,time_quartile_4,0.01,0.7904843091964722,0,760619,0,3327,,0.004374069014841859
matched_random_e2_calibrated,web_attacks,full_test,0.001,0.8418148159980774,127,3042346,78,323,0.6141732283464567,0.00010616806898360673
matched_random_e2_calibrated,web_attacks,time_quartile_1,0.001,0.8418148159980774,127,760490,78,103,0.6141732283464567,0.000135438993280648
matched_random_e2_calibrated,web_attacks,time_quartile_2,0.001,0.8418148159980774,0,760619,0,186,,0.0002445376726061274
matched_random_e2_calibrated,web_attacks,time_quartile_3,0.001,0.8418148159980774,0,760618,0,20,,2.629440796825739e-05
matched_random_e2_calibrated,web_attacks,time_quartile_4,0.001,0.8418148159980774,0,760619,0,14,,1.8406061378955825e-05
matched_random_e2_calibrated,web_attacks,full_test,0.01,0.202288419008255,127,3042346,125,21875,0.984251968503937,0.007190174950515162
matched_random_e2_calibrated,web_attacks,time_quartile_1,0.01,0.202288419008255,127,760490,125,13321,0.984251968503937,0.01751633815040303
matched_random_e2_calibrated,web_attacks,time_quartile_2,0.01,0.202288419008255,0,760619,0,2941,,0.0038665876082506485
matched_random_e2_calibrated,web_attacks,time_quartile_3,0.01,0.202288419008255,0,760618,0,3013,,0.003961252560417976
matched_random_e2_calibrated,web_attacks,time_quartile_4,0.01,0.202288419008255,0,760619,0,2600,,0.0034182685418060817
matched_random_e3_raw,benign,full_test,0.001,0.6303772330284119,2652203,390270,1592309,405,0.600372218868616,0.0010377431009301252
matched_random_e3_raw,benign,time_quartile_1,0.001,0.6303772330284119,420631,339986,235869,1,0.5607503964282233,2.9412975828416463e-06
matched_random_e3_raw,benign,time_quartile_2,0.001,0.6303772330284119,752591,8028,459424,280,0.610456409922521,0.03487792725460887
matched_random_e3_raw,benign,time_quartile_3,0.001,0.6303772330284119,759904,714,445468,4,0.5862161536194046,0.0056022408963585435
matched_random_e3_raw,benign,time_quartile_4,0.001,0.6303772330284119,719077,41542,451548,120,0.6279550034280056,0.002888642819315392
matched_random_e3_raw,benign,full_test,0.01,0.2513565123081207,2652203,390270,2148089,3506,0.8099263140868176,0.008983524226817332
matched_random_e3_raw,benign,time_quartile_1,0.01,0.2513565123081207,420631,339986,339903,8,0.8080788149232938,2.353038066273317e-05
matched_random_e3_raw,benign,time_quartile_2,0.01,0.2513565123081207,752591,8028,607504,3254,0.8072166688148011,0.40533134030891876
matched_random_e3_raw,benign,time_quartile_3,0.01,0.2513565123081207,759904,714,607465,119,0.7993970290984125,0.16666666666666666
matched_random_e3_raw,benign,time_quartile_4,0.01,0.2513565123081207,719077,41542,593217,125,0.8249700657926758,0.003009002936786866
matched_random_e3_raw,bot,full_test,0.001,0.08085733652114868,41542,3000931,41422,371,0.9971113571806846,0.00012362830068402106
matched_random_e3_raw,bot,time_quartile_1,0.001,0.08085733652114868,0,760617,0,78,,0.00010254832589857971
matched_random_e3_raw,bot,time_quartile_2,0.001,0.08085733652114868,0,760619,0,88,,0.00011569524295343661
matched_random_e3_raw,bot,time_quartile_3,0.001,0.08085733652114868,0,760618,0,134,,0.0001761725333873245
matched_random_e3_raw,bot,time_quartile_4,0.001,0.08085733652114868,41542,719077,41422,71,0.9971113571806846,9.873768734085501e-05
matched_random_e3_raw,bot,full_test,0.01,0.00703593110665679,41542,3000931,41422,26510,0.9971113571806846,0.008833925205211316
matched_random_e3_raw,bot,time_quartile_1,0.01,0.00703593110665679,0,760617,0,22294,,0.029310415097217126
matched_random_e3_raw,bot,time_quartile_2,0.01,0.00703593110665679,0,760619,0,456,,0.0005995117134859897
matched_random_e3_raw,bot,time_quartile_3,0.01,0.00703593110665679,0,760618,0,714,,0.0009387103644667888
matched_random_e3_raw,bot,time_quartile_4,0.01,0.00703593110665679,41542,719077,41422,3046,0.9971113571806846,0.004235985854087949
matched_random_e3_raw,brute_force,full_test,0.001,0.0025573649909347296,37696,3004777,37694,5227,0.9999469439728353,0.0017395633685960722
matched_random_e3_raw,brute_force,time_quartile_1,0.001,0.0025573649909347296,37696,722921,37694,1815,0.9999469439728353,0.0025106477747914363
matched_random_e3_raw,brute_force,time_quartile_2,0.001,0.0025573649909347296,0,760619,0,152,,0.00019983723782866322
matched_random_e3_raw,brute_force,time_quartile_3,0.001,0.0025573649909347296,0,760618,0,351,,0.0004614668598429172
matched_random_e3_raw,brute_force,time_quartile_4,0.001,0.0025573649909347296,0,760619,0,2909,,0.003824516610813035
matched_random_e3_raw,brute_force,full_test,0.01,0.000993759953416884,37696,3004777,37696,26765,1.0,0.008907482984594197
matched_random_e3_raw,brute_force,time_quartile_1,0.01,0.000993759953416884,37696,722921,37696,22460,1.0,0.03106840166491221
matched_random_e3_raw,brute_force,time_quartile_2,0.01,0.000993759953416884,0,760619,0,324,,0.0004259688490558348
matched_random_e3_raw,brute_force,time_quartile_3,0.01,0.000993759953416884,0,760618,0,741,,0.0009742078152239364
matched_random_e3_raw,brute_force,time_quartile_4,0.01,0.000993759953416884,0,760619,0,3240,,0.004259688490558348
matched_random_e3_raw,ddos,full_test,0.001,0.04826867952942848,262680,2779793,262680,2284,1.0,0.0008216439137734357
matched_random_e3_raw,ddos,time_quartile_1,0.001,0.04826867952942848,262680,497937,262680,2097,1.0,0.0042113761379451616
matched_random_e3_raw,ddos,time_quartile_2,0.001,0.04826867952942848,0,760619,0,47,,6.179177748649456e-05
matched_random_e3_raw,ddos,time_quartile_3,0.001,0.04826867952942848,0,760618,0,96,,0.00012621315824763547
matched_random_e3_raw,ddos,time_quartile_4,0.001,0.04826867952942848,0,760619,0,44,,5.7847621476718304e-05
matched_random_e3_raw,ddos,full_test,0.01,0.005025829188525677,262680,2779793,262680,29114,1.0,0.010473441727495536
matched_random_e3_raw,ddos,time_quartile_1,0.01,0.005025829188525677,262680,497937,262680,23655,1.0,0.04750600979642003
matched_random_e3_raw,ddos,time_quartile_2,0.01,0.005025829188525677,0,760619,0,791,,0.001039942467911004
matched_random_e3_raw,ddos,time_quartile_3,0.01,0.005025829188525677,0,760618,0,1128,,0.001483004609409717
matched_random_e3_raw,ddos,time_quartile_4,0.01,0.005025829188525677,0,760619,0,3540,,0.004654104091535972
matched_random_e3_raw,dos,full_test,0.001,0.025300202891230583,39483,3002990,39479,5395,0.9998986905756908,0.0017965427790302333
matched_random_e3_raw,dos,time_quartile_1,0.001,0.025300202891230583,39483,721134,39479,1018,0.9998986905756908,0.0014116655157016588
matched_random_e3_raw,dos,time_quartile_2,0.001,0.025300202891230583,0,760619,0,628,,0.0008256433247131612
matched_random_e3_raw,dos,time_quartile_3,0.001,0.025300202891230583,0,760618,0,643,,0.0008453652161794751
matched_random_e3_raw,dos,time_quartile_4,0.001,0.025300202891230583,0,760619,0,3106,,0.004083516188788342
matched_random_e3_raw,dos,full_test,0.01,0.005229019094258547,39483,3002990,39483,34536,1.0,0.011500537797328663
matched_random_e3_raw,dos,time_quartile_1,0.01,0.005229019094258547,39483,721134,39483,26315,1.0,0.036491137569439246
matched_random_e3_raw,dos,time_quartile_2,0.01,0.005229019094258547,0,760619,0,1723,,0.002265260268281492
matched_random_e3_raw,dos,time_quartile_3,0.01,0.005229019094258547,0,760618,0,2230,,0.002931826488460699
matched_random_e3_raw,dos,time_quartile_4,0.01,0.005229019094258547,0,760619,0,4268,,0.0056112192832416755
matched_random_e3_raw,infiltration,full_test,0.001,0.9797753095626831,8742,3033731,755,314,0.08636467627545184,0.00010350291439814539
matched_random_e3_raw,infiltration,time_quartile_1,0.001,0.9797753095626831,0,760617,0,21,,2.7609164665002228e-05
matched_random_e3_raw,infiltration,time_quartile_2,0.001,0.9797753095626831,8028,752591,755,116,0.09404583956153463,0.0001541341844374966
matched_random_e3_raw,infiltration,time_quartile_3,0.001,0.9797753095626831,714,759904,0,120,0.0,0.00015791468396007916
matched_random_e3_raw,infiltration,time_quartile_4,0.001,0.9797753095626831,0,760619,0,57,,7.493896418574872e-05
matched_random_e3_raw,infiltration,full_test,0.01,0.8975566029548645,8742,3033731,1348,11352,0.1541981239990849,0.0037419270198972817
matched_random_e3_raw,infiltration,time_quartile_1,0.01,0.8975566029548645,0,760617,0,1830,,0.0024059414922359083
matched_random_e3_raw,infiltration,time_quartile_2,0.01,0.8975566029548645,8028,752591,1288,3196,0.1604384653712008,0.004246662529846889
matched_random_e3_raw,infiltration,time_quartile_3,0.01,0.8975566029548645,714,759904,60,3592,0.08403361344537816,0.004726912873205037
matched_random_e3_raw,infiltration,time_quartile_4,0.01,0.8975566029548645,0,760619,0,2734,,0.0035944408435760874
matched_random_e3_raw,web_attacks,full_test,0.001,0.737247109413147,127,3042346,105,476,0.8267716535433071,0.00015645820692320993
matched_random_e3_raw,web_attacks,time_quartile_1,0.001,0.737247109413147,127,760490,105,155,0.8267716535433071,0.0002038159607621402
matched_random_e3_raw,web_attacks,time_quartile_2,0.001,0.737247109413147,0,760619,0,204,,0.00026820260866478485
matched_random_e3_raw,web_attacks,time_quartile_3,0.001,0.737247109413147,0,760618,0,55,,7.230962191270783e-05
matched_random_e3_raw,web_attacks,time_quartile_4,0.001,0.737247109413147,0,760619,0,62,,8.151255753537579e-05
matched_random_e3_raw,web_attacks,full_test,0.01,0.15986621379852295,127,3042346,126,29686,0.9921259842519685,0.009757601535131112
matched_random_e3_raw,web_attacks,time_quartile_1,0.01,0.15986621379852295,127,760490,126,17172,0.9921259842519685,0.022580178569080463
matched_random_e3_raw,web_attacks,time_quartile_2,0.01,0.15986621379852295,0,760619,0,3277,,0.004308333081345588
matched_random_e3_raw,web_attacks,time_quartile_3,0.01,0.15986621379852295,0,760618,0,3425,,0.004502917364564078
matched_random_e3_raw,web_attacks,time_quartile_4,0.01,0.15986621379852295,0,760619,0,5812,,0.007641144909606518
matched_random_e3_calibrated,benign,full_test,0.001,0.6303771734237671,2652203,390270,1592309,405,0.600372218868616,0.0010377431009301252
matched_random_e3_calibrated,benign,time_quartile_1,0.001,0.6303771734237671,420631,339986,235869,1,0.5607503964282233,2.9412975828416463e-06
matched_random_e3_calibrated,benign,time_quartile_2,0.001,0.6303771734237671,752591,8028,459424,280,0.610456409922521,0.03487792725460887
matched_random_e3_calibrated,benign,time_quartile_3,0.001,0.6303771734237671,759904,714,445468,4,0.5862161536194046,0.0056022408963585435
matched_random_e3_calibrated,benign,time_quartile_4,0.001,0.6303771734237671,719077,41542,451548,120,0.6279550034280056,0.002888642819315392
matched_random_e3_calibrated,benign,full_test,0.01,0.2513565123081207,2652203,390270,2148089,3506,0.8099263140868176,0.008983524226817332
matched_random_e3_calibrated,benign,time_quartile_1,0.01,0.2513565123081207,420631,339986,339903,8,0.8080788149232938,2.353038066273317e-05
matched_random_e3_calibrated,benign,time_quartile_2,0.01,0.2513565123081207,752591,8028,607504,3254,0.8072166688148011,0.40533134030891876
matched_random_e3_calibrated,benign,time_quartile_3,0.01,0.2513565123081207,759904,714,607465,119,0.7993970290984125,0.16666666666666666
matched_random_e3_calibrated,benign,time_quartile_4,0.01,0.2513565123081207,719077,41542,593217,125,0.8249700657926758,0.003009002936786866
matched_random_e3_calibrated,bot,full_test,0.001,0.08085733652114868,41542,3000931,41422,371,0.9971113571806846,0.00012362830068402106
matched_random_e3_calibrated,bot,time_quartile_1,0.001,0.08085733652114868,0,760617,0,78,,0.00010254832589857971
matched_random_e3_calibrated,bot,time_quartile_2,0.001,0.08085733652114868,0,760619,0,88,,0.00011569524295343661
matched_random_e3_calibrated,bot,time_quartile_3,0.001,0.08085733652114868,0,760618,0,134,,0.0001761725333873245
matched_random_e3_calibrated,bot,time_quartile_4,0.001,0.08085733652114868,41542,719077,41422,71,0.9971113571806846,9.873768734085501e-05
matched_random_e3_calibrated,bot,full_test,0.01,0.007035932503640652,41542,3000931,41422,26510,0.9971113571806846,0.008833925205211316
matched_random_e3_calibrated,bot,time_quartile_1,0.01,0.007035932503640652,0,760617,0,22294,,0.029310415097217126
matched_random_e3_calibrated,bot,time_quartile_2,0.01,0.007035932503640652,0,760619,0,456,,0.0005995117134859897
matched_random_e3_calibrated,bot,time_quartile_3,0.01,0.007035932503640652,0,760618,0,714,,0.0009387103644667888
matched_random_e3_calibrated,bot,time_quartile_4,0.01,0.007035932503640652,41542,719077,41422,3046,0.9971113571806846,0.004235985854087949
matched_random_e3_calibrated,brute_force,full_test,0.001,0.0025573656894266605,37696,3004777,37694,5227,0.9999469439728353,0.0017395633685960722
matched_random_e3_calibrated,brute_force,time_quartile_1,0.001,0.0025573656894266605,37696,722921,37694,1815,0.9999469439728353,0.0025106477747914363
matched_random_e3_calibrated,brute_force,time_quartile_2,0.001,0.0025573656894266605,0,760619,0,152,,0.00019983723782866322
matched_random_e3_calibrated,brute_force,time_quartile_3,0.001,0.0025573656894266605,0,760618,0,351,,0.0004614668598429172
matched_random_e3_calibrated,brute_force,time_quartile_4,0.001,0.0025573656894266605,0,760619,0,2909,,0.003824516610813035
matched_random_e3_calibrated,brute_force,full_test,0.01,0.0009937600698322058,37696,3004777,37696,26765,1.0,0.008907482984594197
matched_random_e3_calibrated,brute_force,time_quartile_1,0.01,0.0009937600698322058,37696,722921,37696,22460,1.0,0.03106840166491221
matched_random_e3_calibrated,brute_force,time_quartile_2,0.01,0.0009937600698322058,0,760619,0,324,,0.0004259688490558348
matched_random_e3_calibrated,brute_force,time_quartile_3,0.01,0.0009937600698322058,0,760618,0,741,,0.0009742078152239364
matched_random_e3_calibrated,brute_force,time_quartile_4,0.01,0.0009937600698322058,0,760619,0,3240,,0.004259688490558348
matched_random_e3_calibrated,ddos,full_test,0.001,0.048268675804138184,262680,2779793,262680,2284,1.0,0.0008216439137734357
matched_random_e3_calibrated,ddos,time_quartile_1,0.001,0.048268675804138184,262680,497937,262680,2097,1.0,0.0042113761379451616
matched_random_e3_calibrated,ddos,time_quartile_2,0.001,0.048268675804138184,0,760619,0,47,,6.179177748649456e-05
matched_random_e3_calibrated,ddos,time_quartile_3,0.001,0.048268675804138184,0,760618,0,96,,0.00012621315824763547
matched_random_e3_calibrated,ddos,time_quartile_4,0.001,0.048268675804138184,0,760619,0,44,,5.7847621476718304e-05
matched_random_e3_calibrated,ddos,full_test,0.01,0.005025829188525677,262680,2779793,262680,29114,1.0,0.010473441727495536
matched_random_e3_calibrated,ddos,time_quartile_1,0.01,0.005025829188525677,262680,497937,262680,23655,1.0,0.04750600979642003
matched_random_e3_calibrated,ddos,time_quartile_2,0.01,0.005025829188525677,0,760619,0,791,,0.001039942467911004
matched_random_e3_calibrated,ddos,time_quartile_3,0.01,0.005025829188525677,0,760618,0,1128,,0.001483004609409717
matched_random_e3_calibrated,ddos,time_quartile_4,0.01,0.005025829188525677,0,760619,0,3540,,0.004654104091535972
matched_random_e3_calibrated,dos,full_test,0.001,0.025300202891230583,39483,3002990,39479,5395,0.9998986905756908,0.0017965427790302333
matched_random_e3_calibrated,dos,time_quartile_1,0.001,0.025300202891230583,39483,721134,39479,1018,0.9998986905756908,0.0014116655157016588
matched_random_e3_calibrated,dos,time_quartile_2,0.001,0.025300202891230583,0,760619,0,628,,0.0008256433247131612
matched_random_e3_calibrated,dos,time_quartile_3,0.001,0.025300202891230583,0,760618,0,643,,0.0008453652161794751
matched_random_e3_calibrated,dos,time_quartile_4,0.001,0.025300202891230583,0,760619,0,3106,,0.004083516188788342
matched_random_e3_calibrated,dos,full_test,0.01,0.005229019094258547,39483,3002990,39483,34536,1.0,0.011500537797328663
matched_random_e3_calibrated,dos,time_quartile_1,0.01,0.005229019094258547,39483,721134,39483,26315,1.0,0.036491137569439246
matched_random_e3_calibrated,dos,time_quartile_2,0.01,0.005229019094258547,0,760619,0,1723,,0.002265260268281492
matched_random_e3_calibrated,dos,time_quartile_3,0.01,0.005229019094258547,0,760618,0,2230,,0.002931826488460699
matched_random_e3_calibrated,dos,time_quartile_4,0.01,0.005229019094258547,0,760619,0,4268,,0.0056112192832416755
matched_random_e3_calibrated,infiltration,full_test,0.001,0.9797753095626831,8742,3033731,755,314,0.08636467627545184,0.00010350291439814539
matched_random_e3_calibrated,infiltration,time_quartile_1,0.001,0.9797753095626831,0,760617,0,21,,2.7609164665002228e-05
matched_random_e3_calibrated,infiltration,time_quartile_2,0.001,0.9797753095626831,8028,752591,755,116,0.09404583956153463,0.0001541341844374966
matched_random_e3_calibrated,infiltration,time_quartile_3,0.001,0.9797753095626831,714,759904,0,120,0.0,0.00015791468396007916
matched_random_e3_calibrated,infiltration,time_quartile_4,0.001,0.9797753095626831,0,760619,0,57,,7.493896418574872e-05
matched_random_e3_calibrated,infiltration,full_test,0.01,0.8975566029548645,8742,3033731,1348,11352,0.1541981239990849,0.0037419270198972817
matched_random_e3_calibrated,infiltration,time_quartile_1,0.01,0.8975566029548645,0,760617,0,1830,,0.0024059414922359083
matched_random_e3_calibrated,infiltration,time_quartile_2,0.01,0.8975566029548645,8028,752591,1288,3196,0.1604384653712008,0.004246662529846889
matched_random_e3_calibrated,infiltration,time_quartile_3,0.01,0.8975566029548645,714,759904,60,3592,0.08403361344537816,0.004726912873205037
matched_random_e3_calibrated,infiltration,time_quartile_4,0.01,0.8975566029548645,0,760619,0,2734,,0.0035944408435760874
matched_random_e3_calibrated,web_attacks,full_test,0.001,0.737247109413147,127,3042346,105,476,0.8267716535433071,0.00015645820692320993
matched_random_e3_calibrated,web_attacks,time_quartile_1,0.001,0.737247109413147,127,760490,105,155,0.8267716535433071,0.0002038159607621402
matched_random_e3_calibrated,web_attacks,time_quartile_2,0.001,0.737247109413147,0,760619,0,204,,0.00026820260866478485
matched_random_e3_calibrated,web_attacks,time_quartile_3,0.001,0.737247109413147,0,760618,0,55,,7.230962191270783e-05
matched_random_e3_calibrated,web_attacks,time_quartile_4,0.001,0.737247109413147,0,760619,0,62,,8.151255753537579e-05
matched_random_e3_calibrated,web_attacks,full_test,0.01,0.15986621379852295,127,3042346,126,29686,0.9921259842519685,0.009757601535131112
matched_random_e3_calibrated,web_attacks,time_quartile_1,0.01,0.15986621379852295,127,760490,126,17172,0.9921259842519685,0.022580178569080463
matched_random_e3_calibrated,web_attacks,time_quartile_2,0.01,0.15986621379852295,0,760619,0,3277,,0.004308333081345588
matched_random_e3_calibrated,web_attacks,time_quartile_3,0.01,0.15986621379852295,0,760618,0,3425,,0.004502917364564078
matched_random_e3_calibrated,web_attacks,time_quartile_4,0.01,0.15986621379852295,0,760619,0,5812,,0.007641144909606518
matched_random_e4_raw,benign,full_test,0.001,0.798236072063446,2652203,390270,1601144,304,0.6037034118429094,0.0007789479078586619
matched_random_e4_raw,benign,time_quartile_1,0.001,0.798236072063446,420631,339986,239915,2,0.5703692785362943,5.8825951656832925e-06
matched_random_e4_raw,benign,time_quartile_2,0.001,0.798236072063446,752591,8028,460694,284,0.6121439134935177,0.03537618335824614
matched_random_e4_raw,benign,time_quartile_3,0.001,0.798236072063446,759904,714,450551,18,0.5929051564408135,0.025210084033613446
matched_random_e4_raw,benign,time_quartile_4,0.001,0.798236072063446,719077,41542,449984,0,0.6257799929632014,0.0
matched_random_e4_raw,benign,full_test,0.01,0.3965015709400177,2652203,390270,2299689,3159,0.8670863429383044,0.008094396187254977
matched_random_e4_raw,benign,time_quartile_1,0.01,0.3965015709400177,420631,339986,361956,3,0.8605071903877746,8.82389274852494e-06
matched_random_e4_raw,benign,time_quartile_2,0.01,0.3965015709400177,752591,8028,651921,2881,0.8662354452817002,0.3588689586447434
matched_random_e4_raw,benign,time_quartile_3,0.01,0.3965015709400177,759904,714,653585,155,0.8600889059670696,0.21708683473389356
matched_random_e4_raw,benign,time_quartile_4,0.01,0.3965015709400177,719077,41542,632227,120,0.8792201669640386,0.002888642819315392
matched_random_e4_raw,bot,full_test,0.001,0.09054355323314667,41542,3000931,41422,769,0.9971113571806846,0.0002562538092345342
matched_random_e4_raw,bot,time_quartile_1,0.001,0.09054355323314667,0,760617,0,131,,0.0001722285986245377
matched_random_e4_raw,bot,time_quartile_2,0.001,0.09054355323314667,0,760619,0,211,,0.0002774056393542628
matched_random_e4_raw,bot,time_quartile_3,0.001,0.09054355323314667,0,760618,0,285,,0.00037469531354766784
matched_random_e4_raw,bot,time_quartile_4,0.001,0.09054355323314667,41542,719077,41422,142,0.9971113571806846,0.00019747537468171002
matched_random_e4_raw,bot,full_test,0.01,0.010776371695101261,41542,3000931,41422,18898,0.9971113571806846,0.006297379046702507
matched_random_e4_raw,bot,time_quartile_1,0.01,0.010776371695101261,0,760617,0,14249,,0.018733475586267465
matched_random_e4_raw,bot,time_quartile_2,0.01,0.010776371695101261,0,760619,0,646,,0.0008493082607718188
matched_random_e4_raw,bot,time_quartile_3,0.01,0.010776371695101261,0,760618,0,776,,0.0010202230291683867
matched_random_e4_raw,bot,time_quartile_4,0.01,0.010776371695101261,41542,719077,41422,3227,0.9971113571806846,0.004487697423224495
matched_random_e4_raw,brute_force,full_test,0.001,0.003014465793967247,37696,3004777,37696,4258,1.0,0.0014170768745900278
matched_random_e4_raw,brute_force,time_quartile_1,0.001,0.003014465793967247,37696,722921,37696,1045,1.0,0.0014455244763950693
matched_random_e4_raw,brute_force,time_quartile_2,0.001,0.003014465793967247,0,760619,0,141,,0.00018537533245948366
matched_random_e4_raw,brute_force,time_quartile_3,0.001,0.003014465793967247,0,760618,0,215,,0.00028266488565876694
matched_random_e4_raw,brute_force,time_quartile_4,0.001,0.003014465793967247,0,760619,0,2857,,0.0037561512399769134
matched_random_e4_raw,brute_force,full_test,0.01,0.0015990349929779768,37696,3004777,37696,18321,1.0,0.006097291080170009
matched_random_e4_raw,brute_force,time_quartile_1,0.01,0.0015990349929779768,37696,722921,37696,14626,1.0,0.020231809561487353
matched_random_e4_raw,brute_force,time_quartile_2,0.01,0.0015990349929779768,0,760619,0,255,,0.0003352532608309811
matched_random_e4_raw,brute_force,time_quartile_3,0.01,0.0015990349929779768,0,760618,0,385,,0.0005061673533889548
matched_random_e4_raw,brute_force,time_quartile_4,0.01,0.0015990349929779768,0,760619,0,3055,,0.004016465536622146
matched_random_e4_raw,ddos,full_test,0.001,0.022356895729899406,262680,2779793,262680,2121,1.0,0.0007630064540776957
matched_random_e4_raw,ddos,time_quartile_1,0.001,0.022356895729899406,262680,497937,262680,1579,1.0,0.0031710838921389655
matched_random_e4_raw,ddos,time_quartile_2,0.001,0.022356895729899406,0,760619,0,166,,0.00021824329920761907
matched_random_e4_raw,ddos,time_quartile_3,0.001,0.022356895729899406,0,760618,0,213,,0.0002800354448619412
matched_random_e4_raw,ddos,time_quartile_4,0.001,0.022356895729899406,0,760619,0,163,,0.00021429914319784281
matched_random_e4_raw,ddos,full_test,0.01,0.004902975633740425,262680,2779793,262680,29170,1.0,0.01049358711242168
matched_random_e4_raw,ddos,time_quartile_1,0.01,0.004902975633740425,262680,497937,262680,23461,1.0,0.047116402275789906
matched_random_e4_raw,ddos,time_quartile_2,0.01,0.004902975633740425,0,760619,0,854,,0.0011227697441163053
matched_random_e4_raw,ddos,time_quartile_3,0.01,0.004902975633740425,0,760618,0,1247,,0.0016394563368208484
matched_random_e4_raw,ddos,time_quartile_4,0.01,0.004902975633740425,0,760619,0,3608,,0.004743504961090901
matched_random_e4_raw,dos,full_test,0.001,0.020330125465989113,39483,3002990,39483,5518,1.0,0.0018375019563834712
matched_random_e4_raw,dos,time_quartile_1,0.001,0.020330125465989113,39483,721134,39483,908,1.0,0.0012591279845354678
matched_random_e4_raw,dos,time_quartile_2,0.001,0.020330125465989113,0,760619,0,639,,0.0008401052300823408
matched_random_e4_raw,dos,time_quartile_3,0.001,0.020330125465989113,0,760618,0,592,,0.0007783144758604188
matched_random_e4_raw,dos,time_quartile_4,0.001,0.020330125465989113,0,760619,0,3379,,0.00444243438567798
matched_random_e4_raw,dos,full_test,0.01,0.00386257516220212,39483,3002990,39483,34815,1.0,0.011593445199617714
matched_random_e4_raw,dos,time_quartile_1,0.01,0.00386257516220212,39483,721134,39483,25898,1.0,0.035912881655836504
matched_random_e4_raw,dos,time_quartile_2,0.01,0.00386257516220212,0,760619,0,2087,,0.002743817864134343
matched_random_e4_raw,dos,time_quartile_3,0.01,0.00386257516220212,0,760618,0,2210,,0.002905532080492442
matched_random_e4_raw,dos,time_quartile_4,0.01,0.00386257516220212,0,760619,0,4620,,0.006074000255055422
matched_random_e4_raw,infiltration,full_test,0.001,0.9680118560791016,8742,3033731,875,24,0.10009151223976206,7.91105078202385e-06
matched_random_e4_raw,infiltration,time_quartile_1,0.001,0.9680118560791016,0,760617,0,4,,5.258888507619472e-06
matched_random_e4_raw,infiltration,time_quartile_2,0.001,0.9680118560791016,8028,752591,875,8,0.10899352267065271,1.062994375431011e-05
matched_random_e4_raw,infiltration,time_quartile_3,0.001,0.9680118560791016,714,759904,0,12,0.0,1.5791468396007915e-05
matched_random_e4_raw,infiltration,time_quartile_4,0.001,0.9680118560791016,0,760619,0,0,,0.0
matched_random_e4_raw,infiltration,full_test,0.01,0.7841801643371582,8742,3033731,1504,14497,0.17204301075268819,0.004778604299458324
matched_random_e4_raw,infiltration,time_quartile_1,0.01,0.7841801643371582,0,760617,0,2663,,0.0035011050239476637
matched_random_e4_raw,infiltration,time_quartile_2,0.01,0.7841801643371582,8028,752591,1427,4221,0.1777528649725959,0.005608624073367872
matched_random_e4_raw,infiltration,time_quartile_3,0.01,0.7841801643371582,714,759904,77,4480,0.10784313725490197,0.0058954815345096225
matched_random_e4_raw,infiltration,time_quartile_4,0.01,0.7841801643371582,0,760619,0,3133,,0.004119013592876328
matched_random_e4_raw,web_attacks,full_test,0.001,0.8407309055328369,127,3042346,108,366,0.8503937007874016,0.0001203018986006194
matched_random_e4_raw,web_attacks,time_quartile_1,0.001,0.8407309055328369,127,760490,108,111,0.8503937007874016,0.00014595852673933912
matched_random_e4_raw,web_attacks,time_quartile_2,0.001,0.8407309055328369,0,760619,0,193,,0.0002537407032956053
matched_random_e4_raw,web_attacks,time_quartile_3,0.001,0.8407309055328369,0,760618,0,30,,3.944161195238609e-05
matched_random_e4_raw,web_attacks,time_quartile_4,0.001,0.8407309055328369,0,760619,0,32,,4.2070997437613314e-05
matched_random_e4_raw,web_attacks,full_test,0.01,0.13114255666732788,127,3042346,125,19785,0.984251968503937,0.0065032050923859415
matched_random_e4_raw,web_attacks,time_quartile_1,0.01,0.13114255666732788,127,760490,125,5213,0.984251968503937,0.006854790990019593
matched_random_e4_raw,web_attacks,time_quartile_2,0.01,0.13114255666732788,0,760619,0,4197,,0.005517874257676971
matched_random_e4_raw,web_attacks,time_quartile_3,0.01,0.13114255666732788,0,760618,0,4252,,0.005590191134051521
matched_random_e4_raw,web_attacks,time_quartile_4,0.01,0.13114255666732788,0,760619,0,6123,,0.008050022415953323
matched_random_e4_calibrated,benign,full_test,0.001,0.7491328120231628,2652203,390270,1597920,301,0.6024878186172024,0.0007712609219258462
matched_random_e4_calibrated,benign,time_quartile_1,0.001,0.7491328120231628,420631,339986,239294,1,0.568892925152925,2.9412975828416463e-06
matched_random_e4_calibrated,benign,time_quartile_2,0.001,0.7491328120231628,752591,8028,459929,282,0.6111274251220118,0.035127055306427506
matched_random_e4_calibrated,benign,time_quartile_3,0.001,0.7491328120231628,759904,714,449499,18,0.5915207710447635,0.025210084033613446
matched_random_e4_calibrated,benign,time_quartile_4,0.001,0.7491328120231628,719077,41542,449198,0,0.6246869250441885,0.0
matched_random_e4_calibrated,benign,full_test,0.01,0.41581085324287415,2652203,390270,2293567,3163,0.8647780731716237,0.008104645501832064
matched_random_e4_calibrated,benign,time_quartile_1,0.01,0.41581085324287415,420631,339986,355536,2,0.8452444066176767,5.8825951656832925e-06
matched_random_e4_calibrated,benign,time_quartile_2,0.01,0.41581085324287415,752591,8028,652052,2882,0.866409510610677,0.3589935226706527
matched_random_e4_calibrated,benign,time_quartile_3,0.01,0.41581085324287415,759904,714,653534,159,0.8600217922263865,0.22268907563025211
matched_random_e4_calibrated,benign,time_quartile_4,0.01,0.41581085324287415,719077,41542,632445,120,0.8795233333843246,0.002888642819315392
matched_random_e4_calibrated,bot,full_test,0.001,0.11713069677352905,41542,3000931,41422,781,0.9971113571806846,0.00026025256828630846
matched_random_e4_calibrated,bot,time_quartile_1,0.001,0.11713069677352905,0,760617,0,134,,0.0001761727650052523
matched_random_e4_calibrated,bot,time_quartile_2,0.001,0.11713069677352905,0,760619,0,216,,0.00028397923270388986
matched_random_e4_calibrated,bot,time_quartile_3,0.001,0.11713069677352905,0,760618,0,288,,0.00037863947474290645
matched_random_e4_calibrated,bot,time_quartile_4,0.001,0.11713069677352905,41542,719077,41422,143,0.9971113571806846,0.0001988660463343981
matched_random_e4_calibrated,bot,full_test,0.01,0.02122604474425316,41542,3000931,41422,19260,0.9971113571806846,0.006418008278097697
matched_random_e4_calibrated,bot,time_quartile_1,0.01,0.02122604474425316,0,760617,0,14560,,0.01914235416773488
matched_random_e4_calibrated,bot,time_quartile_2,0.01,0.02122604474425316,0,760619,0,664,,0.0008729731968304763
matched_random_e4_calibrated,bot,time_quartile_3,0.01,0.02122604474425316,0,760618,0,793,,0.0010425732759414056
matched_random_e4_calibrated,bot,time_quartile_4,0.01,0.02122604474425316,41542,719077,41422,3243,0.9971113571806846,0.004509948169667505
matched_random_e4_calibrated,brute_force,full_test,0.001,0.007537856698036194,37696,3004777,37696,4326,1.0,0.0014397075057483468
matched_random_e4_calibrated,brute_force,time_quartile_1,0.001,0.007537856698036194,37696,722921,37696,1093,1.0,0.0015119217729184793
matched_random_e4_calibrated,brute_force,time_quartile_2,0.001,0.007537856698036194,0,760619,0,135,,0.00017748702043993115
matched_random_e4_calibrated,brute_force,time_quartile_3,0.001,0.007537856698036194,0,760618,0,221,,0.00029055320804924415
matched_random_e4_calibrated,brute_force,time_quartile_4,0.001,0.007537856698036194,0,760619,0,2877,,0.003782445613375422
matched_random_e4_calibrated,brute_force,full_test,0.01,0.004617846570909023,37696,3004777,37696,18614,1.0,0.006194802476190413
matched_random_e4_calibrated,brute_force,time_quartile_1,0.01,0.004617846570909023,37696,722921,37696,14897,1.0,0.02060667763144244
matched_random_e4_calibrated,brute_force,time_quartile_2,0.01,0.004617846570909023,0,760619,0,263,,0.00034577101019038443
matched_random_e4_calibrated,brute_force,time_quartile_3,0.01,0.004617846570909023,0,760618,0,389,,0.0005114262349826062
matched_random_e4_calibrated,brute_force,time_quartile_4,0.01,0.004617846570909023,0,760619,0,3065,,0.0040296127233214
matched_random_e4_calibrated,ddos,full_test,0.001,0.0376070961356163,262680,2779793,262680,2112,1.0,0.0007597688029288512
matched_random_e4_calibrated,ddos,time_quartile_1,0.001,0.0376070961356163,262680,497937,262680,1579,1.0,0.0031710838921389655
matched_random_e4_calibrated,ddos,time_quartile_2,0.001,0.0376070961356163,0,760619,0,166,,0.00021824329920761907
matched_random_e4_calibrated,ddos,time_quartile_3,0.001,0.0376070961356163,0,760618,0,206,,0.0002708324020730511
matched_random_e4_calibrated,ddos,time_quartile_4,0.001,0.0376070961356163,0,760619,0,161,,0.00021166970585799198
matched_random_e4_calibrated,ddos,full_test,0.01,0.011183155700564384,262680,2779793,262680,29311,1.0,0.010544310313753578
matched_random_e4_calibrated,ddos,time_quartile_1,0.01,0.011183155700564384,262680,497937,262680,23523,1.0,0.04724091601949644
matched_random_e4_calibrated,ddos,time_quartile_2,0.01,0.011183155700564384,0,760619,0,878,,0.0011543229921945153
matched_random_e4_calibrated,ddos,time_quartile_3,0.01,0.011183155700564384,0,760618,0,1271,,0.0016710096263827573
matched_random_e4_calibrated,ddos,time_quartile_4,0.01,0.011183155700564384,0,760619,0,3639,,0.0047842612398585884
matched_random_e4_calibrated,dos,full_test,0.001,0.03691622242331505,39483,3002990,39483,5651,1.0,0.0018817911481556716
matched_random_e4_calibrated,dos,time_quartile_1,0.001,0.03691622242331505,39483,721134,39483,1020,1.0,0.001414438925359226
matched_random_e4_calibrated,dos,time_quartile_2,0.001,0.03691622242331505,0,760619,0,656,,0.0008624554474710729
matched_random_e4_calibrated,dos,time_quartile_3,0.001,0.03691622242331505,0,760618,0,588,,0.0007730555942667673
matched_random_e4_calibrated,dos,time_quartile_4,0.001,0.03691622242331505,0,760619,0,3387,,0.004452952135037384
matched_random_e4_calibrated,dos,full_test,0.01,0.00983234029263258,39483,3002990,39483,35582,1.0,0.011848857305552133
matched_random_e4_calibrated,dos,time_quartile_1,0.01,0.00983234029263258,39483,721134,39483,26613,1.0,0.036904375608416744
matched_random_e4_calibrated,dos,time_quartile_2,0.01,0.00983234029263258,0,760619,0,2087,,0.002743817864134343
matched_random_e4_calibrated,dos,time_quartile_3,0.01,0.00983234029263258,0,760618,0,2210,,0.002905532080492442
matched_random_e4_calibrated,dos,time_quartile_4,0.01,0.00983234029263258,0,760619,0,4672,,0.006142365625891544
matched_random_e4_calibrated,infiltration,full_test,0.001,0.9365972876548767,8742,3033731,818,20,0.09357126515671471,6.592542318353209e-06
matched_random_e4_calibrated,infiltration,time_quartile_1,0.001,0.9365972876548767,0,760617,0,2,,2.629444253809736e-06
matched_random_e4_calibrated,infiltration,time_quartile_2,0.001,0.9365972876548767,8028,752591,818,5,0.10189337319382162,6.6437148464438185e-06
matched_random_e4_calibrated,infiltration,time_quartile_3,0.001,0.9365972876548767,714,759904,0,13,0.0,1.710742409567524e-05
matched_random_e4_calibrated,infiltration,time_quartile_4,0.001,0.9365972876548767,0,760619,0,0,,0.0
matched_random_e4_calibrated,infiltration,full_test,0.01,0.7365142703056335,8742,3033731,1506,14591,0.17227179135209333,0.004809589248354584
matched_random_e4_calibrated,infiltration,time_quartile_1,0.01,0.7365142703056335,0,760617,0,2683,,0.003527399466485761
matched_random_e4_calibrated,infiltration,time_quartile_2,0.01,0.7365142703056335,8028,752591,1429,4250,0.17800199302441455,0.005647157619477246
matched_random_e4_calibrated,infiltration,time_quartile_3,0.01,0.7365142703056335,714,759904,77,4488,0.10784313725490197,0.005906009180106961
matched_random_e4_calibrated,infiltration,time_quartile_4,0.01,0.7365142703056335,0,760619,0,3170,,0.004167658183663569
matched_random_e4_calibrated,web_attacks,full_test,0.001,0.7670480012893677,127,3042346,108,362,0.8503937007874016,0.00011898712375252519
matched_random_e4_calibrated,web_attacks,time_quartile_1,0.001,0.7670480012893677,127,760490,108,110,0.8503937007874016,0.00014464358505700273
matched_random_e4_calibrated,web_attacks,time_quartile_2,0.001,0.7670480012893677,0,760619,0,191,,0.0002511112659557545
matched_random_e4_calibrated,web_attacks,time_quartile_3,0.001,0.7670480012893677,0,760618,0,29,,3.812689155397322e-05
matched_random_e4_calibrated,web_attacks,time_quartile_4,0.001,0.7670480012893677,0,760619,0,32,,4.2070997437613314e-05
matched_random_e4_calibrated,web_attacks,full_test,0.01,0.15852592885494232,127,3042346,125,20149,0.984251968503937,0.006622849603562514
matched_random_e4_calibrated,web_attacks,time_quartile_1,0.01,0.15852592885494232,127,760490,125,5450,0.984251968503937,0.007166432168733317
matched_random_e4_calibrated,web_attacks,time_quartile_2,0.01,0.15852592885494232,0,760619,0,4247,,0.0055836101911732414
matched_random_e4_calibrated,web_attacks,time_quartile_3,0.01,0.15852592885494232,0,760618,0,4285,,0.005633576907199146
matched_random_e4_calibrated,web_attacks,time_quartile_4,0.01,0.15852592885494232,0,760619,0,6167,,0.008107870037430041
balanced_random_e1_raw,benign,full_test,0.001,0.9654403924942017,2652203,390270,1636436,292,0.6170100855779139,0.000748199964127399
balanced_random_e1_raw,benign,time_quartile_1,0.001,0.9654403924942017,420631,339986,245724,0,0.5841794827295183,0.0
balanced_random_e1_raw,benign,time_quartile_2,0.001,0.9654403924942017,752591,8028,469441,286,0.6237664282458866,0.035625311410064774
balanced_random_e1_raw,benign,time_quartile_3,0.001,0.9654403924942017,759904,714,462931,6,0.6091966880026951,0.008403361344537815
balanced_random_e1_raw,benign,time_quartile_4,0.001,0.9654403924942017,719077,41542,458340,0,0.6374004452930632,0.0
balanced_random_e1_raw,benign,full_test,0.01,0.7140003442764282,2652203,390270,2380365,3005,0.8975048290044163,0.007699797576037102
balanced_random_e1_raw,benign,time_quartile_1,0.01,0.7140003442764282,420631,339986,381134,114,0.906100596484805,0.0003353079244439477
balanced_random_e1_raw,benign,time_quartile_2,0.01,0.7140003442764282,752591,8028,674780,2704,0.896609180816672,0.3368211260587942
balanced_random_e1_raw,benign,time_quartile_3,0.01,0.7140003442764282,759904,714,681336,187,0.8966079925885375,0.2619047619047619
balanced_random_e1_raw,benign,time_quartile_4,0.01,0.7140003442764282,719077,41542,643115,0,0.8943617999185066,0.0
balanced_random_e1_raw,bot,full_test,0.001,0.05219132453203201,41542,3000931,41422,94,0.9971113571806846,3.132361257223175e-05
balanced_random_e1_raw,bot,time_quartile_1,0.001,0.05219132453203201,0,760617,0,48,,6.310666209143367e-05
balanced_random_e1_raw,bot,time_quartile_2,0.001,0.05219132453203201,0,760619,0,11,,1.4461905369179576e-05
balanced_random_e1_raw,bot,time_quartile_3,0.001,0.05219132453203201,0,760618,0,16,,2.103552637460591e-05
balanced_random_e1_raw,bot,time_quartile_4,0.001,0.05219132453203201,41542,719077,41422,19,0.9971113571806846,2.6422761401073875e-05
balanced_random_e1_raw,bot,full_test,0.01,0.003691727062687278,41542,3000931,41422,10439,0.9971113571806846,0.0034785871451226305
balanced_random_e1_raw,bot,time_quartile_1,0.01,0.003691727062687278,0,760617,0,8945,,0.011760189425164044
balanced_random_e1_raw,bot,time_quartile_2,0.01,0.003691727062687278,0,760619,0,493,,0.0006481563042732301
balanced_random_e1_raw,bot,time_quartile_3,0.01,0.003691727062687278,0,760618,0,567,,0.000745446465900097
balanced_random_e1_raw,bot,time_quartile_4,0.01,0.003691727062687278,41542,719077,41422,434,0.9971113571806846,0.0006035514972666349
balanced_random_e1_raw,brute_force,full_test,0.001,0.00012140515900682658,37696,3004777,37696,5169,1.0,0.0017202607714316238
balanced_random_e1_raw,brute_force,time_quartile_1,0.001,0.00012140515900682658,37696,722921,37696,1798,1.0,0.0024871320656060622
balanced_random_e1_raw,brute_force,time_quartile_2,0.001,0.00012140515900682658,0,760619,0,165,,0.00021692858053769365
balanced_random_e1_raw,brute_force,time_quartile_3,0.001,0.00012140515900682658,0,760618,0,290,,0.00038126891553973217
balanced_random_e1_raw,brute_force,time_quartile_4,0.001,0.00012140515900682658,0,760619,0,2916,,0.003833719641502513
balanced_random_e1_raw,brute_force,full_test,0.01,3.5958528314949945e-05,37696,3004777,37696,19946,1.0,0.0066380966041739535
balanced_random_e1_raw,brute_force,time_quartile_1,0.01,3.5958528314949945e-05,37696,722921,37696,14087,1.0,0.0194862232526099
balanced_random_e1_raw,brute_force,time_quartile_2,0.01,3.5958528314949945e-05,0,760619,0,946,,0.0012437238617494435
balanced_random_e1_raw,brute_force,time_quartile_3,0.01,3.5958528314949945e-05,0,760618,0,1009,,0.0013265528819985854
balanced_random_e1_raw,brute_force,time_quartile_4,0.01,3.5958528314949945e-05,0,760619,0,3904,,0.005132661687388824
balanced_random_e1_raw,ddos,full_test,0.001,0.0021972241811454296,262680,2779793,262680,1709,1.0,0.0006147939792639236
balanced_random_e1_raw,ddos,time_quartile_1,0.001,0.0021972241811454296,262680,497937,262680,980,1.0,0.00196812046503875
balanced_random_e1_raw,ddos,time_quartile_2,0.001,0.0021972241811454296,0,760619,0,146,,0.00019194892580911074
balanced_random_e1_raw,ddos,time_quartile_3,0.001,0.0021972241811454296,0,760618,0,372,,0.0004890759882095875
balanced_random_e1_raw,ddos,time_quartile_4,0.001,0.0021972241811454296,0,760619,0,211,,0.0002774056393542628
balanced_random_e1_raw,ddos,full_test,0.01,0.0007121304515749216,262680,2779793,262680,6403,1.0,0.002303408922894618
balanced_random_e1_raw,ddos,time_quartile_1,0.01,0.0007121304515749216,262680,497937,262680,1782,1.0,0.0035787659884684206
balanced_random_e1_raw,ddos,time_quartile_2,0.01,0.0007121304515749216,0,760619,0,485,,0.0006376385549138267
balanced_random_e1_raw,ddos,time_quartile_3,0.01,0.0007121304515749216,0,760618,0,711,,0.0009347662032715503
balanced_random_e1_raw,ddos,time_quartile_4,0.01,0.0007121304515749216,0,760619,0,3425,,0.00450291144449455
balanced_random_e1_raw,dos,full_test,0.001,0.0017060013487935066,39483,3002990,39479,14744,0.9998986905756908,0.004909773259318213
balanced_random_e1_raw,dos,time_quartile_1,0.001,0.0017060013487935066,39483,721134,39479,11588,0.9998986905756908,0.016069135555943834
balanced_random_e1_raw,dos,time_quartile_2,0.001,0.0017060013487935066,0,760619,0,170,,0.0002235021738873207
balanced_random_e1_raw,dos,time_quartile_3,0.001,0.0017060013487935066,0,760618,0,224,,0.00029449736924448276
balanced_random_e1_raw,dos,time_quartile_4,0.001,0.0017060013487935066,0,760619,0,2762,,0.003631252966333999
balanced_random_e1_raw,dos,full_test,0.01,0.00040154840098693967,39483,3002990,39479,27122,0.9998986905756908,0.009031665107109914
balanced_random_e1_raw,dos,time_quartile_1,0.01,0.00040154840098693967,39483,721134,39479,23000,0.9998986905756908,0.03189421106202176
balanced_random_e1_raw,dos,time_quartile_2,0.01,0.00040154840098693967,0,760619,0,369,,0.00048513118920247853
balanced_random_e1_raw,dos,time_quartile_3,0.01,0.00040154840098693967,0,760618,0,562,,0.0007388728639080327
balanced_random_e1_raw,dos,time_quartile_4,0.01,0.00040154840098693967,0,760619,0,3191,,0.004195267275732002
balanced_random_e1_raw,infiltration,full_test,0.001,0.9864433407783508,8742,3033731,973,25,0.11130176161061542,8.240677897941512e-06
balanced_random_e1_raw,infiltration,time_quartile_1,0.001,0.9864433407783508,0,760617,0,3,,3.944166380714604e-06
balanced_random_e1_raw,infiltration,time_quartile_2,0.001,0.9864433407783508,8028,752591,973,16,0.12120079720976581,2.125988750862022e-05
balanced_random_e1_raw,infiltration,time_quartile_3,0.001,0.9864433407783508,714,759904,0,6,0.0,7.895734198003958e-06
balanced_random_e1_raw,infiltration,time_quartile_4,0.001,0.9864433407783508,0,760619,0,0,,0.0
balanced_random_e1_raw,infiltration,full_test,0.01,0.6919524669647217,8742,3033731,2958,11556,0.3383665065202471,0.0038091709515444844
balanced_random_e1_raw,infiltration,time_quartile_1,0.01,0.6919524669647217,0,760617,0,1570,,0.002064113739240643
balanced_random_e1_raw,infiltration,time_quartile_2,0.01,0.6919524669647217,8028,752591,2862,3595,0.35650224215246634,0.004776830974593106
balanced_random_e1_raw,infiltration,time_quartile_3,0.01,0.6919524669647217,714,759904,96,3906,0.13445378151260504,0.0051401229629005766
balanced_random_e1_raw,infiltration,time_quartile_4,0.01,0.6919524669647217,0,760619,0,2485,,0.003267075894764659
balanced_random_e1_raw,web_attacks,full_test,0.001,0.4485507607460022,127,3042346,74,336,0.5826771653543307,0.00011044108723991288
balanced_random_e1_raw,web_attacks,time_quartile_1,0.001,0.4485507607460022,127,760490,74,99,0.5826771653543307,0.00013017922655130245
balanced_random_e1_raw,web_attacks,time_quartile_2,0.001,0.4485507607460022,0,760619,0,185,,0.00024322295393620197
balanced_random_e1_raw,web_attacks,time_quartile_3,0.001,0.4485507607460022,0,760618,0,25,,3.2868009960321736e-05
balanced_random_e1_raw,web_attacks,time_quartile_4,0.001,0.4485507607460022,0,760619,0,27,,3.549740408798623e-05
balanced_random_e1_raw,web_attacks,full_test,0.01,0.023409403860569,127,3042346,126,9482,0.9921259842519685,0.0031166737774073034
balanced_random_e1_raw,web_attacks,time_quartile_1,0.01,0.023409403860569,127,760490,126,5692,0.9921259842519685,0.007484648055858723
balanced_random_e1_raw,web_attacks,time_quartile_2,0.01,0.023409403860569,0,760619,0,1340,,0.0017617230177000575
balanced_random_e1_raw,web_attacks,time_quartile_3,0.01,0.023409403860569,0,760618,0,1223,,0.0016079030472589395
balanced_random_e1_raw,web_attacks,time_quartile_4,0.01,0.023409403860569,0,760619,0,1227,,0.0016131598079984855
balanced_random_e1_calibrated,benign,full_test,0.001,0.9343951940536499,2652203,390270,1632412,290,0.6154928563160512,0.0007430753068388552
balanced_random_e1_calibrated,benign,time_quartile_1,0.001,0.9343951940536499,420631,339986,243194,0,0.578164709686162,0.0
balanced_random_e1_calibrated,benign,time_quartile_2,0.001,0.9343951940536499,752591,8028,468858,284,0.6229917710947912,0.03537618335824614
balanced_random_e1_calibrated,benign,time_quartile_3,0.001,0.9343951940536499,759904,714,462344,6,0.6084242220069903,0.008403361344537815
balanced_random_e1_calibrated,benign,time_quartile_4,0.001,0.9343951940536499,719077,41542,458016,0,0.6369498676775922,0.0
balanced_random_e1_calibrated,benign,full_test,0.01,0.6744317412376404,2652203,390270,2380583,2963,0.8975870248242688,0.007592179772977682
balanced_random_e1_calibrated,benign,time_quartile_1,0.01,0.6744317412376404,420631,339986,381190,92,0.9062337298011797,0.00027059937762143147
balanced_random_e1_calibrated,benign,time_quartile_2,0.01,0.6744317412376404,752591,8028,674829,2684,0.8966742892221672,0.33432984554060785
balanced_random_e1_calibrated,benign,time_quartile_3,0.01,0.6744317412376404,759904,714,681364,187,0.8966448393481282,0.2619047619047619
balanced_random_e1_calibrated,benign,time_quartile_4,0.01,0.6744317412376404,719077,41542,643200,0,0.8944800070089851,0.0
balanced_random_e1_calibrated,bot,full_test,0.001,0.0810648575425148,41542,3000931,41422,91,0.9971113571806846,3.0323922809288183e-05
balanced_random_e1_calibrated,bot,time_quartile_1,0.001,0.0810648575425148,0,760617,0,47,,6.17919399645288e-05
balanced_random_e1_calibrated,bot,time_quartile_2,0.001,0.0810648575425148,0,760619,0,9,,1.1832468029328744e-05
balanced_random_e1_calibrated,bot,time_quartile_3,0.001,0.0810648575425148,0,760618,0,16,,2.103552637460591e-05
balanced_random_e1_calibrated,bot,time_quartile_4,0.001,0.0810648575425148,41542,719077,41422,19,0.9971113571806846,2.6422761401073875e-05
balanced_random_e1_calibrated,bot,full_test,0.01,0.010162904858589172,41542,3000931,41422,11270,0.9971113571806846,0.0037555012094579983
balanced_random_e1_calibrated,bot,time_quartile_1,0.01,0.010162904858589172,0,760617,0,9746,,0.012813281848814844
balanced_random_e1_calibrated,bot,time_quartile_2,0.01,0.010162904858589172,0,760619,0,499,,0.0006560446162927826
balanced_random_e1_calibrated,bot,time_quartile_3,0.01,0.010162904858589172,0,760618,0,580,,0.0007625378310794643
balanced_random_e1_calibrated,bot,time_quartile_4,0.01,0.010162904858589172,41542,719077,41422,445,0.9971113571806846,0.000618848885446204
balanced_random_e1_calibrated,brute_force,full_test,0.001,0.0006373124779202044,37696,3004777,37696,5250,1.0,0.001747217846781974
balanced_random_e1_calibrated,brute_force,time_quartile_1,0.001,0.0006373124779202044,37696,722921,37696,1847,1.0,0.0025549126391403764
balanced_random_e1_calibrated,brute_force,time_quartile_2,0.001,0.0006373124779202044,0,760619,0,174,,0.00022876104856702238
balanced_random_e1_calibrated,brute_force,time_quartile_3,0.001,0.0006373124779202044,0,760618,0,297,,0.0003904719583286223
balanced_random_e1_calibrated,brute_force,time_quartile_4,0.001,0.0006373124779202044,0,760619,0,2932,,0.00385475514022132
balanced_random_e1_calibrated,brute_force,full_test,0.01,0.00025835965061560273,37696,3004777,37696,22237,1.0,0.007400549192169668
balanced_random_e1_calibrated,brute_force,time_quartile_1,0.01,0.00025835965061560273,37696,722921,37696,14675,1.0,0.02029959013502167
balanced_random_e1_calibrated,brute_force,time_quartile_2,0.01,0.00025835965061560273,0,760619,0,1550,,0.002037813938384395
balanced_random_e1_calibrated,brute_force,time_quartile_3,0.01,0.00025835965061560273,0,760618,0,1517,,0.001994430844392323
balanced_random_e1_calibrated,brute_force,time_quartile_4,0.01,0.00025835965061560273,0,760619,0,4495,,0.005909660421314745
balanced_random_e1_calibrated,ddos,full_test,0.001,0.006225480232387781,262680,2779793,262680,1745,1.0,0.0006277445838593018
balanced_random_e1_calibrated,ddos,time_quartile_1,0.001,0.006225480232387781,262680,497937,262680,945,1.0,0.0018978304484302232
balanced_random_e1_calibrated,ddos,time_quartile_2,0.001,0.006225480232387781,0,760619,0,168,,0.0002208727365474699
balanced_random_e1_calibrated,ddos,time_quartile_3,0.001,0.006225480232387781,0,760618,0,403,,0.0005298323205603864
balanced_random_e1_calibrated,ddos,time_quartile_4,0.001,0.006225480232387781,0,760619,0,229,,0.0003010705754129203
balanced_random_e1_calibrated,ddos,full_test,0.01,0.002689762506633997,262680,2779793,262680,6512,1.0,0.002342620475697291
balanced_random_e1_calibrated,ddos,time_quartile_1,0.01,0.002689762506633997,262680,497937,262680,1870,1.0,0.0037554951730841453
balanced_random_e1_calibrated,ddos,time_quartile_2,0.01,0.002689762506633997,0,760619,0,490,,0.0006442121482634538
balanced_random_e1_calibrated,ddos,time_quartile_3,0.01,0.002689762506633997,0,760618,0,710,,0.0009334514828731374
balanced_random_e1_calibrated,ddos,time_quartile_4,0.01,0.002689762506633997,0,760619,0,3442,,0.004525261661883282
balanced_random_e1_calibrated,dos,full_test,0.001,0.00569468829780817,39483,3002990,39479,14935,0.9998986905756908,0.004973376534720395
balanced_random_e1_calibrated,dos,time_quartile_1,0.001,0.00569468829780817,39483,721134,39479,11788,0.9998986905756908,0.016346476521700543
balanced_random_e1_calibrated,dos,time_quartile_2,0.001,0.00569468829780817,0,760619,0,167,,0.00021955801787754448
balanced_random_e1_calibrated,dos,time_quartile_3,0.001,0.00569468829780817,0,760618,0,219,,0.00028792376725241843
balanced_random_e1_calibrated,dos,time_quartile_4,0.001,0.00569468829780817,0,760619,0,2761,,0.003629938247664074
balanced_random_e1_calibrated,dos,full_test,0.01,0.0018023435259237885,39483,3002990,39479,27856,0.9998986905756908,0.009276088165461757
balanced_random_e1_calibrated,dos,time_quartile_1,0.01,0.0018023435259237885,39483,721134,39479,23780,0.9998986905756908,0.032975840828472935
balanced_random_e1_calibrated,dos,time_quartile_2,0.01,0.0018023435259237885,0,760619,0,359,,0.00047198400250322435
balanced_random_e1_calibrated,dos,time_quartile_3,0.01,0.0018023435259237885,0,760618,0,542,,0.0007125784559397753
balanced_random_e1_calibrated,dos,time_quartile_4,0.01,0.0018023435259237885,0,760619,0,3175,,0.004174231777013196
balanced_random_e1_calibrated,infiltration,full_test,0.001,0.9681521058082581,8742,3033731,973,25,0.11130176161061542,8.240677897941512e-06
balanced_random_e1_calibrated,infiltration,time_quartile_1,0.001,0.9681521058082581,0,760617,0,3,,3.944166380714604e-06
balanced_random_e1_calibrated,infiltration,time_quartile_2,0.001,0.9681521058082581,8028,752591,973,16,0.12120079720976581,2.125988750862022e-05
balanced_random_e1_calibrated,infiltration,time_quartile_3,0.001,0.9681521058082581,714,759904,0,6,0.0,7.895734198003958e-06
balanced_random_e1_calibrated,infiltration,time_quartile_4,0.001,0.9681521058082581,0,760619,0,0,,0.0
balanced_random_e1_calibrated,infiltration,full_test,0.01,0.6560923457145691,8742,3033731,2956,11552,0.3381377259208419,0.003807852443080814
balanced_random_e1_calibrated,infiltration,time_quartile_1,0.01,0.6560923457145691,0,760617,0,1569,,0.002062799017113738
balanced_random_e1_calibrated,infiltration,time_quartile_2,0.01,0.6560923457145691,8028,752591,2860,3593,0.35625311410064775,0.004774173488654528
balanced_random_e1_calibrated,infiltration,time_quartile_3,0.01,0.6560923457145691,714,759904,96,3906,0.13445378151260504,0.0051401229629005766
balanced_random_e1_calibrated,infiltration,time_quartile_4,0.01,0.6560923457145691,0,760619,0,2484,,0.0032657611760947333
balanced_random_e1_calibrated,web_attacks,full_test,0.001,0.42568323016166687,127,3042346,76,338,0.5984251968503937,0.00011109847466395998
balanced_random_e1_calibrated,web_attacks,time_quartile_1,0.001,0.42568323016166687,127,760490,76,101,0.5984251968503937,0.00013280910991597523
balanced_random_e1_calibrated,web_attacks,time_quartile_2,0.001,0.42568323016166687,0,760619,0,185,,0.00024322295393620197
balanced_random_e1_calibrated,web_attacks,time_quartile_3,0.001,0.42568323016166687,0,760618,0,25,,3.2868009960321736e-05
balanced_random_e1_calibrated,web_attacks,time_quartile_4,0.001,0.42568323016166687,0,760619,0,27,,3.549740408798623e-05
balanced_random_e1_calibrated,web_attacks,full_test,0.01,0.043666522949934006,127,3042346,126,9677,0.9921259842519685,0.003180769051251896
balanced_random_e1_calibrated,web_attacks,time_quartile_1,0.01,0.043666522949934006,127,760490,126,5771,0.9921259842519685,0.007588528448763297
balanced_random_e1_calibrated,web_attacks,time_quartile_2,0.01,0.043666522949934006,0,760619,0,1377,,0.0018103676084872979
balanced_random_e1_calibrated,web_attacks,time_quartile_3,0.01,0.043666522949934006,0,760618,0,1260,,0.0016565477020002155
balanced_random_e1_calibrated,web_attacks,time_quartile_4,0.01,0.043666522949934006,0,760619,0,1269,,0.001668377992135353
balanced_random_e2_raw,benign,full_test,0.001,0.8256254196166992,2652203,390270,1635274,273,0.6165719592353979,0.0006995157198862326
balanced_random_e2_raw,benign,time_quartile_1,0.001,0.8256254196166992,420631,339986,242478,1,0.5764625051410857,2.9412975828416463e-06
balanced_random_e2_raw,benign,time_quartile_2,0.001,0.8256254196166992,752591,8028,471563,268,0.6265860208267173,0.03338315894369706
balanced_random_e2_raw,benign,time_quartile_3,0.001,0.8256254196166992,759904,714,460813,4,0.6064094938307997,0.0056022408963585435
balanced_random_e2_raw,benign,time_quartile_4,0.001,0.8256254196166992,719077,41542,460420,0,0.6402930423306544,0.0
balanced_random_e2_raw,benign,full_test,0.01,0.4393408000469208,2652203,390270,2328692,3166,0.8780217803840807,0.00811233248776488
balanced_random_e2_raw,benign,time_quartile_1,0.01,0.4393408000469208,420631,339986,368923,51,0.877070401373175,0.00015000617672492397
balanced_random_e2_raw,benign,time_quartile_2,0.01,0.4393408000469208,752591,8028,660181,2783,0.8772108622080254,0.3466616841056303
balanced_random_e2_raw,benign,time_quartile_3,0.01,0.4393408000469208,759904,714,661940,212,0.87108371583779,0.2969187675070028
balanced_random_e2_raw,benign,time_quartile_4,0.01,0.4393408000469208,719077,41542,637648,120,0.8867589979932609,0.002888642819315392
balanced_random_e2_raw,bot,full_test,0.001,0.20249086618423462,41542,3000931,41422,884,0.9971113571806846,0.0002945752501473709
balanced_random_e2_raw,bot,time_quartile_1,0.001,0.20249086618423462,0,760617,0,141,,0.0001853758198935864
balanced_random_e2_raw,bot,time_quartile_2,0.001,0.20249086618423462,0,760619,0,288,,0.0003786389769385198
balanced_random_e2_raw,bot,time_quartile_3,0.001,0.20249086618423462,0,760618,0,271,,0.0003562892279698876
balanced_random_e2_raw,bot,time_quartile_4,0.001,0.20249086618423462,41542,719077,41422,184,0.9971113571806846,0.0002558835840946102
balanced_random_e2_raw,bot,full_test,0.01,0.044101111590862274,41542,3000931,41422,4567,0.9971113571806846,0.0015218610491210894
balanced_random_e2_raw,bot,time_quartile_1,0.01,0.044101111590862274,0,760617,0,720,,0.000946599931371505
balanced_random_e2_raw,bot,time_quartile_2,0.01,0.044101111590862274,0,760619,0,1407,,0.0018498091685850604
balanced_random_e2_raw,bot,time_quartile_3,0.01,0.044101111590862274,0,760618,0,1391,,0.0018287760741923014
balanced_random_e2_raw,bot,time_quartile_4,0.01,0.044101111590862274,41542,719077,41422,1049,0.9971113571806846,0.0014588145636698156
balanced_random_e2_raw,brute_force,full_test,0.001,0.0016563794342800975,37696,3004777,37696,5822,1.0,0.0019375813912313627
balanced_random_e2_raw,brute_force,time_quartile_1,0.001,0.0016563794342800975,37696,722921,37696,2685,1.0,0.003714098774278241
balanced_random_e2_raw,brute_force,time_quartile_2,0.001,0.0016563794342800975,0,760619,0,86,,0.00011306580561358577
balanced_random_e2_raw,brute_force,time_quartile_3,0.001,0.0016563794342800975,0,760618,0,267,,0.0003510303463762362
balanced_random_e2_raw,brute_force,time_quartile_4,0.001,0.0016563794342800975,0,760619,0,2784,,0.003660176777072358
balanced_random_e2_raw,brute_force,full_test,0.01,0.0003310812171548605,37696,3004777,37696,28629,1.0,0.009527828521051645
balanced_random_e2_raw,brute_force,time_quartile_1,0.01,0.0003310812171548605,37696,722921,37696,23352,1.0,0.03230228475863891
balanced_random_e2_raw,brute_force,time_quartile_2,0.01,0.0003310812171548605,0,760619,0,856,,0.001125399181456156
balanced_random_e2_raw,brute_force,time_quartile_3,0.01,0.0003310812171548605,0,760618,0,929,,0.0012213752501255557
balanced_random_e2_raw,brute_force,time_quartile_4,0.01,0.0003310812171548605,0,760619,0,3492,,0.004590997595379552
balanced_random_e2_raw,ddos,full_test,0.001,0.026131710037589073,262680,2779793,262680,2443,1.0,0.0008788424174030224
balanced_random_e2_raw,ddos,time_quartile_1,0.001,0.026131710037589073,262680,497937,262680,2024,1.0,0.004064771246161663
balanced_random_e2_raw,ddos,time_quartile_2,0.001,0.026131710037589073,0,760619,0,88,,0.00011569524295343661
balanced_random_e2_raw,ddos,time_quartile_3,0.001,0.026131710037589073,0,760618,0,260,,0.0003418273035873461
balanced_random_e2_raw,ddos,time_quartile_4,0.001,0.026131710037589073,0,760619,0,71,,9.334502556470454e-05
balanced_random_e2_raw,ddos,full_test,0.01,0.0014521358534693718,262680,2779793,262680,31505,1.0,0.011333577716038568
balanced_random_e2_raw,ddos,time_quartile_1,0.01,0.0014521358534693718,262680,497937,262680,24306,1.0,0.048813404105338624
balanced_random_e2_raw,ddos,time_quartile_2,0.01,0.0014521358534693718,0,760619,0,1399,,0.001839291419225657
balanced_random_e2_raw,ddos,time_quartile_3,0.01,0.0014521358534693718,0,760618,0,1741,,0.0022889282136368057
balanced_random_e2_raw,ddos,time_quartile_4,0.01,0.0014521358534693718,0,760619,0,4059,,0.005336443081227263
balanced_random_e2_raw,dos,full_test,0.001,0.014007733203470707,39483,3002990,39483,6792,1.0,0.0022617457933592853
balanced_random_e2_raw,dos,time_quartile_1,0.001,0.014007733203470707,39483,721134,39483,2464,1.0,0.003416840698122679
balanced_random_e2_raw,dos,time_quartile_2,0.001,0.014007733203470707,0,760619,0,666,,0.0008756026341703271
balanced_random_e2_raw,dos,time_quartile_3,0.001,0.014007733203470707,0,760618,0,555,,0.0007296698211191426
balanced_random_e2_raw,dos,time_quartile_4,0.001,0.014007733203470707,0,760619,0,3107,,0.004084830907458268
balanced_random_e2_raw,dos,full_test,0.01,0.003118496621027589,39483,3002990,39483,41517,1.0,0.013825220863206337
balanced_random_e2_raw,dos,time_quartile_1,0.01,0.003118496621027589,39483,721134,39483,34899,1.0,0.04839461181971728
balanced_random_e2_raw,dos,time_quartile_2,0.01,0.003118496621027589,0,760619,0,1218,,0.0016013273399691566
balanced_random_e2_raw,dos,time_quartile_3,0.01,0.003118496621027589,0,760618,0,1727,,0.0022705221280590257
balanced_random_e2_raw,dos,time_quartile_4,0.01,0.003118496621027589,0,760619,0,3673,,0.004828961674636053
balanced_random_e2_raw,infiltration,full_test,0.001,0.9291105270385742,8742,3033731,907,73,0.1037520018302448,2.4062779461989214e-05
balanced_random_e2_raw,infiltration,time_quartile_1,0.001,0.9291105270385742,0,760617,0,46,,6.0477217837623926e-05
balanced_random_e2_raw,infiltration,time_quartile_2,0.001,0.9291105270385742,8028,752591,907,21,0.11297957149975087,2.790360235506404e-05
balanced_random_e2_raw,infiltration,time_quartile_3,0.001,0.9291105270385742,714,759904,0,6,0.0,7.895734198003958e-06
balanced_random_e2_raw,infiltration,time_quartile_4,0.001,0.9291105270385742,0,760619,0,0,,0.0
balanced_random_e2_raw,infiltration,full_test,0.01,0.7281336188316345,8742,3033731,1575,14917,0.18016472203157172,0.0049170476881437416
balanced_random_e2_raw,infiltration,time_quartile_1,0.01,0.7281336188316345,0,760617,0,2163,,0.0028437439604952295
balanced_random_e2_raw,infiltration,time_quartile_2,0.01,0.7281336188316345,8028,752591,1491,4375,0.18572496263079222,0.005813250490638341
balanced_random_e2_raw,infiltration,time_quartile_3,0.01,0.7281336188316345,714,759904,84,4852,0.11764705882352941,0.0063850170547858675
balanced_random_e2_raw,infiltration,time_quartile_4,0.01,0.7281336188316345,0,760619,0,3527,,0.0046370127488269425
balanced_random_e2_raw,web_attacks,full_test,0.001,0.716321587562561,127,3042346,70,463,0.5511811023622047,0.00015218518866690376
balanced_random_e2_raw,web_attacks,time_quartile_1,0.001,0.716321587562561,127,760490,70,113,0.5511811023622047,0.00014858841010401187
balanced_random_e2_raw,web_attacks,time_quartile_2,0.001,0.716321587562561,0,760619,0,184,,0.00024190823526627656
balanced_random_e2_raw,web_attacks,time_quartile_3,0.001,0.716321587562561,0,760618,0,41,,5.390353633492765e-05
balanced_random_e2_raw,web_attacks,time_quartile_4,0.001,0.716321587562561,0,760619,0,125,,0.000164339833740677
balanced_random_e2_raw,web_attacks,full_test,0.01,0.13927419483661652,127,3042346,125,12550,0.984251968503937,0.004125106085895555
balanced_random_e2_raw,web_attacks,time_quartile_1,0.01,0.13927419483661652,127,760490,125,4191,0.984251968503937,0.005510920590671804
balanced_random_e2_raw,web_attacks,time_quartile_2,0.01,0.13927419483661652,0,760619,0,2461,,0.003235522646686449
balanced_random_e2_raw,web_attacks,time_quartile_3,0.01,0.13927419483661652,0,760618,0,3548,,0.004664627973568861
balanced_random_e2_raw,web_attacks,time_quartile_4,0.01,0.13927419483661652,0,760619,0,2350,,0.0030895888743247275
balanced_random_e2_calibrated,benign,full_test,0.001,0.8256253600120544,2652203,390270,1635275,273,0.6165723362804431,0.0006995157198862326
balanced_random_e2_calibrated,benign,time_quartile_1,0.001,0.8256253600120544,420631,339986,242478,1,0.5764625051410857,2.9412975828416463e-06
balanced_random_e2_calibrated,benign,time_quartile_2,0.001,0.8256253600120544,752591,8028,471563,268,0.6265860208267173,0.03338315894369706
balanced_random_e2_calibrated,benign,time_quartile_3,0.001,0.8256253600120544,759904,714,460813,4,0.6064094938307997,0.0056022408963585435
balanced_random_e2_calibrated,benign,time_quartile_4,0.001,0.8256253600120544,719077,41542,460421,0,0.6402944330023072,0.0
balanced_random_e2_calibrated,benign,full_test,0.01,0.4393408000469208,2652203,390270,2328692,3166,0.8780217803840807,0.00811233248776488
balanced_random_e2_calibrated,benign,time_quartile_1,0.01,0.4393408000469208,420631,339986,368923,51,0.877070401373175,0.00015000617672492397
balanced_random_e2_calibrated,benign,time_quartile_2,0.01,0.4393408000469208,752591,8028,660181,2783,0.8772108622080254,0.3466616841056303
balanced_random_e2_calibrated,benign,time_quartile_3,0.01,0.4393408000469208,759904,714,661940,212,0.87108371583779,0.2969187675070028
balanced_random_e2_calibrated,benign,time_quartile_4,0.01,0.4393408000469208,719077,41542,637648,120,0.8867589979932609,0.002888642819315392
balanced_random_e2_calibrated,bot,full_test,0.001,0.20249086618423462,41542,3000931,41422,884,0.9971113571806846,0.0002945752501473709
balanced_random_e2_calibrated,bot,time_quartile_1,0.001,0.20249086618423462,0,760617,0,141,,0.0001853758198935864
balanced_random_e2_calibrated,bot,time_quartile_2,0.001,0.20249086618423462,0,760619,0,288,,0.0003786389769385198
balanced_random_e2_calibrated,bot,time_quartile_3,0.001,0.20249086618423462,0,760618,0,271,,0.0003562892279698876
balanced_random_e2_calibrated,bot,time_quartile_4,0.001,0.20249086618423462,41542,719077,41422,184,0.9971113571806846,0.0002558835840946102
balanced_random_e2_calibrated,bot,full_test,0.01,0.04410111531615257,41542,3000931,41422,4567,0.9971113571806846,0.0015218610491210894
balanced_random_e2_calibrated,bot,time_quartile_1,0.01,0.04410111531615257,0,760617,0,720,,0.000946599931371505
balanced_random_e2_calibrated,bot,time_quartile_2,0.01,0.04410111531615257,0,760619,0,1407,,0.0018498091685850604
balanced_random_e2_calibrated,bot,time_quartile_3,0.01,0.04410111531615257,0,760618,0,1391,,0.0018287760741923014
balanced_random_e2_calibrated,bot,time_quartile_4,0.01,0.04410111531615257,41542,719077,41422,1049,0.9971113571806846,0.0014588145636698156
balanced_random_e2_calibrated,brute_force,full_test,0.001,0.0016563796671107411,37696,3004777,37696,5822,1.0,0.0019375813912313627
balanced_random_e2_calibrated,brute_force,time_quartile_1,0.001,0.0016563796671107411,37696,722921,37696,2685,1.0,0.003714098774278241
balanced_random_e2_calibrated,brute_force,time_quartile_2,0.001,0.0016563796671107411,0,760619,0,86,,0.00011306580561358577
balanced_random_e2_calibrated,brute_force,time_quartile_3,0.001,0.0016563796671107411,0,760618,0,267,,0.0003510303463762362
balanced_random_e2_calibrated,brute_force,time_quartile_4,0.001,0.0016563796671107411,0,760619,0,2784,,0.003660176777072358
balanced_random_e2_calibrated,brute_force,full_test,0.01,0.00033108104253187776,37696,3004777,37696,28629,1.0,0.009527828521051645
balanced_random_e2_calibrated,brute_force,time_quartile_1,0.01,0.00033108104253187776,37696,722921,37696,23352,1.0,0.03230228475863891
balanced_random_e2_calibrated,brute_force,time_quartile_2,0.01,0.00033108104253187776,0,760619,0,856,,0.001125399181456156
balanced_random_e2_calibrated,brute_force,time_quartile_3,0.01,0.00033108104253187776,0,760618,0,929,,0.0012213752501255557
balanced_random_e2_calibrated,brute_force,time_quartile_4,0.01,0.00033108104253187776,0,760619,0,3492,,0.004590997595379552
balanced_random_e2_calibrated,ddos,full_test,0.001,0.026131706312298775,262680,2779793,262680,2443,1.0,0.0008788424174030224
balanced_random_e2_calibrated,ddos,time_quartile_1,0.001,0.026131706312298775,262680,497937,262680,2024,1.0,0.004064771246161663
balanced_random_e2_calibrated,ddos,time_quartile_2,0.001,0.026131706312298775,0,760619,0,88,,0.00011569524295343661
balanced_random_e2_calibrated,ddos,time_quartile_3,0.001,0.026131706312298775,0,760618,0,260,,0.0003418273035873461
balanced_random_e2_calibrated,ddos,time_quartile_4,0.001,0.026131706312298775,0,760619,0,71,,9.334502556470454e-05
balanced_random_e2_calibrated,ddos,full_test,0.01,0.0014521356206387281,262680,2779793,262680,31505,1.0,0.011333577716038568
balanced_random_e2_calibrated,ddos,time_quartile_1,0.01,0.0014521356206387281,262680,497937,262680,24306,1.0,0.048813404105338624
balanced_random_e2_calibrated,ddos,time_quartile_2,0.01,0.0014521356206387281,0,760619,0,1399,,0.001839291419225657
balanced_random_e2_calibrated,ddos,time_quartile_3,0.01,0.0014521356206387281,0,760618,0,1741,,0.0022889282136368057
balanced_random_e2_calibrated,ddos,time_quartile_4,0.01,0.0014521356206387281,0,760619,0,4059,,0.005336443081227263
balanced_random_e2_calibrated,dos,full_test,0.001,0.01400773599743843,39483,3002990,39483,6792,1.0,0.0022617457933592853
balanced_random_e2_calibrated,dos,time_quartile_1,0.001,0.01400773599743843,39483,721134,39483,2464,1.0,0.003416840698122679
balanced_random_e2_calibrated,dos,time_quartile_2,0.001,0.01400773599743843,0,760619,0,666,,0.0008756026341703271
balanced_random_e2_calibrated,dos,time_quartile_3,0.001,0.01400773599743843,0,760618,0,555,,0.0007296698211191426
balanced_random_e2_calibrated,dos,time_quartile_4,0.001,0.01400773599743843,0,760619,0,3107,,0.004084830907458268
balanced_random_e2_calibrated,dos,full_test,0.01,0.003118496388196945,39483,3002990,39483,41517,1.0,0.013825220863206337
balanced_random_e2_calibrated,dos,time_quartile_1,0.01,0.003118496388196945,39483,721134,39483,34899,1.0,0.04839461181971728
balanced_random_e2_calibrated,dos,time_quartile_2,0.01,0.003118496388196945,0,760619,0,1218,,0.0016013273399691566
balanced_random_e2_calibrated,dos,time_quartile_3,0.01,0.003118496388196945,0,760618,0,1727,,0.0022705221280590257
balanced_random_e2_calibrated,dos,time_quartile_4,0.01,0.003118496388196945,0,760619,0,3673,,0.004828961674636053
balanced_random_e2_calibrated,infiltration,full_test,0.001,0.9291105270385742,8742,3033731,907,73,0.1037520018302448,2.4062779461989214e-05
balanced_random_e2_calibrated,infiltration,time_quartile_1,0.001,0.9291105270385742,0,760617,0,46,,6.0477217837623926e-05
balanced_random_e2_calibrated,infiltration,time_quartile_2,0.001,0.9291105270385742,8028,752591,907,21,0.11297957149975087,2.790360235506404e-05
balanced_random_e2_calibrated,infiltration,time_quartile_3,0.001,0.9291105270385742,714,759904,0,6,0.0,7.895734198003958e-06
balanced_random_e2_calibrated,infiltration,time_quartile_4,0.001,0.9291105270385742,0,760619,0,0,,0.0
balanced_random_e2_calibrated,infiltration,full_test,0.01,0.7281335592269897,8742,3033731,1575,14917,0.18016472203157172,0.0049170476881437416
balanced_random_e2_calibrated,infiltration,time_quartile_1,0.01,0.7281335592269897,0,760617,0,2163,,0.0028437439604952295
balanced_random_e2_calibrated,infiltration,time_quartile_2,0.01,0.7281335592269897,8028,752591,1491,4375,0.18572496263079222,0.005813250490638341
balanced_random_e2_calibrated,infiltration,time_quartile_3,0.01,0.7281335592269897,714,759904,84,4852,0.11764705882352941,0.0063850170547858675
balanced_random_e2_calibrated,infiltration,time_quartile_4,0.01,0.7281335592269897,0,760619,0,3527,,0.0046370127488269425
balanced_random_e2_calibrated,web_attacks,full_test,0.001,0.716321587562561,127,3042346,70,463,0.5511811023622047,0.00015218518866690376
balanced_random_e2_calibrated,web_attacks,time_quartile_1,0.001,0.716321587562561,127,760490,70,113,0.5511811023622047,0.00014858841010401187
balanced_random_e2_calibrated,web_attacks,time_quartile_2,0.001,0.716321587562561,0,760619,0,184,,0.00024190823526627656
balanced_random_e2_calibrated,web_attacks,time_quartile_3,0.001,0.716321587562561,0,760618,0,41,,5.390353633492765e-05
balanced_random_e2_calibrated,web_attacks,time_quartile_4,0.001,0.716321587562561,0,760619,0,125,,0.000164339833740677
balanced_random_e2_calibrated,web_attacks,full_test,0.01,0.13927419483661652,127,3042346,125,12550,0.984251968503937,0.004125106085895555
balanced_random_e2_calibrated,web_attacks,time_quartile_1,0.01,0.13927419483661652,127,760490,125,4191,0.984251968503937,0.005510920590671804
balanced_random_e2_calibrated,web_attacks,time_quartile_2,0.01,0.13927419483661652,0,760619,0,2461,,0.003235522646686449
balanced_random_e2_calibrated,web_attacks,time_quartile_3,0.01,0.13927419483661652,0,760618,0,3548,,0.004664627973568861
balanced_random_e2_calibrated,web_attacks,time_quartile_4,0.01,0.13927419483661652,0,760619,0,2350,,0.0030895888743247275
balanced_random_e3_raw,benign,full_test,0.001,0.7964597344398499,2652203,390270,1646687,272,0.6208751743362028,0.0006969533912419606
balanced_random_e3_raw,benign,time_quartile_1,0.001,0.7964597344398499,420631,339986,244544,1,0.5813741735630517,2.9412975828416463e-06
balanced_random_e3_raw,benign,time_quartile_2,0.001,0.7964597344398499,752591,8028,474345,261,0.6302825837672786,0.032511210762331835
balanced_random_e3_raw,benign,time_quartile_3,0.001,0.7964597344398499,759904,714,460773,10,0.6063568556028129,0.014005602240896359
balanced_random_e3_raw,benign,time_quartile_4,0.001,0.7964597344398499,719077,41542,467025,0,0.6494784285966593,0.0
balanced_random_e3_raw,benign,full_test,0.01,0.40579259395599365,2652203,390270,2259647,3214,0.8519887052386261,0.008235324262689933
balanced_random_e3_raw,benign,time_quartile_1,0.01,0.40579259395599365,420631,339986,353370,3,0.8400950001307559,8.82389274852494e-06
balanced_random_e3_raw,benign,time_quartile_2,0.01,0.40579259395599365,752591,8028,641337,2934,0.8521720296947479,0.3654708520179372
balanced_random_e3_raw,benign,time_quartile_3,0.01,0.40579259395599365,759904,714,642628,157,0.8456699793658147,0.21988795518207283
balanced_random_e3_raw,benign,time_quartile_4,0.01,0.40579259395599365,719077,41542,622312,120,0.8654316575276362,0.002888642819315392
balanced_random_e3_raw,bot,full_test,0.001,0.057917773723602295,41542,3000931,41422,633,0.9971113571806846,0.00021093453998109252
balanced_random_e3_raw,bot,time_quartile_1,0.001,0.057917773723602295,0,760617,0,131,,0.0001722285986245377
balanced_random_e3_raw,bot,time_quartile_2,0.001,0.057917773723602295,0,760619,0,162,,0.0002129844245279174
balanced_random_e3_raw,bot,time_quartile_3,0.001,0.057917773723602295,0,760618,0,234,,0.0003076445732286115
balanced_random_e3_raw,bot,time_quartile_4,0.001,0.057917773723602295,41542,719077,41422,106,0.9971113571806846,0.00014741119518493846
balanced_random_e3_raw,bot,full_test,0.01,0.007458748761564493,41542,3000931,41422,8315,0.9971113571806846,0.0027708067929585853
balanced_random_e3_raw,bot,time_quartile_1,0.01,0.007458748761564493,0,760617,0,6205,,0.008157850797444705
balanced_random_e3_raw,bot,time_quartile_2,0.01,0.007458748761564493,0,760619,0,665,,0.0008742879155004017
balanced_random_e3_raw,bot,time_quartile_3,0.01,0.007458748761564493,0,760618,0,855,,0.0011240859406430035
balanced_random_e3_raw,bot,time_quartile_4,0.01,0.007458748761564493,41542,719077,41422,590,0.9971113571806846,0.0008204962750859783
balanced_random_e3_raw,brute_force,full_test,0.001,0.003449347335845232,37696,3004777,37696,2258,1.0,0.0007514700758159425
balanced_random_e3_raw,brute_force,time_quartile_1,0.001,0.003449347335845232,37696,722921,37696,2029,1.0,0.002806669055124972
balanced_random_e3_raw,brute_force,time_quartile_2,0.001,0.003449347335845232,0,760619,0,39,,5.127402812709122e-05
balanced_random_e3_raw,brute_force,time_quartile_3,0.001,0.003449347335845232,0,760618,0,128,,0.0001682842109968473
balanced_random_e3_raw,brute_force,time_quartile_4,0.001,0.003449347335845232,0,760619,0,62,,8.151255753537579e-05
balanced_random_e3_raw,brute_force,full_test,0.01,0.0008795049507170916,37696,3004777,37696,27650,1.0,0.009202013993051731
balanced_random_e3_raw,brute_force,time_quartile_1,0.01,0.0008795049507170916,37696,722921,37696,22974,1.0,0.031779406048517055
balanced_random_e3_raw,brute_force,time_quartile_2,0.01,0.0008795049507170916,0,760619,0,649,,0.000853252416781595
balanced_random_e3_raw,brute_force,time_quartile_3,0.01,0.0008795049507170916,0,760618,0,780,,0.0010254819107620382
balanced_random_e3_raw,brute_force,time_quartile_4,0.01,0.0008795049507170916,0,760619,0,3247,,0.004268891521247826
balanced_random_e3_raw,ddos,full_test,0.001,0.04227513074874878,262680,2779793,262680,2065,1.0,0.0007428610691515519
balanced_random_e3_raw,ddos,time_quartile_1,0.001,0.04227513074874878,262680,497937,262680,1963,1.0,0.003942265788643945
balanced_random_e3_raw,ddos,time_quartile_2,0.001,0.04227513074874878,0,760619,0,38,,4.9959309457165805e-05
balanced_random_e3_raw,ddos,time_quartile_3,0.001,0.04227513074874878,0,760618,0,29,,3.812689155397322e-05
balanced_random_e3_raw,ddos,time_quartile_4,0.001,0.04227513074874878,0,760619,0,35,,4.601515344738956e-05
balanced_random_e3_raw,ddos,full_test,0.01,0.0032276236452162266,262680,2779793,262680,29489,1.0,0.010608343858697392
balanced_random_e3_raw,ddos,time_quartile_1,0.01,0.0032276236452162266,262680,497937,262680,23959,1.0,0.0481165287978198
balanced_random_e3_raw,ddos,time_quartile_2,0.01,0.0032276236452162266,0,760619,0,866,,0.0011385463681554103
balanced_random_e3_raw,ddos,time_quartile_3,0.01,0.0032276236452162266,0,760618,0,1136,,0.0014935223725970198
balanced_random_e3_raw,ddos,time_quartile_4,0.01,0.0032276236452162266,0,760619,0,3528,,0.004638327467496868
balanced_random_e3_raw,dos,full_test,0.001,0.0288636963814497,39483,3002990,39483,6060,1.0,0.002017988737891235
balanced_random_e3_raw,dos,time_quartile_1,0.001,0.0288636963814497,39483,721134,39483,2220,1.0,0.003078484719899492
balanced_random_e3_raw,dos,time_quartile_2,0.001,0.0288636963814497,0,760619,0,474,,0.0006231766495446472
balanced_random_e3_raw,dos,time_quartile_3,0.001,0.0288636963814497,0,760618,0,333,,0.00043780189267148554
balanced_random_e3_raw,dos,time_quartile_4,0.001,0.0288636963814497,0,760619,0,3033,,0.003987541725883787
balanced_random_e3_raw,dos,full_test,0.01,0.004951774142682552,39483,3002990,39483,60018,1.0,0.019986080539728737
balanced_random_e3_raw,dos,time_quartile_1,0.01,0.004951774142682552,39483,721134,39483,47603,1.0,0.06601130996458356
balanced_random_e3_raw,dos,time_quartile_2,0.01,0.004951774142682552,0,760619,0,2998,,0.003941526572436397
balanced_random_e3_raw,dos,time_quartile_3,0.01,0.004951774142682552,0,760618,0,4008,,0.005269399356838781
balanced_random_e3_raw,dos,time_quartile_4,0.01,0.004951774142682552,0,760619,0,5409,,0.0071113132856265755
balanced_random_e3_raw,infiltration,full_test,0.001,0.9515763521194458,8742,3033731,920,42,0.1052390757263784,1.3844338868541739e-05
balanced_random_e3_raw,infiltration,time_quartile_1,0.001,0.9515763521194458,0,760617,0,4,,5.258888507619472e-06
balanced_random_e3_raw,infiltration,time_quartile_2,0.001,0.9515763521194458,8028,752591,920,9,0.114598903836572,1.1958686723598874e-05
balanced_random_e3_raw,infiltration,time_quartile_3,0.001,0.9515763521194458,714,759904,0,28,0.0,3.6846759590685136e-05
balanced_random_e3_raw,infiltration,time_quartile_4,0.001,0.9515763521194458,0,760619,0,1,,1.314718669925416e-06
balanced_random_e3_raw,infiltration,full_test,0.01,0.7613910436630249,8742,3033731,1673,15191,0.19137497140242507,0.00500736551790518
balanced_random_e3_raw,infiltration,time_quartile_1,0.01,0.7613910436630249,0,760617,0,2475,,0.0032539372640895486
balanced_random_e3_raw,infiltration,time_quartile_2,0.01,0.7613910436630249,8028,752591,1565,4260,0.19494270054808172,0.005660445049170133
balanced_random_e3_raw,infiltration,time_quartile_3,0.01,0.7613910436630249,714,759904,108,4682,0.15126050420168066,0.006161304585842423
balanced_random_e3_raw,infiltration,time_quartile_4,0.01,0.7613910436630249,0,760619,0,3774,,0.00496174826029852
balanced_random_e3_raw,web_attacks,full_test,0.001,0.8330732583999634,127,3042346,114,360,0.8976377952755905,0.00011832973632847809
balanced_random_e3_raw,web_attacks,time_quartile_1,0.001,0.8330732583999634,127,760490,114,101,0.8976377952755905,0.00013280910991597523
balanced_random_e3_raw,web_attacks,time_quartile_2,0.001,0.8330732583999634,0,760619,0,189,,0.00024848182861590364
balanced_random_e3_raw,web_attacks,time_quartile_3,0.001,0.8330732583999634,0,760618,0,31,,4.0756332350798955e-05
balanced_random_e3_raw,web_attacks,time_quartile_4,0.001,0.8330732583999634,0,760619,0,39,,5.127402812709122e-05
balanced_random_e3_raw,web_attacks,full_test,0.01,0.18589505553245544,127,3042346,125,19789,0.984251968503937,0.006504519867234036
balanced_random_e3_raw,web_attacks,time_quartile_1,0.01,0.18589505553245544,127,760490,125,7867,0.984251968503937,0.010344646214940367
balanced_random_e3_raw,web_attacks,time_quartile_2,0.01,0.18589505553245544,0,760619,0,3271,,0.004300444769326036
balanced_random_e3_raw,web_attacks,time_quartile_3,0.01,0.18589505553245544,0,760618,0,3457,,0.00454498841731329
balanced_random_e3_raw,web_attacks,time_quartile_4,0.01,0.18589505553245544,0,760619,0,5194,,0.006828648771592611
balanced_random_e3_calibrated,benign,full_test,0.001,0.73885577917099,2652203,390270,1668316,280,0.6290302816187147,0.000717452020396136
balanced_random_e3_calibrated,benign,time_quartile_1,0.001,0.73885577917099,420631,339986,247491,1,0.5883803143372694,2.9412975828416463e-06
balanced_random_e3_calibrated,benign,time_quartile_2,0.001,0.73885577917099,752591,8028,480217,267,0.6380849624829422,0.033258594917787744
balanced_random_e3_calibrated,benign,time_quartile_3,0.001,0.73885577917099,759904,714,467475,12,0.6151763907019834,0.01680672268907563
balanced_random_e3_calibrated,benign,time_quartile_4,0.001,0.73885577917099,719077,41542,473133,0,0.6579726510512782,0.0
balanced_random_e3_calibrated,benign,full_test,0.01,0.42381465435028076,2652203,390270,2249290,3204,0.8480836497055467,0.008209700976247214
balanced_random_e3_calibrated,benign,time_quartile_1,0.01,0.42381465435028076,420631,339986,343946,2,0.8176905648894162,5.8825951656832925e-06
balanced_random_e3_calibrated,benign,time_quartile_2,0.01,0.42381465435028076,752591,8028,640993,2925,0.8517149421133126,0.36434977578475336
balanced_random_e3_calibrated,benign,time_quartile_3,0.01,0.42381465435028076,759904,714,642260,157,0.845185707668337,0.21988795518207283
balanced_random_e3_calibrated,benign,time_quartile_4,0.01,0.42381465435028076,719077,41542,622091,120,0.8651243190923921,0.002888642819315392
balanced_random_e3_calibrated,bot,full_test,0.001,0.08381599932909012,41542,3000931,41422,626,0.9971113571806846,0.0002086019305342242
balanced_random_e3_calibrated,bot,time_quartile_1,0.001,0.08381599932909012,0,760617,0,132,,0.00017354332075144257
balanced_random_e3_calibrated,bot,time_quartile_2,0.001,0.08381599932909012,0,760619,0,160,,0.00021035498718806656
balanced_random_e3_calibrated,bot,time_quartile_3,0.001,0.08381599932909012,0,760618,0,226,,0.00029712681004130854
balanced_random_e3_calibrated,bot,time_quartile_4,0.001,0.08381599932909012,41542,719077,41422,108,0.9971113571806846,0.00015019253849031468
balanced_random_e3_calibrated,bot,full_test,0.01,0.01536182314157486,41542,3000931,41422,8105,0.9971113571806846,0.0027008285095525353
balanced_random_e3_calibrated,bot,time_quartile_1,0.01,0.01536182314157486,0,760617,0,5823,,0.007655626944967047
balanced_random_e3_calibrated,bot,time_quartile_2,0.01,0.01536182314157486,0,760619,0,717,,0.0009426532863365233
balanced_random_e3_calibrated,bot,time_quartile_3,0.01,0.01536182314157486,0,760618,0,939,,0.0012345224541096846
balanced_random_e3_calibrated,bot,time_quartile_4,0.01,0.01536182314157486,41542,719077,41422,626,0.9971113571806846,0.0008705604545827498
balanced_random_e3_calibrated,brute_force,full_test,0.001,0.008145330473780632,37696,3004777,37696,2361,1.0,0.0007857488259528078
balanced_random_e3_calibrated,brute_force,time_quartile_1,0.001,0.008145330473780632,37696,722921,37696,2085,1.0,0.002884132567735617
balanced_random_e3_calibrated,brute_force,time_quartile_2,0.001,0.008145330473780632,0,760619,0,41,,5.390346546694206e-05
balanced_random_e3_calibrated,brute_force,time_quartile_3,0.001,0.008145330473780632,0,760618,0,143,,0.00018800501697304034
balanced_random_e3_calibrated,brute_force,time_quartile_4,0.001,0.008145330473780632,0,760619,0,92,,0.00012095411763313828
balanced_random_e3_calibrated,brute_force,full_test,0.01,0.002896319143474102,37696,3004777,37696,27749,1.0,0.009234961529591048
balanced_random_e3_calibrated,brute_force,time_quartile_1,0.01,0.002896319143474102,37696,722921,37696,22985,1.0,0.03179462209563701
balanced_random_e3_calibrated,brute_force,time_quartile_2,0.01,0.002896319143474102,0,760619,0,693,,0.0009111000382583133
balanced_random_e3_calibrated,brute_force,time_quartile_3,0.01,0.002896319143474102,0,760618,0,790,,0.001038629114746167
balanced_random_e3_calibrated,brute_force,time_quartile_4,0.01,0.002896319143474102,0,760619,0,3281,,0.00431359195602529
balanced_random_e3_calibrated,ddos,full_test,0.001,0.06038857623934746,262680,2779793,262680,2130,1.0,0.0007662441052265403
balanced_random_e3_calibrated,ddos,time_quartile_1,0.001,0.06038857623934746,262680,497937,262680,2020,1.0,0.004056738101406403
balanced_random_e3_calibrated,ddos,time_quartile_2,0.001,0.06038857623934746,0,760619,0,39,,5.127402812709122e-05
balanced_random_e3_calibrated,ddos,time_quartile_3,0.001,0.06038857623934746,0,760618,0,31,,4.0756332350798955e-05
balanced_random_e3_calibrated,ddos,time_quartile_4,0.001,0.06038857623934746,0,760619,0,40,,5.258874679701664e-05
balanced_random_e3_calibrated,ddos,full_test,0.01,0.00819740816950798,262680,2779793,262680,29560,1.0,0.01063388532887161
balanced_random_e3_calibrated,ddos,time_quartile_1,0.01,0.00819740816950798,262680,497937,262680,23974,1.0,0.04814665309065203
balanced_random_e3_calibrated,ddos,time_quartile_2,0.01,0.00819740816950798,0,760619,0,878,,0.0011543229921945153
balanced_random_e3_calibrated,ddos,time_quartile_3,0.01,0.00819740816950798,0,760618,0,1152,,0.0015145578989716258
balanced_random_e3_calibrated,ddos,time_quartile_4,0.01,0.00819740816950798,0,760619,0,3556,,0.004675139590254779
balanced_random_e3_calibrated,dos,full_test,0.001,0.04977082833647728,39483,3002990,39483,5921,1.0,0.0019717015374676574
balanced_random_e3_calibrated,dos,time_quartile_1,0.001,0.04977082833647728,39483,721134,39483,2083,1.0,0.0028885061583561445
balanced_random_e3_calibrated,dos,time_quartile_2,0.001,0.04977082833647728,0,760619,0,464,,0.000610029462845393
balanced_random_e3_calibrated,dos,time_quartile_3,0.001,0.04977082833647728,0,760618,0,352,,0.0004627815802413301
balanced_random_e3_calibrated,dos,time_quartile_4,0.001,0.04977082833647728,0,760619,0,3022,,0.003973079820514607
balanced_random_e3_calibrated,dos,full_test,0.01,0.012709959410130978,39483,3002990,39483,59766,1.0,0.019902164176370883
balanced_random_e3_calibrated,dos,time_quartile_1,0.01,0.012709959410130978,39483,721134,39483,47474,1.0,0.06583242504167049
balanced_random_e3_calibrated,dos,time_quartile_2,0.01,0.012709959410130978,0,760619,0,2958,,0.0038889378256393805
balanced_random_e3_calibrated,dos,time_quartile_3,0.01,0.012709959410130978,0,760618,0,3950,,0.005193145573730834
balanced_random_e3_calibrated,dos,time_quartile_4,0.01,0.012709959410130978,0,760619,0,5384,,0.00707844531887844
balanced_random_e3_calibrated,infiltration,full_test,0.001,0.9147647023200989,8742,3033731,839,41,0.095973461450469,1.351471175262408e-05
balanced_random_e3_calibrated,infiltration,time_quartile_1,0.001,0.9147647023200989,0,760617,0,3,,3.944166380714604e-06
balanced_random_e3_calibrated,infiltration,time_quartile_2,0.001,0.9147647023200989,8028,752591,839,9,0.10450921773791728,1.1958686723598874e-05
balanced_random_e3_calibrated,infiltration,time_quartile_3,0.001,0.9147647023200989,714,759904,0,28,0.0,3.6846759590685136e-05
balanced_random_e3_calibrated,infiltration,time_quartile_4,0.001,0.9147647023200989,0,760619,0,1,,1.314718669925416e-06
balanced_random_e3_calibrated,infiltration,full_test,0.01,0.7158079743385315,8742,3033731,1673,15267,0.19137497140242507,0.005032417178714922
balanced_random_e3_calibrated,infiltration,time_quartile_1,0.01,0.7158079743385315,0,760617,0,2487,,0.0032697139296124066
balanced_random_e3_calibrated,infiltration,time_quartile_2,0.01,0.7158079743385315,8028,752591,1563,4286,0.19469357249626307,0.005694992366371642
balanced_random_e3_calibrated,infiltration,time_quartile_3,0.01,0.7158079743385315,714,759904,110,4708,0.15406162464985995,0.0061955194340337725
balanced_random_e3_calibrated,infiltration,time_quartile_4,0.01,0.7158079743385315,0,760619,0,3786,,0.004977524884337625
balanced_random_e3_calibrated,web_attacks,full_test,0.001,0.7590814828872681,127,3042346,114,360,0.8976377952755905,0.00011832973632847809
balanced_random_e3_calibrated,web_attacks,time_quartile_1,0.001,0.7590814828872681,127,760490,114,101,0.8976377952755905,0.00013280910991597523
balanced_random_e3_calibrated,web_attacks,time_quartile_2,0.001,0.7590814828872681,0,760619,0,189,,0.00024848182861590364
balanced_random_e3_calibrated,web_attacks,time_quartile_3,0.001,0.7590814828872681,0,760618,0,31,,4.0756332350798955e-05
balanced_random_e3_calibrated,web_attacks,time_quartile_4,0.001,0.7590814828872681,0,760619,0,39,,5.127402812709122e-05
balanced_random_e3_calibrated,web_attacks,full_test,0.01,0.211892232298851,127,3042346,125,16979,0.984251968503937,0.00558089053644786
balanced_random_e3_calibrated,web_attacks,time_quartile_1,0.01,0.211892232298851,127,760490,125,7559,0.984251968503937,0.00993964417678076
balanced_random_e3_calibrated,web_attacks,time_quartile_2,0.01,0.211892232298851,0,760619,0,3289,,0.004324109705384693
balanced_random_e3_calibrated,web_attacks,time_quartile_3,0.01,0.211892232298851,0,760618,0,3513,,0.0046186127596244105
balanced_random_e3_calibrated,web_attacks,time_quartile_4,0.01,0.211892232298851,0,760619,0,2618,,0.003441933477864739
balanced_random_e4_raw,benign,full_test,0.001,0.8123671412467957,2652203,390270,1603523,274,0.6046004020054272,0.0007020780485305046
balanced_random_e4_raw,benign,time_quartile_1,0.001,0.8123671412467957,420631,339986,240132,1,0.5708851701372462,2.9412975828416463e-06
balanced_random_e4_raw,benign,time_quartile_2,0.001,0.8123671412467957,752591,8028,460644,261,0.6120774763450533,0.032511210762331835
balanced_random_e4_raw,benign,time_quartile_3,0.001,0.8123671412467957,759904,714,451089,12,0.5936131406072346,0.01680672268907563
balanced_random_e4_raw,benign,time_quartile_4,0.001,0.8123671412467957,719077,41542,451658,0,0.6281079773098013,0.0
balanced_random_e4_raw,benign,full_test,0.01,0.4170001149177551,2652203,390270,2287103,3070,0.8623408539994865,0.007866348937914778
balanced_random_e4_raw,benign,time_quartile_1,0.01,0.4170001149177551,420631,339986,353117,3,0.8394935228264203,8.82389274852494e-06
balanced_random_e4_raw,benign,time_quartile_2,0.01,0.4170001149177551,752591,8028,650224,2757,0.8639805684628171,0.34342301943198805
balanced_random_e4_raw,benign,time_quartile_3,0.01,0.4170001149177551,759904,714,652391,190,0.8585176548616668,0.2661064425770308
balanced_random_e4_raw,benign,time_quartile_4,0.01,0.4170001149177551,719077,41542,631371,120,0.8780297520293376,0.002888642819315392
balanced_random_e4_raw,bot,full_test,0.001,0.06951882690191269,41542,3000931,41422,825,0.9971113571806846,0.0002749146848094808
balanced_random_e4_raw,bot,time_quartile_1,0.001,0.06951882690191269,0,760617,0,155,,0.00020378192967025454
balanced_random_e4_raw,bot,time_quartile_2,0.001,0.06951882690191269,0,760619,0,218,,0.0002866086700437407
balanced_random_e4_raw,bot,time_quartile_3,0.001,0.06951882690191269,0,760618,0,296,,0.0003891572379302094
balanced_random_e4_raw,bot,time_quartile_4,0.001,0.06951882690191269,41542,719077,41422,156,0.9971113571806846,0.00021694477781934341
balanced_random_e4_raw,bot,full_test,0.01,0.009284154511988163,41542,3000931,41422,17783,0.9971113571806846,0.0059258276848084815
balanced_random_e4_raw,bot,time_quartile_1,0.01,0.009284154511988163,0,760617,0,15549,,0.020442614351243792
balanced_random_e4_raw,bot,time_quartile_2,0.01,0.009284154511988163,0,760619,0,766,,0.0010070745011628687
balanced_random_e4_raw,bot,time_quartile_3,0.01,0.009284154511988163,0,760618,0,882,,0.0011595833914001508
balanced_random_e4_raw,bot,time_quartile_4,0.01,0.009284154511988163,41542,719077,41422,586,0.9971113571806846,0.0008149335884752259
balanced_random_e4_raw,brute_force,full_test,0.001,0.0022915040608495474,37696,3004777,37696,4493,1.0,0.0014952856734459829
balanced_random_e4_raw,brute_force,time_quartile_1,0.001,0.0022915040608495474,37696,722921,37696,1185,1.0,0.0016391832579216816
balanced_random_e4_raw,brute_force,time_quartile_2,0.001,0.0022915040608495474,0,760619,0,173,,0.00022744632989709696
balanced_random_e4_raw,brute_force,time_quartile_3,0.001,0.0022915040608495474,0,760618,0,259,,0.0003405125831889332
balanced_random_e4_raw,brute_force,time_quartile_4,0.001,0.0022915040608495474,0,760619,0,2876,,0.0037811308947054965
balanced_random_e4_raw,brute_force,full_test,0.01,0.0011090055340901017,37696,3004777,37696,25997,1.0,0.00865188997386495
balanced_random_e4_raw,brute_force,time_quartile_1,0.01,0.0011090055340901017,37696,722921,37696,21807,1.0,0.030165121776791655
balanced_random_e4_raw,brute_force,time_quartile_2,0.01,0.0011090055340901017,0,760619,0,373,,0.0004903900638821802
balanced_random_e4_raw,brute_force,time_quartile_3,0.01,0.0011090055340901017,0,760618,0,655,,0.0008611418609604295
balanced_random_e4_raw,brute_force,time_quartile_4,0.01,0.0011090055340901017,0,760619,0,3162,,0.004157140434304166
balanced_random_e4_raw,ddos,full_test,0.001,0.041913606226444244,262680,2779793,262680,2055,1.0,0.0007392636789861691
balanced_random_e4_raw,ddos,time_quartile_1,0.001,0.041913606226444244,262680,497937,262680,1860,1.0,0.0037354123111959948
balanced_random_e4_raw,ddos,time_quartile_2,0.001,0.041913606226444244,0,760619,0,48,,6.310649615641997e-05
balanced_random_e4_raw,ddos,time_quartile_3,0.001,0.041913606226444244,0,760618,0,73,,9.597458908413947e-05
balanced_random_e4_raw,ddos,time_quartile_4,0.001,0.041913606226444244,0,760619,0,74,,9.728918157448079e-05
balanced_random_e4_raw,ddos,full_test,0.01,0.0027204803191125393,262680,2779793,262680,31762,1.0,0.011426030643288907
balanced_random_e4_raw,ddos,time_quartile_1,0.01,0.0027204803191125393,262680,497937,262680,24435,1.0,0.049072473023695766
balanced_random_e4_raw,ddos,time_quartile_2,0.01,0.0027204803191125393,0,760619,0,1521,,0.001999687096956558
balanced_random_e4_raw,ddos,time_quartile_3,0.01,0.0027204803191125393,0,760618,0,1867,,0.0024545829838368274
balanced_random_e4_raw,ddos,time_quartile_4,0.01,0.0027204803191125393,0,760619,0,3939,,0.005178676840836213
balanced_random_e4_raw,dos,full_test,0.001,0.020764337852597237,39483,3002990,39483,5017,1.0,0.0016706682339934532
balanced_random_e4_raw,dos,time_quartile_1,0.001,0.020764337852597237,39483,721134,39483,928,1.0,0.0012868620811111388
balanced_random_e4_raw,dos,time_quartile_2,0.001,0.020764337852597237,0,760619,0,544,,0.0007152069564394263
balanced_random_e4_raw,dos,time_quartile_3,0.001,0.020764337852597237,0,760618,0,483,,0.000635009952433416
balanced_random_e4_raw,dos,time_quartile_4,0.001,0.020764337852597237,0,760619,0,3062,,0.0040256685673116235
balanced_random_e4_raw,dos,full_test,0.01,0.00520670460537076,39483,3002990,39483,51514,1.0,0.01715423627784308
balanced_random_e4_raw,dos,time_quartile_1,0.01,0.00520670460537076,39483,721134,39483,38358,1.0,0.053191223822479594
balanced_random_e4_raw,dos,time_quartile_2,0.01,0.00520670460537076,0,760619,0,3295,,0.004331998017404246
balanced_random_e4_raw,dos,time_quartile_3,0.01,0.00520670460537076,0,760618,0,4435,,0.005830784966961077
balanced_random_e4_raw,dos,time_quartile_4,0.01,0.00520670460537076,0,760619,0,5426,,0.0071336635030153075
balanced_random_e4_raw,infiltration,full_test,0.001,0.9595962762832642,8742,3033731,844,46,0.09654541294898193,1.5162847332212382e-05
balanced_random_e4_raw,infiltration,time_quartile_1,0.001,0.9595962762832642,0,760617,0,29,,3.812694168024117e-05
balanced_random_e4_raw,infiltration,time_quartile_2,0.001,0.9595962762832642,8028,752591,844,5,0.10513203786746388,6.6437148464438185e-06
balanced_random_e4_raw,infiltration,time_quartile_3,0.001,0.9595962762832642,714,759904,0,12,0.0,1.5791468396007915e-05
balanced_random_e4_raw,infiltration,time_quartile_4,0.001,0.9595962762832642,0,760619,0,0,,0.0
balanced_random_e4_raw,infiltration,full_test,0.01,0.7359515428543091,8742,3033731,1559,15073,0.17833447723633036,0.004968469518226896
balanced_random_e4_raw,infiltration,time_quartile_1,0.01,0.7359515428543091,0,760617,0,2768,,0.0036391508472726746
balanced_random_e4_raw,infiltration,time_quartile_2,0.01,0.7359515428543091,8028,752591,1471,4275,0.18323368211260588,0.005680376193709465
balanced_random_e4_raw,infiltration,time_quartile_3,0.01,0.7359515428543091,714,759904,88,4627,0.12324929971988796,0.006088927022360719
balanced_random_e4_raw,infiltration,time_quartile_4,0.01,0.7359515428543091,0,760619,0,3403,,0.00447398763375619
balanced_random_e4_raw,web_attacks,full_test,0.001,0.885333776473999,127,3042346,113,354,0.889763779527559,0.00011635757405633679
balanced_random_e4_raw,web_attacks,time_quartile_1,0.001,0.885333776473999,127,760490,113,112,0.889763779527559,0.0001472734684216755
balanced_random_e4_raw,web_attacks,time_quartile_2,0.001,0.885333776473999,0,760619,0,191,,0.0002511112659557545
balanced_random_e4_raw,web_attacks,time_quartile_3,0.001,0.885333776473999,0,760618,0,24,,3.155328956190887e-05
balanced_random_e4_raw,web_attacks,time_quartile_4,0.001,0.885333776473999,0,760619,0,27,,3.549740408798623e-05
balanced_random_e4_raw,web_attacks,full_test,0.01,0.19267627596855164,127,3042346,125,16212,0.984251968503937,0.005328782459325797
balanced_random_e4_raw,web_attacks,time_quartile_1,0.01,0.19267627596855164,127,760490,125,5526,0.984251968503937,0.007266367736590882
balanced_random_e4_raw,web_attacks,time_quartile_2,0.01,0.19267627596855164,0,760619,0,3694,,0.0048565707667044865
balanced_random_e4_raw,web_attacks,time_quartile_3,0.01,0.19267627596855164,0,760618,0,4105,,0.00539692723548483
balanced_random_e4_raw,web_attacks,time_quartile_4,0.01,0.19267627596855164,0,760619,0,2887,,0.003795592800074676
balanced_random_e4_calibrated,benign,full_test,0.001,0.7622759342193604,2652203,390270,1597686,272,0.6023995900766269,0.0006969533912419606
balanced_random_e4_calibrated,benign,time_quartile_1,0.001,0.7622759342193604,420631,339986,238900,0,0.5679562371770032,0.0
balanced_random_e4_calibrated,benign,time_quartile_2,0.001,0.7622759342193604,752591,8028,459624,260,0.6107221585163788,0.03238664673642252
balanced_random_e4_calibrated,benign,time_quartile_3,0.001,0.7622759342193604,759904,714,448654,12,0.5904087884785446,0.01680672268907563
balanced_random_e4_calibrated,benign,time_quartile_4,0.001,0.7622759342193604,719077,41542,450508,0,0.62650870490921,0.0
balanced_random_e4_calibrated,benign,full_test,0.01,0.43265703320503235,2652203,390270,2274407,3079,0.857553890105697,0.007889409895713224
balanced_random_e4_calibrated,benign,time_quartile_1,0.01,0.43265703320503235,420631,339986,342010,3,0.8130879559518913,8.82389274852494e-06
balanced_random_e4_calibrated,benign,time_quartile_2,0.01,0.43265703320503235,752591,8028,649695,2766,0.8632776634320634,0.3445440956651719
balanced_random_e4_calibrated,benign,time_quartile_3,0.01,0.43265703320503235,759904,714,651816,190,0.857760980334358,0.2661064425770308
balanced_random_e4_calibrated,benign,time_quartile_4,0.01,0.43265703320503235,719077,41542,630886,120,0.8773552762777839,0.002888642819315392
balanced_random_e4_calibrated,bot,full_test,0.001,0.09752676635980606,41542,3000931,41422,777,0.9971113571806846,0.00025891964860238375
balanced_random_e4_calibrated,bot,time_quartile_1,0.001,0.09752676635980606,0,760617,0,151,,0.00019852304116263508
balanced_random_e4_calibrated,bot,time_quartile_2,0.001,0.09752676635980606,0,760619,0,197,,0.00025899957797530693
balanced_random_e4_calibrated,bot,time_quartile_3,0.001,0.09752676635980606,0,760618,0,284,,0.00037338059314925495
balanced_random_e4_calibrated,bot,time_quartile_4,0.001,0.09752676635980606,41542,719077,41422,145,0.9971113571806846,0.00020164738963977433
balanced_random_e4_calibrated,bot,full_test,0.01,0.018696585670113564,41542,3000931,41422,16563,0.9971113571806846,0.005519287181211431
balanced_random_e4_calibrated,bot,time_quartile_1,0.01,0.018696585670113564,0,760617,0,14120,,0.018563876431896737
balanced_random_e4_calibrated,bot,time_quartile_2,0.01,0.018696585670113564,0,760619,0,832,,0.001093845933377946
balanced_random_e4_calibrated,bot,time_quartile_3,0.01,0.018696585670113564,0,760618,0,953,,0.0012529285396874646
balanced_random_e4_calibrated,bot,time_quartile_4,0.01,0.018696585670113564,41542,719077,41422,658,0.9971113571806846,0.000915061947468769
balanced_random_e4_calibrated,brute_force,full_test,0.001,0.0059874593280255795,37696,3004777,37696,4469,1.0,0.0014872983918606938
balanced_random_e4_calibrated,brute_force,time_quartile_1,0.001,0.0059874593280255795,37696,722921,37696,1117,1.0,0.0015451204211801843
balanced_random_e4_calibrated,brute_force,time_quartile_2,0.001,0.0059874593280255795,0,760619,0,182,,0.00023927879792642572
balanced_random_e4_calibrated,brute_force,time_quartile_3,0.001,0.0059874593280255795,0,760618,0,273,,0.0003589186687667134
balanced_random_e4_calibrated,brute_force,time_quartile_4,0.001,0.0059874593280255795,0,760619,0,2897,,0.00380873998677393
balanced_random_e4_calibrated,brute_force,full_test,0.01,0.003526043612509966,37696,3004777,37696,25566,1.0,0.008508451708729133
balanced_random_e4_calibrated,brute_force,time_quartile_1,0.01,0.003526043612509966,37696,722921,37696,21458,1.0,0.02968235809998603
balanced_random_e4_calibrated,brute_force,time_quartile_2,0.01,0.003526043612509966,0,760619,0,370,,0.00048644590787240395
balanced_random_e4_calibrated,brute_force,time_quartile_3,0.01,0.003526043612509966,0,760618,0,572,,0.0007520200678921613
balanced_random_e4_calibrated,brute_force,time_quartile_4,0.01,0.003526043612509966,0,760619,0,3166,,0.004162399308983867
balanced_random_e4_calibrated,ddos,full_test,0.001,0.06099885329604149,262680,2779793,262680,2058,1.0,0.0007403428960357839
balanced_random_e4_calibrated,ddos,time_quartile_1,0.001,0.06099885329604149,262680,497937,262680,1863,1.0,0.00374143716976244
balanced_random_e4_calibrated,ddos,time_quartile_2,0.001,0.06099885329604149,0,760619,0,47,,6.179177748649456e-05
balanced_random_e4_calibrated,ddos,time_quartile_3,0.001,0.06099885329604149,0,760618,0,73,,9.597458908413947e-05
balanced_random_e4_calibrated,ddos,time_quartile_4,0.001,0.06099885329604149,0,760619,0,75,,9.86039002444062e-05
balanced_random_e4_calibrated,ddos,full_test,0.01,0.00718986289575696,262680,2779793,262680,31711,1.0,0.011407683953445455
balanced_random_e4_calibrated,ddos,time_quartile_1,0.01,0.00718986289575696,262680,497937,262680,24416,1.0,0.04903431558610828
balanced_random_e4_calibrated,ddos,time_quartile_2,0.01,0.00718986289575696,0,760619,0,1495,,0.0019655044115384967
balanced_random_e4_calibrated,ddos,time_quartile_3,0.01,0.00718986289575696,0,760618,0,1851,,0.0024335474574622216
balanced_random_e4_calibrated,ddos,time_quartile_4,0.01,0.00718986289575696,0,760619,0,3949,,0.005191824027535468
balanced_random_e4_calibrated,dos,full_test,0.001,0.04185149446129799,39483,3002990,39483,4825,1.0,0.0016067319571493744
balanced_random_e4_calibrated,dos,time_quartile_1,0.001,0.04185149446129799,39483,721134,39483,807,1.0,0.0011190707968283288
balanced_random_e4_calibrated,dos,time_quartile_2,0.001,0.04185149446129799,0,760619,0,516,,0.0006783948336815147
balanced_random_e4_calibrated,dos,time_quartile_3,0.001,0.04185149446129799,0,760618,0,451,,0.0005929388996842042
balanced_random_e4_calibrated,dos,time_quartile_4,0.001,0.04185149446129799,0,760619,0,3051,,0.004011206661942444
balanced_random_e4_calibrated,dos,full_test,0.01,0.013193660415709019,39483,3002990,39483,50656,1.0,0.016868521040696107
balanced_random_e4_calibrated,dos,time_quartile_1,0.01,0.013193660415709019,39483,721134,39483,37231,1.0,0.05162840748044053
balanced_random_e4_calibrated,dos,time_quartile_2,0.01,0.013193660415709019,0,760619,0,3400,,0.004470043477746414
balanced_random_e4_calibrated,dos,time_quartile_3,0.01,0.013193660415709019,0,760618,0,4460,,0.005863652976921398
balanced_random_e4_calibrated,dos,time_quartile_4,0.01,0.013193660415709019,0,760619,0,5565,,0.00731640939813494
balanced_random_e4_calibrated,infiltration,full_test,0.001,0.924892783164978,8742,3033731,815,44,0.09322809425760696,1.450359310037706e-05
balanced_random_e4_calibrated,infiltration,time_quartile_1,0.001,0.924892783164978,0,760617,0,27,,3.5497497426431435e-05
balanced_random_e4_calibrated,infiltration,time_quartile_2,0.001,0.924892783164978,8028,752591,815,5,0.10151968111609368,6.6437148464438185e-06
balanced_random_e4_calibrated,infiltration,time_quartile_3,0.001,0.924892783164978,714,759904,0,12,0.0,1.5791468396007915e-05
balanced_random_e4_calibrated,infiltration,time_quartile_4,0.001,0.924892783164978,0,760619,0,0,,0.0
balanced_random_e4_calibrated,infiltration,full_test,0.01,0.6926438212394714,8742,3033731,1553,14928,0.17764813543811483,0.004920673586418836
balanced_random_e4_calibrated,infiltration,time_quartile_1,0.01,0.6926438212394714,0,760617,0,2746,,0.0036102269604807676
balanced_random_e4_calibrated,infiltration,time_quartile_2,0.01,0.6926438212394714,8028,752591,1465,4231,0.18248629795714996,0.005621911503060759
balanced_random_e4_calibrated,infiltration,time_quartile_3,0.01,0.6926438212394714,714,759904,88,4568,0.12324929971988796,0.006011285636080347
balanced_random_e4_calibrated,infiltration,time_quartile_4,0.01,0.6926438212394714,0,760619,0,3383,,0.004447693260357682
balanced_random_e4_calibrated,web_attacks,full_test,0.001,0.8178812265396118,127,3042346,113,354,0.889763779527559,0.00011635757405633679
balanced_random_e4_calibrated,web_attacks,time_quartile_1,0.001,0.8178812265396118,127,760490,113,112,0.889763779527559,0.0001472734684216755
balanced_random_e4_calibrated,web_attacks,time_quartile_2,0.001,0.8178812265396118,0,760619,0,191,,0.0002511112659557545
balanced_random_e4_calibrated,web_attacks,time_quartile_3,0.001,0.8178812265396118,0,760618,0,24,,3.155328956190887e-05
balanced_random_e4_calibrated,web_attacks,time_quartile_4,0.001,0.8178812265396118,0,760619,0,27,,3.549740408798623e-05
balanced_random_e4_calibrated,web_attacks,full_test,0.01,0.2197204977273941,127,3042346,125,16475,0.984251968503937,0.00541522890558799
balanced_random_e4_calibrated,web_attacks,time_quartile_1,0.01,0.2197204977273941,127,760490,125,5578,0.984251968503937,0.007334744704072374
balanced_random_e4_calibrated,web_attacks,time_quartile_2,0.01,0.2197204977273941,0,760619,0,3753,,0.004934139168230087
balanced_random_e4_calibrated,web_attacks,time_quartile_3,0.01,0.2197204977273941,0,760618,0,4182,,0.005498160706162621
balanced_random_e4_calibrated,web_attacks,time_quartile_4,0.01,0.2197204977273941,0,760619,0,2962,,0.003894196700319082
