dataset,baseline_macro_f1,dce_macro_f1,delta
cifar10lt,0.167821207698511,0.2231520617206491,0.05533085402213811
