model,class,window,validation_FPR_target,threshold,positives,negatives,TP,FP,recall,FPR
global_raw,backdoor,full_test,0.001,0.010272773914039135,40030,2231693,40018,70035,0.9997002248313764,0.031382004603679806
global_raw,backdoor,time_quartile_1,0.001,0.010272773914039135,0,567929,0,261,,0.0004595644878144979
global_raw,backdoor,time_quartile_2,0.001,0.010272773914039135,0,567932,0,1515,,0.002667572878443194
global_raw,backdoor,time_quartile_3,0.001,0.010272773914039135,0,567931,0,1369,,0.0024105040929267817
global_raw,backdoor,time_quartile_4,0.001,0.010272773914039135,40030,527901,40018,66890,0.9997002248313764,0.1267093640663685
global_raw,backdoor,full_test,0.01,0.0052234395407140255,40030,2231693,40018,103832,0.9997002248313764,0.046526112686646415
global_raw,backdoor,time_quartile_1,0.01,0.0052234395407140255,0,567929,0,6107,,0.010753104701467965
global_raw,backdoor,time_quartile_2,0.01,0.0052234395407140255,0,567932,0,3513,,0.006185599684469268
global_raw,backdoor,time_quartile_3,0.01,0.0052234395407140255,0,567931,0,5177,,0.00911554396572823
global_raw,backdoor,time_quartile_4,0.01,0.0052234395407140255,40030,527901,40018,89035,0.9997002248313764,0.16865851741140858
global_raw,benign,full_test,0.001,0.9677853584289551,1474302,797421,481595,848,0.3266596667439914,0.0010634282267459724
global_raw,benign,time_quartile_1,0.001,0.9677853584289551,394793,173136,71546,792,0.18122408452024225,0.004574438591627391
global_raw,benign,time_quartile_2,0.001,0.9677853584289551,358160,209772,41309,0,0.1153367210185392,0.0
global_raw,benign,time_quartile_3,0.001,0.9677853584289551,284140,283791,94533,36,0.33269866966988104,0.0001268539171432498
global_raw,benign,time_quartile_4,0.001,0.9677853584289551,437209,130722,274207,20,0.6271760187919279,0.00015299643518306024
global_raw,benign,full_test,0.01,0.622394323348999,1474302,797421,1225175,8293,0.8310203743873372,0.010399776278778713
global_raw,benign,time_quartile_1,0.01,0.622394323348999,394793,173136,393375,5942,0.9964082443204414,0.034319841049810555
global_raw,benign,time_quartile_2,0.01,0.622394323348999,358160,209772,303542,67,0.8475039088675452,0.00031939439009972734
global_raw,benign,time_quartile_3,0.01,0.622394323348999,284140,283791,179836,1289,0.6329133525726754,0.004542074977712472
global_raw,benign,time_quartile_4,0.01,0.622394323348999,437209,130722,348422,995,0.7969232106383903,0.007611572650357247
global_raw,ddos,full_test,0.001,0.28055569529533386,103338,2168385,101676,1573,0.9839168553678221,0.0007254246824249384
global_raw,ddos,time_quartile_1,0.001,0.28055569529533386,75758,492171,74237,249,0.9799229124316904,0.0005059217223282151
global_raw,ddos,time_quartile_2,0.001,0.28055569529533386,27580,540352,27439,37,0.9948875997099348,6.84738836906313e-05
global_raw,ddos,time_quartile_3,0.001,0.28055569529533386,0,567931,0,652,,0.0011480267849439457
global_raw,ddos,time_quartile_4,0.001,0.28055569529533386,0,567931,0,635,,0.001118093571226082
global_raw,ddos,full_test,0.01,0.09155258536338806,103338,2168385,102144,9791,0.9884456830981827,0.004515342063332849
global_raw,ddos,time_quartile_1,0.01,0.09155258536338806,75758,492171,74613,3888,0.984886084637926,0.007899693399245384
global_raw,ddos,time_quartile_2,0.01,0.09155258536338806,27580,540352,27531,274,0.9982233502538072,0.000507076868411702
global_raw,ddos,time_quartile_3,0.01,0.09155258536338806,0,567931,0,3495,,0.006153916584937255
global_raw,ddos,time_quartile_4,0.01,0.09155258536338806,0,567931,0,2134,,0.003757498710230644
global_raw,dos,full_test,0.001,0.2822381556034088,22458,2249265,21593,701,0.9614836583845401,0.00031165736362767394
global_raw,dos,time_quartile_1,0.001,0.2822381556034088,22458,545471,21593,41,0.9614836583845401,7.516439920729058e-05
global_raw,dos,time_quartile_2,0.001,0.2822381556034088,0,567932,0,147,,0.0002588338040469634
global_raw,dos,time_quartile_3,0.001,0.2822381556034088,0,567931,0,74,,0.0001302975185365828
global_raw,dos,time_quartile_4,0.001,0.2822381556034088,0,567931,0,439,,0.0007729812248318898
global_raw,dos,full_test,0.01,0.10250302404165268,22458,2249265,22292,440712,0.9926084246148366,0.19593600576188222
global_raw,dos,time_quartile_1,0.01,0.10250302404165268,22458,545471,22292,188171,0.9926084246148366,0.3449697600789043
global_raw,dos,time_quartile_2,0.01,0.10250302404165268,0,567932,0,177704,,0.3128966143834121
global_raw,dos,time_quartile_3,0.01,0.10250302404165268,0,567931,0,49369,,0.08692781341395346
global_raw,dos,time_quartile_4,0.01,0.10250302404165268,0,567931,0,25468,,0.04484347570391473
global_raw,injection,full_test,0.001,0.47845032811164856,68891,2202832,63480,7472,0.9214556328112525,0.0033919972108631073
global_raw,injection,time_quartile_1,0.001,0.47845032811164856,68891,499038,63480,1242,0.9214556328112525,0.0024887884289372755
global_raw,injection,time_quartile_2,0.001,0.47845032811164856,0,567932,0,128,,0.00022537909468034906
global_raw,injection,time_quartile_3,0.001,0.47845032811164856,0,567931,0,5192,,0.009141955624891052
global_raw,injection,time_quartile_4,0.001,0.47845032811164856,0,567931,0,910,,0.001602307322544464
global_raw,injection,full_test,0.01,0.23992155492305756,68891,2202832,66517,27442,0.9655397657168571,0.012457600034864211
global_raw,injection,time_quartile_1,0.01,0.23992155492305756,68891,499038,66517,1571,0.9655397657168571,0.0031480568614013363
global_raw,injection,time_quartile_2,0.01,0.23992155492305756,0,567932,0,5659,,0.009964221068719494
global_raw,injection,time_quartile_3,0.01,0.23992155492305756,0,567931,0,16587,,0.02920601270224728
global_raw,injection,time_quartile_4,0.01,0.23992155492305756,0,567931,0,3625,,0.006382817631015035
global_raw,mitm,full_test,0.001,0.37821778655052185,1161,2270562,1070,44002,0.921619293712317,0.019379343087746557
global_raw,mitm,time_quartile_1,0.001,0.37821778655052185,0,567929,0,1057,,0.0018611481364748058
global_raw,mitm,time_quartile_2,0.001,0.37821778655052185,0,567932,0,1266,,0.0022291401083228274
global_raw,mitm,time_quartile_3,0.001,0.37821778655052185,0,567931,0,134,,0.00023594415518786614
global_raw,mitm,time_quartile_4,0.001,0.37821778655052185,1161,566770,1070,41545,0.921619293712317,0.07330133916756357
global_raw,mitm,full_test,0.01,0.20403796434402466,1161,2270562,1138,64826,0.9801894918173988,0.02855064076647103
global_raw,mitm,time_quartile_1,0.01,0.20403796434402466,0,567929,0,5703,,0.010041748176268512
global_raw,mitm,time_quartile_2,0.01,0.20403796434402466,0,567932,0,3357,,0.005910918912827592
global_raw,mitm,time_quartile_3,0.01,0.20403796434402466,0,567931,0,8068,,0.014205951075042567
global_raw,mitm,time_quartile_4,0.01,0.20403796434402466,1161,566770,1138,47698,0.9801894918173988,0.08415759479153802
global_raw,password,full_test,0.001,0.27057868242263794,210951,2060772,210295,51219,0.996890273096596,0.024854277911384667
global_raw,password,time_quartile_1,0.001,0.27057868242263794,0,567929,0,845,,0.0014878620390929148
global_raw,password,time_quartile_2,0.001,0.27057868242263794,182192,385740,181661,49902,0.9970854922279793,0.12936693109348266
global_raw,password,time_quartile_3,0.001,0.27057868242263794,28759,539172,28634,313,0.9956535345457075,0.0005805197599281862
global_raw,password,time_quartile_4,0.001,0.27057868242263794,0,567931,0,159,,0.00027996358712590084
global_raw,password,full_test,0.01,0.11234673857688904,210951,2060772,210590,59486,0.9982887021156572,0.028865881329909374
global_raw,password,time_quartile_1,0.01,0.11234673857688904,0,567929,0,5371,,0.009457168061500645
global_raw,password,time_quartile_2,0.01,0.11234673857688904,182192,385740,181907,51153,0.9984357161675596,0.13261004821900763
global_raw,password,time_quartile_3,0.01,0.11234673857688904,28759,539172,28683,2083,0.9973573490037901,0.0038633311818862997
global_raw,password,time_quartile_4,0.01,0.11234673857688904,0,567931,0,879,,0.001547723226941301
global_raw,ransomware,full_test,0.001,0.15667326748371124,709,2271014,648,22217,0.9139633286318759,0.00978285470719247
global_raw,ransomware,time_quartile_1,0.001,0.15667326748371124,0,567929,0,32,,5.634507130292695e-05
global_raw,ransomware,time_quartile_2,0.001,0.15667326748371124,0,567932,0,1203,,0.002118211335159843
global_raw,ransomware,time_quartile_3,0.001,0.15667326748371124,0,567931,0,479,,0.0008434123159327453
global_raw,ransomware,time_quartile_4,0.001,0.15667326748371124,709,567222,648,20503,0.9139633286318759,0.036146341291416764
global_raw,ransomware,full_test,0.01,0.0374322384595871,709,2271014,680,67751,0.9590973201692524,0.029832929255389884
global_raw,ransomware,time_quartile_1,0.01,0.0374322384595871,0,567929,0,247,,0.0004349135191194674
global_raw,ransomware,time_quartile_2,0.01,0.0374322384595871,0,567932,0,2515,,0.004428347055633421
global_raw,ransomware,time_quartile_3,0.01,0.0374322384595871,0,567931,0,13622,,0.02398530807439636
global_raw,ransomware,time_quartile_4,0.01,0.0374322384595871,709,567222,680,51367,0.9590973201692524,0.09055889933747281
global_raw,scanning,full_test,0.001,0.10635808110237122,6029,2265694,3144,40015,0.5214795156742412,0.017661255226875297
global_raw,scanning,time_quartile_1,0.001,0.10635808110237122,6029,561900,3144,1449,0.5214795156742412,0.0025787506673785373
global_raw,scanning,time_quartile_2,0.001,0.10635808110237122,0,567932,0,1062,,0.0018699421761760211
global_raw,scanning,time_quartile_3,0.001,0.10635808110237122,0,567931,0,3441,,0.0060588346119511
global_raw,scanning,time_quartile_4,0.001,0.10635808110237122,0,567931,0,34063,,0.05997735640421108
global_raw,scanning,full_test,0.01,0.07217932492494583,6029,2265694,3530,44970,0.585503400232211,0.019848223105150123
global_raw,scanning,time_quartile_1,0.01,0.07217932492494583,6029,561900,3530,2750,0.585503400232211,0.004894109272112476
global_raw,scanning,time_quartile_2,0.01,0.07217932492494583,0,567932,0,1509,,0.0026570082333800525
global_raw,scanning,time_quartile_3,0.01,0.07217932492494583,0,567931,0,5984,,0.010536491228687992
global_raw,scanning,time_quartile_4,0.01,0.07217932492494583,0,567931,0,34727,,0.06114651251648528
global_raw,xss,full_test,0.001,0.18417778611183167,343854,1927869,312440,131125,0.9086414582933454,0.0680155135022141
global_raw,xss,time_quartile_1,0.001,0.18417778611183167,0,567929,0,1257,,0.0022133048321180994
global_raw,xss,time_quartile_2,0.001,0.18417778611183167,0,567932,0,2089,,0.003678257256150384
global_raw,xss,time_quartile_3,0.001,0.18417778611183167,255032,312899,233786,97095,0.9166928071771385,0.31030779900223393
global_raw,xss,time_quartile_4,0.001,0.18417778611183167,88822,479109,78654,30684,0.8855238567021684,0.06404388145495075
global_raw,xss,full_test,0.01,0.11265701055526733,343854,1927869,328929,138828,0.9565949501823449,0.07201111693792472
global_raw,xss,time_quartile_1,0.01,0.11265701055526733,0,567929,0,3014,,0.005307001403344432
global_raw,xss,time_quartile_2,0.01,0.11265701055526733,0,567932,0,2559,,0.004505821119429791
global_raw,xss,time_quartile_3,0.01,0.11265701055526733,255032,312899,245390,99686,0.9621929797045077,0.3185884262973036
global_raw,xss,time_quartile_4,0.01,0.11265701055526733,88822,479109,83539,33569,0.9405214924230484,0.07006547570594583
global_calibrated,backdoor,full_test,0.001,0.021562650799751282,40030,2231693,40018,68781,0.9997002248313764,0.030820099359544526
global_calibrated,backdoor,time_quartile_1,0.001,0.021562650799751282,0,567929,0,191,,0.00033630964433934525
global_calibrated,backdoor,time_quartile_2,0.001,0.021562650799751282,0,567932,0,993,,0.0017484487579498954
global_calibrated,backdoor,time_quartile_3,0.001,0.021562650799751282,0,567931,0,1543,,0.002716879339215503
global_calibrated,backdoor,time_quartile_4,0.001,0.021562650799751282,40030,527901,40018,66054,0.9997002248313764,0.12512573380236067
global_calibrated,backdoor,full_test,0.01,0.012055247090756893,40030,2231693,40018,105519,0.9997002248313764,0.047282041033421714
global_calibrated,backdoor,time_quartile_1,0.01,0.012055247090756893,0,567929,0,5359,,0.009436038659762048
global_calibrated,backdoor,time_quartile_2,0.01,0.012055247090756893,0,567932,0,3548,,0.006247226780670925
global_calibrated,backdoor,time_quartile_3,0.01,0.012055247090756893,0,567931,0,6550,,0.011533091167765097
global_calibrated,backdoor,time_quartile_4,0.01,0.012055247090756893,40030,527901,40018,90062,0.9997002248313764,0.17060395793908328
global_calibrated,benign,full_test,0.001,0.9326906800270081,1474302,797421,468020,898,0.31745191962026775,0.0011261303627569377
global_calibrated,benign,time_quartile_1,0.001,0.9326906800270081,394793,173136,64025,860,0.1621735947699174,0.00496719342020146
global_calibrated,benign,time_quartile_2,0.001,0.9326906800270081,358160,209772,38656,0,0.10792941702032612,0.0
global_calibrated,benign,time_quartile_3,0.001,0.9326906800270081,284140,283791,93295,25,0.3283416625607095,8.809299801614569e-05
global_calibrated,benign,time_quartile_4,0.001,0.9326906800270081,437209,130722,272044,13,0.6222287281368865,9.944768286898915e-05
global_calibrated,benign,full_test,0.01,0.5354177951812744,1474302,797421,1228006,8324,0.8329406051134707,0.010438651603105512
global_calibrated,benign,time_quartile_1,0.01,0.5354177951812744,394793,173136,393442,6328,0.996577953509814,0.03654930228259865
global_calibrated,benign,time_quartile_2,0.01,0.5354177951812744,358160,209772,303573,64,0.8475904623631897,0.00030509314875197833
global_calibrated,benign,time_quartile_3,0.01,0.5354177951812744,284140,283791,179827,1055,0.6328816780460337,0.003717524516281348
global_calibrated,benign,time_quartile_4,0.01,0.5354177951812744,437209,130722,351164,877,0.8031948107198159,0.006708893682777191
global_calibrated,ddos,full_test,0.001,0.28257879614830017,103338,2168385,101655,1450,0.9837136387388956,0.0006687004383446666
global_calibrated,ddos,time_quartile_1,0.001,0.28257879614830017,75758,492171,74214,247,0.9796193141318409,0.0005018580940364223
global_calibrated,ddos,time_quartile_2,0.001,0.28257879614830017,27580,540352,27441,38,0.9949601160261059,7.03245291957835e-05
global_calibrated,ddos,time_quartile_3,0.001,0.28257879614830017,0,567931,0,571,,0.001005403825464713
global_calibrated,ddos,time_quartile_4,0.001,0.28257879614830017,0,567931,0,594,,0.001045901702847705
global_calibrated,ddos,full_test,0.01,0.12148960679769516,103338,2168385,102111,10080,0.9881263426812983,0.0046486209782856825
global_calibrated,ddos,time_quartile_1,0.01,0.12148960679769516,75758,492171,74585,4561,0.9845164867076744,0.009267104319433693
global_calibrated,ddos,time_quartile_2,0.01,0.12148960679769516,27580,540352,27526,514,0.9980420594633792,0.0009512317896482293
global_calibrated,ddos,time_quartile_3,0.01,0.12148960679769516,0,567931,0,3046,,0.005363327587330151
global_calibrated,ddos,time_quartile_4,0.01,0.12148960679769516,0,567931,0,1959,,0.003449362686664401
global_calibrated,dos,full_test,0.001,0.2775469720363617,22458,2249265,21446,684,0.9549381066880399,0.000304099339117445
global_calibrated,dos,time_quartile_1,0.001,0.2775469720363617,22458,545471,21446,42,0.9549381066880399,7.69976772367367e-05
global_calibrated,dos,time_quartile_2,0.001,0.2775469720363617,0,567932,0,148,,0.0002605945782241536
global_calibrated,dos,time_quartile_3,0.001,0.2775469720363617,0,567931,0,74,,0.0001302975185365828
global_calibrated,dos,time_quartile_4,0.001,0.2775469720363617,0,567931,0,420,,0.0007395264565589834
global_calibrated,dos,full_test,0.01,0.11685842275619507,22458,2249265,22309,496203,0.9933653931783775,0.22060673153230057
global_calibrated,dos,time_quartile_1,0.01,0.11685842275619507,22458,545471,22309,225155,0.9933653931783775,0.4127717147199393
global_calibrated,dos,time_quartile_2,0.01,0.11685842275619507,0,567932,0,189265,,0.33325292464590833
global_calibrated,dos,time_quartile_3,0.01,0.11685842275619507,0,567931,0,50656,,0.08919393377012348
global_calibrated,dos,time_quartile_4,0.01,0.11685842275619507,0,567931,0,31127,,0.054807714317408274
global_calibrated,injection,full_test,0.001,0.4194383919239044,68891,2202832,63410,7553,0.9204395349174783,0.003428768058571875
global_calibrated,injection,time_quartile_1,0.001,0.4194383919239044,68891,499038,63410,1235,0.9204395349174783,0.002474761441012508
global_calibrated,injection,time_quartile_2,0.001,0.4194383919239044,0,567932,0,139,,0.00024474761062944156
global_calibrated,injection,time_quartile_3,0.001,0.4194383919239044,0,567931,0,5263,,0.00926697081159507
global_calibrated,injection,time_quartile_4,0.001,0.4194383919239044,0,567931,0,916,,0.0016128719862095924
global_calibrated,injection,full_test,0.01,0.2543613910675049,68891,2202832,66436,26937,0.9643639952969183,0.012228349688037944
global_calibrated,injection,time_quartile_1,0.01,0.2543613910675049,68891,499038,66436,1520,0.9643639952969183,0.0030458602350923176
global_calibrated,injection,time_quartile_2,0.01,0.2543613910675049,0,567932,0,6087,,0.010717832416556912
global_calibrated,injection,time_quartile_3,0.01,0.2543613910675049,0,567931,0,15892,,0.027982272494369916
global_calibrated,injection,time_quartile_4,0.01,0.2543613910675049,0,567931,0,3438,,0.006053552280118535
global_calibrated,mitm,full_test,0.001,0.35557839274406433,1161,2270562,1073,43899,0.9242032730404823,0.01933397986930108
global_calibrated,mitm,time_quartile_1,0.001,0.35557839274406433,0,567929,0,1122,,0.0019755990625588762
global_calibrated,mitm,time_quartile_2,0.001,0.35557839274406433,0,567932,0,1239,,0.0021815992055386913
global_calibrated,mitm,time_quartile_3,0.001,0.35557839274406433,0,567931,0,137,,0.0002412264870204303
global_calibrated,mitm,time_quartile_4,0.001,0.35557839274406433,1161,566770,1073,41401,0.9242032730404823,0.07304726785115655
global_calibrated,mitm,full_test,0.01,0.2090654820203781,1161,2270562,1142,65028,0.983634797588286,0.028639605524975756
global_calibrated,mitm,time_quartile_1,0.01,0.2090654820203781,0,567929,0,5669,,0.009981881538009153
global_calibrated,mitm,time_quartile_2,0.01,0.2090654820203781,0,567932,0,3817,,0.006720875034335097
global_calibrated,mitm,time_quartile_3,0.01,0.2090654820203781,0,567931,0,7597,,0.013376624977329993
global_calibrated,mitm,time_quartile_4,0.01,0.2090654820203781,1161,566770,1142,47945,0.983634797588286,0.0845933976745417
global_calibrated,password,full_test,0.001,0.2747986912727356,210951,2060772,210285,51173,0.9968428687230684,0.02483195617952884
global_calibrated,password,time_quartile_1,0.001,0.2747986912727356,0,567929,0,826,,0.001454407153006802
global_calibrated,password,time_quartile_2,0.001,0.2747986912727356,182192,385740,181651,49897,0.9970306050759639,0.12935396899465962
global_calibrated,password,time_quartile_3,0.001,0.2747986912727356,28759,539172,28634,294,0.9956535345457075,0.0005452805412743985
global_calibrated,password,time_quartile_4,0.001,0.2747986912727356,0,567931,0,156,,0.0002746812552933367
global_calibrated,password,full_test,0.01,0.14095698297023773,210951,2060772,210567,58933,0.9981796720565439,0.028597535292599084
global_calibrated,password,time_quartile_1,0.01,0.14095698297023773,0,567929,0,5208,,0.00917016035455136
global_calibrated,password,time_quartile_2,0.01,0.14095698297023773,182192,385740,181886,51111,0.9983204531483271,0.13250116658889408
global_calibrated,password,time_quartile_3,0.01,0.14095698297023773,28759,539172,28681,1829,0.9972878055565214,0.0033922384693567172
global_calibrated,password,time_quartile_4,0.01,0.14095698297023773,0,567931,0,785,,0.0013822101628542904
global_calibrated,ransomware,full_test,0.001,0.1781962513923645,709,2271014,648,22075,0.9139633286318759,0.009720327571736678
global_calibrated,ransomware,time_quartile_1,0.001,0.1781962513923645,0,567929,0,33,,5.8105854781143416e-05
global_calibrated,ransomware,time_quartile_2,0.001,0.1781962513923645,0,567932,0,1193,,0.0021006035933879407
global_calibrated,ransomware,time_quartile_3,0.001,0.1781962513923645,0,567931,0,486,,0.0008557377568753951
global_calibrated,ransomware,time_quartile_4,0.001,0.1781962513923645,709,567222,648,20363,0.9139633286318759,0.03589952434849142
global_calibrated,ransomware,full_test,0.01,0.05211140215396881,709,2271014,681,69828,0.9605077574047954,0.030747498694415797
global_calibrated,ransomware,time_quartile_1,0.01,0.05211140215396881,0,567929,0,264,,0.00046484683824914733
global_calibrated,ransomware,time_quartile_2,0.01,0.05211140215396881,0,567932,0,2587,,0.004555122796391117
global_calibrated,ransomware,time_quartile_3,0.01,0.05211140215396881,0,567931,0,13637,,0.024011719733559183
global_calibrated,ransomware,time_quartile_4,0.01,0.05211140215396881,709,567222,681,53340,0.9605077574047954,0.09403725525455642
global_calibrated,scanning,full_test,0.001,0.1438952088356018,6029,2265694,3214,39366,0.5330900646873445,0.017374808778237483
global_calibrated,scanning,time_quartile_1,0.001,0.1438952088356018,6029,561900,3214,1639,0.5330900646873445,0.0029168891261790353
global_calibrated,scanning,time_quartile_2,0.001,0.1438952088356018,0,567932,0,995,,0.0017519703063042758
global_calibrated,scanning,time_quartile_3,0.001,0.1438952088356018,0,567931,0,2781,,0.004896721608786983
global_calibrated,scanning,time_quartile_4,0.001,0.1438952088356018,0,567931,0,33951,,0.05978014934912868
global_calibrated,scanning,full_test,0.01,0.10213043540716171,6029,2265694,3693,44216,0.6125393929341516,0.019515433240322833
global_calibrated,scanning,time_quartile_1,0.01,0.10213043540716171,6029,561900,3693,2580,0.6125393929341516,0.004591564335290977
global_calibrated,scanning,time_quartile_2,0.01,0.10213043540716171,0,567932,0,1450,,0.0025531225569258294
global_calibrated,scanning,time_quartile_3,0.01,0.10213043540716171,0,567931,0,5568,,0.009804007881239094
global_calibrated,scanning,time_quartile_4,0.01,0.10213043540716171,0,567931,0,34618,,0.06095458779323545
global_calibrated,xss,full_test,0.001,0.1983688473701477,343854,1927869,312265,130991,0.9081325213608101,0.0679460067048124
global_calibrated,xss,time_quartile_1,0.001,0.1983688473701477,0,567929,0,1306,,0.002299583222550706
global_calibrated,xss,time_quartile_2,0.001,0.1983688473701477,0,567932,0,2118,,0.0037293197072889007
global_calibrated,xss,time_quartile_3,0.001,0.1983688473701477,255032,312899,233657,97059,0.9161869882995075,0.3101927459020323
global_calibrated,xss,time_quartile_4,0.001,0.1983688473701477,88822,479109,78608,30508,0.8850059669901601,0.06367653289752437
global_calibrated,xss,full_test,0.01,0.13826560974121094,343854,1927869,326267,138763,0.9488532923857218,0.07197740095411047
global_calibrated,xss,time_quartile_1,0.01,0.13826560974121094,0,567929,0,3111,,0.005477797400731429
global_calibrated,xss,time_quartile_2,0.01,0.13826560974121094,0,567932,0,2703,,0.004759372600945184
global_calibrated,xss,time_quartile_3,0.01,0.13826560974121094,255032,312899,243560,99556,0.9550174095799743,0.3181729567687976
global_calibrated,xss,time_quartile_4,0.01,0.13826560974121094,88822,479109,82707,33393,0.9311544437188984,0.06969812714851945
designed_e1_raw,backdoor,full_test,0.001,0.26290521025657654,40030,2231693,40012,496,0.9995503372470647,0.00022225279193867616
designed_e1_raw,backdoor,time_quartile_1,0.001,0.26290521025657654,0,567929,0,37,,6.514898869400929e-05
designed_e1_raw,backdoor,time_quartile_2,0.001,0.26290521025657654,0,567932,0,27,,4.7540902784136126e-05
designed_e1_raw,backdoor,time_quartile_3,0.001,0.26290521025657654,0,567931,0,52,,9.156041843111223e-05
designed_e1_raw,backdoor,time_quartile_4,0.001,0.26290521025657654,40030,527901,40012,380,0.9995503372470647,0.0007198319381853794
designed_e1_raw,backdoor,full_test,0.01,0.008254306390881538,40030,2231693,40026,36845,0.9999000749437922,0.016509887336654278
designed_e1_raw,backdoor,time_quartile_1,0.01,0.008254306390881538,0,567929,0,3744,,0.006592373342442453
designed_e1_raw,backdoor,time_quartile_2,0.01,0.008254306390881538,0,567932,0,2682,,0.004722396343224189
designed_e1_raw,backdoor,time_quartile_3,0.01,0.008254306390881538,0,567931,0,5765,,0.010150881004910808
designed_e1_raw,backdoor,time_quartile_4,0.01,0.008254306390881538,40030,527901,40026,24654,0.9999000749437922,0.04670193843163775
designed_e1_raw,benign,full_test,0.001,0.6788113117218018,1474302,797421,1150053,391,0.7800660922931665,0.000490330703605749
designed_e1_raw,benign,time_quartile_1,0.001,0.6788113117218018,394793,173136,378466,344,0.9586441502255613,0.001986877368080584
designed_e1_raw,benign,time_quartile_2,0.001,0.6788113117218018,358160,209772,299274,2,0.8355874469510833,9.534160898499323e-06
designed_e1_raw,benign,time_quartile_3,0.001,0.6788113117218018,284140,283791,148555,18,0.5228232561413387,6.34269585716249e-05
designed_e1_raw,benign,time_quartile_4,0.001,0.6788113117218018,437209,130722,323758,27,0.7405108312042982,0.00020654518749713133
designed_e1_raw,benign,full_test,0.01,0.19074150919914246,1474302,797421,1277368,10723,0.8664222120026969,0.013447100088911628
designed_e1_raw,benign,time_quartile_1,0.01,0.19074150919914246,394793,173136,392858,6027,0.9950986972919986,0.03481078458552814
designed_e1_raw,benign,time_quartile_2,0.01,0.19074150919914246,358160,209772,306089,93,0.8546152557516193,0.0004433384817802185
designed_e1_raw,benign,time_quartile_3,0.01,0.19074150919914246,284140,283791,175468,2792,0.6175406489758569,0.00983822601844315
designed_e1_raw,benign,time_quartile_4,0.01,0.19074150919914246,437209,130722,402953,1811,0.921648456459039,0.013853827205826104
designed_e1_raw,ddos,full_test,0.001,0.2924686074256897,103338,2168385,101569,2479,0.9828814182585303,0.00114324716321133
designed_e1_raw,ddos,time_quartile_1,0.001,0.2924686074256897,75758,492171,74206,1163,0.9795137147231976,0.002362999851677567
designed_e1_raw,ddos,time_quartile_2,0.001,0.2924686074256897,27580,540352,27363,36,0.9921319796954314,6.66232381854791e-05
designed_e1_raw,ddos,time_quartile_3,0.001,0.2924686074256897,0,567931,0,324,,0.0005704918379169301
designed_e1_raw,ddos,time_quartile_4,0.001,0.2924686074256897,0,567931,0,956,,0.001683303077310448
designed_e1_raw,ddos,full_test,0.01,0.13129529356956482,103338,2168385,101883,5924,0.985919990710097,0.002731987170175038
designed_e1_raw,ddos,time_quartile_1,0.01,0.13129529356956482,75758,492171,74465,2658,0.9829324955780248,0.0054005619997927546
designed_e1_raw,ddos,time_quartile_2,0.01,0.13129529356956482,27580,540352,27418,69,0.9941261783901377,0.0001276945398555016
designed_e1_raw,ddos,time_quartile_3,0.01,0.13129529356956482,0,567931,0,1311,,0.002308379010830541
designed_e1_raw,ddos,time_quartile_4,0.01,0.13129529356956482,0,567931,0,1886,,0.00332082594540534
designed_e1_raw,dos,full_test,0.001,0.14560818672180176,22458,2249265,22157,35513,0.9865972036690711,0.015788713201868167
designed_e1_raw,dos,time_quartile_1,0.001,0.14560818672180176,22458,545471,22157,13937,0.9865972036690711,0.02555039589639046
designed_e1_raw,dos,time_quartile_2,0.001,0.14560818672180176,0,567932,0,19241,,0.03387905594331716
designed_e1_raw,dos,time_quartile_3,0.001,0.14560818672180176,0,567931,0,241,,0.00042434732388265474
designed_e1_raw,dos,time_quartile_4,0.001,0.14560818672180176,0,567931,0,2094,,0.0036870676191297887
designed_e1_raw,dos,full_test,0.01,0.06719711422920227,22458,2249265,22274,387821,0.9918069284887345,0.17242121315185183
designed_e1_raw,dos,time_quartile_1,0.01,0.06719711422920227,22458,545471,22274,198540,0.9918069284887345,0.363979019966231
designed_e1_raw,dos,time_quartile_2,0.01,0.06719711422920227,0,567932,0,171019,,0.30112583900889545
designed_e1_raw,dos,time_quartile_3,0.01,0.06719711422920227,0,567931,0,4388,,0.007726290693763855
designed_e1_raw,dos,time_quartile_4,0.01,0.06719711422920227,0,567931,0,13874,,0.02442902394833175
designed_e1_raw,injection,full_test,0.001,0.2359200268983841,68891,2202832,66269,9783,0.9619398760360569,0.004441101273270045
designed_e1_raw,injection,time_quartile_1,0.001,0.2359200268983841,68891,499038,66269,1532,0.9619398760360569,0.003069906500106204
designed_e1_raw,injection,time_quartile_2,0.001,0.2359200268983841,0,567932,0,804,,0.0014156624384609425
designed_e1_raw,injection,time_quartile_3,0.001,0.2359200268983841,0,567931,0,6577,,0.011580632154258176
designed_e1_raw,injection,time_quartile_4,0.001,0.2359200268983841,0,567931,0,870,,0.0015318762314436084
designed_e1_raw,injection,full_test,0.01,0.07940356433391571,68891,2202832,66932,23939,0.9715637746585185,0.010867374361730717
designed_e1_raw,injection,time_quartile_1,0.01,0.07940356433391571,68891,499038,66932,2668,0.9715637746585185,0.005346286254754147
designed_e1_raw,injection,time_quartile_2,0.01,0.07940356433391571,0,567932,0,3300,,0.005810554784727749
designed_e1_raw,injection,time_quartile_3,0.01,0.07940356433391571,0,567931,0,14736,,0.02594681396155519
designed_e1_raw,injection,time_quartile_4,0.01,0.07940356433391571,0,567931,0,3235,,0.0056961144927816934
designed_e1_raw,mitm,full_test,0.001,0.7221693992614746,1161,2270562,1062,21381,0.9147286821705426,0.009416611394007299
designed_e1_raw,mitm,time_quartile_1,0.001,0.7221693992614746,0,567929,0,817,,0.0014385601017028538
designed_e1_raw,mitm,time_quartile_2,0.001,0.7221693992614746,0,567932,0,665,,0.001170914827831501
designed_e1_raw,mitm,time_quartile_3,0.001,0.7221693992614746,0,567931,0,117,,0.00020601094147000253
designed_e1_raw,mitm,time_quartile_4,0.001,0.7221693992614746,1161,566770,1062,19782,0.9147286821705426,0.034903047091412745
designed_e1_raw,mitm,full_test,0.01,0.19780024886131287,1161,2270562,1153,80444,0.9931093884582257,0.03542911402551439
designed_e1_raw,mitm,time_quartile_1,0.01,0.19780024886131287,0,567929,0,10156,,0.01788251700476644
designed_e1_raw,mitm,time_quartile_2,0.01,0.19780024886131287,0,567932,0,4994,,0.008793306240887994
designed_e1_raw,mitm,time_quartile_3,0.01,0.19780024886131287,0,567931,0,6172,,0.010867517356862012
designed_e1_raw,mitm,time_quartile_4,0.01,0.19780024886131287,1161,566770,1153,59122,0.9931093884582257,0.104313919226494
designed_e1_raw,password,full_test,0.001,0.13025538623332977,210951,2060772,210779,52059,0.999184644775327,0.025261892145273714
designed_e1_raw,password,time_quartile_1,0.001,0.13025538623332977,0,567929,0,662,,0.0011656386625793012
designed_e1_raw,password,time_quartile_2,0.001,0.13025538623332977,182192,385740,182051,50391,0.9992260911565821,0.1306346243583761
designed_e1_raw,password,time_quartile_3,0.001,0.13025538623332977,28759,539172,28728,709,0.9989220765673354,0.001314979264501866
designed_e1_raw,password,time_quartile_4,0.001,0.13025538623332977,0,567931,0,297,,0.0005229508514238525
designed_e1_raw,password,full_test,0.01,0.007740360219031572,210951,2060772,210858,76465,0.9995591393261942,0.037105026659911916
designed_e1_raw,password,time_quartile_1,0.01,0.007740360219031572,0,567929,0,4666,,0.008215815709358035
designed_e1_raw,password,time_quartile_2,0.01,0.007740360219031572,182192,385740,182116,53068,0.9995828576446826,0.13757453206823247
designed_e1_raw,password,time_quartile_3,0.01,0.007740360219031572,28759,539172,28742,15518,0.9994088806982162,0.028781168161551417
designed_e1_raw,password,time_quartile_4,0.01,0.007740360219031572,0,567931,0,3213,,0.005657377392676223
designed_e1_raw,ransomware,full_test,0.001,0.4550023674964905,709,2271014,653,8564,0.921015514809591,0.0037710027327000186
designed_e1_raw,ransomware,time_quartile_1,0.001,0.4550023674964905,0,567929,0,8,,1.4086267825731738e-05
designed_e1_raw,ransomware,time_quartile_2,0.001,0.4550023674964905,0,567932,0,329,,0.0005792947042955847
designed_e1_raw,ransomware,time_quartile_3,0.001,0.4550023674964905,0,567931,0,68,,0.00011973285487145445
designed_e1_raw,ransomware,time_quartile_4,0.001,0.4550023674964905,709,567222,653,8159,0.921015514809591,0.014384138838056351
designed_e1_raw,ransomware,full_test,0.01,0.0662359818816185,709,2271014,689,53687,0.9717912552891397,0.0236401008536275
designed_e1_raw,ransomware,time_quartile_1,0.01,0.0662359818816185,0,567929,0,2871,,0.005055209365959478
designed_e1_raw,ransomware,time_quartile_2,0.01,0.0662359818816185,0,567932,0,2790,,0.004912559954360733
designed_e1_raw,ransomware,time_quartile_3,0.01,0.0662359818816185,0,567931,0,2804,,0.004937219486169975
designed_e1_raw,ransomware,time_quartile_4,0.01,0.0662359818816185,709,567222,689,45222,0.9717912552891397,0.07972539852121392
designed_e1_raw,scanning,full_test,0.001,0.23036320507526398,6029,2265694,5827,44709,0.9664952728479018,0.019733026613479136
designed_e1_raw,scanning,time_quartile_1,0.001,0.23036320507526398,6029,561900,5827,3437,0.9664952728479018,0.00611674675209112
designed_e1_raw,scanning,time_quartile_2,0.001,0.23036320507526398,0,567932,0,848,,0.0014931365022573125
designed_e1_raw,scanning,time_quartile_3,0.001,0.23036320507526398,0,567931,0,1036,,0.0018241652595121591
designed_e1_raw,scanning,time_quartile_4,0.001,0.23036320507526398,0,567931,0,39388,,0.06935349540701247
designed_e1_raw,scanning,full_test,0.01,0.07571599632501602,6029,2265694,5979,69564,0.9917067507049262,0.030703175274330956
designed_e1_raw,scanning,time_quartile_1,0.01,0.07571599632501602,6029,561900,5979,11667,0.9917067507049262,0.020763481046449546
designed_e1_raw,scanning,time_quartile_2,0.01,0.07571599632501602,0,567932,0,4261,,0.007502658769007557
designed_e1_raw,scanning,time_quartile_3,0.01,0.07571599632501602,0,567931,0,6195,,0.010908015234245005
designed_e1_raw,scanning,time_quartile_4,0.01,0.07571599632501602,0,567931,0,47441,,0.08353303482289222
designed_e1_raw,xss,full_test,0.001,0.5780960917472839,343854,1927869,329468,108621,0.9581624759345536,0.056342521198276437
designed_e1_raw,xss,time_quartile_1,0.001,0.5780960917472839,0,567929,0,1187,,0.0020900499886429467
designed_e1_raw,xss,time_quartile_2,0.001,0.5780960917472839,0,567932,0,505,,0.0008891909594810647
designed_e1_raw,xss,time_quartile_3,0.001,0.5780960917472839,255032,312899,246042,104975,0.9647495216286583,0.33549164426859784
designed_e1_raw,xss,time_quartile_4,0.001,0.5780960917472839,88822,479109,83426,1954,0.939249285087028,0.004078403870517983
designed_e1_raw,xss,full_test,0.01,0.3574884235858917,343854,1927869,343445,118017,0.9988105416833889,0.06121629633548752
designed_e1_raw,xss,time_quartile_1,0.01,0.3574884235858917,0,567929,0,2548,,0.004486476302495559
designed_e1_raw,xss,time_quartile_2,0.01,0.3574884235858917,0,567932,0,1050,,0.0018488128860497384
designed_e1_raw,xss,time_quartile_3,0.01,0.3574884235858917,255032,312899,254814,111311,0.9991452053075692,0.3557409899040905
designed_e1_raw,xss,time_quartile_4,0.01,0.3574884235858917,88822,479109,88631,3108,0.9978496318479656,0.006487041570916013
designed_e1_calibrated,backdoor,full_test,0.001,0.26290521025657654,40030,2231693,40012,496,0.9995503372470647,0.00022225279193867616
designed_e1_calibrated,backdoor,time_quartile_1,0.001,0.26290521025657654,0,567929,0,37,,6.514898869400929e-05
designed_e1_calibrated,backdoor,time_quartile_2,0.001,0.26290521025657654,0,567932,0,27,,4.7540902784136126e-05
designed_e1_calibrated,backdoor,time_quartile_3,0.001,0.26290521025657654,0,567931,0,52,,9.156041843111223e-05
designed_e1_calibrated,backdoor,time_quartile_4,0.001,0.26290521025657654,40030,527901,40012,380,0.9995503372470647,0.0007198319381853794
designed_e1_calibrated,backdoor,full_test,0.01,0.008254305459558964,40030,2231693,40026,36845,0.9999000749437922,0.016509887336654278
designed_e1_calibrated,backdoor,time_quartile_1,0.01,0.008254305459558964,0,567929,0,3744,,0.006592373342442453
designed_e1_calibrated,backdoor,time_quartile_2,0.01,0.008254305459558964,0,567932,0,2682,,0.004722396343224189
designed_e1_calibrated,backdoor,time_quartile_3,0.01,0.008254305459558964,0,567931,0,5765,,0.010150881004910808
designed_e1_calibrated,backdoor,time_quartile_4,0.01,0.008254305459558964,40030,527901,40026,24654,0.9999000749437922,0.04670193843163775
designed_e1_calibrated,benign,full_test,0.001,0.6788113117218018,1474302,797421,1150053,391,0.7800660922931665,0.000490330703605749
designed_e1_calibrated,benign,time_quartile_1,0.001,0.6788113117218018,394793,173136,378466,344,0.9586441502255613,0.001986877368080584
designed_e1_calibrated,benign,time_quartile_2,0.001,0.6788113117218018,358160,209772,299274,2,0.8355874469510833,9.534160898499323e-06
designed_e1_calibrated,benign,time_quartile_3,0.001,0.6788113117218018,284140,283791,148555,18,0.5228232561413387,6.34269585716249e-05
designed_e1_calibrated,benign,time_quartile_4,0.001,0.6788113117218018,437209,130722,323758,27,0.7405108312042982,0.00020654518749713133
designed_e1_calibrated,benign,full_test,0.01,0.19074150919914246,1474302,797421,1277368,10723,0.8664222120026969,0.013447100088911628
designed_e1_calibrated,benign,time_quartile_1,0.01,0.19074150919914246,394793,173136,392858,6027,0.9950986972919986,0.03481078458552814
designed_e1_calibrated,benign,time_quartile_2,0.01,0.19074150919914246,358160,209772,306089,93,0.8546152557516193,0.0004433384817802185
designed_e1_calibrated,benign,time_quartile_3,0.01,0.19074150919914246,284140,283791,175468,2792,0.6175406489758569,0.00983822601844315
designed_e1_calibrated,benign,time_quartile_4,0.01,0.19074150919914246,437209,130722,402953,1811,0.921648456459039,0.013853827205826104
designed_e1_calibrated,ddos,full_test,0.001,0.2924686074256897,103338,2168385,101569,2479,0.9828814182585303,0.00114324716321133
designed_e1_calibrated,ddos,time_quartile_1,0.001,0.2924686074256897,75758,492171,74206,1163,0.9795137147231976,0.002362999851677567
designed_e1_calibrated,ddos,time_quartile_2,0.001,0.2924686074256897,27580,540352,27363,36,0.9921319796954314,6.66232381854791e-05
designed_e1_calibrated,ddos,time_quartile_3,0.001,0.2924686074256897,0,567931,0,324,,0.0005704918379169301
designed_e1_calibrated,ddos,time_quartile_4,0.001,0.2924686074256897,0,567931,0,956,,0.001683303077310448
designed_e1_calibrated,ddos,full_test,0.01,0.13129529356956482,103338,2168385,101883,5924,0.985919990710097,0.002731987170175038
designed_e1_calibrated,ddos,time_quartile_1,0.01,0.13129529356956482,75758,492171,74465,2658,0.9829324955780248,0.0054005619997927546
designed_e1_calibrated,ddos,time_quartile_2,0.01,0.13129529356956482,27580,540352,27418,69,0.9941261783901377,0.0001276945398555016
designed_e1_calibrated,ddos,time_quartile_3,0.01,0.13129529356956482,0,567931,0,1311,,0.002308379010830541
designed_e1_calibrated,ddos,time_quartile_4,0.01,0.13129529356956482,0,567931,0,1886,,0.00332082594540534
designed_e1_calibrated,dos,full_test,0.001,0.14560818672180176,22458,2249265,22157,35513,0.9865972036690711,0.015788713201868167
designed_e1_calibrated,dos,time_quartile_1,0.001,0.14560818672180176,22458,545471,22157,13937,0.9865972036690711,0.02555039589639046
designed_e1_calibrated,dos,time_quartile_2,0.001,0.14560818672180176,0,567932,0,19241,,0.03387905594331716
designed_e1_calibrated,dos,time_quartile_3,0.001,0.14560818672180176,0,567931,0,241,,0.00042434732388265474
designed_e1_calibrated,dos,time_quartile_4,0.001,0.14560818672180176,0,567931,0,2094,,0.0036870676191297887
designed_e1_calibrated,dos,full_test,0.01,0.06719711422920227,22458,2249265,22274,387821,0.9918069284887345,0.17242121315185183
designed_e1_calibrated,dos,time_quartile_1,0.01,0.06719711422920227,22458,545471,22274,198540,0.9918069284887345,0.363979019966231
designed_e1_calibrated,dos,time_quartile_2,0.01,0.06719711422920227,0,567932,0,171019,,0.30112583900889545
designed_e1_calibrated,dos,time_quartile_3,0.01,0.06719711422920227,0,567931,0,4388,,0.007726290693763855
designed_e1_calibrated,dos,time_quartile_4,0.01,0.06719711422920227,0,567931,0,13874,,0.02442902394833175
designed_e1_calibrated,injection,full_test,0.001,0.2359200268983841,68891,2202832,66269,9783,0.9619398760360569,0.004441101273270045
designed_e1_calibrated,injection,time_quartile_1,0.001,0.2359200268983841,68891,499038,66269,1532,0.9619398760360569,0.003069906500106204
designed_e1_calibrated,injection,time_quartile_2,0.001,0.2359200268983841,0,567932,0,804,,0.0014156624384609425
designed_e1_calibrated,injection,time_quartile_3,0.001,0.2359200268983841,0,567931,0,6577,,0.011580632154258176
designed_e1_calibrated,injection,time_quartile_4,0.001,0.2359200268983841,0,567931,0,870,,0.0015318762314436084
designed_e1_calibrated,injection,full_test,0.01,0.07940357178449631,68891,2202832,66932,23939,0.9715637746585185,0.010867374361730717
designed_e1_calibrated,injection,time_quartile_1,0.01,0.07940357178449631,68891,499038,66932,2668,0.9715637746585185,0.005346286254754147
designed_e1_calibrated,injection,time_quartile_2,0.01,0.07940357178449631,0,567932,0,3300,,0.005810554784727749
designed_e1_calibrated,injection,time_quartile_3,0.01,0.07940357178449631,0,567931,0,14736,,0.02594681396155519
designed_e1_calibrated,injection,time_quartile_4,0.01,0.07940357178449631,0,567931,0,3235,,0.0056961144927816934
designed_e1_calibrated,mitm,full_test,0.001,0.7221693992614746,1161,2270562,1062,21381,0.9147286821705426,0.009416611394007299
designed_e1_calibrated,mitm,time_quartile_1,0.001,0.7221693992614746,0,567929,0,817,,0.0014385601017028538
designed_e1_calibrated,mitm,time_quartile_2,0.001,0.7221693992614746,0,567932,0,665,,0.001170914827831501
designed_e1_calibrated,mitm,time_quartile_3,0.001,0.7221693992614746,0,567931,0,117,,0.00020601094147000253
designed_e1_calibrated,mitm,time_quartile_4,0.001,0.7221693992614746,1161,566770,1062,19782,0.9147286821705426,0.034903047091412745
designed_e1_calibrated,mitm,full_test,0.01,0.19780024886131287,1161,2270562,1153,80444,0.9931093884582257,0.03542911402551439
designed_e1_calibrated,mitm,time_quartile_1,0.01,0.19780024886131287,0,567929,0,10156,,0.01788251700476644
designed_e1_calibrated,mitm,time_quartile_2,0.01,0.19780024886131287,0,567932,0,4994,,0.008793306240887994
designed_e1_calibrated,mitm,time_quartile_3,0.01,0.19780024886131287,0,567931,0,6172,,0.010867517356862012
designed_e1_calibrated,mitm,time_quartile_4,0.01,0.19780024886131287,1161,566770,1153,59122,0.9931093884582257,0.104313919226494
designed_e1_calibrated,password,full_test,0.001,0.13025537133216858,210951,2060772,210779,52059,0.999184644775327,0.025261892145273714
designed_e1_calibrated,password,time_quartile_1,0.001,0.13025537133216858,0,567929,0,662,,0.0011656386625793012
designed_e1_calibrated,password,time_quartile_2,0.001,0.13025537133216858,182192,385740,182051,50391,0.9992260911565821,0.1306346243583761
designed_e1_calibrated,password,time_quartile_3,0.001,0.13025537133216858,28759,539172,28728,709,0.9989220765673354,0.001314979264501866
designed_e1_calibrated,password,time_quartile_4,0.001,0.13025537133216858,0,567931,0,297,,0.0005229508514238525
designed_e1_calibrated,password,full_test,0.01,0.007740359287708998,210951,2060772,210858,76465,0.9995591393261942,0.037105026659911916
designed_e1_calibrated,password,time_quartile_1,0.01,0.007740359287708998,0,567929,0,4666,,0.008215815709358035
designed_e1_calibrated,password,time_quartile_2,0.01,0.007740359287708998,182192,385740,182116,53068,0.9995828576446826,0.13757453206823247
designed_e1_calibrated,password,time_quartile_3,0.01,0.007740359287708998,28759,539172,28742,15518,0.9994088806982162,0.028781168161551417
designed_e1_calibrated,password,time_quartile_4,0.01,0.007740359287708998,0,567931,0,3213,,0.005657377392676223
designed_e1_calibrated,ransomware,full_test,0.001,0.4550023674964905,709,2271014,653,8564,0.921015514809591,0.0037710027327000186
designed_e1_calibrated,ransomware,time_quartile_1,0.001,0.4550023674964905,0,567929,0,8,,1.4086267825731738e-05
designed_e1_calibrated,ransomware,time_quartile_2,0.001,0.4550023674964905,0,567932,0,329,,0.0005792947042955847
designed_e1_calibrated,ransomware,time_quartile_3,0.001,0.4550023674964905,0,567931,0,68,,0.00011973285487145445
designed_e1_calibrated,ransomware,time_quartile_4,0.001,0.4550023674964905,709,567222,653,8159,0.921015514809591,0.014384138838056351
designed_e1_calibrated,ransomware,full_test,0.01,0.0662359818816185,709,2271014,689,53687,0.9717912552891397,0.0236401008536275
designed_e1_calibrated,ransomware,time_quartile_1,0.01,0.0662359818816185,0,567929,0,2871,,0.005055209365959478
designed_e1_calibrated,ransomware,time_quartile_2,0.01,0.0662359818816185,0,567932,0,2790,,0.004912559954360733
designed_e1_calibrated,ransomware,time_quartile_3,0.01,0.0662359818816185,0,567931,0,2804,,0.004937219486169975
designed_e1_calibrated,ransomware,time_quartile_4,0.01,0.0662359818816185,709,567222,689,45222,0.9717912552891397,0.07972539852121392
designed_e1_calibrated,scanning,full_test,0.001,0.23036321997642517,6029,2265694,5827,44709,0.9664952728479018,0.019733026613479136
designed_e1_calibrated,scanning,time_quartile_1,0.001,0.23036321997642517,6029,561900,5827,3437,0.9664952728479018,0.00611674675209112
designed_e1_calibrated,scanning,time_quartile_2,0.001,0.23036321997642517,0,567932,0,848,,0.0014931365022573125
designed_e1_calibrated,scanning,time_quartile_3,0.001,0.23036321997642517,0,567931,0,1036,,0.0018241652595121591
designed_e1_calibrated,scanning,time_quartile_4,0.001,0.23036321997642517,0,567931,0,39388,,0.06935349540701247
designed_e1_calibrated,scanning,full_test,0.01,0.07571599632501602,6029,2265694,5979,69564,0.9917067507049262,0.030703175274330956
designed_e1_calibrated,scanning,time_quartile_1,0.01,0.07571599632501602,6029,561900,5979,11667,0.9917067507049262,0.020763481046449546
designed_e1_calibrated,scanning,time_quartile_2,0.01,0.07571599632501602,0,567932,0,4261,,0.007502658769007557
designed_e1_calibrated,scanning,time_quartile_3,0.01,0.07571599632501602,0,567931,0,6195,,0.010908015234245005
designed_e1_calibrated,scanning,time_quartile_4,0.01,0.07571599632501602,0,567931,0,47441,,0.08353303482289222
designed_e1_calibrated,xss,full_test,0.001,0.5780960917472839,343854,1927869,329468,108621,0.9581624759345536,0.056342521198276437
designed_e1_calibrated,xss,time_quartile_1,0.001,0.5780960917472839,0,567929,0,1187,,0.0020900499886429467
designed_e1_calibrated,xss,time_quartile_2,0.001,0.5780960917472839,0,567932,0,505,,0.0008891909594810647
designed_e1_calibrated,xss,time_quartile_3,0.001,0.5780960917472839,255032,312899,246042,104975,0.9647495216286583,0.33549164426859784
designed_e1_calibrated,xss,time_quartile_4,0.001,0.5780960917472839,88822,479109,83426,1954,0.939249285087028,0.004078403870517983
designed_e1_calibrated,xss,full_test,0.01,0.3574884235858917,343854,1927869,343445,118017,0.9988105416833889,0.06121629633548752
designed_e1_calibrated,xss,time_quartile_1,0.01,0.3574884235858917,0,567929,0,2548,,0.004486476302495559
designed_e1_calibrated,xss,time_quartile_2,0.01,0.3574884235858917,0,567932,0,1050,,0.0018488128860497384
designed_e1_calibrated,xss,time_quartile_3,0.01,0.3574884235858917,255032,312899,254814,111311,0.9991452053075692,0.3557409899040905
designed_e1_calibrated,xss,time_quartile_4,0.01,0.3574884235858917,88822,479109,88631,3108,0.9978496318479656,0.006487041570916013
designed_e2_raw,backdoor,full_test,0.001,0.17030158638954163,40030,2231693,40010,31515,0.9995003747189608,0.014121566003926167
designed_e2_raw,backdoor,time_quartile_1,0.001,0.17030158638954163,0,567929,0,271,,0.0004771723225966626
designed_e2_raw,backdoor,time_quartile_2,0.001,0.17030158638954163,0,567932,0,124,,0.00021833599797158816
designed_e2_raw,backdoor,time_quartile_3,0.001,0.17030158638954163,0,567931,0,90,,0.00015846995497692502
designed_e2_raw,backdoor,time_quartile_4,0.001,0.17030158638954163,40030,527901,40010,31030,0.9995003747189608,0.05877996063655875
designed_e2_raw,backdoor,full_test,0.01,0.01958986185491085,40030,2231693,40016,50322,0.9996502623032726,0.022548800395036414
designed_e2_raw,backdoor,time_quartile_1,0.01,0.01958986185491085,0,567929,0,2398,,0.004222358780763089
designed_e2_raw,backdoor,time_quartile_2,0.01,0.01958986185491085,0,567932,0,1323,,0.00232950423642267
designed_e2_raw,backdoor,time_quartile_3,0.01,0.01958986185491085,0,567931,0,952,,0.0016762599682003624
designed_e2_raw,backdoor,time_quartile_4,0.01,0.01958986185491085,40030,527901,40016,45649,0.9996502623032726,0.08647265301637996
designed_e2_raw,benign,full_test,0.001,0.5600961446762085,1474302,797421,1157631,450,0.7852061517925093,0.0005643192240986881
designed_e2_raw,benign,time_quartile_1,0.001,0.5600961446762085,394793,173136,377815,379,0.9569951848183732,0.0021890305886701784
designed_e2_raw,benign,time_quartile_2,0.001,0.5600961446762085,358160,209772,300024,6,0.8376814831360286,2.860248269549797e-05
designed_e2_raw,benign,time_quartile_3,0.001,0.5600961446762085,284140,283791,149921,41,0.5276307454071937,0.00014447251674647892
designed_e2_raw,benign,time_quartile_4,0.001,0.5600961446762085,437209,130722,329871,24,0.7544927025747411,0.00018359572221967227
designed_e2_raw,benign,full_test,0.01,0.20331190526485443,1474302,797421,1281556,14388,0.8692628782976622,0.018043166658515387
designed_e2_raw,benign,time_quartile_1,0.01,0.20331190526485443,394793,173136,392606,3024,0.9944603881021193,0.017466038258940948
designed_e2_raw,benign,time_quartile_2,0.01,0.20331190526485443,358160,209772,306070,51,0.8545622068349341,0.00024312110291173274
designed_e2_raw,benign,time_quartile_3,0.01,0.20331190526485443,284140,283791,178068,6340,0.626691067783487,0.022340384296894545
designed_e2_raw,benign,time_quartile_4,0.01,0.20331190526485443,437209,130722,404812,4973,0.9259004274843382,0.03804256360826793
designed_e2_raw,ddos,full_test,0.001,0.9375584721565247,103338,2168385,38327,75,0.3708897017554046,3.458795370748276e-05
designed_e2_raw,ddos,time_quartile_1,0.001,0.9375584721565247,75758,492171,35361,59,0.46676258612951765,0.00011987703460789034
designed_e2_raw,ddos,time_quartile_2,0.001,0.9375584721565247,27580,540352,2966,10,0.1075416968817984,1.850645505152197e-05
designed_e2_raw,ddos,time_quartile_3,0.001,0.9375584721565247,0,567931,0,6,,1.0564663665128334e-05
designed_e2_raw,ddos,time_quartile_4,0.001,0.9375584721565247,0,567931,0,0,,0.0
designed_e2_raw,ddos,full_test,0.01,0.8417277932167053,103338,2168385,98694,238,0.9550600940602683,0.00010975910643174528
designed_e2_raw,ddos,time_quartile_1,0.01,0.8417277932167053,75758,492171,72016,149,0.950605876607091,0.00030274030773857054
designed_e2_raw,ddos,time_quartile_2,0.01,0.8417277932167053,27580,540352,26678,17,0.9672951414068165,3.1460973587587354e-05
designed_e2_raw,ddos,time_quartile_3,0.01,0.8417277932167053,0,567931,0,17,,2.9933213717863613e-05
designed_e2_raw,ddos,time_quartile_4,0.01,0.8417277932167053,0,567931,0,55,,9.68427502636764e-05
designed_e2_raw,dos,full_test,0.001,0.4148036241531372,22458,2249265,21725,979,0.9673612966426218,0.00043525329385377
designed_e2_raw,dos,time_quartile_1,0.001,0.4148036241531372,22458,545471,21725,92,0.9673612966426218,0.00016866157870904227
designed_e2_raw,dos,time_quartile_2,0.001,0.4148036241531372,0,567932,0,273,,0.00048069135037293194
designed_e2_raw,dos,time_quartile_3,0.001,0.4148036241531372,0,567931,0,109,,0.00019192472324983142
designed_e2_raw,dos,time_quartile_4,0.001,0.4148036241531372,0,567931,0,505,,0.0008891925251483015
designed_e2_raw,dos,full_test,0.01,0.1805676370859146,22458,2249265,22343,18681,0.994879330305459,0.008305379757387413
designed_e2_raw,dos,time_quartile_1,0.01,0.1805676370859146,22458,545471,22343,883,0.994879330305459,0.0016187845000009166
designed_e2_raw,dos,time_quartile_2,0.01,0.1805676370859146,0,567932,0,774,,0.0013628392131452356
designed_e2_raw,dos,time_quartile_3,0.01,0.1805676370859146,0,567931,0,10161,,0.017891257916894835
designed_e2_raw,dos,time_quartile_4,0.01,0.1805676370859146,0,567931,0,6863,,0.012084214455629292
designed_e2_raw,injection,full_test,0.001,0.6698744297027588,68891,2202832,65479,8088,0.950472485520605,0.0036716372378828707
designed_e2_raw,injection,time_quartile_1,0.001,0.6698744297027588,68891,499038,65479,1261,0.950472485520605,0.0025268616818759295
designed_e2_raw,injection,time_quartile_2,0.001,0.6698744297027588,0,567932,0,159,,0.00027996309417324607
designed_e2_raw,injection,time_quartile_3,0.001,0.6698744297027588,0,567931,0,5632,,0.009916697627000462
designed_e2_raw,injection,time_quartile_4,0.001,0.6698744297027588,0,567931,0,1036,,0.0018241652595121591
designed_e2_raw,injection,full_test,0.01,0.31714144349098206,68891,2202832,66698,27693,0.9681671045564733,0.012571544266653108
designed_e2_raw,injection,time_quartile_1,0.01,0.31714144349098206,68891,499038,66698,1932,0.9681671045564733,0.0038714486672357614
designed_e2_raw,injection,time_quartile_2,0.01,0.31714144349098206,0,567932,0,9285,,0.016348788235211256
designed_e2_raw,injection,time_quartile_3,0.01,0.31714144349098206,0,567931,0,13840,,0.024369157520896023
designed_e2_raw,injection,time_quartile_4,0.01,0.31714144349098206,0,567931,0,2636,,0.0046414089035463815
designed_e2_raw,mitm,full_test,0.001,0.7098361253738403,1161,2270562,1046,15688,0.9009474590869939,0.006909302630802418
designed_e2_raw,mitm,time_quartile_1,0.001,0.7098361253738403,0,567929,0,691,,0.0012167013834475787
designed_e2_raw,mitm,time_quartile_2,0.001,0.7098361253738403,0,567932,0,947,,0.001667453145799145
designed_e2_raw,mitm,time_quartile_3,0.001,0.7098361253738403,0,567931,0,111,,0.00019544627780487418
designed_e2_raw,mitm,time_quartile_4,0.001,0.7098361253738403,1161,566770,1046,13939,0.9009474590869939,0.024593750551370044
designed_e2_raw,mitm,full_test,0.01,0.34130537509918213,1161,2270562,1151,59832,0.9913867355727821,0.026351185301260217
designed_e2_raw,mitm,time_quartile_1,0.01,0.34130537509918213,0,567929,0,6277,,0.011052437892764765
designed_e2_raw,mitm,time_quartile_2,0.01,0.34130537509918213,0,567932,0,2994,,0.005271757886507539
designed_e2_raw,mitm,time_quartile_3,0.01,0.34130537509918213,0,567931,0,1347,,0.0023717669928213113
designed_e2_raw,mitm,time_quartile_4,0.01,0.34130537509918213,1161,566770,1151,49214,0.9913867355727821,0.08683240115037846
designed_e2_raw,password,full_test,0.001,0.30378395318984985,210951,2060772,210249,50825,0.9966722129783694,0.02466308742548909
designed_e2_raw,password,time_quartile_1,0.001,0.30378395318984985,0,567929,0,494,,0.0008698270382389348
designed_e2_raw,password,time_quartile_2,0.001,0.30378395318984985,182192,385740,181623,49876,0.9968769210503206,0.12929952817960283
designed_e2_raw,password,time_quartile_3,0.001,0.30378395318984985,28759,539172,28626,350,0.9953753607566327,0.0006491435015171411
designed_e2_raw,password,time_quartile_4,0.001,0.30378395318984985,0,567931,0,105,,0.00018488161413974586
designed_e2_raw,password,full_test,0.01,0.014301043935120106,210951,2060772,210771,63585,0.999146721276505,0.030854941740279855
designed_e2_raw,password,time_quartile_1,0.01,0.014301043935120106,0,567929,0,2938,,0.00517318185899998
designed_e2_raw,password,time_quartile_2,0.01,0.014301043935120106,182192,385740,182047,51653,0.9992041362957759,0.13390625810131176
designed_e2_raw,password,time_quartile_3,0.01,0.014301043935120106,28759,539172,28724,6426,0.9987829896727981,0.01191827468785471
designed_e2_raw,password,time_quartile_4,0.01,0.014301043935120106,0,567931,0,2568,,0.0045216760486749275
designed_e2_raw,ransomware,full_test,0.001,0.37783724069595337,709,2271014,669,10955,0.9435825105782792,0.0048238364008324035
designed_e2_raw,ransomware,time_quartile_1,0.001,0.37783724069595337,0,567929,0,33,,5.8105854781143416e-05
designed_e2_raw,ransomware,time_quartile_2,0.001,0.37783724069595337,0,567932,0,1229,,0.002163991463766789
designed_e2_raw,ransomware,time_quartile_3,0.001,0.37783724069595337,0,567931,0,483,,0.0008504554250428309
designed_e2_raw,ransomware,time_quartile_4,0.001,0.37783724069595337,709,567222,669,9210,0.9435825105782792,0.016237028888160192
designed_e2_raw,ransomware,full_test,0.01,0.2282307744026184,709,2271014,690,16184,0.9732016925246827,0.007126332114200969
designed_e2_raw,ransomware,time_quartile_1,0.01,0.2282307744026184,0,567929,0,165,,0.0002905292739057171
designed_e2_raw,ransomware,time_quartile_2,0.01,0.2282307744026184,0,567932,0,1789,,0.003150025002993316
designed_e2_raw,ransomware,time_quartile_3,0.01,0.2282307744026184,0,567931,0,838,,0.0014755313585629241
designed_e2_raw,ransomware,time_quartile_4,0.01,0.2282307744026184,709,567222,690,13392,0.9732016925246827,0.023609803568972996
designed_e2_raw,scanning,full_test,0.001,0.3632502257823944,6029,2265694,5775,10222,0.957870293581025,0.004511641907512665
designed_e2_raw,scanning,time_quartile_1,0.001,0.3632502257823944,6029,561900,5775,1088,0.957870293581025,0.0019362875956575904
designed_e2_raw,scanning,time_quartile_2,0.001,0.3632502257823944,0,567932,0,776,,0.0013663607614996162
designed_e2_raw,scanning,time_quartile_3,0.001,0.3632502257823944,0,567931,0,3676,,0.006472617272168626
designed_e2_raw,scanning,time_quartile_4,0.001,0.3632502257823944,0,567931,0,4682,,0.008243959213355143
designed_e2_raw,scanning,full_test,0.01,0.30170831084251404,6029,2265694,5828,14161,0.9666611378338033,0.006250182063420744
designed_e2_raw,scanning,time_quartile_1,0.01,0.30170831084251404,6029,561900,5828,2812,0.9666611378338033,0.005004449190247375
designed_e2_raw,scanning,time_quartile_2,0.01,0.30170831084251404,0,567932,0,977,,0.0017202763711148517
designed_e2_raw,scanning,time_quartile_3,0.01,0.30170831084251404,0,567931,0,4894,,0.008617243996189678
designed_e2_raw,scanning,time_quartile_4,0.01,0.30170831084251404,0,567931,0,5478,,0.009645537926262169
designed_e2_raw,xss,full_test,0.001,0.2803099751472473,343854,1927869,327175,110181,0.9514939480128194,0.05715170480981851
designed_e2_raw,xss,time_quartile_1,0.001,0.2803099751472473,0,567929,0,1100,,0.001936861826038114
designed_e2_raw,xss,time_quartile_2,0.001,0.2803099751472473,0,567932,0,991,,0.001744927209595515
designed_e2_raw,xss,time_quartile_3,0.001,0.2803099751472473,255032,312899,244298,105883,0.9579111640892123,0.3383935391292398
designed_e2_raw,xss,time_quartile_4,0.001,0.2803099751472473,88822,479109,82877,2207,0.9330683839589291,0.004606467421818417
designed_e2_raw,xss,full_test,0.01,0.19730885326862335,343854,1927869,339883,127452,0.9884514939480128,0.06611030106298717
designed_e2_raw,xss,time_quartile_1,0.01,0.19730885326862335,0,567929,0,2506,,0.004412523396410467
designed_e2_raw,xss,time_quartile_2,0.01,0.19730885326862335,0,567932,0,1265,,0.002227379334145637
designed_e2_raw,xss,time_quartile_3,0.01,0.19730885326862335,255032,312899,252717,119661,0.9909227077386367,0.3824269173119761
designed_e2_raw,xss,time_quartile_4,0.01,0.19730885326862335,88822,479109,87166,4020,0.9813559703677017,0.008390575004852758
designed_e2_calibrated,backdoor,full_test,0.001,0.1545567661523819,40030,2231693,40010,31498,0.9995003747189608,0.014113948468718591
designed_e2_calibrated,backdoor,time_quartile_1,0.001,0.1545567661523819,0,567929,0,235,,0.0004137841173808698
designed_e2_calibrated,backdoor,time_quartile_2,0.001,0.1545567661523819,0,567932,0,131,,0.00023066141721191975
designed_e2_calibrated,backdoor,time_quartile_3,0.001,0.1545567661523819,0,567931,0,95,,0.00016727384136453196
designed_e2_calibrated,backdoor,time_quartile_4,0.001,0.1545567661523819,40030,527901,40010,31037,0.9995003747189608,0.05879322069857795
designed_e2_calibrated,backdoor,full_test,0.01,0.010430115275084972,40030,2231693,40016,47698,0.9996502623032726,0.021373011431231805
designed_e2_calibrated,backdoor,time_quartile_1,0.01,0.010430115275084972,0,567929,0,2309,,0.0040656490512018225
designed_e2_calibrated,backdoor,time_quartile_2,0.01,0.010430115275084972,0,567932,0,1226,,0.0021587091412352184
designed_e2_calibrated,backdoor,time_quartile_3,0.01,0.010430115275084972,0,567931,0,887,,0.001561809445161472
designed_e2_calibrated,backdoor,time_quartile_4,0.01,0.010430115275084972,40030,527901,40016,43276,0.9996502623032726,0.08197749199186968
designed_e2_calibrated,benign,full_test,0.001,0.6258172392845154,1474302,797421,1162912,428,0.7887881858669391,0.0005367302842538634
designed_e2_calibrated,benign,time_quartile_1,0.001,0.6258172392845154,394793,173136,378034,356,0.957549905900054,0.002056187043711302
designed_e2_calibrated,benign,time_quartile_2,0.001,0.6258172392845154,358160,209772,300450,6,0.8388708956890775,2.860248269549797e-05
designed_e2_calibrated,benign,time_quartile_3,0.001,0.6258172392845154,284140,283791,154005,39,0.542003941718871,0.00013742507690518726
designed_e2_calibrated,benign,time_quartile_4,0.001,0.6258172392845154,437209,130722,330423,27,0.7557552566392732,0.00020654518749713133
designed_e2_calibrated,benign,full_test,0.01,0.20402368903160095,1474302,797421,1277870,15332,0.8667627121173274,0.019226982986402415
designed_e2_calibrated,benign,time_quartile_1,0.01,0.20402368903160095,394793,173136,392163,2283,0.9933382810738792,0.013186165788744108
designed_e2_calibrated,benign,time_quartile_2,0.01,0.20402368903160095,358160,209772,305936,53,0.8541880723698906,0.0002526552638102321
designed_e2_calibrated,benign,time_quartile_3,0.01,0.20402368903160095,284140,283791,177408,7407,0.6243682691630886,0.026100193452223645
designed_e2_calibrated,benign,time_quartile_4,0.01,0.20402368903160095,437209,130722,402363,5589,0.9202989874407892,0.042754853811906184
designed_e2_calibrated,ddos,full_test,0.001,0.9777200818061829,103338,2168385,37357,75,0.36150302889546926,3.458795370748276e-05
designed_e2_calibrated,ddos,time_quartile_1,0.001,0.9777200818061829,75758,492171,34595,60,0.4566514427519206,0.00012190884875378679
designed_e2_calibrated,ddos,time_quartile_2,0.001,0.9777200818061829,27580,540352,2762,10,0.10014503263234227,1.850645505152197e-05
designed_e2_calibrated,ddos,time_quartile_3,0.001,0.9777200818061829,0,567931,0,5,,8.803886387606944e-06
designed_e2_calibrated,ddos,time_quartile_4,0.001,0.9777200818061829,0,567931,0,0,,0.0
designed_e2_calibrated,ddos,full_test,0.01,0.9243596196174622,103338,2168385,98560,233,0.953763378428071,0.00010745324285124644
designed_e2_calibrated,ddos,time_quartile_1,0.01,0.9243596196174622,75758,492171,71904,146,0.9491274848860847,0.0002966448653008812
designed_e2_calibrated,ddos,time_quartile_2,0.01,0.9243596196174622,27580,540352,26656,17,0.966497461928934,3.1460973587587354e-05
designed_e2_calibrated,ddos,time_quartile_3,0.01,0.9243596196174622,0,567931,0,16,,2.8172436440342224e-05
designed_e2_calibrated,ddos,time_quartile_4,0.01,0.9243596196174622,0,567931,0,54,,9.5081972986155e-05
designed_e2_calibrated,dos,full_test,0.001,0.46344640851020813,22458,2249265,21792,962,0.9703446433342239,0.0004276952693435411
designed_e2_calibrated,dos,time_quartile_1,0.001,0.46344640851020813,22458,545471,21792,93,0.9703446433342239,0.00017049485673848838
designed_e2_calibrated,dos,time_quartile_2,0.001,0.46344640851020813,0,567932,0,268,,0.0004718874794869808
designed_e2_calibrated,dos,time_quartile_3,0.001,0.46344640851020813,0,567931,0,108,,0.00019016394597231
designed_e2_calibrated,dos,time_quartile_4,0.001,0.46344640851020813,0,567931,0,493,,0.0008680631978180448
designed_e2_calibrated,dos,full_test,0.01,0.17408019304275513,22458,2249265,22337,18207,0.9946121649300917,0.00809464425045515
designed_e2_calibrated,dos,time_quartile_1,0.01,0.17408019304275513,22458,545471,22337,835,0.9946121649300917,0.0015307871545875032
designed_e2_calibrated,dos,time_quartile_2,0.01,0.17408019304275513,0,567932,0,723,,0.001273039730108534
designed_e2_calibrated,dos,time_quartile_3,0.01,0.17408019304275513,0,567931,0,10104,,0.017790893612076114
designed_e2_calibrated,dos,time_quartile_4,0.01,0.17408019304275513,0,567931,0,6545,,0.011524287281377492
designed_e2_calibrated,injection,full_test,0.001,0.7526562809944153,68891,2202832,65466,8087,0.950283781626047,0.0036711832768000466
designed_e2_calibrated,injection,time_quartile_1,0.001,0.7526562809944153,68891,499038,65466,1257,0.950283781626047,0.002518846260204634
designed_e2_calibrated,injection,time_quartile_2,0.001,0.7526562809944153,0,567932,0,160,,0.0002817238683504363
designed_e2_calibrated,injection,time_quartile_3,0.001,0.7526562809944153,0,567931,0,5647,,0.009943109286163284
designed_e2_calibrated,injection,time_quartile_4,0.001,0.7526562809944153,0,567931,0,1023,,0.001801275154904381
designed_e2_calibrated,injection,full_test,0.01,0.2999320924282074,68891,2202832,66734,26766,0.9686896691875572,0.01215072234287499
designed_e2_calibrated,injection,time_quartile_1,0.01,0.2999320924282074,68891,499038,66734,2043,0.9686896691875572,0.0040938766186142134
designed_e2_calibrated,injection,time_quartile_2,0.01,0.2999320924282074,0,567932,0,7412,,0.013050858201333962
designed_e2_calibrated,injection,time_quartile_3,0.01,0.2999320924282074,0,567931,0,14426,,0.025400973005523558
designed_e2_calibrated,injection,time_quartile_4,0.01,0.2999320924282074,0,567931,0,2885,,0.005079842445649207
designed_e2_calibrated,mitm,full_test,0.001,0.7842220664024353,1161,2270562,1056,17457,0.9095607235142119,0.007688404897113578
designed_e2_calibrated,mitm,time_quartile_1,0.001,0.7842220664024353,0,567929,0,826,,0.001454407153006802
designed_e2_calibrated,mitm,time_quartile_2,0.001,0.7842220664024353,0,567932,0,996,,0.001753731080481466
designed_e2_calibrated,mitm,time_quartile_3,0.001,0.7842220664024353,0,567931,0,134,,0.00023594415518786614
designed_e2_calibrated,mitm,time_quartile_4,0.001,0.7842220664024353,1161,566770,1056,15501,0.9095607235142119,0.027349718580729397
designed_e2_calibrated,mitm,full_test,0.01,0.36284950375556946,1161,2270562,1151,59384,0.9913867355727821,0.02615387732200222
designed_e2_calibrated,mitm,time_quartile_1,0.01,0.36284950375556946,0,567929,0,6020,,0.010599916538863132
designed_e2_calibrated,mitm,time_quartile_2,0.01,0.36284950375556946,0,567932,0,2953,,0.005199566145242741
designed_e2_calibrated,mitm,time_quartile_3,0.01,0.36284950375556946,0,567931,0,1441,,0.0025372800569083216
designed_e2_calibrated,mitm,time_quartile_4,0.01,0.36284950375556946,1161,566770,1151,48970,0.9913867355727821,0.08640189141979993
designed_e2_calibrated,password,full_test,0.001,0.2821161150932312,210951,2060772,210260,50899,0.9967243577892496,0.02469899629847455
designed_e2_calibrated,password,time_quartile_1,0.001,0.2821161150932312,0,567929,0,497,,0.0008751093886735842
designed_e2_calibrated,password,time_quartile_2,0.001,0.2821161150932312,182192,385740,181630,49891,0.9969153420567314,0.12933841447607197
designed_e2_calibrated,password,time_quartile_3,0.001,0.2821161150932312,28759,539172,28630,380,0.99551444765117,0.0007047843730757532
designed_e2_calibrated,password,time_quartile_4,0.001,0.2821161150932312,0,567931,0,131,,0.00023066182335530197
designed_e2_calibrated,password,full_test,0.01,0.005988274700939655,210951,2060772,210772,64012,0.9991514617138577,0.03106214564250679
designed_e2_calibrated,password,time_quartile_1,0.01,0.005988274700939655,0,567929,0,2867,,0.005048166232046612
designed_e2_calibrated,password,time_quartile_2,0.01,0.005988274700939655,182192,385740,182048,51758,0.9992096250109774,0.13417846217659563
designed_e2_calibrated,password,time_quartile_3,0.01,0.005988274700939655,28759,539172,28724,6564,0.9987829896727981,0.012174222697024326
designed_e2_calibrated,password,time_quartile_4,0.01,0.005988274700939655,0,567931,0,2823,,0.004970674254442881
designed_e2_calibrated,ransomware,full_test,0.001,0.4081987738609314,709,2271014,665,10717,0.9379407616361072,0.004719037399152978
designed_e2_calibrated,ransomware,time_quartile_1,0.001,0.4081987738609314,0,567929,0,31,,5.458428782471048e-05
designed_e2_calibrated,ransomware,time_quartile_2,0.001,0.4081987738609314,0,567932,0,1222,,0.0021516660445264576
designed_e2_calibrated,ransomware,time_quartile_3,0.001,0.4081987738609314,0,567931,0,473,,0.000832847652267617
designed_e2_calibrated,ransomware,time_quartile_4,0.001,0.4081987738609314,709,567222,665,8991,0.9379407616361072,0.015850936670298403
designed_e2_calibrated,ransomware,full_test,0.01,0.21194492280483246,709,2271014,688,15738,0.9703808180535967,0.006929944069037003
designed_e2_calibrated,ransomware,time_quartile_1,0.01,0.21194492280483246,0,567929,0,174,,0.0003063763252096653
designed_e2_calibrated,ransomware,time_quartile_2,0.01,0.21194492280483246,0,567932,0,1824,,0.003211652099194974
designed_e2_calibrated,ransomware,time_quartile_3,0.01,0.21194492280483246,0,567931,0,844,,0.0014860960222280524
designed_e2_calibrated,ransomware,time_quartile_4,0.01,0.21194492280483246,709,567222,688,12896,0.9703808180535967,0.022735366399751773
designed_e2_calibrated,scanning,full_test,0.001,0.3889581859111786,6029,2265694,5739,9969,0.951899154088572,0.00439997634278945
designed_e2_calibrated,scanning,time_quartile_1,0.001,0.3889581859111786,6029,561900,5739,1032,0.951899154088572,0.0018366257341163909
designed_e2_calibrated,scanning,time_quartile_2,0.001,0.3889581859111786,0,567932,0,758,,0.0013346668263101921
designed_e2_calibrated,scanning,time_quartile_3,0.001,0.3889581859111786,0,567931,0,3547,,0.006245477003368367
designed_e2_calibrated,scanning,time_quartile_4,0.001,0.3889581859111786,0,567931,0,4632,,0.008155920349479075
designed_e2_calibrated,scanning,full_test,0.01,0.30512869358062744,6029,2265694,5806,14291,0.9630121081439708,0.006307559626322001
designed_e2_calibrated,scanning,time_quartile_1,0.01,0.30512869358062744,6029,561900,5806,2848,0.9630121081439708,0.0050685175298095745
designed_e2_calibrated,scanning,time_quartile_2,0.01,0.30512869358062744,0,567932,0,955,,0.0016815393392166668
designed_e2_calibrated,scanning,time_quartile_3,0.01,0.30512869358062744,0,567931,0,4952,,0.008719369078285919
designed_e2_calibrated,scanning,time_quartile_4,0.01,0.30512869358062744,0,567931,0,5536,,0.00974766300835841
designed_e2_calibrated,xss,full_test,0.001,0.2897118628025055,343854,1927869,328509,109654,0.95537350154426,0.056878345987201415
designed_e2_calibrated,xss,time_quartile_1,0.001,0.2897118628025055,0,567929,0,1101,,0.0019386226095163303
designed_e2_calibrated,xss,time_quartile_2,0.001,0.2897118628025055,0,567932,0,963,,0.0016956255326341886
designed_e2_calibrated,xss,time_quartile_3,0.001,0.2897118628025055,255032,312899,245393,105455,0.96220474293422,0.33702568560462004
designed_e2_calibrated,xss,time_quartile_4,0.001,0.2897118628025055,88822,479109,83116,2135,0.9357591587669721,0.004456188466507621
designed_e2_calibrated,xss,full_test,0.01,0.19420918822288513,343854,1927869,340009,120320,0.9888179285394383,0.06241087957739867
designed_e2_calibrated,xss,time_quartile_1,0.01,0.19420918822288513,0,567929,0,2380,,0.004190664678155192
designed_e2_calibrated,xss,time_quartile_2,0.01,0.19420918822288513,0,567932,0,1203,,0.002118211335159843
designed_e2_calibrated,xss,time_quartile_3,0.01,0.19420918822288513,255032,312899,252771,113351,0.991134445873459,0.36226066558218467
designed_e2_calibrated,xss,time_quartile_4,0.01,0.19420918822288513,88822,479109,87238,3386,0.9821665803517147,0.0070672853150326965
designed_e3_raw,backdoor,full_test,0.001,0.26643380522727966,40030,2231693,40024,4690,0.9998501124156882,0.002101543536678208
designed_e3_raw,backdoor,time_quartile_1,0.001,0.26643380522727966,0,567929,0,106,,0.00018664304869094552
designed_e3_raw,backdoor,time_quartile_2,0.001,0.26643380522727966,0,567932,0,131,,0.00023066141721191975
designed_e3_raw,backdoor,time_quartile_3,0.001,0.26643380522727966,0,567931,0,118,,0.00020777171874752391
designed_e3_raw,backdoor,time_quartile_4,0.001,0.26643380522727966,40030,527901,40024,4335,0.9998501124156882,0.008211766979035843
designed_e3_raw,backdoor,full_test,0.01,0.034013234078884125,40030,2231693,40028,104015,0.999950037471896,0.04660811321270444
designed_e3_raw,backdoor,time_quartile_1,0.01,0.034013234078884125,0,567929,0,4093,,0.00720688677634
designed_e3_raw,backdoor,time_quartile_2,0.01,0.034013234078884125,0,567932,0,2172,,0.0038244015128571732
designed_e3_raw,backdoor,time_quartile_3,0.01,0.034013234078884125,0,567931,0,5776,,0.010170249554963543
designed_e3_raw,backdoor,time_quartile_4,0.01,0.034013234078884125,40030,527901,40028,91974,0.999950037471896,0.17422584916490025
designed_e3_raw,benign,full_test,0.001,0.6861732006072998,1474302,797421,939756,349,0.6374243540332984,0.00043766090935653813
designed_e3_raw,benign,time_quartile_1,0.001,0.6861732006072998,394793,173136,323811,343,0.8202045122380589,0.001981101561778024
designed_e3_raw,benign,time_quartile_2,0.001,0.6861732006072998,358160,209772,251582,2,0.7024290819745366,9.534160898499323e-06
designed_e3_raw,benign,time_quartile_3,0.001,0.6861732006072998,284140,283791,88173,1,0.3103153375096783,3.5237199206458276e-06
designed_e3_raw,benign,time_quartile_4,0.001,0.6861732006072998,437209,130722,276190,3,0.6317116070346219,2.2949465277459034e-05
designed_e3_raw,benign,full_test,0.01,0.12170127034187317,1474302,797421,1282451,9677,0.8698699452351011,0.012135371403562233
designed_e3_raw,benign,time_quartile_1,0.01,0.12170127034187317,394793,173136,392462,6237,0.9940956399936169,0.03602370390906571
designed_e3_raw,benign,time_quartile_2,0.01,0.12170127034187317,358160,209772,304339,197,0.8497291713200804,0.0009391148485021833
designed_e3_raw,benign,time_quartile_3,0.01,0.12170127034187317,284140,283791,179700,2143,0.6324347152811994,0.007551331789944008
designed_e3_raw,benign,time_quartile_4,0.01,0.12170127034187317,437209,130722,405950,1100,0.9285033016246235,0.008414803935068313
designed_e3_raw,ddos,full_test,0.001,0.74290531873703,103338,2168385,98985,2910,0.9578760959182488,0.001342012603850331
designed_e3_raw,ddos,time_quartile_1,0.001,0.74290531873703,75758,492171,72110,55,0.95184666965865,0.00011174977802430456
designed_e3_raw,ddos,time_quartile_2,0.001,0.74290531873703,27580,540352,26875,2010,0.9744379985496737,0.003719797465355916
designed_e3_raw,ddos,time_quartile_3,0.001,0.74290531873703,0,567931,0,585,,0.0010300547073500126
designed_e3_raw,ddos,time_quartile_4,0.001,0.74290531873703,0,567931,0,260,,0.00045780209215556117
designed_e3_raw,ddos,full_test,0.01,0.5674814581871033,103338,2168385,100983,3208,0.9772107066132497,0.0014794420732480624
designed_e3_raw,ddos,time_quartile_1,0.01,0.5674814581871033,75758,492171,73763,111,0.9736661474695741,0.00022553137019450556
designed_e3_raw,ddos,time_quartile_2,0.01,0.5674814581871033,27580,540352,27220,2033,0.9869470630891951,0.003762362311974417
designed_e3_raw,ddos,time_quartile_3,0.01,0.5674814581871033,0,567931,0,700,,0.0012325440942649723
designed_e3_raw,ddos,time_quartile_4,0.01,0.5674814581871033,0,567931,0,364,,0.0006409229290177856
designed_e3_raw,dos,full_test,0.001,0.7436894774436951,22458,2249265,22147,237,0.9861519280434589,0.00010536775346613227
designed_e3_raw,dos,time_quartile_1,0.001,0.7436894774436951,22458,545471,22147,27,0.9861519280434589,4.9498506795045016e-05
designed_e3_raw,dos,time_quartile_2,0.001,0.7436894774436951,0,567932,0,195,,0.00034335096455209425
designed_e3_raw,dos,time_quartile_3,0.001,0.7436894774436951,0,567931,0,0,,0.0
designed_e3_raw,dos,time_quartile_4,0.001,0.7436894774436951,0,567931,0,15,,2.6411659162820835e-05
designed_e3_raw,dos,full_test,0.01,0.3384806215763092,22458,2249265,22410,18630,0.9978626769970612,0.008282705683856726
designed_e3_raw,dos,time_quartile_1,0.01,0.3384806215763092,22458,545471,22410,278,0.9978626769970612,0.000509651292186019
designed_e3_raw,dos,time_quartile_2,0.01,0.3384806215763092,0,567932,0,543,,0.0009561003782142933
designed_e3_raw,dos,time_quartile_3,0.01,0.3384806215763092,0,567931,0,12545,,0.022088950946505825
designed_e3_raw,dos,time_quartile_4,0.01,0.3384806215763092,0,567931,0,5264,,0.009268731588872592
designed_e3_raw,injection,full_test,0.001,0.8032899498939514,68891,2202832,67163,8236,0.9749168977079735,0.003738823478140866
designed_e3_raw,injection,time_quartile_1,0.001,0.8032899498939514,68891,499038,67163,432,0.9749168977079735,0.0008656655404999219
designed_e3_raw,injection,time_quartile_2,0.001,0.8032899498939514,0,567932,0,238,,0.000419064254171274
designed_e3_raw,injection,time_quartile_3,0.001,0.8032899498939514,0,567931,0,6506,,0.011455616967554157
designed_e3_raw,injection,time_quartile_4,0.001,0.8032899498939514,0,567931,0,1060,,0.0018664239141726723
designed_e3_raw,injection,full_test,0.01,0.4338876008987427,68891,2202832,68658,126583,0.9966178455821515,0.05746375574714731
designed_e3_raw,injection,time_quartile_1,0.01,0.4338876008987427,68891,499038,68658,42181,0.9966178455821515,0.08452462537922964
designed_e3_raw,injection,time_quartile_2,0.01,0.4338876008987427,0,567932,0,44871,,0.07900769810470268
designed_e3_raw,injection,time_quartile_3,0.01,0.4338876008987427,0,567931,0,34510,,0.06076442384726313
designed_e3_raw,injection,time_quartile_4,0.01,0.4338876008987427,0,567931,0,5021,,0.008840862710434895
designed_e3_raw,mitm,full_test,0.001,0.5686858296394348,1161,2270562,1085,45410,0.9345391903531438,0.019999453879700268
designed_e3_raw,mitm,time_quartile_1,0.001,0.5686858296394348,0,567929,0,1528,,0.002690477154714762
designed_e3_raw,mitm,time_quartile_2,0.001,0.5686858296394348,0,567932,0,1219,,0.0021463837219948866
designed_e3_raw,mitm,time_quartile_3,0.001,0.5686858296394348,0,567931,0,224,,0.00039441411016479113
designed_e3_raw,mitm,time_quartile_4,0.001,0.5686858296394348,1161,566770,1085,42439,0.9345391903531438,0.07487869859025707
designed_e3_raw,mitm,full_test,0.01,0.26961883902549744,1161,2270562,1147,63534,0.9879414298018949,0.027981618647718053
designed_e3_raw,mitm,time_quartile_1,0.01,0.26961883902549744,0,567929,0,6592,,0.011607084688402951
designed_e3_raw,mitm,time_quartile_2,0.01,0.26961883902549744,0,567932,0,4283,,0.007541395800905742
designed_e3_raw,mitm,time_quartile_3,0.01,0.26961883902549744,0,567931,0,1591,,0.00280139664853653
designed_e3_raw,mitm,time_quartile_4,0.01,0.26961883902549744,1161,566770,1147,51068,0.9879414298018949,0.09010356934911869
designed_e3_raw,password,full_test,0.001,0.18438047170639038,210951,2060772,210293,50865,0.9968807922218904,0.024682497627102853
designed_e3_raw,password,time_quartile_1,0.001,0.18438047170639038,0,567929,0,290,,0.0005106272086827755
designed_e3_raw,password,time_quartile_2,0.001,0.18438047170639038,182192,385740,181652,49980,0.9970360937911653,0.1295691398351221
designed_e3_raw,password,time_quartile_3,0.001,0.18438047170639038,28759,539172,28641,317,0.9958969366111479,0.0005879385428026678
designed_e3_raw,password,time_quartile_4,0.001,0.18438047170639038,0,567931,0,278,,0.0004894960831509462
designed_e3_raw,password,full_test,0.01,0.10302336513996124,210951,2060772,210480,52008,0.9977672540068546,0.025237144138216164
designed_e3_raw,password,time_quartile_1,0.01,0.10302336513996124,0,567929,0,859,,0.0015125130077879453
designed_e3_raw,password,time_quartile_2,0.01,0.10302336513996124,182192,385740,181809,50127,0.997897822077808,0.12995022554051952
designed_e3_raw,password,time_quartile_3,0.01,0.10302336513996124,28759,539172,28671,540,0.996940088320178,0.0010015356880550177
designed_e3_raw,password,time_quartile_4,0.01,0.10302336513996124,0,567931,0,482,,0.0008486946477653095
designed_e3_raw,ransomware,full_test,0.001,0.7853100895881653,709,2271014,646,4834,0.9111424541607899,0.002128564597135905
designed_e3_raw,ransomware,time_quartile_1,0.001,0.7853100895881653,0,567929,0,3,,5.2823504346494015e-06
designed_e3_raw,ransomware,time_quartile_2,0.001,0.7853100895881653,0,567932,0,0,,0.0
designed_e3_raw,ransomware,time_quartile_3,0.001,0.7853100895881653,0,567931,0,2,,3.521554555042778e-06
designed_e3_raw,ransomware,time_quartile_4,0.001,0.7853100895881653,709,567222,646,4829,0.9111424541607899,0.008513421552760648
designed_e3_raw,ransomware,full_test,0.01,0.6075410842895508,709,2271014,646,6576,0.9111424541607899,0.002895622836318931
designed_e3_raw,ransomware,time_quartile_1,0.01,0.6075410842895508,0,567929,0,205,,0.00036096061303437577
designed_e3_raw,ransomware,time_quartile_2,0.01,0.6075410842895508,0,567932,0,1,,1.760774177190227e-06
designed_e3_raw,ransomware,time_quartile_3,0.01,0.6075410842895508,0,567931,0,17,,2.9933213717863613e-05
designed_e3_raw,ransomware,time_quartile_4,0.01,0.6075410842895508,709,567222,646,6353,0.9111424541607899,0.011200200274319403
designed_e3_raw,scanning,full_test,0.001,0.23418810963630676,6029,2265694,5805,43028,0.9628462431580693,0.018991090588579042
designed_e3_raw,scanning,time_quartile_1,0.001,0.23418810963630676,6029,561900,5805,4000,0.9628462431580693,0.007118704395799964
designed_e3_raw,scanning,time_quartile_2,0.001,0.23418810963630676,0,567932,0,619,,0.0010899192156807506
designed_e3_raw,scanning,time_quartile_3,0.001,0.23418810963630676,0,567931,0,2579,,0.004541044598727662
designed_e3_raw,scanning,time_quartile_4,0.001,0.23418810963630676,0,567931,0,35830,,0.06308864985359137
designed_e3_raw,scanning,full_test,0.01,0.19895394146442413,6029,2265694,5841,48330,0.9688173826505225,0.021331212423213373
designed_e3_raw,scanning,time_quartile_1,0.01,0.19895394146442413,6029,561900,5841,5962,0.9688173826505225,0.010610428901939847
designed_e3_raw,scanning,time_quartile_2,0.01,0.19895394146442413,0,567932,0,882,,0.0015530028242817801
designed_e3_raw,scanning,time_quartile_3,0.01,0.19895394146442413,0,567931,0,4328,,0.007620644057112572
designed_e3_raw,scanning,time_quartile_4,0.01,0.19895394146442413,0,567931,0,37158,,0.06542696207813978
designed_e3_raw,xss,full_test,0.001,0.19269120693206787,343854,1927869,327726,117695,0.9530963722975448,0.06104927253874615
designed_e3_raw,xss,time_quartile_1,0.001,0.19269120693206787,0,567929,0,609,,0.0010723171382338286
designed_e3_raw,xss,time_quartile_2,0.001,0.19269120693206787,0,567932,0,618,,0.0010881584415035604
designed_e3_raw,xss,time_quartile_3,0.001,0.19269120693206787,255032,312899,244186,98297,0.9574720035132847,0.3141492941811895
designed_e3_raw,xss,time_quartile_4,0.001,0.19269120693206787,88822,479109,83540,18171,0.9405327508950485,0.037926651346562056
designed_e3_raw,xss,full_test,0.01,0.12185722589492798,343854,1927869,333958,137713,0.9712203435178884,0.07143275813864947
designed_e3_raw,xss,time_quartile_1,0.01,0.12185722589492798,0,567929,0,2973,,0.005234809280737557
designed_e3_raw,xss,time_quartile_2,0.01,0.12185722589492798,0,567932,0,1593,,0.0028049132642640317
designed_e3_raw,xss,time_quartile_3,0.01,0.12185722589492798,255032,312899,248521,105477,0.9744698704476301,0.33709599583252103
designed_e3_raw,xss,time_quartile_4,0.01,0.12185722589492798,88822,479109,85437,27670,0.9618900722793903,0.057753037409023836
designed_e3_calibrated,backdoor,full_test,0.001,0.267831027507782,40030,2231693,40024,3894,0.9998501124156882,0.001744863652841139
designed_e3_calibrated,backdoor,time_quartile_1,0.001,0.267831027507782,0,567929,0,111,,0.00019544696608202785
designed_e3_calibrated,backdoor,time_quartile_2,0.001,0.267831027507782,0,567932,0,140,,0.00024650838480663175
designed_e3_calibrated,backdoor,time_quartile_3,0.001,0.267831027507782,0,567931,0,123,,0.00021657560513513085
designed_e3_calibrated,backdoor,time_quartile_4,0.001,0.267831027507782,40030,527901,40024,3520,0.9998501124156882,0.0066679169010856205
designed_e3_calibrated,backdoor,full_test,0.01,0.020072830840945244,40030,2231693,40028,104774,0.999950037471896,0.04694821375520737
designed_e3_calibrated,backdoor,time_quartile_1,0.01,0.020072830840945244,0,567929,0,4519,,0.007956980538060215
designed_e3_calibrated,backdoor,time_quartile_2,0.01,0.020072830840945244,0,567932,0,2242,,0.003947655705260489
designed_e3_calibrated,backdoor,time_quartile_3,0.01,0.020072830840945244,0,567931,0,5682,,0.010004736490876532
designed_e3_calibrated,backdoor,time_quartile_4,0.01,0.020072830840945244,40030,527901,40028,92331,0.999950037471896,0.17490211232787967
designed_e3_calibrated,benign,full_test,0.001,0.7311484813690186,1474302,797421,954408,365,0.6473626163431916,0.00045772559288004706
designed_e3_calibrated,benign,time_quartile_1,0.001,0.7311484813690186,394793,173136,325894,354,0.8254806949464656,0.0020446354311061824
designed_e3_calibrated,benign,time_quartile_2,0.001,0.7311484813690186,358160,209772,252299,2,0.7044309805673442,9.534160898499323e-06
designed_e3_calibrated,benign,time_quartile_3,0.001,0.7311484813690186,284140,283791,90641,5,0.3190011965932287,1.7618599603229138e-05
designed_e3_calibrated,benign,time_quartile_4,0.001,0.7311484813690186,437209,130722,285574,4,0.653175026131667,3.0599287036612045e-05
designed_e3_calibrated,benign,full_test,0.01,0.08386723697185516,1474302,797421,1286666,10098,0.8727289252812518,0.012663323388774562
designed_e3_calibrated,benign,time_quartile_1,0.01,0.08386723697185516,394793,173136,392822,6222,0.995007510264873,0.03593706681452731
designed_e3_calibrated,benign,time_quartile_2,0.01,0.08386723697185516,358160,209772,304649,221,0.8505947062765244,0.0010535247792841753
designed_e3_calibrated,benign,time_quartile_3,0.01,0.08386723697185516,284140,283791,180487,2401,0.6352044766664321,0.008460451529470631
designed_e3_calibrated,benign,time_quartile_4,0.01,0.08386723697185516,437209,130722,408708,1254,0.9348114974760355,0.009592876485977876
designed_e3_calibrated,ddos,full_test,0.001,0.8512473702430725,103338,2168385,98500,2766,0.9531827594882811,0.001275603732731964
designed_e3_calibrated,ddos,time_quartile_1,0.001,0.8512473702430725,75758,492171,71736,53,0.9469098973045751,0.00010768614973251167
designed_e3_calibrated,ddos,time_quartile_2,0.001,0.8512473702430725,27580,540352,26764,2009,0.9704133430021755,0.003717946819850764
designed_e3_calibrated,ddos,time_quartile_3,0.001,0.8512473702430725,0,567931,0,582,,0.0010247723755174485
designed_e3_calibrated,ddos,time_quartile_4,0.001,0.8512473702430725,0,567931,0,122,,0.00021481482785760947
designed_e3_calibrated,ddos,full_test,0.01,0.6583980917930603,103338,2168385,100774,3194,0.9751882173063152,0.0014729856552226656
designed_e3_calibrated,ddos,time_quartile_1,0.01,0.6583980917930603,75758,492171,73572,110,0.9711449615882151,0.00022349955604860912
designed_e3_calibrated,ddos,time_quartile_2,0.01,0.6583980917930603,27580,540352,27202,2030,0.9862944162436548,0.00375681037545896
designed_e3_calibrated,ddos,time_quartile_3,0.01,0.6583980917930603,0,567931,0,690,,0.0012149363214897584
designed_e3_calibrated,ddos,time_quartile_4,0.01,0.6583980917930603,0,567931,0,364,,0.0006409229290177856
designed_e3_calibrated,dos,full_test,0.001,0.8484203815460205,22458,2249265,22147,230,0.9861519280434589,0.00010225562572662625
designed_e3_calibrated,dos,time_quartile_1,0.001,0.8484203815460205,22458,545471,22147,27,0.9861519280434589,4.9498506795045016e-05
designed_e3_calibrated,dos,time_quartile_2,0.001,0.8484203815460205,0,567932,0,189,,0.0003327863194889529
designed_e3_calibrated,dos,time_quartile_3,0.001,0.8484203815460205,0,567931,0,0,,0.0
designed_e3_calibrated,dos,time_quartile_4,0.001,0.8484203815460205,0,567931,0,14,,2.4650881885299446e-05
designed_e3_calibrated,dos,full_test,0.01,0.3601298928260803,22458,2249265,22409,18661,0.9978181494345,0.008296487963845968
designed_e3_calibrated,dos,time_quartile_1,0.01,0.3601298928260803,22458,545471,22409,287,0.9978181494345,0.000526150794451034
designed_e3_calibrated,dos,time_quartile_2,0.01,0.3601298928260803,0,567932,0,544,,0.0009578611523914835
designed_e3_calibrated,dos,time_quartile_3,0.01,0.3601298928260803,0,567931,0,12537,,0.022074864728285654
designed_e3_calibrated,dos,time_quartile_4,0.01,0.3601298928260803,0,567931,0,5293,,0.009319794129920712
designed_e3_calibrated,injection,full_test,0.001,0.8871628046035767,68891,2202832,67092,8658,0.9738862841300024,0.0039303950550927174
designed_e3_calibrated,injection,time_quartile_1,0.001,0.8871628046035767,68891,499038,67092,879,0.9738862841300024,0.0017613889122672021
designed_e3_calibrated,injection,time_quartile_2,0.001,0.8871628046035767,0,567932,0,221,,0.0003891310931590402
designed_e3_calibrated,injection,time_quartile_3,0.001,0.8871628046035767,0,567931,0,6497,,0.011439769972056464
designed_e3_calibrated,injection,time_quartile_4,0.001,0.8871628046035767,0,567931,0,1061,,0.0018681846914501937
designed_e3_calibrated,injection,full_test,0.01,0.46798714995384216,68891,2202832,68654,66917,0.9965597828453644,0.030377713779353124
designed_e3_calibrated,injection,time_quartile_1,0.01,0.46798714995384216,68891,499038,68654,11959,0.9965597828453644,0.02396410694175594
designed_e3_calibrated,injection,time_quartile_2,0.01,0.46798714995384216,0,567932,0,15523,,0.027332497552523895
designed_e3_calibrated,injection,time_quartile_3,0.01,0.46798714995384216,0,567931,0,33654,,0.059257198497704826
designed_e3_calibrated,injection,time_quartile_4,0.01,0.46798714995384216,0,567931,0,5781,,0.01017905344135115
designed_e3_calibrated,mitm,full_test,0.001,0.6820133328437805,1161,2270562,1078,44532,0.9285099052540913,0.019612765473922315
designed_e3_calibrated,mitm,time_quartile_1,0.001,0.6820133328437805,0,567929,0,1351,,0.0023788184790704474
designed_e3_calibrated,mitm,time_quartile_2,0.001,0.6820133328437805,0,567932,0,1146,,0.0020178472070600004
designed_e3_calibrated,mitm,time_quartile_3,0.001,0.6820133328437805,0,567931,0,195,,0.0003433515691166709
designed_e3_calibrated,mitm,time_quartile_4,0.001,0.6820133328437805,1161,566770,1078,41840,0.9285099052540913,0.07382183248936959
designed_e3_calibrated,mitm,full_test,0.01,0.28654980659484863,1161,2270562,1145,62263,0.9862187769164513,0.027421845340492794
designed_e3_calibrated,mitm,time_quartile_1,0.01,0.28654980659484863,0,567929,0,6364,,0.011205626055369598
designed_e3_calibrated,mitm,time_quartile_2,0.01,0.28654980659484863,0,567932,0,4143,,0.007294887416099111
designed_e3_calibrated,mitm,time_quartile_3,0.01,0.28654980659484863,0,567931,0,1519,,0.00267462068455499
designed_e3_calibrated,mitm,time_quartile_4,0.01,0.28654980659484863,1161,566770,1145,50237,0.9862187769164513,0.08863736612735325
designed_e3_calibrated,password,full_test,0.001,0.16865696012973785,210951,2060772,210245,50802,0.9966532512289584,0.024651926559561173
designed_e3_calibrated,password,time_quartile_1,0.001,0.16865696012973785,0,567929,0,238,,0.0004190664678155192
designed_e3_calibrated,password,time_quartile_2,0.001,0.16865696012973785,182192,385740,181610,49981,0.9968055677527005,0.12957173225488672
designed_e3_calibrated,password,time_quartile_3,0.001,0.16865696012973785,28759,539172,28635,303,0.9956883062693418,0.0005619728027419821
designed_e3_calibrated,password,time_quartile_4,0.001,0.16865696012973785,0,567931,0,280,,0.0004930176377059889
designed_e3_calibrated,password,full_test,0.01,0.07099907845258713,210951,2060772,210492,51938,0.9978241392550877,0.025203176285392075
designed_e3_calibrated,password,time_quartile_1,0.01,0.07099907845258713,0,567929,0,733,,0.0012906542895326704
designed_e3_calibrated,password,time_quartile_2,0.01,0.07099907845258713,182192,385740,181815,50141,0.9979307543690173,0.12998651941722403
designed_e3_calibrated,password,time_quartile_3,0.01,0.07099907845258713,28759,539172,28677,559,0.9971487186619841,0.0010367749067088053
designed_e3_calibrated,password,time_quartile_4,0.01,0.07099907845258713,0,567931,0,505,,0.0008891925251483015
designed_e3_calibrated,ransomware,full_test,0.001,0.8652700781822205,709,2271014,646,4828,0.9111424541607899,0.002125922605496928
designed_e3_calibrated,ransomware,time_quartile_1,0.001,0.8652700781822205,0,567929,0,3,,5.2823504346494015e-06
designed_e3_calibrated,ransomware,time_quartile_2,0.001,0.8652700781822205,0,567932,0,0,,0.0
designed_e3_calibrated,ransomware,time_quartile_3,0.001,0.8652700781822205,0,567931,0,2,,3.521554555042778e-06
designed_e3_calibrated,ransomware,time_quartile_4,0.001,0.8652700781822205,709,567222,646,4823,0.9111424541607899,0.008502843683778133
designed_e3_calibrated,ransomware,full_test,0.01,0.7011657953262329,709,2271014,646,5217,0.9111424541607899,0.0022972117300906116
designed_e3_calibrated,ransomware,time_quartile_1,0.01,0.7011657953262329,0,567929,0,201,,0.0003539174791215099
designed_e3_calibrated,ransomware,time_quartile_2,0.01,0.7011657953262329,0,567932,0,1,,1.760774177190227e-06
designed_e3_calibrated,ransomware,time_quartile_3,0.01,0.7011657953262329,0,567931,0,11,,1.9368550052735278e-05
designed_e3_calibrated,ransomware,time_quartile_4,0.01,0.7011657953262329,709,567222,646,5004,0.9111424541607899,0.008821942731417329
designed_e3_calibrated,scanning,full_test,0.001,0.23756453394889832,6029,2265694,5740,41721,0.9520650190744734,0.018414225398487173
designed_e3_calibrated,scanning,time_quartile_1,0.001,0.23756453394889832,6029,561900,5740,3351,0.9520650190744734,0.00596369460758142
designed_e3_calibrated,scanning,time_quartile_2,0.001,0.23756453394889832,0,567932,0,480,,0.000845171605051309
designed_e3_calibrated,scanning,time_quartile_3,0.001,0.23756453394889832,0,567931,0,2205,,0.003882513896934663
designed_e3_calibrated,scanning,time_quartile_4,0.001,0.23756453394889832,0,567931,0,35685,,0.06283333714835077
designed_e3_calibrated,scanning,full_test,0.01,0.1713903844356537,6029,2265694,5825,52537,0.9661635428760988,0.023188038631871737
designed_e3_calibrated,scanning,time_quartile_1,0.01,0.1713903844356537,6029,561900,5825,7097,0.9661635428760988,0.012630361274248087
designed_e3_calibrated,scanning,time_quartile_2,0.01,0.1713903844356537,0,567932,0,1208,,0.002127015206045794
designed_e3_calibrated,scanning,time_quartile_3,0.01,0.1713903844356537,0,567931,0,5230,,0.009208865161436864
designed_e3_calibrated,scanning,time_quartile_4,0.01,0.1713903844356537,0,567931,0,39002,,0.06867383537788921
designed_e3_calibrated,xss,full_test,0.001,0.17451860010623932,343854,1927869,327567,118523,0.9526339667416985,0.0614787623017954
designed_e3_calibrated,xss,time_quartile_1,0.001,0.17451860010623932,0,567929,0,589,,0.0010371014686694992
designed_e3_calibrated,xss,time_quartile_2,0.001,0.17451860010623932,0,567932,0,591,,0.001040617538719424
designed_e3_calibrated,xss,time_quartile_3,0.001,0.17451860010623932,255032,312899,244050,98176,0.956938737099658,0.31376258792773387
designed_e3_calibrated,xss,time_quartile_4,0.001,0.17451860010623932,88822,479109,83517,19167,0.9402738060390444,0.04000551022836139
designed_e3_calibrated,xss,full_test,0.01,0.10262427479028702,343854,1927869,333053,135749,0.96858841252392,0.07041401672001572
designed_e3_calibrated,xss,time_quartile_1,0.01,0.10262427479028702,0,567929,0,2820,,0.0049654094085704375
designed_e3_calibrated,xss,time_quartile_2,0.01,0.10262427479028702,0,567932,0,1466,,0.002581294943760873
designed_e3_calibrated,xss,time_quartile_3,0.01,0.10262427479028702,255032,312899,247904,104068,0.9720505662034569,0.33259294532740596
designed_e3_calibrated,xss,time_quartile_4,0.01,0.10262427479028702,88822,479109,85149,27395,0.9586476323433384,0.0571790552880451
designed_e4_raw,backdoor,full_test,0.001,0.09444382786750793,40030,2231693,40010,1966,0.9995003747189608,0.000880945542240801
designed_e4_raw,backdoor,time_quartile_1,0.001,0.09444382786750793,0,567929,0,238,,0.0004190664678155192
designed_e4_raw,backdoor,time_quartile_2,0.001,0.09444382786750793,0,567932,0,232,,0.0004084996091081327
designed_e4_raw,backdoor,time_quartile_3,0.001,0.09444382786750793,0,567931,0,168,,0.00029581058262359333
designed_e4_raw,backdoor,time_quartile_4,0.001,0.09444382786750793,40030,527901,40010,1328,0.9995003747189608,0.002515623194500484
designed_e4_raw,backdoor,full_test,0.01,0.009885015897452831,40030,2231693,40016,96631,0.9996502623032726,0.04329941439077866
designed_e4_raw,backdoor,time_quartile_1,0.01,0.009885015897452831,0,567929,0,3731,,0.006569483157225639
designed_e4_raw,backdoor,time_quartile_2,0.01,0.009885015897452831,0,567932,0,2834,,0.004990034018157103
designed_e4_raw,backdoor,time_quartile_3,0.01,0.009885015897452831,0,567931,0,6448,,0.011353491885457917
designed_e4_raw,backdoor,time_quartile_4,0.01,0.009885015897452831,40030,527901,40016,83618,0.9996502623032726,0.15839712370311856
designed_e4_raw,benign,full_test,0.001,0.7094295620918274,1474302,797421,1005999,622,0.682356125135827,0.0007800145719764089
designed_e4_raw,benign,time_quartile_1,0.001,0.7094295620918274,394793,173136,335491,617,0.8497896365943671,0.0035636724886794198
designed_e4_raw,benign,time_quartile_2,0.001,0.7094295620918274,358160,209772,276035,0,0.7707030377484922,0.0
designed_e4_raw,benign,time_quartile_3,0.001,0.7094295620918274,284140,283791,85179,1,0.29977827831350745,3.5237199206458276e-06
designed_e4_raw,benign,time_quartile_4,0.001,0.7094295620918274,437209,130722,309294,4,0.7074282551365594,3.0599287036612045e-05
designed_e4_raw,benign,full_test,0.01,0.2319016307592392,1474302,797421,1282911,10206,0.8701819572923323,0.012798760002558246
designed_e4_raw,benign,time_quartile_1,0.01,0.2319016307592392,394793,173136,392592,6189,0.9944249264804593,0.035746465206542836
designed_e4_raw,benign,time_quartile_2,0.01,0.2319016307592392,358160,209772,306302,114,0.8552099620281438,0.0005434471712144614
designed_e4_raw,benign,time_quartile_3,0.01,0.2319016307592392,284140,283791,175755,2159,0.6185507144365454,0.007607711308674341
designed_e4_raw,benign,time_quartile_4,0.01,0.2319016307592392,437209,130722,408262,1744,0.9337913903876636,0.013341289147962853
designed_e4_raw,ddos,full_test,0.001,0.7755290865898132,103338,2168385,32371,362,0.3132535949989355,0.0001669445232281168
designed_e4_raw,ddos,time_quartile_1,0.001,0.7755290865898132,75758,492171,30644,57,0.4044985348082051,0.00011581340631609745
designed_e4_raw,ddos,time_quartile_2,0.001,0.7755290865898132,27580,540352,1727,13,0.0626178390137781,2.405839156697856e-05
designed_e4_raw,ddos,time_quartile_3,0.001,0.7755290865898132,0,567931,0,18,,3.1693990995385006e-05
designed_e4_raw,ddos,time_quartile_4,0.001,0.7755290865898132,0,567931,0,274,,0.0004824529740408606
designed_e4_raw,ddos,full_test,0.01,0.6923016905784607,103338,2168385,88646,474,0.8578257756101337,0.00021859586743129102
designed_e4_raw,ddos,time_quartile_1,0.01,0.6923016905784607,75758,492171,64944,118,0.8572559993664035,0.00023975406921578069
designed_e4_raw,ddos,time_quartile_2,0.01,0.6923016905784607,27580,540352,23702,13,0.8593908629441624,2.405839156697856e-05
designed_e4_raw,ddos,time_quartile_3,0.01,0.6923016905784607,0,567931,0,43,,7.571342293341973e-05
designed_e4_raw,ddos,time_quartile_4,0.01,0.6923016905784607,0,567931,0,300,,0.0005282331832564167
designed_e4_raw,dos,full_test,0.001,0.21240302920341492,22458,2249265,21963,14299,0.9779588565321934,0.0063571877924566466
designed_e4_raw,dos,time_quartile_1,0.001,0.21240302920341492,22458,545471,21963,659,0.9779588565321934,0.0012081302214049876
designed_e4_raw,dos,time_quartile_2,0.001,0.21240302920341492,0,567932,0,883,,0.0015547635984589703
designed_e4_raw,dos,time_quartile_3,0.001,0.21240302920341492,0,567931,0,341,,0.0006004250516347937
designed_e4_raw,dos,time_quartile_4,0.001,0.21240302920341492,0,567931,0,12416,,0.021861810677705568
designed_e4_raw,dos,full_test,0.01,0.13355107605457306,22458,2249265,22221,47193,0.9894469676729896,0.02098152063007249
designed_e4_raw,dos,time_quartile_1,0.01,0.13355107605457306,22458,545471,22221,3760,0.9894469676729896,0.00689312539071738
designed_e4_raw,dos,time_quartile_2,0.01,0.13355107605457306,0,567932,0,2020,,0.0035567638379242587
designed_e4_raw,dos,time_quartile_3,0.01,0.13355107605457306,0,567931,0,9132,,0.016079418098325325
designed_e4_raw,dos,time_quartile_4,0.01,0.13355107605457306,0,567931,0,32281,,0.05683965129566796
designed_e4_raw,injection,full_test,0.001,0.7156046628952026,68891,2202832,57845,7127,0.8396597523624276,0.0032353806372887265
designed_e4_raw,injection,time_quartile_1,0.001,0.7156046628952026,68891,499038,57845,177,0.8396597523624276,0.0003546824089548291
designed_e4_raw,injection,time_quartile_2,0.001,0.7156046628952026,0,567932,0,174,,0.0003063747068310995
designed_e4_raw,injection,time_quartile_3,0.001,0.7156046628952026,0,567931,0,5688,,0.010015301154541661
designed_e4_raw,injection,time_quartile_4,0.001,0.7156046628952026,0,567931,0,1088,,0.0019157256779432712
designed_e4_raw,injection,full_test,0.01,0.5207560658454895,68891,2202832,65829,25018,0.9555529749894761,0.011357198370098128
designed_e4_raw,injection,time_quartile_1,0.01,0.5207560658454895,68891,499038,65829,1564,0.9555529749894761,0.003134029873476569
designed_e4_raw,injection,time_quartile_2,0.01,0.5207560658454895,0,567932,0,9612,,0.016924561391152462
designed_e4_raw,injection,time_quartile_3,0.01,0.5207560658454895,0,567931,0,11864,,0.02088986162051376
designed_e4_raw,injection,time_quartile_4,0.01,0.5207560658454895,0,567931,0,1978,,0.0034828174549373075
designed_e4_raw,mitm,full_test,0.001,0.5137408971786499,1161,2270562,1100,15693,0.9474590869939707,0.006911504728785208
designed_e4_raw,mitm,time_quartile_1,0.001,0.5137408971786499,0,567929,0,1446,,0.0025460929095010116
designed_e4_raw,mitm,time_quartile_2,0.001,0.5137408971786499,0,567932,0,1482,,0.0026094673305959164
designed_e4_raw,mitm,time_quartile_3,0.001,0.5137408971786499,0,567931,0,386,,0.0006796600291232562
designed_e4_raw,mitm,time_quartile_4,0.001,0.5137408971786499,1161,566770,1100,12379,0.9474590869939707,0.021841311290294124
designed_e4_raw,mitm,full_test,0.01,0.3621569275856018,1161,2270562,1143,49510,0.9844961240310077,0.0218051742255882
designed_e4_raw,mitm,time_quartile_1,0.01,0.3621569275856018,0,567929,0,5960,,0.010494269530170144
designed_e4_raw,mitm,time_quartile_2,0.01,0.3621569275856018,0,567932,0,2743,,0.004829803568032792
designed_e4_raw,mitm,time_quartile_3,0.01,0.3621569275856018,0,567931,0,7382,,0.012998057862662895
designed_e4_raw,mitm,time_quartile_4,0.01,0.3621569275856018,1161,566770,1143,33425,0.9844961240310077,0.058974539936835046
designed_e4_raw,password,full_test,0.001,0.2917756736278534,210951,2060772,204349,49759,0.9687036325971434,0.024145805552482275
designed_e4_raw,password,time_quartile_1,0.001,0.2917756736278534,0,567929,0,366,,0.000644446753027227
designed_e4_raw,password,time_quartile_2,0.001,0.2917756736278534,182192,385740,176588,48998,0.9692412400105384,0.12702338362627677
designed_e4_raw,password,time_quartile_3,0.001,0.2917756736278534,28759,539172,27761,306,0.9652978198129282,0.0005675368898978433
designed_e4_raw,password,time_quartile_4,0.001,0.2917756736278534,0,567931,0,89,,0.00015670917769940363
designed_e4_raw,password,full_test,0.01,0.11448745429515839,210951,2060772,210409,54353,0.9974306829548094,0.026375067207823087
designed_e4_raw,password,time_quartile_1,0.01,0.11448745429515839,0,567929,0,2992,,0.00526826416682367
designed_e4_raw,password,time_quartile_2,0.01,0.11448745429515839,182192,385740,181750,50270,0.9975739878809169,0.1303209415668585
designed_e4_raw,password,time_quartile_3,0.01,0.11448745429515839,28759,539172,28659,723,0.996522827636566,0.0013409450045625514
designed_e4_raw,password,time_quartile_4,0.01,0.11448745429515839,0,567931,0,368,,0.0006479660381278711
designed_e4_raw,ransomware,full_test,0.001,0.5461603403091431,709,2271014,700,8451,0.9873060648801129,0.0037212452234992826
designed_e4_raw,ransomware,time_quartile_1,0.001,0.5461603403091431,0,567929,0,14,,2.465096869503054e-05
designed_e4_raw,ransomware,time_quartile_2,0.001,0.5461603403091431,0,567932,0,1,,1.760774177190227e-06
designed_e4_raw,ransomware,time_quartile_3,0.001,0.5461603403091431,0,567931,0,110,,0.0001936855005273528
designed_e4_raw,ransomware,time_quartile_4,0.001,0.5461603403091431,709,567222,700,8326,0.9873060648801129,0.014678556191403014
designed_e4_raw,ransomware,full_test,0.01,0.3709419071674347,709,2271014,703,9042,0.9915373765867419,0.00398148139993853
designed_e4_raw,ransomware,time_quartile_1,0.01,0.3709419071674347,0,567929,0,192,,0.0003380704278175617
designed_e4_raw,ransomware,time_quartile_2,0.01,0.3709419071674347,0,567932,0,158,,0.0002782023199960559
designed_e4_raw,ransomware,time_quartile_3,0.01,0.3709419071674347,0,567931,0,167,,0.00029404980534607195
designed_e4_raw,ransomware,time_quartile_4,0.01,0.3709419071674347,709,567222,703,8525,0.9915373765867419,0.015029388845989753
designed_e4_raw,scanning,full_test,0.001,0.2602798342704773,6029,2265694,5509,42826,0.9137502073312324,0.018901934683147856
designed_e4_raw,scanning,time_quartile_1,0.001,0.2602798342704773,6029,561900,5509,4861,0.9137502073312324,0.008651005516995906
designed_e4_raw,scanning,time_quartile_2,0.001,0.2602798342704773,0,567932,0,710,,0.0012501496658050611
designed_e4_raw,scanning,time_quartile_3,0.001,0.2602798342704773,0,567931,0,1794,,0.003158834435873372
designed_e4_raw,scanning,time_quartile_4,0.001,0.2602798342704773,0,567931,0,35461,,0.062438923038185976
designed_e4_raw,scanning,full_test,0.01,0.1488942801952362,6029,2265694,5893,63375,0.9774423619173992,0.027971561914362664
designed_e4_raw,scanning,time_quartile_1,0.01,0.1488942801952362,6029,561900,5893,16887,0.9774423619173992,0.0300533902829685
designed_e4_raw,scanning,time_quartile_2,0.01,0.1488942801952362,0,567932,0,1502,,0.002644682814139721
designed_e4_raw,scanning,time_quartile_3,0.01,0.1488942801952362,0,567931,0,6158,,0.010842866474976714
designed_e4_raw,scanning,time_quartile_4,0.01,0.1488942801952362,0,567931,0,38828,,0.0683674601316005
designed_e4_raw,xss,full_test,0.001,0.24222111701965332,343854,1927869,314790,111646,0.915475754244534,0.05791161121424744
designed_e4_raw,xss,time_quartile_1,0.001,0.24222111701965332,0,567929,0,1318,,0.002320712624289304
designed_e4_raw,xss,time_quartile_2,0.001,0.24222111701965332,0,567932,0,1447,,0.0025478402343942583
designed_e4_raw,xss,time_quartile_3,0.001,0.24222111701965332,255032,312899,236024,105778,0.9254681765425515,0.3380579675869849
designed_e4_raw,xss,time_quartile_4,0.001,0.24222111701965332,88822,479109,78766,3103,0.8867848055661885,0.006476605532352763
designed_e4_raw,xss,full_test,0.01,0.1859036684036255,343854,1927869,330448,122459,0.9610125227567514,0.06352039479860924
designed_e4_raw,xss,time_quartile_1,0.01,0.1859036684036255,0,567929,0,2599,,0.004576276259884598
designed_e4_raw,xss,time_quartile_2,0.01,0.1859036684036255,0,567932,0,4356,,0.007669932315840629
designed_e4_raw,xss,time_quartile_3,0.01,0.1859036684036255,255032,312899,245937,110459,0.9643378085887261,0.3530180665326511
designed_e4_raw,xss,time_quartile_4,0.01,0.1859036684036255,88822,479109,84511,5045,0.9514647272072234,0.010529962910318946
designed_e4_calibrated,backdoor,full_test,0.001,0.07716189324855804,40030,2231693,40010,1813,0.9995003747189608,0.0008123877253726207
designed_e4_calibrated,backdoor,time_quartile_1,0.001,0.07716189324855804,0,567929,0,211,,0.0003715253139036746
designed_e4_calibrated,backdoor,time_quartile_2,0.001,0.07716189324855804,0,567932,0,227,,0.0003996957382221815
designed_e4_calibrated,backdoor,time_quartile_3,0.001,0.07716189324855804,0,567931,0,164,,0.0002887674735135078
designed_e4_calibrated,backdoor,time_quartile_4,0.001,0.07716189324855804,40030,527901,40010,1211,0.9995003747189608,0.002293990729322354
designed_e4_calibrated,backdoor,full_test,0.01,0.0046357810497283936,40030,2231693,40016,83471,0.9996502623032726,0.037402545959502494
designed_e4_calibrated,backdoor,time_quartile_1,0.01,0.0046357810497283936,0,567929,0,3464,,0.006099353968541842
designed_e4_calibrated,backdoor,time_quartile_2,0.01,0.0046357810497283936,0,567932,0,2237,,0.0039388518343745375
designed_e4_calibrated,backdoor,time_quartile_3,0.01,0.0046357810497283936,0,567931,0,5890,,0.010370978164600982
designed_e4_calibrated,backdoor,time_quartile_4,0.01,0.0046357810497283936,40030,527901,40016,71880,0.9996502623032726,0.13616189399148704
designed_e4_calibrated,benign,full_test,0.001,0.761638343334198,1474302,797421,1020491,611,0.6921858615127701,0.0007662201020539966
designed_e4_calibrated,benign,time_quartile_1,0.001,0.761638343334198,394793,173136,338252,605,0.8567831749803061,0.0034943628130487017
designed_e4_calibrated,benign,time_quartile_2,0.001,0.761638343334198,358160,209772,276502,1,0.7720069242796516,4.7670804492496615e-06
designed_e4_calibrated,benign,time_quartile_3,0.001,0.761638343334198,284140,283791,88660,1,0.31202928134018443,3.5237199206458276e-06
designed_e4_calibrated,benign,time_quartile_4,0.001,0.761638343334198,437209,130722,317077,4,0.7252298099993367,3.0599287036612045e-05
designed_e4_calibrated,benign,full_test,0.01,0.22295285761356354,1474302,797421,1281227,10969,0.8690397218480338,0.013755594598085579
designed_e4_calibrated,benign,time_quartile_1,0.01,0.22295285761356354,394793,173136,392544,6043,0.9943033437776252,0.034903197486369095
designed_e4_calibrated,benign,time_quartile_2,0.01,0.22295285761356354,358160,209772,306240,46,0.855036855036855,0.00021928570066548443
designed_e4_calibrated,benign,time_quartile_3,0.01,0.22295285761356354,284140,283791,175690,2760,0.6183219539663546,0.009725466980982483
designed_e4_calibrated,benign,time_quartile_4,0.01,0.22295285761356354,437209,130722,406753,2120,0.9303399518308177,0.016217622129404384
designed_e4_calibrated,ddos,full_test,0.001,0.8684424757957458,103338,2168385,32539,357,0.314879328030347,0.00016463865964761793
designed_e4_calibrated,ddos,time_quartile_1,0.001,0.8684424757957458,75758,492171,30828,54,0.40692732120700126,0.00010971796387840811
designed_e4_calibrated,ddos,time_quartile_2,0.001,0.8684424757957458,27580,540352,1711,12,0.06203770848440899,2.2207746061826365e-05
designed_e4_calibrated,ddos,time_quartile_3,0.001,0.8684424757957458,0,567931,0,17,,2.9933213717863613e-05
designed_e4_calibrated,ddos,time_quartile_4,0.001,0.8684424757957458,0,567931,0,274,,0.0004824529740408606
designed_e4_calibrated,ddos,full_test,0.01,0.7854064106941223,103338,2168385,89031,480,0.8615514138071184,0.00022136290372788965
designed_e4_calibrated,ddos,time_quartile_1,0.01,0.7854064106941223,75758,492171,65343,118,0.8625227698724887,0.00023975406921578069
designed_e4_calibrated,ddos,time_quartile_2,0.01,0.7854064106941223,27580,540352,23688,13,0.8588832487309644,2.405839156697856e-05
designed_e4_calibrated,ddos,time_quartile_3,0.01,0.7854064106941223,0,567931,0,46,,8.099575476598389e-05
designed_e4_calibrated,ddos,time_quartile_4,0.01,0.7854064106941223,0,567931,0,303,,0.0005335155150889808
designed_e4_calibrated,dos,full_test,0.001,0.2033570110797882,22458,2249265,21982,14280,0.9788048802208568,0.006348740588592273
designed_e4_calibrated,dos,time_quartile_1,0.001,0.2033570110797882,22458,545471,21982,721,0.9788048802208568,0.0013217934592306465
designed_e4_calibrated,dos,time_quartile_2,0.001,0.2033570110797882,0,567932,0,924,,0.0016269553397237698
designed_e4_calibrated,dos,time_quartile_3,0.001,0.2033570110797882,0,567931,0,367,,0.0006462052608503497
designed_e4_calibrated,dos,time_quartile_4,0.001,0.2033570110797882,0,567931,0,12268,,0.0216012156406324
designed_e4_calibrated,dos,full_test,0.01,0.12105920165777206,22458,2249265,22222,43814,0.9894914952355508,0.019479252111245227
designed_e4_calibrated,dos,time_quartile_1,0.01,0.12105920165777206,22458,545471,22222,3876,0.9894914952355508,0.007105785642133129
designed_e4_calibrated,dos,time_quartile_2,0.01,0.12105920165777206,0,567932,0,1913,,0.003368361000964904
designed_e4_calibrated,dos,time_quartile_3,0.01,0.12105920165777206,0,567931,0,9205,,0.016207954839584385
designed_e4_calibrated,dos,time_quartile_4,0.01,0.12105920165777206,0,567931,0,28820,,0.05074560113816643
designed_e4_calibrated,injection,full_test,0.001,0.8018365502357483,68891,2202832,57918,7196,0.8407193973087922,0.003266703952003603
designed_e4_calibrated,injection,time_quartile_1,0.001,0.8018365502357483,68891,499038,57918,183,0.8407193973087922,0.00036670554146177244
designed_e4_calibrated,injection,time_quartile_2,0.001,0.8018365502357483,0,567932,0,155,,0.0002729199974644852
designed_e4_calibrated,injection,time_quartile_3,0.001,0.8018365502357483,0,567931,0,5777,,0.010172010332241065
designed_e4_calibrated,injection,time_quartile_4,0.001,0.8018365502357483,0,567931,0,1081,,0.0019034002370006216
designed_e4_calibrated,injection,full_test,0.01,0.565883994102478,68891,2202832,66197,25528,0.9608947467738892,0.011588718522338518
designed_e4_calibrated,injection,time_quartile_1,0.01,0.565883994102478,68891,499038,66197,1564,0.9608947467738892,0.003134029873476569
designed_e4_calibrated,injection,time_quartile_2,0.01,0.565883994102478,0,567932,0,9683,,0.01704957635773297
designed_e4_calibrated,injection,time_quartile_3,0.01,0.565883994102478,0,567931,0,12212,,0.021502612113091204
designed_e4_calibrated,injection,time_quartile_4,0.01,0.565883994102478,0,567931,0,2069,,0.003643048187191754
designed_e4_calibrated,mitm,full_test,0.001,0.6015406847000122,1161,2270562,1095,14231,0.9431524547803618,0.006267611278617365
designed_e4_calibrated,mitm,time_quartile_1,0.001,0.6015406847000122,0,567929,0,1320,,0.002324234191245737
designed_e4_calibrated,mitm,time_quartile_2,0.001,0.6015406847000122,0,567932,0,1369,,0.0024104998485734207
designed_e4_calibrated,mitm,time_quartile_3,0.001,0.6015406847000122,0,567931,0,357,,0.0006285974880751359
designed_e4_calibrated,mitm,time_quartile_4,0.001,0.6015406847000122,1161,566770,1095,11185,0.9431524547803618,0.019734636625086014
designed_e4_calibrated,mitm,full_test,0.01,0.40826866030693054,1161,2270562,1142,47888,0.983634797588286,0.021090813639971073
designed_e4_calibrated,mitm,time_quartile_1,0.01,0.40826866030693054,0,567929,0,5248,,0.009240591693680019
designed_e4_calibrated,mitm,time_quartile_2,0.01,0.40826866030693054,0,567932,0,2546,,0.004482931055126318
designed_e4_calibrated,mitm,time_quartile_3,0.01,0.40826866030693054,0,567931,0,8517,,0.01499654007264967
designed_e4_calibrated,mitm,time_quartile_4,0.01,0.40826866030693054,1161,566770,1142,31577,0.983634797588286,0.05571395804294511
designed_e4_calibrated,password,full_test,0.001,0.296188622713089,210951,2060772,202776,49723,0.9612469246412674,0.024128336371029888
designed_e4_calibrated,password,time_quartile_1,0.001,0.296188622713089,0,567929,0,356,,0.0006268389182450623
designed_e4_calibrated,password,time_quartile_2,0.001,0.296188622713089,182192,385740,175254,48974,0.9619192939316765,0.12696116555192616
designed_e4_calibrated,password,time_quartile_3,0.001,0.296188622713089,28759,539172,27522,303,0.9569873778643208,0.0005619728027419821
designed_e4_calibrated,password,time_quartile_4,0.001,0.296188622713089,0,567931,0,90,,0.00015846995497692502
designed_e4_calibrated,password,full_test,0.01,0.08294550329446793,210951,2060772,210416,54450,0.9974638660162787,0.026422136946736466
designed_e4_calibrated,password,time_quartile_1,0.01,0.08294550329446793,0,567929,0,3043,,0.00535806412421271
designed_e4_calibrated,password,time_quartile_2,0.01,0.08294550329446793,182192,385740,181755,50272,0.9976014314569246,0.13032612640638772
designed_e4_calibrated,password,time_quartile_3,0.01,0.08294550329446793,28759,539172,28661,730,0.9965923710838346,0.0013539278745928942
designed_e4_calibrated,password,time_quartile_4,0.01,0.08294550329446793,0,567931,0,405,,0.0007131147973961626
designed_e4_calibrated,ransomware,full_test,0.001,0.6206239461898804,709,2271014,700,8463,0.9873060648801129,0.003726529206777237
designed_e4_calibrated,ransomware,time_quartile_1,0.001,0.6206239461898804,0,567929,0,14,,2.465096869503054e-05
designed_e4_calibrated,ransomware,time_quartile_2,0.001,0.6206239461898804,0,567932,0,1,,1.760774177190227e-06
designed_e4_calibrated,ransomware,time_quartile_3,0.001,0.6206239461898804,0,567931,0,113,,0.00019896783235991697
designed_e4_calibrated,ransomware,time_quartile_4,0.001,0.6206239461898804,709,567222,700,8335,0.9873060648801129,0.014694422994876786
designed_e4_calibrated,ransomware,full_test,0.01,0.38139984011650085,709,2271014,703,9143,0.9915373765867419,0.004025954925861311
designed_e4_calibrated,ransomware,time_quartile_1,0.01,0.38139984011650085,0,567929,0,222,,0.0003908939321640557
designed_e4_calibrated,ransomware,time_quartile_2,0.01,0.38139984011650085,0,567932,0,181,,0.00031870012607143107
designed_e4_calibrated,ransomware,time_quartile_3,0.01,0.38139984011650085,0,567931,0,188,,0.00033102612817402115
designed_e4_calibrated,ransomware,time_quartile_4,0.01,0.38139984011650085,709,567222,703,8552,0.9915373765867419,0.01507698925641107
designed_e4_calibrated,scanning,full_test,0.001,0.2473566234111786,6029,2265694,5405,42458,0.8965002487974788,0.01873951204355045
designed_e4_calibrated,scanning,time_quartile_1,0.001,0.2473566234111786,6029,561900,5405,4528,0.8965002487974788,0.00805837337604556
designed_e4_calibrated,scanning,time_quartile_2,0.001,0.2473566234111786,0,567932,0,487,,0.0008574970242916406
designed_e4_calibrated,scanning,time_quartile_3,0.001,0.2473566234111786,0,567931,0,1796,,0.0031623559904284146
designed_e4_calibrated,scanning,time_quartile_4,0.001,0.2473566234111786,0,567931,0,35647,,0.06276642761180495
designed_e4_calibrated,scanning,full_test,0.01,0.12119337916374207,6029,2265694,5864,62191,0.9726322773262565,0.027448984726092755
designed_e4_calibrated,scanning,time_quartile_1,0.01,0.12119337916374207,6029,561900,5864,14690,0.9726322773262565,0.02614344189357537
designed_e4_calibrated,scanning,time_quartile_2,0.01,0.12119337916374207,0,567932,0,1530,,0.0026939844911010474
designed_e4_calibrated,scanning,time_quartile_3,0.01,0.12119337916374207,0,567931,0,6824,,0.012015544141805959
designed_e4_calibrated,scanning,time_quartile_4,0.01,0.12119337916374207,0,567931,0,39147,,0.06892914808312982
designed_e4_calibrated,xss,full_test,0.001,0.22300757467746735,343854,1927869,320167,112493,0.9311132050230622,0.05835095641871932
designed_e4_calibrated,xss,time_quartile_1,0.001,0.22300757467746735,0,567929,0,1422,,0.0025038341060238164
designed_e4_calibrated,xss,time_quartile_2,0.001,0.22300757467746735,0,567932,0,1589,,0.002797870167555271
designed_e4_calibrated,xss,time_quartile_3,0.001,0.22300757467746735,255032,312899,239821,106273,0.9403565042818156,0.3396399477147578
designed_e4_calibrated,xss,time_quartile_4,0.001,0.22300757467746735,88822,479109,80346,3209,0.9045731913264732,0.006697849549893657
designed_e4_calibrated,xss,full_test,0.01,0.17124491930007935,343854,1927869,332284,121117,0.9663519982318077,0.06282428940970575
designed_e4_calibrated,xss,time_quartile_1,0.01,0.17124491930007935,0,567929,0,2490,,0.0043843508607590035
designed_e4_calibrated,xss,time_quartile_2,0.01,0.17124491930007935,0,567932,0,3749,,0.006601142390286161
designed_e4_calibrated,xss,time_quartile_3,0.01,0.17124491930007935,255032,312899,247627,110263,0.9709644279933498,0.35239166632044205
designed_e4_calibrated,xss,time_quartile_4,0.01,0.17124491930007935,88822,479109,84657,4615,0.9531084641192498,0.009632463593879472
matched_random_e1_raw,backdoor,full_test,0.001,0.29534322023391724,40030,2231693,40014,559,0.9996002997751686,0.00025048248123733867
matched_random_e1_raw,backdoor,time_quartile_1,0.001,0.29534322023391724,0,567929,0,100,,0.00017607834782164673
matched_random_e1_raw,backdoor,time_quartile_2,0.001,0.29534322023391724,0,567932,0,31,,5.458399949289704e-05
matched_random_e1_raw,backdoor,time_quartile_3,0.001,0.29534322023391724,0,567931,0,39,,6.867031382333417e-05
matched_random_e1_raw,backdoor,time_quartile_4,0.001,0.29534322023391724,40030,527901,40014,389,0.9996002997751686,0.0007368805893529279
matched_random_e1_raw,backdoor,full_test,0.01,0.01191684976220131,40030,2231693,40024,101602,0.9998501124156882,0.04552687130353503
matched_random_e1_raw,backdoor,time_quartile_1,0.01,0.01191684976220131,0,567929,0,5062,,0.008913085966731757
matched_random_e1_raw,backdoor,time_quartile_2,0.01,0.01191684976220131,0,567932,0,3818,,0.006722635808512287
matched_random_e1_raw,backdoor,time_quartile_3,0.01,0.01191684976220131,0,567931,0,7566,,0.013322040881726829
matched_random_e1_raw,backdoor,time_quartile_4,0.01,0.01191684976220131,40030,527901,40024,85156,0.9998501124156882,0.1613105487581952
matched_random_e1_raw,benign,full_test,0.001,0.6389782428741455,1474302,797421,762570,593,0.5172413793103449,0.0007436473330900491
matched_random_e1_raw,benign,time_quartile_1,0.001,0.6389782428741455,394793,173136,208649,573,0.5285022784091916,0.003309537011366787
matched_random_e1_raw,benign,time_quartile_2,0.001,0.6389782428741455,358160,209772,138517,3,0.3867461469734197,1.4301241347748985e-05
matched_random_e1_raw,benign,time_quartile_3,0.001,0.6389782428741455,284140,283791,92613,7,0.32594143731963116,2.466603944452079e-05
matched_random_e1_raw,benign,time_quartile_4,0.001,0.6389782428741455,437209,130722,322791,10,0.7382990743557429,7.649821759153012e-05
matched_random_e1_raw,benign,full_test,0.01,0.16229896247386932,1474302,797421,1252247,14965,0.8493829622424713,0.01876674930808193
matched_random_e1_raw,benign,time_quartile_1,0.01,0.16229896247386932,394793,173136,391891,4433,0.9926493124244857,0.025604149339247758
matched_random_e1_raw,benign,time_quartile_2,0.01,0.16229896247386932,358160,209772,303745,91,0.8480706946616038,0.0004338043208817192
matched_random_e1_raw,benign,time_quartile_3,0.01,0.16229896247386932,284140,283791,174851,5614,0.6153691842049693,0.019782163634505676
matched_random_e1_raw,benign,time_quartile_4,0.01,0.16229896247386932,437209,130722,381760,4827,0.8731750718763794,0.036925689631431585
matched_random_e1_raw,ddos,full_test,0.001,0.16961821913719177,103338,2168385,101896,5285,0.9860457914803847,0.002437297804587285
matched_random_e1_raw,ddos,time_quartile_1,0.001,0.16961821913719177,75758,492171,74512,266,0.9835528921038043,0.0005404625628084548
matched_random_e1_raw,ddos,time_quartile_2,0.001,0.16961821913719177,27580,540352,27384,2137,0.9928934010152284,0.0039548294445102454
matched_random_e1_raw,ddos,time_quartile_3,0.001,0.16961821913719177,0,567931,0,1430,,0.0025179115068555864
matched_random_e1_raw,ddos,time_quartile_4,0.001,0.16961821913719177,0,567931,0,1452,,0.002556648606961057
matched_random_e1_raw,ddos,full_test,0.01,0.024522552266716957,103338,2168385,102198,301633,0.9889682401439935,0.13910490987532195
matched_random_e1_raw,ddos,time_quartile_1,0.01,0.024522552266716957,75758,492171,74739,109311,0.9865492753240582,0.22209963610208647
matched_random_e1_raw,ddos,time_quartile_2,0.01,0.024522552266716957,27580,540352,27459,95397,0.9956127628716461,0.17654602925500415
matched_random_e1_raw,ddos,time_quartile_3,0.01,0.024522552266716957,0,567931,0,82369,,0.1450334635721593
matched_random_e1_raw,ddos,time_quartile_4,0.01,0.024522552266716957,0,567931,0,14556,,0.025629874051601338
matched_random_e1_raw,dos,full_test,0.001,0.3010491728782654,22458,2249265,22147,975,0.9861519280434589,0.00043347493514548084
matched_random_e1_raw,dos,time_quartile_1,0.001,0.3010491728782654,22458,545471,22147,81,0.9861519280434589,0.00014849552038513506
matched_random_e1_raw,dos,time_quartile_2,0.001,0.3010491728782654,0,567932,0,270,,0.0004754090278413613
matched_random_e1_raw,dos,time_quartile_3,0.001,0.3010491728782654,0,567931,0,142,,0.00025003037340803723
matched_random_e1_raw,dos,time_quartile_4,0.001,0.3010491728782654,0,567931,0,482,,0.0008486946477653095
matched_random_e1_raw,dos,full_test,0.01,0.07520423084497452,22458,2249265,22349,410003,0.9951464956808265,0.18228310136866932
matched_random_e1_raw,dos,time_quartile_1,0.01,0.07520423084497452,22458,545471,22349,201848,0.9951464956808265,0.3700435036876388
matched_random_e1_raw,dos,time_quartile_2,0.01,0.07520423084497452,0,567932,0,171389,,0.3017773254544558
matched_random_e1_raw,dos,time_quartile_3,0.01,0.07520423084497452,0,567931,0,25055,,0.0441162746882984
matched_random_e1_raw,dos,time_quartile_4,0.01,0.07520423084497452,0,567931,0,11711,,0.020620462697052987
matched_random_e1_raw,injection,full_test,0.001,0.4759450852870941,68891,2202832,68301,11033,0.991435746323903,0.00500855262680041
matched_random_e1_raw,injection,time_quartile_1,0.001,0.4759450852870941,68891,499038,68301,1517,0.991435746323903,0.003039848668838846
matched_random_e1_raw,injection,time_quartile_2,0.001,0.4759450852870941,0,567932,0,261,,0.00045956206024664925
matched_random_e1_raw,injection,time_quartile_3,0.001,0.4759450852870941,0,567931,0,8180,,0.014403158130124962
matched_random_e1_raw,injection,time_quartile_4,0.001,0.4759450852870941,0,567931,0,1075,,0.0018928355733354933
matched_random_e1_raw,injection,full_test,0.01,0.2254706472158432,68891,2202832,68611,37387,0.9959356084249031,0.016972243003551792
matched_random_e1_raw,injection,time_quartile_1,0.01,0.2254706472158432,68891,499038,68611,2506,0.9959356084249031,0.005021661677066676
matched_random_e1_raw,injection,time_quartile_2,0.01,0.2254706472158432,0,567932,0,2500,,0.004401935442975568
matched_random_e1_raw,injection,time_quartile_3,0.01,0.2254706472158432,0,567931,0,27353,,0.04816254087204255
matched_random_e1_raw,injection,time_quartile_4,0.01,0.2254706472158432,0,567931,0,5028,,0.008853188151377544
matched_random_e1_raw,mitm,full_test,0.001,0.619487464427948,1161,2270562,1064,45252,0.9164513350559862,0.0199298675834441
matched_random_e1_raw,mitm,time_quartile_1,0.001,0.619487464427948,0,567929,0,1030,,0.0018136069825629613
matched_random_e1_raw,mitm,time_quartile_2,0.001,0.619487464427948,0,567932,0,1128,,0.001986153271870576
matched_random_e1_raw,mitm,time_quartile_3,0.001,0.619487464427948,0,567931,0,244,,0.00042962965571521894
matched_random_e1_raw,mitm,time_quartile_4,0.001,0.619487464427948,1161,566770,1064,42850,0.9164513350559862,0.07560386047250207
matched_random_e1_raw,mitm,full_test,0.01,0.13084636628627777,1161,2270562,1156,105238,0.9956933677863911,0.04634887750257425
matched_random_e1_raw,mitm,time_quartile_1,0.01,0.13084636628627777,0,567929,0,21917,,0.03859109149207031
matched_random_e1_raw,mitm,time_quartile_2,0.01,0.13084636628627777,0,567932,0,14536,,0.02559461343963714
matched_random_e1_raw,mitm,time_quartile_3,0.01,0.13084636628627777,0,567931,0,4383,,0.007717486807376248
matched_random_e1_raw,mitm,time_quartile_4,0.01,0.13084636628627777,1161,566770,1156,64402,0.9956933677863911,0.11362986749475096
matched_random_e1_raw,password,full_test,0.001,0.08676155656576157,210951,2060772,210752,52621,0.9990566529668027,0.0255346054779471
matched_random_e1_raw,password,time_quartile_1,0.001,0.08676155656576157,0,567929,0,430,,0.0007571368956330809
matched_random_e1_raw,password,time_quartile_2,0.001,0.08676155656576157,182192,385740,182021,50338,0.9990614297005357,0.13049722611085188
matched_random_e1_raw,password,time_quartile_3,0.001,0.08676155656576157,28759,539172,28731,1396,0.9990263917382385,0.0025891552231940827
matched_random_e1_raw,password,time_quartile_4,0.001,0.08676155656576157,0,567931,0,457,,0.0008046752158272748
matched_random_e1_raw,password,full_test,0.01,0.015452682971954346,210951,2060772,210845,66490,0.9994975136406085,0.03226460763247948
matched_random_e1_raw,password,time_quartile_1,0.01,0.015452682971954346,0,567929,0,3770,,0.006638153712876081
matched_random_e1_raw,password,time_quartile_2,0.01,0.015452682971954346,182192,385740,182105,51939,0.9995224817774655,0.13464769015398972
matched_random_e1_raw,password,time_quartile_3,0.01,0.015452682971954346,28759,539172,28740,9020,0.9993393372509475,0.016729355381956038
matched_random_e1_raw,password,time_quartile_4,0.01,0.015452682971954346,0,567931,0,1761,,0.003100728785715166
matched_random_e1_raw,ransomware,full_test,0.001,0.5444720983505249,709,2271014,655,8352,0.923836389280677,0.00367765236145616
matched_random_e1_raw,ransomware,time_quartile_1,0.001,0.5444720983505249,0,567929,0,23,,4.049801999897875e-05
matched_random_e1_raw,ransomware,time_quartile_2,0.001,0.5444720983505249,0,567932,0,164,,0.00028876696505919725
matched_random_e1_raw,ransomware,time_quartile_3,0.001,0.5444720983505249,0,567931,0,45,,7.923497748846251e-05
matched_random_e1_raw,ransomware,time_quartile_4,0.001,0.5444720983505249,709,567222,655,8120,0.923836389280677,0.014315382689670005
matched_random_e1_raw,ransomware,full_test,0.01,0.020176557824015617,709,2271014,696,143183,0.9816643159379408,0.06304804814061032
matched_random_e1_raw,ransomware,time_quartile_1,0.01,0.020176557824015617,0,567929,0,3631,,0.006393404809403993
matched_random_e1_raw,ransomware,time_quartile_2,0.01,0.020176557824015617,0,567932,0,4583,,0.00806962805406281
matched_random_e1_raw,ransomware,time_quartile_3,0.01,0.020176557824015617,0,567931,0,16780,,0.029545842716808907
matched_random_e1_raw,ransomware,time_quartile_4,0.01,0.020176557824015617,709,567222,696,118189,0.9816643159379408,0.20836462619573995
matched_random_e1_raw,scanning,full_test,0.001,0.2858436703681946,6029,2265694,5694,42651,0.9444352297230054,0.018824695656165395
matched_random_e1_raw,scanning,time_quartile_1,0.001,0.2858436703681946,6029,561900,5694,3054,0.9444352297230054,0.0054351308061932726
matched_random_e1_raw,scanning,time_quartile_2,0.001,0.2858436703681946,0,567932,0,1025,,0.0018047935316199827
matched_random_e1_raw,scanning,time_quartile_3,0.001,0.2858436703681946,0,567931,0,1144,,0.002014329205484469
matched_random_e1_raw,scanning,time_quartile_4,0.001,0.2858436703681946,0,567931,0,37428,,0.06590237194307055
matched_random_e1_raw,scanning,full_test,0.01,0.04379211366176605,6029,2265694,5967,126825,0.9897163708741085,0.05597622626886067
matched_random_e1_raw,scanning,time_quartile_1,0.01,0.04379211366176605,6029,561900,5967,8876,0.9897163708741085,0.01579640505428012
matched_random_e1_raw,scanning,time_quartile_2,0.01,0.04379211366176605,0,567932,0,4472,,0.007874182120394695
matched_random_e1_raw,scanning,time_quartile_3,0.01,0.04379211366176605,0,567931,0,19967,,0.03515743990026957
matched_random_e1_raw,scanning,time_quartile_4,0.01,0.04379211366176605,0,567931,0,93510,,0.1646502832210251
matched_random_e1_raw,xss,full_test,0.001,0.3855600655078888,343854,1927869,338456,108884,0.9843014767895677,0.05647894125586334
matched_random_e1_raw,xss,time_quartile_1,0.001,0.3855600655078888,0,567929,0,892,,0.0015706188625690888
matched_random_e1_raw,xss,time_quartile_2,0.001,0.3855600655078888,0,567932,0,667,,0.0011744363761858813
matched_random_e1_raw,xss,time_quartile_3,0.001,0.3855600655078888,255032,312899,251530,105267,0.986268389849117,0.3364248527480113
matched_random_e1_raw,xss,time_quartile_4,0.001,0.3855600655078888,88822,479109,86926,2058,0.9786539370876585,0.004295473472633576
matched_random_e1_raw,xss,full_test,0.01,0.12218660861253738,343854,1927869,343591,249041,0.9992351404956755,0.12917942038592872
matched_random_e1_raw,xss,time_quartile_1,0.01,0.12218660861253738,0,567929,0,38067,,0.06702774466526626
matched_random_e1_raw,xss,time_quartile_2,0.01,0.12218660861253738,0,567932,0,24721,,0.0435280984343196
matched_random_e1_raw,xss,time_quartile_3,0.01,0.12218660861253738,255032,312899,254885,177225,0.9994236017440948,0.5663968245344344
matched_random_e1_raw,xss,time_quartile_4,0.01,0.12218660861253738,88822,479109,88706,9028,0.9986940172479791,0.018843311229803657
matched_random_e1_calibrated,backdoor,full_test,0.001,0.29534322023391724,40030,2231693,40014,559,0.9996002997751686,0.00025048248123733867
matched_random_e1_calibrated,backdoor,time_quartile_1,0.001,0.29534322023391724,0,567929,0,100,,0.00017607834782164673
matched_random_e1_calibrated,backdoor,time_quartile_2,0.001,0.29534322023391724,0,567932,0,31,,5.458399949289704e-05
matched_random_e1_calibrated,backdoor,time_quartile_3,0.001,0.29534322023391724,0,567931,0,39,,6.867031382333417e-05
matched_random_e1_calibrated,backdoor,time_quartile_4,0.001,0.29534322023391724,40030,527901,40014,389,0.9996002997751686,0.0007368805893529279
matched_random_e1_calibrated,backdoor,full_test,0.01,0.01191684976220131,40030,2231693,40024,101602,0.9998501124156882,0.04552687130353503
matched_random_e1_calibrated,backdoor,time_quartile_1,0.01,0.01191684976220131,0,567929,0,5062,,0.008913085966731757
matched_random_e1_calibrated,backdoor,time_quartile_2,0.01,0.01191684976220131,0,567932,0,3818,,0.006722635808512287
matched_random_e1_calibrated,backdoor,time_quartile_3,0.01,0.01191684976220131,0,567931,0,7566,,0.013322040881726829
matched_random_e1_calibrated,backdoor,time_quartile_4,0.01,0.01191684976220131,40030,527901,40024,85156,0.9998501124156882,0.1613105487581952
matched_random_e1_calibrated,benign,full_test,0.001,0.6389782428741455,1474302,797421,762570,593,0.5172413793103449,0.0007436473330900491
matched_random_e1_calibrated,benign,time_quartile_1,0.001,0.6389782428741455,394793,173136,208649,573,0.5285022784091916,0.003309537011366787
matched_random_e1_calibrated,benign,time_quartile_2,0.001,0.6389782428741455,358160,209772,138517,3,0.3867461469734197,1.4301241347748985e-05
matched_random_e1_calibrated,benign,time_quartile_3,0.001,0.6389782428741455,284140,283791,92613,7,0.32594143731963116,2.466603944452079e-05
matched_random_e1_calibrated,benign,time_quartile_4,0.001,0.6389782428741455,437209,130722,322791,10,0.7382990743557429,7.649821759153012e-05
matched_random_e1_calibrated,benign,full_test,0.01,0.16229896247386932,1474302,797421,1252247,14965,0.8493829622424713,0.01876674930808193
matched_random_e1_calibrated,benign,time_quartile_1,0.01,0.16229896247386932,394793,173136,391891,4433,0.9926493124244857,0.025604149339247758
matched_random_e1_calibrated,benign,time_quartile_2,0.01,0.16229896247386932,358160,209772,303745,91,0.8480706946616038,0.0004338043208817192
matched_random_e1_calibrated,benign,time_quartile_3,0.01,0.16229896247386932,284140,283791,174851,5614,0.6153691842049693,0.019782163634505676
matched_random_e1_calibrated,benign,time_quartile_4,0.01,0.16229896247386932,437209,130722,381760,4827,0.8731750718763794,0.036925689631431585
matched_random_e1_calibrated,ddos,full_test,0.001,0.16961820423603058,103338,2168385,101896,5285,0.9860457914803847,0.002437297804587285
matched_random_e1_calibrated,ddos,time_quartile_1,0.001,0.16961820423603058,75758,492171,74512,266,0.9835528921038043,0.0005404625628084548
matched_random_e1_calibrated,ddos,time_quartile_2,0.001,0.16961820423603058,27580,540352,27384,2137,0.9928934010152284,0.0039548294445102454
matched_random_e1_calibrated,ddos,time_quartile_3,0.001,0.16961820423603058,0,567931,0,1430,,0.0025179115068555864
matched_random_e1_calibrated,ddos,time_quartile_4,0.001,0.16961820423603058,0,567931,0,1452,,0.002556648606961057
matched_random_e1_calibrated,ddos,full_test,0.01,0.024522554129362106,103338,2168385,102198,301633,0.9889682401439935,0.13910490987532195
matched_random_e1_calibrated,ddos,time_quartile_1,0.01,0.024522554129362106,75758,492171,74739,109311,0.9865492753240582,0.22209963610208647
matched_random_e1_calibrated,ddos,time_quartile_2,0.01,0.024522554129362106,27580,540352,27459,95397,0.9956127628716461,0.17654602925500415
matched_random_e1_calibrated,ddos,time_quartile_3,0.01,0.024522554129362106,0,567931,0,82369,,0.1450334635721593
matched_random_e1_calibrated,ddos,time_quartile_4,0.01,0.024522554129362106,0,567931,0,14556,,0.025629874051601338
matched_random_e1_calibrated,dos,full_test,0.001,0.3010491728782654,22458,2249265,22147,975,0.9861519280434589,0.00043347493514548084
matched_random_e1_calibrated,dos,time_quartile_1,0.001,0.3010491728782654,22458,545471,22147,81,0.9861519280434589,0.00014849552038513506
matched_random_e1_calibrated,dos,time_quartile_2,0.001,0.3010491728782654,0,567932,0,270,,0.0004754090278413613
matched_random_e1_calibrated,dos,time_quartile_3,0.001,0.3010491728782654,0,567931,0,142,,0.00025003037340803723
matched_random_e1_calibrated,dos,time_quartile_4,0.001,0.3010491728782654,0,567931,0,482,,0.0008486946477653095
matched_random_e1_calibrated,dos,full_test,0.01,0.07520423084497452,22458,2249265,22349,410003,0.9951464956808265,0.18228310136866932
matched_random_e1_calibrated,dos,time_quartile_1,0.01,0.07520423084497452,22458,545471,22349,201848,0.9951464956808265,0.3700435036876388
matched_random_e1_calibrated,dos,time_quartile_2,0.01,0.07520423084497452,0,567932,0,171389,,0.3017773254544558
matched_random_e1_calibrated,dos,time_quartile_3,0.01,0.07520423084497452,0,567931,0,25055,,0.0441162746882984
matched_random_e1_calibrated,dos,time_quartile_4,0.01,0.07520423084497452,0,567931,0,11711,,0.020620462697052987
matched_random_e1_calibrated,injection,full_test,0.001,0.4759451150894165,68891,2202832,68301,11033,0.991435746323903,0.00500855262680041
matched_random_e1_calibrated,injection,time_quartile_1,0.001,0.4759451150894165,68891,499038,68301,1517,0.991435746323903,0.003039848668838846
matched_random_e1_calibrated,injection,time_quartile_2,0.001,0.4759451150894165,0,567932,0,261,,0.00045956206024664925
matched_random_e1_calibrated,injection,time_quartile_3,0.001,0.4759451150894165,0,567931,0,8180,,0.014403158130124962
matched_random_e1_calibrated,injection,time_quartile_4,0.001,0.4759451150894165,0,567931,0,1075,,0.0018928355733354933
matched_random_e1_calibrated,injection,full_test,0.01,0.2254706621170044,68891,2202832,68611,37387,0.9959356084249031,0.016972243003551792
matched_random_e1_calibrated,injection,time_quartile_1,0.01,0.2254706621170044,68891,499038,68611,2506,0.9959356084249031,0.005021661677066676
matched_random_e1_calibrated,injection,time_quartile_2,0.01,0.2254706621170044,0,567932,0,2500,,0.004401935442975568
matched_random_e1_calibrated,injection,time_quartile_3,0.01,0.2254706621170044,0,567931,0,27353,,0.04816254087204255
matched_random_e1_calibrated,injection,time_quartile_4,0.01,0.2254706621170044,0,567931,0,5028,,0.008853188151377544
matched_random_e1_calibrated,mitm,full_test,0.001,0.6194874048233032,1161,2270562,1064,45252,0.9164513350559862,0.0199298675834441
matched_random_e1_calibrated,mitm,time_quartile_1,0.001,0.6194874048233032,0,567929,0,1030,,0.0018136069825629613
matched_random_e1_calibrated,mitm,time_quartile_2,0.001,0.6194874048233032,0,567932,0,1128,,0.001986153271870576
matched_random_e1_calibrated,mitm,time_quartile_3,0.001,0.6194874048233032,0,567931,0,244,,0.00042962965571521894
matched_random_e1_calibrated,mitm,time_quartile_4,0.001,0.6194874048233032,1161,566770,1064,42850,0.9164513350559862,0.07560386047250207
matched_random_e1_calibrated,mitm,full_test,0.01,0.13084636628627777,1161,2270562,1156,105238,0.9956933677863911,0.04634887750257425
matched_random_e1_calibrated,mitm,time_quartile_1,0.01,0.13084636628627777,0,567929,0,21917,,0.03859109149207031
matched_random_e1_calibrated,mitm,time_quartile_2,0.01,0.13084636628627777,0,567932,0,14536,,0.02559461343963714
matched_random_e1_calibrated,mitm,time_quartile_3,0.01,0.13084636628627777,0,567931,0,4383,,0.007717486807376248
matched_random_e1_calibrated,mitm,time_quartile_4,0.01,0.13084636628627777,1161,566770,1156,64402,0.9956933677863911,0.11362986749475096
matched_random_e1_calibrated,password,full_test,0.001,0.08676156401634216,210951,2060772,210752,52621,0.9990566529668027,0.0255346054779471
matched_random_e1_calibrated,password,time_quartile_1,0.001,0.08676156401634216,0,567929,0,430,,0.0007571368956330809
matched_random_e1_calibrated,password,time_quartile_2,0.001,0.08676156401634216,182192,385740,182021,50338,0.9990614297005357,0.13049722611085188
matched_random_e1_calibrated,password,time_quartile_3,0.001,0.08676156401634216,28759,539172,28731,1396,0.9990263917382385,0.0025891552231940827
matched_random_e1_calibrated,password,time_quartile_4,0.001,0.08676156401634216,0,567931,0,457,,0.0008046752158272748
matched_random_e1_calibrated,password,full_test,0.01,0.01545268576592207,210951,2060772,210845,66490,0.9994975136406085,0.03226460763247948
matched_random_e1_calibrated,password,time_quartile_1,0.01,0.01545268576592207,0,567929,0,3770,,0.006638153712876081
matched_random_e1_calibrated,password,time_quartile_2,0.01,0.01545268576592207,182192,385740,182105,51939,0.9995224817774655,0.13464769015398972
matched_random_e1_calibrated,password,time_quartile_3,0.01,0.01545268576592207,28759,539172,28740,9020,0.9993393372509475,0.016729355381956038
matched_random_e1_calibrated,password,time_quartile_4,0.01,0.01545268576592207,0,567931,0,1761,,0.003100728785715166
matched_random_e1_calibrated,ransomware,full_test,0.001,0.5444720983505249,709,2271014,655,8352,0.923836389280677,0.00367765236145616
matched_random_e1_calibrated,ransomware,time_quartile_1,0.001,0.5444720983505249,0,567929,0,23,,4.049801999897875e-05
matched_random_e1_calibrated,ransomware,time_quartile_2,0.001,0.5444720983505249,0,567932,0,164,,0.00028876696505919725
matched_random_e1_calibrated,ransomware,time_quartile_3,0.001,0.5444720983505249,0,567931,0,45,,7.923497748846251e-05
matched_random_e1_calibrated,ransomware,time_quartile_4,0.001,0.5444720983505249,709,567222,655,8120,0.923836389280677,0.014315382689670005
matched_random_e1_calibrated,ransomware,full_test,0.01,0.020176559686660767,709,2271014,696,143183,0.9816643159379408,0.06304804814061032
matched_random_e1_calibrated,ransomware,time_quartile_1,0.01,0.020176559686660767,0,567929,0,3631,,0.006393404809403993
matched_random_e1_calibrated,ransomware,time_quartile_2,0.01,0.020176559686660767,0,567932,0,4583,,0.00806962805406281
matched_random_e1_calibrated,ransomware,time_quartile_3,0.01,0.020176559686660767,0,567931,0,16780,,0.029545842716808907
matched_random_e1_calibrated,ransomware,time_quartile_4,0.01,0.020176559686660767,709,567222,696,118189,0.9816643159379408,0.20836462619573995
matched_random_e1_calibrated,scanning,full_test,0.001,0.2858436703681946,6029,2265694,5694,42651,0.9444352297230054,0.018824695656165395
matched_random_e1_calibrated,scanning,time_quartile_1,0.001,0.2858436703681946,6029,561900,5694,3054,0.9444352297230054,0.0054351308061932726
matched_random_e1_calibrated,scanning,time_quartile_2,0.001,0.2858436703681946,0,567932,0,1025,,0.0018047935316199827
matched_random_e1_calibrated,scanning,time_quartile_3,0.001,0.2858436703681946,0,567931,0,1144,,0.002014329205484469
matched_random_e1_calibrated,scanning,time_quartile_4,0.001,0.2858436703681946,0,567931,0,37428,,0.06590237194307055
matched_random_e1_calibrated,scanning,full_test,0.01,0.043792109936475754,6029,2265694,5967,126825,0.9897163708741085,0.05597622626886067
matched_random_e1_calibrated,scanning,time_quartile_1,0.01,0.043792109936475754,6029,561900,5967,8876,0.9897163708741085,0.01579640505428012
matched_random_e1_calibrated,scanning,time_quartile_2,0.01,0.043792109936475754,0,567932,0,4472,,0.007874182120394695
matched_random_e1_calibrated,scanning,time_quartile_3,0.01,0.043792109936475754,0,567931,0,19967,,0.03515743990026957
matched_random_e1_calibrated,scanning,time_quartile_4,0.01,0.043792109936475754,0,567931,0,93510,,0.1646502832210251
matched_random_e1_calibrated,xss,full_test,0.001,0.3855600655078888,343854,1927869,338456,108884,0.9843014767895677,0.05647894125586334
matched_random_e1_calibrated,xss,time_quartile_1,0.001,0.3855600655078888,0,567929,0,892,,0.0015706188625690888
matched_random_e1_calibrated,xss,time_quartile_2,0.001,0.3855600655078888,0,567932,0,667,,0.0011744363761858813
matched_random_e1_calibrated,xss,time_quartile_3,0.001,0.3855600655078888,255032,312899,251530,105267,0.986268389849117,0.3364248527480113
matched_random_e1_calibrated,xss,time_quartile_4,0.001,0.3855600655078888,88822,479109,86926,2058,0.9786539370876585,0.004295473472633576
matched_random_e1_calibrated,xss,full_test,0.01,0.12218662351369858,343854,1927869,343591,249041,0.9992351404956755,0.12917942038592872
matched_random_e1_calibrated,xss,time_quartile_1,0.01,0.12218662351369858,0,567929,0,38067,,0.06702774466526626
matched_random_e1_calibrated,xss,time_quartile_2,0.01,0.12218662351369858,0,567932,0,24721,,0.0435280984343196
matched_random_e1_calibrated,xss,time_quartile_3,0.01,0.12218662351369858,255032,312899,254885,177225,0.9994236017440948,0.5663968245344344
matched_random_e1_calibrated,xss,time_quartile_4,0.01,0.12218662351369858,88822,479109,88706,9028,0.9986940172479791,0.018843311229803657
matched_random_e2_raw,backdoor,full_test,0.001,0.14032796025276184,40030,2231693,40010,31643,0.9995003747189608,0.014178921563136148
matched_random_e2_raw,backdoor,time_quartile_1,0.001,0.14032796025276184,0,567929,0,328,,0.0005775369808550012
matched_random_e2_raw,backdoor,time_quartile_2,0.001,0.14032796025276184,0,567932,0,129,,0.00022713986885753928
matched_random_e2_raw,backdoor,time_quartile_3,0.001,0.14032796025276184,0,567931,0,97,,0.00017079539591957475
matched_random_e2_raw,backdoor,time_quartile_4,0.001,0.14032796025276184,40030,527901,40010,31089,0.9995003747189608,0.0588917240164349
matched_random_e2_raw,backdoor,full_test,0.01,0.015297803096473217,40030,2231693,40016,51171,0.9996502623032726,0.022929229065108865
matched_random_e2_raw,backdoor,time_quartile_1,0.01,0.015297803096473217,0,567929,0,2551,,0.0044917586529302075
matched_random_e2_raw,backdoor,time_quartile_2,0.01,0.015297803096473217,0,567932,0,1414,,0.002489734686546981
matched_random_e2_raw,backdoor,time_quartile_3,0.01,0.015297803096473217,0,567931,0,1526,,0.0026869461254976396
matched_random_e2_raw,backdoor,time_quartile_4,0.01,0.015297803096473217,40030,527901,40016,45680,0.9996502623032726,0.0865313761481793
matched_random_e2_raw,benign,full_test,0.001,0.5505590438842773,1474302,797421,1160234,461,0.786971733064189,0.0005781136940211006
matched_random_e2_raw,benign,time_quartile_1,0.001,0.5505590438842773,394793,173136,378355,387,0.9583629902252573,0.002235237039090657
matched_random_e2_raw,benign,time_quartile_2,0.001,0.5505590438842773,358160,209772,299812,5,0.8370895689077508,2.3835402246248308e-05
matched_random_e2_raw,benign,time_quartile_3,0.001,0.5505590438842773,284140,283791,151921,44,0.5346695291053706,0.0001550436765084164
matched_random_e2_raw,benign,time_quartile_4,0.001,0.5505590438842773,437209,130722,330146,25,0.755121692371383,0.0001912455439788253
matched_random_e2_raw,benign,full_test,0.01,0.13847042620182037,1474302,797421,1291866,12808,0.8762560181021256,0.016061779160568883
matched_random_e2_raw,benign,time_quartile_1,0.01,0.13847042620182037,394793,173136,393298,3944,0.9962132054013115,0.022779780057295997
matched_random_e2_raw,benign,time_quartile_2,0.01,0.13847042620182037,358160,209772,306623,114,0.8561062095153005,0.0005434471712144614
matched_random_e2_raw,benign,time_quartile_3,0.01,0.13847042620182037,284140,283791,182098,5013,0.6408742169353135,0.017664407962197533
matched_random_e2_raw,benign,time_quartile_4,0.01,0.13847042620182037,437209,130722,409847,3737,0.9374166588519449,0.028587383913954805
matched_random_e2_raw,ddos,full_test,0.001,0.9482417106628418,103338,2168385,97476,79,0.943273529582535,3.643264457188184e-05
matched_random_e2_raw,ddos,time_quartile_1,0.001,0.9482417106628418,75758,492171,71116,61,0.9387259431347185,0.00012394066289968323
matched_random_e2_raw,ddos,time_quartile_2,0.001,0.9482417106628418,27580,540352,26360,13,0.9557650471356055,2.405839156697856e-05
matched_random_e2_raw,ddos,time_quartile_3,0.001,0.9482417106628418,0,567931,0,5,,8.803886387606944e-06
matched_random_e2_raw,ddos,time_quartile_4,0.001,0.9482417106628418,0,567931,0,0,,0.0
matched_random_e2_raw,ddos,full_test,0.01,0.8672558069229126,103338,2168385,99938,207,0.9670982600785771,9.546275223265242e-05
matched_random_e2_raw,ddos,time_quartile_1,0.01,0.8672558069229126,75758,492171,72998,137,0.9635682040180575,0.0002783585379878132
matched_random_e2_raw,ddos,time_quartile_2,0.01,0.8672558069229126,27580,540352,26940,17,0.9767947788252357,3.1460973587587354e-05
matched_random_e2_raw,ddos,time_quartile_3,0.01,0.8672558069229126,0,567931,0,15,,2.6411659162820835e-05
matched_random_e2_raw,ddos,time_quartile_4,0.01,0.8672558069229126,0,567931,0,38,,6.690953654581279e-05
matched_random_e2_raw,dos,full_test,0.001,0.39512184262275696,22458,2249265,22152,1119,0.986374565856265,0.0004974958486438903
matched_random_e2_raw,dos,time_quartile_1,0.001,0.39512184262275696,22458,545471,22152,118,0.986374565856265,0.0002163268074746412
matched_random_e2_raw,dos,time_quartile_2,0.001,0.39512184262275696,0,567932,0,307,,0.0005405576723973997
matched_random_e2_raw,dos,time_quartile_3,0.001,0.39512184262275696,0,567931,0,120,,0.00021129327330256668
matched_random_e2_raw,dos,time_quartile_4,0.001,0.39512184262275696,0,567931,0,574,,0.0010106861572972772
matched_random_e2_raw,dos,full_test,0.01,0.15273480117321014,22458,2249265,22361,18320,0.9956808264315611,0.008144882883964318
matched_random_e2_raw,dos,time_quartile_1,0.01,0.15273480117321014,22458,545471,22361,1433,0.9956808264315611,0.002627087416196278
matched_random_e2_raw,dos,time_quartile_2,0.01,0.15273480117321014,0,567932,0,1023,,0.0018012719832656023
matched_random_e2_raw,dos,time_quartile_3,0.01,0.15273480117321014,0,567931,0,8716,,0.015346934750876427
matched_random_e2_raw,dos,time_quartile_4,0.01,0.15273480117321014,0,567931,0,7148,,0.012586035979722889
matched_random_e2_raw,injection,full_test,0.001,0.693748950958252,68891,2202832,65648,7747,0.9529256361498599,0.003516836508639787
matched_random_e2_raw,injection,time_quartile_1,0.001,0.693748950958252,68891,499038,65648,1116,0.9529256361498599,0.0022363026462914647
matched_random_e2_raw,injection,time_quartile_2,0.001,0.693748950958252,0,567932,0,149,,0.0002623553524013438
matched_random_e2_raw,injection,time_quartile_3,0.001,0.693748950958252,0,567931,0,5466,,0.009624408598931912
matched_random_e2_raw,injection,time_quartile_4,0.001,0.693748950958252,0,567931,0,1016,,0.0017889497139617313
matched_random_e2_raw,injection,full_test,0.01,0.28517472743988037,68891,2202832,66774,25803,0.9692702965554282,0.011713557820115197
matched_random_e2_raw,injection,time_quartile_1,0.01,0.28517472743988037,68891,499038,66774,2088,0.9692702965554282,0.004184050112416289
matched_random_e2_raw,injection,time_quartile_2,0.01,0.28517472743988037,0,567932,0,6270,,0.011040054090982724
matched_random_e2_raw,injection,time_quartile_3,0.01,0.28517472743988037,0,567931,0,14482,,0.025499576533064755
matched_random_e2_raw,injection,time_quartile_4,0.01,0.28517472743988037,0,567931,0,2963,,0.005217183073295876
matched_random_e2_raw,mitm,full_test,0.001,0.7195857763290405,1161,2270562,1080,21671,0.9302325581395349,0.009544333077009129
matched_random_e2_raw,mitm,time_quartile_1,0.001,0.7195857763290405,0,567929,0,945,,0.0016639403869145614
matched_random_e2_raw,mitm,time_quartile_2,0.001,0.7195857763290405,0,567932,0,1247,,0.002195685398956213
matched_random_e2_raw,mitm,time_quartile_3,0.001,0.7195857763290405,0,567931,0,239,,0.000420825769327612
matched_random_e2_raw,mitm,time_quartile_4,0.001,0.7195857763290405,1161,566770,1080,19240,0.9302325581395349,0.03394675088660303
matched_random_e2_raw,mitm,full_test,0.01,0.3309715986251831,1161,2270562,1151,61664,0.9913867355727821,0.02715803400215453
matched_random_e2_raw,mitm,time_quartile_1,0.01,0.3309715986251831,0,567929,0,6765,,0.0119117002301344
matched_random_e2_raw,mitm,time_quartile_2,0.01,0.3309715986251831,0,567932,0,3281,,0.005777100075361135
matched_random_e2_raw,mitm,time_quartile_3,0.01,0.3309715986251831,0,567931,0,1472,,0.0025918641525114845
matched_random_e2_raw,mitm,time_quartile_4,0.01,0.3309715986251831,1161,566770,1151,50146,0.9913867355727821,0.08847680717045715
matched_random_e2_raw,password,full_test,0.001,0.3059528172016144,210951,2060772,210247,50892,0.9966627321036639,0.024695599513192144
matched_random_e2_raw,password,time_quartile_1,0.001,0.3059528172016144,0,567929,0,527,,0.0009279328930200783
matched_random_e2_raw,password,time_quartile_2,0.001,0.3059528172016144,182192,385740,181622,49876,0.996871432335119,0.12929952817960283
matched_random_e2_raw,password,time_quartile_3,0.001,0.3059528172016144,28759,539172,28625,379,0.9953405890329984,0.0007029296773571328
matched_random_e2_raw,password,time_quartile_4,0.001,0.3059528172016144,0,567931,0,110,,0.0001936855005273528
matched_random_e2_raw,password,full_test,0.01,0.011677151545882225,210951,2060772,210780,62698,0.9991893852126797,0.030424520519494635
matched_random_e2_raw,password,time_quartile_1,0.01,0.011677151545882225,0,567929,0,2519,,0.004435413581627281
matched_random_e2_raw,password,time_quartile_2,0.01,0.011677151545882225,182192,385740,182056,51714,0.9992535347325898,0.13406439570695286
matched_random_e2_raw,password,time_quartile_3,0.01,0.011677151545882225,28759,539172,28724,6057,0.9987829896727981,0.011233891967683781
matched_random_e2_raw,password,time_quartile_4,0.01,0.011677151545882225,0,567931,0,2408,,0.0042399516842715045
matched_random_e2_raw,ransomware,full_test,0.001,0.42658567428588867,709,2271014,660,10242,0.9308885754583921,0.004509879727733955
matched_random_e2_raw,ransomware,time_quartile_1,0.001,0.42658567428588867,0,567929,0,28,,4.930193739006108e-05
matched_random_e2_raw,ransomware,time_quartile_2,0.001,0.42658567428588867,0,567932,0,1110,,0.001954459336681152
matched_random_e2_raw,ransomware,time_quartile_3,0.001,0.42658567428588867,0,567931,0,463,,0.0008152398794924031
matched_random_e2_raw,ransomware,time_quartile_4,0.001,0.42658567428588867,709,567222,660,8641,0.9308885754583921,0.01523389431298504
matched_random_e2_raw,ransomware,full_test,0.01,0.2072107493877411,709,2271014,690,18333,0.9732016925246827,0.00807260545289461
matched_random_e2_raw,ransomware,time_quartile_1,0.01,0.2072107493877411,0,567929,0,239,,0.0004208272512937357
matched_random_e2_raw,ransomware,time_quartile_2,0.01,0.2072107493877411,0,567932,0,2347,,0.004132536993865463
matched_random_e2_raw,ransomware,time_quartile_3,0.01,0.2072107493877411,0,567931,0,827,,0.0014561628085101887
matched_random_e2_raw,ransomware,time_quartile_4,0.01,0.2072107493877411,709,567222,690,14920,0.9732016925246827,0.02630363420318676
matched_random_e2_raw,scanning,full_test,0.001,0.3884894549846649,6029,2265694,5751,10356,0.9538895339193896,0.004570784933887807
matched_random_e2_raw,scanning,time_quartile_1,0.001,0.3884894549846649,6029,561900,5751,1026,0.9538895339193896,0.0018259476775226908
matched_random_e2_raw,scanning,time_quartile_2,0.001,0.3884894549846649,0,567932,0,753,,0.001325862955424241
matched_random_e2_raw,scanning,time_quartile_3,0.001,0.3884894549846649,0,567931,0,3611,,0.006358166749129736
matched_random_e2_raw,scanning,time_quartile_4,0.001,0.3884894549846649,0,567931,0,4966,,0.008744019960171217
matched_random_e2_raw,scanning,full_test,0.01,0.33493804931640625,6029,2265694,5800,13641,0.962016918228562,0.006020671811815717
matched_random_e2_raw,scanning,time_quartile_1,0.01,0.33493804931640625,6029,561900,5800,2593,0.962016918228562,0.004614700124577327
matched_random_e2_raw,scanning,time_quartile_2,0.01,0.33493804931640625,0,567932,0,944,,0.0016621708232675743
matched_random_e2_raw,scanning,time_quartile_3,0.01,0.33493804931640625,0,567931,0,4576,,0.008057316821937876
matched_random_e2_raw,scanning,time_quartile_4,0.01,0.33493804931640625,0,567931,0,5528,,0.009733576790138239
matched_random_e2_raw,xss,full_test,0.001,0.3670845627784729,343854,1927869,336647,104366,0.979040523012674,0.054135421027051114
matched_random_e2_raw,xss,time_quartile_1,0.001,0.3670845627784729,0,567929,0,924,,0.0016269639338720157
matched_random_e2_raw,xss,time_quartile_2,0.001,0.3670845627784729,0,567932,0,777,,0.0013681215356768064
matched_random_e2_raw,xss,time_quartile_3,0.001,0.3670845627784729,255032,312899,250717,101050,0.9830805545970702,0.3229476604271666
matched_random_e2_raw,xss,time_quartile_4,0.001,0.3670845627784729,88822,479109,85930,1615,0.967440498975479,0.003370840455929653
matched_random_e2_raw,xss,full_test,0.01,0.22346585988998413,343854,1927869,339769,117978,0.9881199578891041,0.06119606674519897
matched_random_e2_raw,xss,time_quartile_1,0.01,0.22346585988998413,0,567929,0,2163,,0.0038085746633822184
matched_random_e2_raw,xss,time_quartile_2,0.01,0.22346585988998413,0,567932,0,1099,,0.0019350908207320596
matched_random_e2_raw,xss,time_quartile_3,0.01,0.22346585988998413,255032,312899,252477,111762,0.9899816493616488,0.35718234957606126
matched_random_e2_raw,xss,time_quartile_4,0.01,0.22346585988998413,88822,479109,87292,2954,0.9827745378397243,0.0061656115831679225
matched_random_e2_calibrated,backdoor,full_test,0.001,0.1213919073343277,40030,2231693,40010,31660,0.9995003747189608,0.014186539098343724
matched_random_e2_calibrated,backdoor,time_quartile_1,0.001,0.1213919073343277,0,567929,0,321,,0.000565211496507486
matched_random_e2_calibrated,backdoor,time_quartile_2,0.001,0.1213919073343277,0,567932,0,135,,0.00023770451392068066
matched_random_e2_calibrated,backdoor,time_quartile_3,0.001,0.1213919073343277,0,567931,0,96,,0.00016903461864205334
matched_random_e2_calibrated,backdoor,time_quartile_4,0.001,0.1213919073343277,40030,527901,40010,31108,0.9995003747189608,0.058927715613344166
matched_random_e2_calibrated,backdoor,full_test,0.01,0.007777993101626635,40030,2231693,40016,48163,0.9996502623032726,0.021581373423674315
matched_random_e2_calibrated,backdoor,time_quartile_1,0.01,0.007777993101626635,0,567929,0,2427,,0.004273421501631366
matched_random_e2_calibrated,backdoor,time_quartile_2,0.01,0.007777993101626635,0,567932,0,1298,,0.002285484881992915
matched_random_e2_calibrated,backdoor,time_quartile_3,0.01,0.007777993101626635,0,567931,0,1373,,0.002417547202036867
matched_random_e2_calibrated,backdoor,time_quartile_4,0.01,0.007777993101626635,40030,527901,40016,43065,0.9996502623032726,0.08157779583671938
matched_random_e2_calibrated,benign,full_test,0.001,0.6138550639152527,1474302,797421,1164695,447,0.7899975717322503,0.0005605570959380302
matched_random_e2_calibrated,benign,time_quartile_1,0.001,0.6138550639152527,394793,173136,378839,373,0.9595889491455015,0.0021543757508548193
matched_random_e2_calibrated,benign,time_quartile_2,0.001,0.6138550639152527,358160,209772,300031,5,0.8377010274737547,2.3835402246248308e-05
matched_random_e2_calibrated,benign,time_quartile_3,0.001,0.6138550639152527,284140,283791,155250,43,0.5463855845709862,0.00015151995658777058
matched_random_e2_calibrated,benign,time_quartile_4,0.001,0.6138550639152527,437209,130722,330575,26,0.7561029164541444,0.0001988953657379783
matched_random_e2_calibrated,benign,full_test,0.01,0.11779434978961945,1474302,797421,1289968,13102,0.8749686292225066,0.01643046772031336
matched_random_e2_calibrated,benign,time_quartile_1,0.01,0.11779434978961945,394793,173136,393214,3600,0.9960004356713518,0.020792902689215416
matched_random_e2_calibrated,benign,time_quartile_2,0.01,0.11779434978961945,358160,209772,306543,114,0.8558828456555729,0.0005434471712144614
matched_random_e2_calibrated,benign,time_quartile_3,0.01,0.11779434978961945,284140,283791,181807,5261,0.6398500739072288,0.018538290502517697
matched_random_e2_calibrated,benign,time_quartile_4,0.01,0.11779434978961945,437209,130722,408404,4127,0.9341161778462932,0.03157081440002448
matched_random_e2_calibrated,ddos,full_test,0.001,0.982353150844574,103338,2168385,97281,75,0.941386518028218,3.458795370748276e-05
matched_random_e2_calibrated,ddos,time_quartile_1,0.001,0.982353150844574,75758,492171,70964,58,0.9367195543704955,0.0001178452204619939
matched_random_e2_calibrated,ddos,time_quartile_2,0.001,0.982353150844574,27580,540352,26317,13,0.954205946337926,2.405839156697856e-05
matched_random_e2_calibrated,ddos,time_quartile_3,0.001,0.982353150844574,0,567931,0,4,,7.043109110085556e-06
matched_random_e2_calibrated,ddos,time_quartile_4,0.001,0.982353150844574,0,567931,0,0,,0.0
matched_random_e2_calibrated,ddos,full_test,0.01,0.9398729205131531,103338,2168385,99719,198,0.9649790009483443,9.131219778775449e-05
matched_random_e2_calibrated,ddos,time_quartile_1,0.01,0.9398729205131531,75758,492171,72808,129,0.9610602180627789,0.0002621040248206416
matched_random_e2_calibrated,ddos,time_quartile_2,0.01,0.9398729205131531,27580,540352,26911,17,0.9757432922407542,3.1460973587587354e-05
matched_random_e2_calibrated,ddos,time_quartile_3,0.01,0.9398729205131531,0,567931,0,14,,2.4650881885299446e-05
matched_random_e2_calibrated,ddos,time_quartile_4,0.01,0.9398729205131531,0,567931,0,38,,6.690953654581279e-05
matched_random_e2_calibrated,dos,full_test,0.001,0.42328840494155884,22458,2249265,22153,1356,0.9864190934188263,0.0006028636021100226
matched_random_e2_calibrated,dos,time_quartile_1,0.001,0.42328840494155884,22458,545471,22153,131,0.9864190934188263,0.00024015942185744062
matched_random_e2_calibrated,dos,time_quartile_2,0.001,0.42328840494155884,0,567932,0,310,,0.0005458399949289704
matched_random_e2_calibrated,dos,time_quartile_3,0.001,0.42328840494155884,0,567931,0,130,,0.00022890104607778058
matched_random_e2_calibrated,dos,time_quartile_4,0.001,0.42328840494155884,0,567931,0,785,,0.0013822101628542904
matched_random_e2_calibrated,dos,full_test,0.01,0.1349557787179947,22458,2249265,22352,18165,0.9952800783685101,0.008075971484018113
matched_random_e2_calibrated,dos,time_quartile_1,0.01,0.1349557787179947,22458,545471,22352,1467,0.9952800783685101,0.002689418869197446
matched_random_e2_calibrated,dos,time_quartile_2,0.01,0.1349557787179947,0,567932,0,1014,,0.0017854250156708901
matched_random_e2_calibrated,dos,time_quartile_3,0.01,0.1349557787179947,0,567931,0,8533,,0.015024712509090012
matched_random_e2_calibrated,dos,time_quartile_4,0.01,0.1349557787179947,0,567931,0,7151,,0.012591318311555452
matched_random_e2_calibrated,injection,full_test,0.001,0.7789180278778076,68891,2202832,65670,7995,0.9532449812021889,0.0036294188571802115
matched_random_e2_calibrated,injection,time_quartile_1,0.001,0.7789180278778076,68891,499038,65670,1248,0.9532449812021889,0.0025008115614442187
matched_random_e2_calibrated,injection,time_quartile_2,0.001,0.7789180278778076,0,567932,0,141,,0.000248269158983822
matched_random_e2_calibrated,injection,time_quartile_3,0.001,0.7789180278778076,0,567931,0,5580,,0.00982513720856935
matched_random_e2_calibrated,injection,time_quartile_4,0.001,0.7789180278778076,0,567931,0,1026,,0.001806557486736945
matched_random_e2_calibrated,injection,full_test,0.01,0.2754004895687103,68891,2202832,66790,24352,0.9695025475025766,0.01105486028893715
matched_random_e2_calibrated,injection,time_quartile_1,0.01,0.2754004895687103,68891,499038,66790,2130,0.9695025475025766,0.004268212039964892
matched_random_e2_calibrated,injection,time_quartile_2,0.01,0.2754004895687103,0,567932,0,4397,,0.007742124057105428
matched_random_e2_calibrated,injection,time_quartile_3,0.01,0.2754004895687103,0,567931,0,14711,,0.025902794529617156
matched_random_e2_calibrated,injection,time_quartile_4,0.01,0.2754004895687103,0,567931,0,3114,,0.005483060442201606
matched_random_e2_calibrated,mitm,full_test,0.001,0.8055906295776367,1161,2270562,1083,22037,0.9328165374677002,0.009705526649349368
matched_random_e2_calibrated,mitm,time_quartile_1,0.001,0.8055906295776367,0,567929,0,952,,0.0016762658712620767
matched_random_e2_calibrated,mitm,time_quartile_2,0.001,0.8055906295776367,0,567932,0,1285,,0.0022625948176894415
matched_random_e2_calibrated,mitm,time_quartile_3,0.001,0.8055906295776367,0,567931,0,245,,0.0004313904329927403
matched_random_e2_calibrated,mitm,time_quartile_4,0.001,0.8055906295776367,1161,566770,1083,19555,0.9328165374677002,0.03450253189124336
matched_random_e2_calibrated,mitm,full_test,0.01,0.36919090151786804,1161,2270562,1150,59974,0.9905254091300603,0.026413724883971458
matched_random_e2_calibrated,mitm,time_quartile_1,0.01,0.36919090151786804,0,567929,0,6095,,0.010731975299729368
matched_random_e2_calibrated,mitm,time_quartile_2,0.01,0.36919090151786804,0,567932,0,3069,,0.0054038159497968065
matched_random_e2_calibrated,mitm,time_quartile_3,0.01,0.36919090151786804,0,567931,0,1367,,0.002406982538371739
matched_random_e2_calibrated,mitm,time_quartile_4,0.01,0.36919090151786804,1161,566770,1150,49443,0.9905254091300603,0.08723644511883127
matched_random_e2_calibrated,password,full_test,0.001,0.3309261202812195,210951,2060772,210207,50796,0.9964731146095539,0.02464901502931911
matched_random_e2_calibrated,password,time_quartile_1,0.001,0.3309261202812195,0,567929,0,491,,0.0008645446878042854
matched_random_e2_calibrated,password,time_quartile_2,0.001,0.3309261202812195,182192,385740,181592,49866,0.9967067708790727,0.12927360398195675
matched_random_e2_calibrated,password,time_quartile_3,0.001,0.3309261202812195,28759,539172,28615,348,0.994992871796655,0.0006454341100799003
matched_random_e2_calibrated,password,time_quartile_4,0.001,0.3309261202812195,0,567931,0,91,,0.0001602307322544464
matched_random_e2_calibrated,password,full_test,0.01,0.0044069248251616955,210951,2060772,210783,63488,0.9992036065247379,0.03080787200136648
matched_random_e2_calibrated,password,time_quartile_1,0.01,0.0044069248251616955,0,567929,0,2541,,0.004474150818148043
matched_random_e2_calibrated,password,time_quartile_2,0.01,0.0044069248251616955,182192,385740,182058,51847,0.9992645121629928,0.13440918753564576
matched_random_e2_calibrated,password,time_quartile_3,0.01,0.0044069248251616955,28759,539172,28725,6342,0.9988177613964324,0.011762480247490596
matched_random_e2_calibrated,password,time_quartile_4,0.01,0.0044069248251616955,0,567931,0,2758,,0.004856223731403991
matched_random_e2_calibrated,ransomware,full_test,0.001,0.46808555722236633,709,2271014,659,10027,0.9294781382228491,0.004415208360670608
matched_random_e2_calibrated,ransomware,time_quartile_1,0.001,0.46808555722236633,0,567929,0,10,,1.760783478216467e-05
matched_random_e2_calibrated,ransomware,time_quartile_2,0.001,0.46808555722236633,0,567932,0,1115,,0.001963263207567103
matched_random_e2_calibrated,ransomware,time_quartile_3,0.001,0.46808555722236633,0,567931,0,414,,0.000728961792893855
matched_random_e2_calibrated,ransomware,time_quartile_4,0.001,0.46808555722236633,709,567222,659,8488,0.9294781382228491,0.014964158653930913
matched_random_e2_calibrated,ransomware,full_test,0.01,0.17966961860656738,709,2271014,690,18599,0.9732016925246827,0.008189733748889262
matched_random_e2_calibrated,ransomware,time_quartile_1,0.01,0.17966961860656738,0,567929,0,264,,0.00046484683824914733
matched_random_e2_calibrated,ransomware,time_quartile_2,0.01,0.17966961860656738,0,567932,0,2464,,0.004338547572596719
matched_random_e2_calibrated,ransomware,time_quartile_3,0.01,0.17966961860656738,0,567931,0,869,,0.001530115454166087
matched_random_e2_calibrated,ransomware,time_quartile_4,0.01,0.17966961860656738,709,567222,690,15002,0.9732016925246827,0.026448198412614463
matched_random_e2_calibrated,scanning,full_test,0.001,0.40629106760025024,6029,2265694,5725,10551,0.9495770442859512,0.004656851278239692
matched_random_e2_calibrated,scanning,time_quartile_1,0.001,0.40629106760025024,6029,561900,5725,1036,0.9495770442859512,0.0018437444385121908
matched_random_e2_calibrated,scanning,time_quartile_2,0.001,0.40629106760025024,0,567932,0,764,,0.0013452314713733335
matched_random_e2_calibrated,scanning,time_quartile_3,0.001,0.40629106760025024,0,567931,0,3666,,0.006455009499393412
matched_random_e2_calibrated,scanning,time_quartile_4,0.001,0.40629106760025024,0,567931,0,5085,,0.008953552456196263
matched_random_e2_calibrated,scanning,full_test,0.01,0.3386877477169037,6029,2265694,5782,13783,0.9590313484823354,0.006083345765138628
matched_random_e2_calibrated,scanning,time_quartile_1,0.01,0.3386877477169037,6029,561900,5782,2627,0.9590313484823354,0.004675209111941627
matched_random_e2_calibrated,scanning,time_quartile_2,0.01,0.3386877477169037,0,567932,0,920,,0.0016199122430150088
matched_random_e2_calibrated,scanning,time_quartile_3,0.01,0.3386877477169037,0,567931,0,4693,,0.00826332776340788
matched_random_e2_calibrated,scanning,time_quartile_4,0.01,0.3386877477169037,0,567931,0,5543,,0.009759988449301059
matched_random_e2_calibrated,xss,full_test,0.001,0.4033191502094269,343854,1927869,336880,104104,0.9797181361857067,0.053999519676907505
matched_random_e2_calibrated,xss,time_quartile_1,0.001,0.4033191502094269,0,567929,0,901,,0.001586465913873037
matched_random_e2_calibrated,xss,time_quartile_2,0.001,0.4033191502094269,0,567932,0,765,,0.0013469922455505237
matched_random_e2_calibrated,xss,time_quartile_3,0.001,0.4033191502094269,255032,312899,250815,100863,0.9834648201010069,0.32235002349000796
matched_random_e2_calibrated,xss,time_quartile_4,0.001,0.4033191502094269,88822,479109,86065,1575,0.9689603926955034,0.003287352147423655
matched_random_e2_calibrated,xss,full_test,0.01,0.24660591781139374,343854,1927869,339284,113395,0.9867094755332205,0.058818830532572496
matched_random_e2_calibrated,xss,time_quartile_1,0.01,0.24660591781139374,0,567929,0,1945,,0.0034247238651310286
matched_random_e2_calibrated,xss,time_quartile_2,0.01,0.24660591781139374,0,567932,0,1015,,0.0017871857898480803
matched_random_e2_calibrated,xss,time_quartile_3,0.01,0.24660591781139374,255032,312899,252220,107988,0.9889739326829574,0.345120949571587
matched_random_e2_calibrated,xss,time_quartile_4,0.01,0.24660591781139374,88822,479109,87064,2447,0.9802076062236833,0.005107397272854403
matched_random_e3_raw,backdoor,full_test,0.001,0.23731805384159088,40030,2231693,40010,1210,0.9995003747189608,0.0005421892706568511
matched_random_e3_raw,backdoor,time_quartile_1,0.001,0.23731805384159088,0,567929,0,98,,0.00017255678086521378
matched_random_e3_raw,backdoor,time_quartile_2,0.001,0.23731805384159088,0,567932,0,149,,0.0002623553524013438
matched_random_e3_raw,backdoor,time_quartile_3,0.001,0.23731805384159088,0,567931,0,112,,0.00019720705508239557
matched_random_e3_raw,backdoor,time_quartile_4,0.001,0.23731805384159088,40030,527901,40010,851,0.9995003747189608,0.0016120446826204155
matched_random_e3_raw,backdoor,full_test,0.01,0.020642267540097237,40030,2231693,40012,50146,0.9995503372470647,0.02246993650112269
matched_random_e3_raw,backdoor,time_quartile_1,0.01,0.020642267540097237,0,567929,0,2710,,0.004771723225966626
matched_random_e3_raw,backdoor,time_quartile_2,0.01,0.020642267540097237,0,567932,0,1158,,0.0020389764971862827
matched_random_e3_raw,backdoor,time_quartile_3,0.01,0.020642267540097237,0,567931,0,4646,,0.008180571231364373
matched_random_e3_raw,backdoor,time_quartile_4,0.01,0.020642267540097237,40030,527901,40012,41632,0.9995503372470647,0.07886327171193083
matched_random_e3_raw,benign,full_test,0.001,0.6906726360321045,1474302,797421,944471,621,0.6406224776199178,0.0007787605292561896
matched_random_e3_raw,benign,time_quartile_1,0.001,0.6906726360321045,394793,173136,304332,612,0.7708647316441781,0.0035347934571666206
matched_random_e3_raw,benign,time_quartile_2,0.001,0.6906726360321045,358160,209772,264429,1,0.7382985257985258,4.7670804492496615e-06
matched_random_e3_raw,benign,time_quartile_3,0.001,0.6906726360321045,284140,283791,87831,3,0.30911170549729006,1.0571159761937482e-05
matched_random_e3_raw,benign,time_quartile_4,0.001,0.6906726360321045,437209,130722,287879,5,0.658447104245338,3.824910879576506e-05
matched_random_e3_raw,benign,full_test,0.01,0.2216528058052063,1474302,797421,1277856,14616,0.8667532160981942,0.01832908839872539
matched_random_e3_raw,benign,time_quartile_1,0.01,0.2216528058052063,394793,173136,391044,4581,0.9905038843140582,0.026458968672026614
matched_random_e3_raw,benign,time_quartile_2,0.01,0.2216528058052063,358160,209772,305936,30,0.8541880723698906,0.00014301241347748986
matched_random_e3_raw,benign,time_quartile_3,0.01,0.2216528058052063,284140,283791,178853,6435,0.6294537903850215,0.0226751376893559
matched_random_e3_raw,benign,time_quartile_4,0.01,0.2216528058052063,437209,130722,402023,3570,0.9195213273285774,0.027309863680176252
matched_random_e3_raw,ddos,full_test,0.001,0.9243082404136658,103338,2168385,24976,87,0.2416923106698407,4.012202630068e-05
matched_random_e3_raw,ddos,time_quartile_1,0.001,0.9243082404136658,75758,492171,23497,18,0.3101586631114866,3.6572654626136035e-05
matched_random_e3_raw,ddos,time_quartile_2,0.001,0.9243082404136658,27580,540352,1479,11,0.05362581580855692,2.0357100556674168e-05
matched_random_e3_raw,ddos,time_quartile_3,0.001,0.9243082404136658,0,567931,0,1,,1.760777277521389e-06
matched_random_e3_raw,ddos,time_quartile_4,0.001,0.9243082404136658,0,567931,0,57,,0.00010036430481871918
matched_random_e3_raw,ddos,full_test,0.01,0.68756502866745,103338,2168385,99955,508,0.9672627687781842,0.0002342757397786832
matched_random_e3_raw,ddos,time_quartile_1,0.01,0.68756502866745,75758,492171,73061,109,0.9643997993611236,0.00022146774190271267
matched_random_e3_raw,ddos,time_quartile_2,0.01,0.68756502866745,27580,540352,26894,26,0.9751269035532995,4.811678313395712e-05
matched_random_e3_raw,ddos,time_quartile_3,0.01,0.68756502866745,0,567931,0,45,,7.923497748846251e-05
matched_random_e3_raw,ddos,time_quartile_4,0.01,0.68756502866745,0,567931,0,328,,0.0005775349470270156
matched_random_e3_raw,dos,full_test,0.001,0.4619297385215759,22458,2249265,21181,514,0.9431383026093152,0.00022851909401515606
matched_random_e3_raw,dos,time_quartile_1,0.001,0.4619297385215759,22458,545471,21181,53,0.9431383026093152,9.716373556064392e-05
matched_random_e3_raw,dos,time_quartile_2,0.001,0.4619297385215759,0,567932,0,277,,0.0004877344470816929
matched_random_e3_raw,dos,time_quartile_3,0.001,0.4619297385215759,0,567931,0,22,,3.8737100105470556e-05
matched_random_e3_raw,dos,time_quartile_4,0.001,0.4619297385215759,0,567931,0,162,,0.00028524591895846504
matched_random_e3_raw,dos,full_test,0.01,0.14815081655979156,22458,2249265,22407,37095,0.9977290943093775,0.016492054070996527
matched_random_e3_raw,dos,time_quartile_1,0.01,0.14815081655979156,22458,545471,22407,1969,0.9977290943093775,0.003609724439979394
matched_random_e3_raw,dos,time_quartile_2,0.01,0.14815081655979156,0,567932,0,1865,,0.0032838438404597732
matched_random_e3_raw,dos,time_quartile_3,0.01,0.14815081655979156,0,567931,0,12100,,0.02130540505800881
matched_random_e3_raw,dos,time_quartile_4,0.01,0.14815081655979156,0,567931,0,21161,,0.03725980796963011
matched_random_e3_raw,injection,full_test,0.001,0.788289487361908,68891,2202832,66555,7164,0.9660913617163345,0.003252177197353225
matched_random_e3_raw,injection,time_quartile_1,0.001,0.788289487361908,68891,499038,66555,1196,0.9660913617163345,0.0023966110797173762
matched_random_e3_raw,injection,time_quartile_2,0.001,0.788289487361908,0,567932,0,162,,0.00028524541670481675
matched_random_e3_raw,injection,time_quartile_3,0.001,0.788289487361908,0,567931,0,4824,,0.00849398958676318
matched_random_e3_raw,injection,time_quartile_4,0.001,0.788289487361908,0,567931,0,982,,0.001729083286526004
matched_random_e3_raw,injection,full_test,0.01,0.3989925980567932,68891,2202832,68360,22497,0.9922921716915126,0.01021276248029809
matched_random_e3_raw,injection,time_quartile_1,0.01,0.3989925980567932,68891,499038,68360,2121,0.9922921716915126,0.004250177341204478
matched_random_e3_raw,injection,time_quartile_2,0.01,0.3989925980567932,0,567932,0,2540,,0.004472366410063176
matched_random_e3_raw,injection,time_quartile_3,0.01,0.3989925980567932,0,567931,0,14930,,0.026288404753394338
matched_random_e3_raw,injection,time_quartile_4,0.01,0.3989925980567932,0,567931,0,2906,,0.0051168187684771564
matched_random_e3_raw,mitm,full_test,0.001,0.6228099465370178,1161,2270562,1081,13504,0.9310938845822567,0.005947426231919675
matched_random_e3_raw,mitm,time_quartile_1,0.001,0.6228099465370178,0,567929,0,662,,0.0011656386625793012
matched_random_e3_raw,mitm,time_quartile_2,0.001,0.6228099465370178,0,567932,0,1081,,0.0019033968855426354
matched_random_e3_raw,mitm,time_quartile_3,0.001,0.6228099465370178,0,567931,0,193,,0.0003398300145616281
matched_random_e3_raw,mitm,time_quartile_4,0.001,0.6228099465370178,1161,566770,1081,11568,0.9310938845822567,0.020410395751362987
matched_random_e3_raw,mitm,full_test,0.01,0.35215866565704346,1161,2270562,1147,61916,0.9879414298018949,0.027269019740487156
matched_random_e3_raw,mitm,time_quartile_1,0.01,0.35215866565704346,0,567929,0,5266,,0.009272285796287916
matched_random_e3_raw,mitm,time_quartile_2,0.01,0.35215866565704346,0,567932,0,3118,,0.005490093884479128
matched_random_e3_raw,mitm,time_quartile_3,0.01,0.35215866565704346,0,567931,0,3742,,0.006588828572485037
matched_random_e3_raw,mitm,time_quartile_4,0.01,0.35215866565704346,1161,566770,1147,49790,0.9879414298018949,0.08784868641600649
matched_random_e3_raw,password,full_test,0.001,0.10909688472747803,210951,2060772,210394,51566,0.9973595763945181,0.02502266141038407
matched_random_e3_raw,password,time_quartile_1,0.001,0.10909688472747803,0,567929,0,702,,0.0012360700017079599
matched_random_e3_raw,password,time_quartile_2,0.001,0.10909688472747803,182192,385740,181730,50046,0.997464213576886,0.12974023953958624
matched_random_e3_raw,password,time_quartile_3,0.001,0.10909688472747803,28759,539172,28664,513,0.9966966862547376,0.0009514589036522668
matched_random_e3_raw,password,time_quartile_4,0.001,0.10909688472747803,0,567931,0,305,,0.0005370370696440237
matched_random_e3_raw,password,full_test,0.01,0.011003776453435421,210951,2060772,210783,73916,0.9992036065247379,0.0358681115620748
matched_random_e3_raw,password,time_quartile_1,0.01,0.011003776453435421,0,567929,0,4534,,0.007983392290233463
matched_random_e3_raw,password,time_quartile_2,0.01,0.011003776453435421,182192,385740,182060,52117,0.999275489593396,0.13510914087209
matched_random_e3_raw,password,time_quartile_3,0.01,0.011003776453435421,28759,539172,28723,6382,0.9987482179491637,0.011836668076235414
matched_random_e3_raw,password,time_quartile_4,0.01,0.011003776453435421,0,567931,0,10883,,0.019162539111265278
matched_random_e3_raw,ransomware,full_test,0.001,0.729098916053772,709,2271014,646,8002,0.9111424541607899,0.003523536182515828
matched_random_e3_raw,ransomware,time_quartile_1,0.001,0.729098916053772,0,567929,0,63,,0.00011092935912763744
matched_random_e3_raw,ransomware,time_quartile_2,0.001,0.729098916053772,0,567932,0,0,,0.0
matched_random_e3_raw,ransomware,time_quartile_3,0.001,0.729098916053772,0,567931,0,1,,1.760777277521389e-06
matched_random_e3_raw,ransomware,time_quartile_4,0.001,0.729098916053772,709,567222,646,7938,0.9111424541607899,0.013994520663867057
matched_random_e3_raw,ransomware,full_test,0.01,0.5085951089859009,709,2271014,650,8396,0.9167842031029619,0.003697026966808659
matched_random_e3_raw,ransomware,time_quartile_1,0.01,0.5085951089859009,0,567929,0,209,,0.00036800374694724163
matched_random_e3_raw,ransomware,time_quartile_2,0.01,0.5085951089859009,0,567932,0,1,,1.760774177190227e-06
matched_random_e3_raw,ransomware,time_quartile_3,0.01,0.5085951089859009,0,567931,0,18,,3.1693990995385006e-05
matched_random_e3_raw,ransomware,time_quartile_4,0.01,0.5085951089859009,709,567222,650,8168,0.9167842031029619,0.014400005641530125
matched_random_e3_raw,scanning,full_test,0.001,0.24571649730205536,6029,2265694,5628,13048,0.933488140653508,0.005758941851812293
matched_random_e3_raw,scanning,time_quartile_1,0.001,0.24571649730205536,6029,561900,5628,5895,0.933488140653508,0.010491190603310198
matched_random_e3_raw,scanning,time_quartile_2,0.001,0.24571649730205536,0,567932,0,637,,0.0011216131508701747
matched_random_e3_raw,scanning,time_quartile_3,0.001,0.24571649730205536,0,567931,0,1422,,0.0025038252886354154
matched_random_e3_raw,scanning,time_quartile_4,0.001,0.24571649730205536,0,567931,0,5094,,0.008969399451693956
matched_random_e3_raw,scanning,full_test,0.01,0.19964733719825745,6029,2265694,5773,49775,0.9575385636092221,0.021968986103154266
matched_random_e3_raw,scanning,time_quartile_1,0.01,0.19964733719825745,6029,561900,5773,8571,0.9575385636092221,0.015253603844100374
matched_random_e3_raw,scanning,time_quartile_2,0.01,0.19964733719825745,0,567932,0,1333,,0.0023471119781945725
matched_random_e3_raw,scanning,time_quartile_3,0.01,0.19964733719825745,0,567931,0,2754,,0.0048491806222939055
matched_random_e3_raw,scanning,time_quartile_4,0.01,0.19964733719825745,0,567931,0,37117,,0.0653547702097614
matched_random_e3_raw,xss,full_test,0.001,0.1821335256099701,343854,1927869,325044,131863,0.9452965502800608,0.0683983195953667
matched_random_e3_raw,xss,time_quartile_1,0.001,0.1821335256099701,0,567929,0,1272,,0.0022397165842913463
matched_random_e3_raw,xss,time_quartile_2,0.001,0.1821335256099701,0,567932,0,942,,0.0016586492749131939
matched_random_e3_raw,xss,time_quartile_3,0.001,0.1821335256099701,255032,312899,242472,106214,0.9507512782709621,0.3394513884672051
matched_random_e3_raw,xss,time_quartile_4,0.001,0.1821335256099701,88822,479109,82572,23435,0.9296345499988742,0.04891371274595134
matched_random_e3_raw,xss,full_test,0.01,0.16023215651512146,343854,1927869,334066,138505,0.9715344303105388,0.07184357443374005
matched_random_e3_raw,xss,time_quartile_1,0.01,0.16023215651512146,0,567929,0,1925,,0.0033895081955666994
matched_random_e3_raw,xss,time_quartile_2,0.01,0.16023215651512146,0,567932,0,1106,,0.0019474162399723911
matched_random_e3_raw,xss,time_quartile_3,0.01,0.16023215651512146,255032,312899,248992,109332,0.9763166975124691,0.34941626531244907
matched_random_e3_raw,xss,time_quartile_4,0.01,0.16023215651512146,88822,479109,85074,26142,0.9578032469433249,0.05456378402409472
matched_random_e3_calibrated,backdoor,full_test,0.001,0.22981524467468262,40030,2231693,40010,1251,0.9995003747189608,0.0005605609732162981
matched_random_e3_calibrated,backdoor,time_quartile_1,0.001,0.22981524467468262,0,567929,0,99,,0.00017431756434343025
matched_random_e3_calibrated,backdoor,time_quartile_2,0.001,0.22981524467468262,0,567932,0,151,,0.00026587690075572425
matched_random_e3_calibrated,backdoor,time_quartile_3,0.001,0.22981524467468262,0,567931,0,114,,0.00020072860963743836
matched_random_e3_calibrated,backdoor,time_quartile_4,0.001,0.22981524467468262,40030,527901,40010,887,0.9995003747189608,0.0016802392872906093
matched_random_e3_calibrated,backdoor,full_test,0.01,0.012158260680735111,40030,2231693,40012,45183,0.9995503372470647,0.020246064310816946
matched_random_e3_calibrated,backdoor,time_quartile_1,0.01,0.012158260680735111,0,567929,0,2531,,0.004456542983365878
matched_random_e3_calibrated,backdoor,time_quartile_2,0.01,0.012158260680735111,0,567932,0,1025,,0.0018047935316199827
matched_random_e3_calibrated,backdoor,time_quartile_3,0.01,0.012158260680735111,0,567931,0,4221,,0.0074322408884177835
matched_random_e3_calibrated,backdoor,time_quartile_4,0.01,0.012158260680735111,40030,527901,40012,37406,0.9995503372470647,0.07085798284147975
matched_random_e3_calibrated,benign,full_test,0.001,0.750094473361969,1474302,797421,993287,594,0.6737337397629523,0.0007449013758102684
matched_random_e3_calibrated,benign,time_quartile_1,0.001,0.750094473361969,394793,173136,334924,575,0.8483534409171388,0.0033210886239719065
matched_random_e3_calibrated,benign,time_quartile_2,0.001,0.750094473361969,358160,209772,275006,1,0.7678300201027474,4.7670804492496615e-06
matched_random_e3_calibrated,benign,time_quartile_3,0.001,0.750094473361969,284140,283791,89411,12,0.31467234461884985,4.228463904774993e-05
matched_random_e3_calibrated,benign,time_quartile_4,0.001,0.750094473361969,437209,130722,293946,6,0.67232376277707,4.589893055491807e-05
matched_random_e3_calibrated,benign,full_test,0.01,0.23349298536777496,1474302,797421,1270950,14951,0.8620689655172413,0.01874919270999886
matched_random_e3_calibrated,benign,time_quartile_1,0.01,0.23349298536777496,394793,173136,390399,3967,0.9888701167447245,0.022912623602254874
matched_random_e3_calibrated,benign,time_quartile_2,0.01,0.23349298536777496,358160,209772,305698,23,0.8535235648872013,0.00010964285033274221
matched_random_e3_calibrated,benign,time_quartile_3,0.01,0.23349298536777496,284140,283791,177894,7075,0.6260786936017456,0.02493031843856923
matched_random_e3_calibrated,benign,time_quartile_4,0.01,0.23349298536777496,437209,130722,396959,3886,0.9079387661278702,0.029727207356068604
matched_random_e3_calibrated,ddos,full_test,0.001,0.9714807868003845,103338,2168385,24432,83,0.23642803228241305,3.827733543628092e-05
matched_random_e3_calibrated,ddos,time_quartile_1,0.001,0.9714807868003845,75758,492171,22957,18,0.30303070302806306,3.6572654626136035e-05
matched_random_e3_calibrated,ddos,time_quartile_2,0.001,0.9714807868003845,27580,540352,1475,11,0.05348078317621465,2.0357100556674168e-05
matched_random_e3_calibrated,ddos,time_quartile_3,0.001,0.9714807868003845,0,567931,0,1,,1.760777277521389e-06
matched_random_e3_calibrated,ddos,time_quartile_4,0.001,0.9714807868003845,0,567931,0,53,,9.332119570863362e-05
matched_random_e3_calibrated,ddos,full_test,0.01,0.7747087478637695,103338,2168385,99851,524,0.9662563626158819,0.00024165450323627953
matched_random_e3_calibrated,ddos,time_quartile_1,0.01,0.7747087478637695,75758,492171,72965,114,0.9631326064574038,0.0002316268126321949
matched_random_e3_calibrated,ddos,time_quartile_2,0.01,0.7747087478637695,27580,540352,26886,26,0.9748368382886149,4.811678313395712e-05
matched_random_e3_calibrated,ddos,time_quartile_3,0.01,0.7747087478637695,0,567931,0,52,,9.156041843111223e-05
matched_random_e3_calibrated,ddos,time_quartile_4,0.01,0.7747087478637695,0,567931,0,332,,0.0005845780561371011
matched_random_e3_calibrated,dos,full_test,0.001,0.5329921841621399,22458,2249265,21240,499,0.9457654288004275,0.00022185024885907175
matched_random_e3_calibrated,dos,time_quartile_1,0.001,0.5329921841621399,22458,545471,21240,53,0.9457654288004275,9.716373556064392e-05
matched_random_e3_calibrated,dos,time_quartile_2,0.001,0.5329921841621399,0,567932,0,248,,0.0004366719959431763
matched_random_e3_calibrated,dos,time_quartile_3,0.001,0.5329921841621399,0,567931,0,28,,4.930176377059889e-05
matched_random_e3_calibrated,dos,time_quartile_4,0.001,0.5329921841621399,0,567931,0,170,,0.00029933213717863615
matched_random_e3_calibrated,dos,full_test,0.01,0.1421424299478531,22458,2249265,22399,33394,0.9973728738088877,0.014846627676151988
matched_random_e3_calibrated,dos,time_quartile_1,0.01,0.1421424299478531,22458,545471,22399,1712,0.9973728738088877,0.0031385719864117432
matched_random_e3_calibrated,dos,time_quartile_2,0.01,0.1421424299478531,0,567932,0,1612,,0.002838367973630646
matched_random_e3_calibrated,dos,time_quartile_3,0.01,0.1421424299478531,0,567931,0,12212,,0.021502612113091204
matched_random_e3_calibrated,dos,time_quartile_4,0.01,0.1421424299478531,0,567931,0,17858,,0.03144396062197696
matched_random_e3_calibrated,injection,full_test,0.001,0.8662287592887878,68891,2202832,66507,7278,0.9653946088748894,0.0033039287607951945
matched_random_e3_calibrated,injection,time_quartile_1,0.001,0.8662287592887878,68891,499038,66507,1196,0.9653946088748894,0.0023966110797173762
matched_random_e3_calibrated,injection,time_quartile_2,0.001,0.8662287592887878,0,567932,0,156,,0.00027468077164167544
matched_random_e3_calibrated,injection,time_quartile_3,0.001,0.8662287592887878,0,567931,0,4931,,0.00868239275545797
matched_random_e3_calibrated,injection,time_quartile_4,0.001,0.8662287592887878,0,567931,0,995,,0.001751973391133782
matched_random_e3_calibrated,injection,full_test,0.01,0.4325721859931946,68891,2202832,68369,22150,0.9924228128492837,0.01005523798455806
matched_random_e3_calibrated,injection,time_quartile_1,0.01,0.4325721859931946,68891,499038,68369,2120,0.9924228128492837,0.004248173485786653
matched_random_e3_calibrated,injection,time_quartile_2,0.01,0.4325721859931946,0,567932,0,1954,,0.0034405527422297034
matched_random_e3_calibrated,injection,time_quartile_3,0.01,0.4325721859931946,0,567931,0,15099,,0.026585976113295454
matched_random_e3_calibrated,injection,time_quartile_4,0.01,0.4325721859931946,0,567931,0,2977,,0.005241833955181175
matched_random_e3_calibrated,mitm,full_test,0.001,0.7164117693901062,1161,2270562,1080,13473,0.9302325581395349,0.005933773224426376
matched_random_e3_calibrated,mitm,time_quartile_1,0.001,0.7164117693901062,0,567929,0,645,,0.0011357053434496213
matched_random_e3_calibrated,mitm,time_quartile_2,0.001,0.7164117693901062,0,567932,0,1076,,0.0018945930146566843
matched_random_e3_calibrated,mitm,time_quartile_3,0.001,0.7164117693901062,0,567931,0,182,,0.0003204614645088928
matched_random_e3_calibrated,mitm,time_quartile_4,0.001,0.7164117693901062,1161,566770,1080,11570,0.9302325581395349,0.020413924519646416
matched_random_e3_calibrated,mitm,full_test,0.01,0.38709211349487305,1161,2270562,1146,62714,0.9870801033591732,0.027620474578540468
matched_random_e3_calibrated,mitm,time_quartile_1,0.01,0.38709211349487305,0,567929,0,5318,,0.009363846537155173
matched_random_e3_calibrated,mitm,time_quartile_2,0.01,0.38709211349487305,0,567932,0,3113,,0.005481290013593177
matched_random_e3_calibrated,mitm,time_quartile_3,0.01,0.38709211349487305,0,567931,0,3987,,0.007020219005477778
matched_random_e3_calibrated,mitm,time_quartile_4,0.01,0.38709211349487305,1161,566770,1146,50296,0.9870801033591732,0.08874146479171445
matched_random_e3_calibrated,password,full_test,0.001,0.09735816717147827,210951,2060772,210363,51244,0.9972126228365829,0.024866409287393268
matched_random_e3_calibrated,password,time_quartile_1,0.001,0.09735816717147827,0,567929,0,522,,0.0009191289756289958
matched_random_e3_calibrated,password,time_quartile_2,0.001,0.09735816717147827,182192,385740,181702,50038,0.9973105295512427,0.12971950018146938
matched_random_e3_calibrated,password,time_quartile_3,0.001,0.09735816717147827,28759,539172,28661,408,0.9965923710838346,0.0007567158531971245
matched_random_e3_calibrated,password,time_quartile_4,0.001,0.09735816717147827,0,567931,0,276,,0.0004859745285959034
matched_random_e3_calibrated,password,full_test,0.01,0.0044050975702703,210951,2060772,210781,83843,0.9991941256500325,0.040685238347570714
matched_random_e3_calibrated,password,time_quartile_1,0.01,0.0044050975702703,0,567929,0,5380,,0.009473015112804593
matched_random_e3_calibrated,password,time_quartile_2,0.01,0.0044050975702703,182192,385740,182059,52488,0.9992700008781944,0.1360709286047597
matched_random_e3_calibrated,password,time_quartile_3,0.01,0.0044050975702703,28759,539172,28722,6655,0.9987134462255294,0.012343000007418782
matched_random_e3_calibrated,password,time_quartile_4,0.01,0.0044050975702703,0,567931,0,19320,,0.03401821700171324
matched_random_e3_calibrated,ransomware,full_test,0.001,0.8068082332611084,709,2271014,648,8017,0.9139633286318759,0.0035301411616132706
matched_random_e3_calibrated,ransomware,time_quartile_1,0.001,0.8068082332611084,0,567929,0,63,,0.00011092935912763744
matched_random_e3_calibrated,ransomware,time_quartile_2,0.001,0.8068082332611084,0,567932,0,0,,0.0
matched_random_e3_calibrated,ransomware,time_quartile_3,0.001,0.8068082332611084,0,567931,0,1,,1.760777277521389e-06
matched_random_e3_calibrated,ransomware,time_quartile_4,0.001,0.8068082332611084,709,567222,648,7953,0.9139633286318759,0.014020965336323344
matched_random_e3_calibrated,ransomware,full_test,0.01,0.5790932178497314,709,2271014,650,8391,0.9167842031029619,0.0036948253071095115
matched_random_e3_calibrated,ransomware,time_quartile_1,0.01,0.5790932178497314,0,567929,0,205,,0.00036096061303437577
matched_random_e3_calibrated,ransomware,time_quartile_2,0.01,0.5790932178497314,0,567932,0,1,,1.760774177190227e-06
matched_random_e3_calibrated,ransomware,time_quartile_3,0.01,0.5790932178497314,0,567931,0,16,,2.8172436440342224e-05
matched_random_e3_calibrated,ransomware,time_quartile_4,0.01,0.5790932178497314,709,567222,650,8169,0.9167842031029619,0.014401768619693877
matched_random_e3_calibrated,scanning,full_test,0.001,0.24547985196113586,6029,2265694,5501,12867,0.9124232874440206,0.005679054629619004
matched_random_e3_calibrated,scanning,time_quartile_1,0.001,0.24547985196113586,6029,561900,5501,5852,0.9124232874440206,0.010414664531055348
matched_random_e3_calibrated,scanning,time_quartile_2,0.001,0.24547985196113586,0,567932,0,611,,0.0010758330222632288
matched_random_e3_calibrated,scanning,time_quartile_3,0.001,0.24547985196113586,0,567931,0,1384,,0.0024369157520896024
matched_random_e3_calibrated,scanning,time_quartile_4,0.001,0.24547985196113586,0,567931,0,5020,,0.008839101933157373
matched_random_e3_calibrated,scanning,full_test,0.01,0.16569216549396515,6029,2265694,5740,51103,0.9520650190744734,0.022555119976484028
matched_random_e3_calibrated,scanning,time_quartile_1,0.01,0.16569216549396515,6029,561900,5740,8738,0.9520650190744734,0.015550809752625022
matched_random_e3_calibrated,scanning,time_quartile_2,0.01,0.16569216549396515,0,567932,0,1379,,0.002428107590345323
matched_random_e3_calibrated,scanning,time_quartile_3,0.01,0.16569216549396515,0,567931,0,3589,,0.006319429649024265
matched_random_e3_calibrated,scanning,time_quartile_4,0.01,0.16569216549396515,0,567931,0,37397,,0.06584778784746739
matched_random_e3_calibrated,xss,full_test,0.001,0.18175667524337769,343854,1927869,324275,127908,0.9430601359879484,0.06634683165713023
matched_random_e3_calibrated,xss,time_quartile_1,0.001,0.18175667524337769,0,567929,0,1078,,0.0018981245895173515
matched_random_e3_calibrated,xss,time_quartile_2,0.001,0.18175667524337769,0,567932,0,754,,0.0013276237296014311
matched_random_e3_calibrated,xss,time_quartile_3,0.001,0.18175667524337769,255032,312899,242003,104849,0.9489122933592647,0.33508895841789205
matched_random_e3_calibrated,xss,time_quartile_4,0.001,0.18175667524337769,88822,479109,82272,21227,0.9262570083988201,0.04430515811642027
matched_random_e3_calibrated,xss,full_test,0.01,0.13923552632331848,343854,1927869,339450,137896,0.9871922385663683,0.07152768160077266
matched_random_e3_calibrated,xss,time_quartile_1,0.01,0.13923552632331848,0,567929,0,1972,,0.003472265019042873
matched_random_e3_calibrated,xss,time_quartile_2,0.01,0.13923552632331848,0,567932,0,1110,,0.001954459336681152
matched_random_e3_calibrated,xss,time_quartile_3,0.01,0.13923552632331848,255032,312899,252378,109163,0.9895934627811412,0.34887615492539126
matched_random_e3_calibrated,xss,time_quartile_4,0.01,0.13923552632331848,88822,479109,87072,25651,0.9802976739996848,0.053538965037183604
matched_random_e4_raw,backdoor,full_test,0.001,0.09444382786750793,40030,2231693,40010,1966,0.9995003747189608,0.000880945542240801
matched_random_e4_raw,backdoor,time_quartile_1,0.001,0.09444382786750793,0,567929,0,238,,0.0004190664678155192
matched_random_e4_raw,backdoor,time_quartile_2,0.001,0.09444382786750793,0,567932,0,232,,0.0004084996091081327
matched_random_e4_raw,backdoor,time_quartile_3,0.001,0.09444382786750793,0,567931,0,168,,0.00029581058262359333
matched_random_e4_raw,backdoor,time_quartile_4,0.001,0.09444382786750793,40030,527901,40010,1328,0.9995003747189608,0.002515623194500484
matched_random_e4_raw,backdoor,full_test,0.01,0.009885015897452831,40030,2231693,40016,96631,0.9996502623032726,0.04329941439077866
matched_random_e4_raw,backdoor,time_quartile_1,0.01,0.009885015897452831,0,567929,0,3731,,0.006569483157225639
matched_random_e4_raw,backdoor,time_quartile_2,0.01,0.009885015897452831,0,567932,0,2834,,0.004990034018157103
matched_random_e4_raw,backdoor,time_quartile_3,0.01,0.009885015897452831,0,567931,0,6448,,0.011353491885457917
matched_random_e4_raw,backdoor,time_quartile_4,0.01,0.009885015897452831,40030,527901,40016,83618,0.9996502623032726,0.15839712370311856
matched_random_e4_raw,benign,full_test,0.001,0.7094295620918274,1474302,797421,1005999,622,0.682356125135827,0.0007800145719764089
matched_random_e4_raw,benign,time_quartile_1,0.001,0.7094295620918274,394793,173136,335491,617,0.8497896365943671,0.0035636724886794198
matched_random_e4_raw,benign,time_quartile_2,0.001,0.7094295620918274,358160,209772,276035,0,0.7707030377484922,0.0
matched_random_e4_raw,benign,time_quartile_3,0.001,0.7094295620918274,284140,283791,85179,1,0.29977827831350745,3.5237199206458276e-06
matched_random_e4_raw,benign,time_quartile_4,0.001,0.7094295620918274,437209,130722,309294,4,0.7074282551365594,3.0599287036612045e-05
matched_random_e4_raw,benign,full_test,0.01,0.2319016307592392,1474302,797421,1282911,10206,0.8701819572923323,0.012798760002558246
matched_random_e4_raw,benign,time_quartile_1,0.01,0.2319016307592392,394793,173136,392592,6189,0.9944249264804593,0.035746465206542836
matched_random_e4_raw,benign,time_quartile_2,0.01,0.2319016307592392,358160,209772,306302,114,0.8552099620281438,0.0005434471712144614
matched_random_e4_raw,benign,time_quartile_3,0.01,0.2319016307592392,284140,283791,175755,2159,0.6185507144365454,0.007607711308674341
matched_random_e4_raw,benign,time_quartile_4,0.01,0.2319016307592392,437209,130722,408262,1744,0.9337913903876636,0.013341289147962853
matched_random_e4_raw,ddos,full_test,0.001,0.7755290865898132,103338,2168385,32371,362,0.3132535949989355,0.0001669445232281168
matched_random_e4_raw,ddos,time_quartile_1,0.001,0.7755290865898132,75758,492171,30644,57,0.4044985348082051,0.00011581340631609745
matched_random_e4_raw,ddos,time_quartile_2,0.001,0.7755290865898132,27580,540352,1727,13,0.0626178390137781,2.405839156697856e-05
matched_random_e4_raw,ddos,time_quartile_3,0.001,0.7755290865898132,0,567931,0,18,,3.1693990995385006e-05
matched_random_e4_raw,ddos,time_quartile_4,0.001,0.7755290865898132,0,567931,0,274,,0.0004824529740408606
matched_random_e4_raw,ddos,full_test,0.01,0.6923016905784607,103338,2168385,88646,474,0.8578257756101337,0.00021859586743129102
matched_random_e4_raw,ddos,time_quartile_1,0.01,0.6923016905784607,75758,492171,64944,118,0.8572559993664035,0.00023975406921578069
matched_random_e4_raw,ddos,time_quartile_2,0.01,0.6923016905784607,27580,540352,23702,13,0.8593908629441624,2.405839156697856e-05
matched_random_e4_raw,ddos,time_quartile_3,0.01,0.6923016905784607,0,567931,0,43,,7.571342293341973e-05
matched_random_e4_raw,ddos,time_quartile_4,0.01,0.6923016905784607,0,567931,0,300,,0.0005282331832564167
matched_random_e4_raw,dos,full_test,0.001,0.21240302920341492,22458,2249265,21963,14299,0.9779588565321934,0.0063571877924566466
matched_random_e4_raw,dos,time_quartile_1,0.001,0.21240302920341492,22458,545471,21963,659,0.9779588565321934,0.0012081302214049876
matched_random_e4_raw,dos,time_quartile_2,0.001,0.21240302920341492,0,567932,0,883,,0.0015547635984589703
matched_random_e4_raw,dos,time_quartile_3,0.001,0.21240302920341492,0,567931,0,341,,0.0006004250516347937
matched_random_e4_raw,dos,time_quartile_4,0.001,0.21240302920341492,0,567931,0,12416,,0.021861810677705568
matched_random_e4_raw,dos,full_test,0.01,0.13355107605457306,22458,2249265,22221,47193,0.9894469676729896,0.02098152063007249
matched_random_e4_raw,dos,time_quartile_1,0.01,0.13355107605457306,22458,545471,22221,3760,0.9894469676729896,0.00689312539071738
matched_random_e4_raw,dos,time_quartile_2,0.01,0.13355107605457306,0,567932,0,2020,,0.0035567638379242587
matched_random_e4_raw,dos,time_quartile_3,0.01,0.13355107605457306,0,567931,0,9132,,0.016079418098325325
matched_random_e4_raw,dos,time_quartile_4,0.01,0.13355107605457306,0,567931,0,32281,,0.05683965129566796
matched_random_e4_raw,injection,full_test,0.001,0.7156046628952026,68891,2202832,57845,7127,0.8396597523624276,0.0032353806372887265
matched_random_e4_raw,injection,time_quartile_1,0.001,0.7156046628952026,68891,499038,57845,177,0.8396597523624276,0.0003546824089548291
matched_random_e4_raw,injection,time_quartile_2,0.001,0.7156046628952026,0,567932,0,174,,0.0003063747068310995
matched_random_e4_raw,injection,time_quartile_3,0.001,0.7156046628952026,0,567931,0,5688,,0.010015301154541661
matched_random_e4_raw,injection,time_quartile_4,0.001,0.7156046628952026,0,567931,0,1088,,0.0019157256779432712
matched_random_e4_raw,injection,full_test,0.01,0.5207560658454895,68891,2202832,65829,25018,0.9555529749894761,0.011357198370098128
matched_random_e4_raw,injection,time_quartile_1,0.01,0.5207560658454895,68891,499038,65829,1564,0.9555529749894761,0.003134029873476569
matched_random_e4_raw,injection,time_quartile_2,0.01,0.5207560658454895,0,567932,0,9612,,0.016924561391152462
matched_random_e4_raw,injection,time_quartile_3,0.01,0.5207560658454895,0,567931,0,11864,,0.02088986162051376
matched_random_e4_raw,injection,time_quartile_4,0.01,0.5207560658454895,0,567931,0,1978,,0.0034828174549373075
matched_random_e4_raw,mitm,full_test,0.001,0.5137408971786499,1161,2270562,1100,15693,0.9474590869939707,0.006911504728785208
matched_random_e4_raw,mitm,time_quartile_1,0.001,0.5137408971786499,0,567929,0,1446,,0.0025460929095010116
matched_random_e4_raw,mitm,time_quartile_2,0.001,0.5137408971786499,0,567932,0,1482,,0.0026094673305959164
matched_random_e4_raw,mitm,time_quartile_3,0.001,0.5137408971786499,0,567931,0,386,,0.0006796600291232562
matched_random_e4_raw,mitm,time_quartile_4,0.001,0.5137408971786499,1161,566770,1100,12379,0.9474590869939707,0.021841311290294124
matched_random_e4_raw,mitm,full_test,0.01,0.3621569275856018,1161,2270562,1143,49510,0.9844961240310077,0.0218051742255882
matched_random_e4_raw,mitm,time_quartile_1,0.01,0.3621569275856018,0,567929,0,5960,,0.010494269530170144
matched_random_e4_raw,mitm,time_quartile_2,0.01,0.3621569275856018,0,567932,0,2743,,0.004829803568032792
matched_random_e4_raw,mitm,time_quartile_3,0.01,0.3621569275856018,0,567931,0,7382,,0.012998057862662895
matched_random_e4_raw,mitm,time_quartile_4,0.01,0.3621569275856018,1161,566770,1143,33425,0.9844961240310077,0.058974539936835046
matched_random_e4_raw,password,full_test,0.001,0.2917756736278534,210951,2060772,204349,49759,0.9687036325971434,0.024145805552482275
matched_random_e4_raw,password,time_quartile_1,0.001,0.2917756736278534,0,567929,0,366,,0.000644446753027227
matched_random_e4_raw,password,time_quartile_2,0.001,0.2917756736278534,182192,385740,176588,48998,0.9692412400105384,0.12702338362627677
matched_random_e4_raw,password,time_quartile_3,0.001,0.2917756736278534,28759,539172,27761,306,0.9652978198129282,0.0005675368898978433
matched_random_e4_raw,password,time_quartile_4,0.001,0.2917756736278534,0,567931,0,89,,0.00015670917769940363
matched_random_e4_raw,password,full_test,0.01,0.11448745429515839,210951,2060772,210409,54353,0.9974306829548094,0.026375067207823087
matched_random_e4_raw,password,time_quartile_1,0.01,0.11448745429515839,0,567929,0,2992,,0.00526826416682367
matched_random_e4_raw,password,time_quartile_2,0.01,0.11448745429515839,182192,385740,181750,50270,0.9975739878809169,0.1303209415668585
matched_random_e4_raw,password,time_quartile_3,0.01,0.11448745429515839,28759,539172,28659,723,0.996522827636566,0.0013409450045625514
matched_random_e4_raw,password,time_quartile_4,0.01,0.11448745429515839,0,567931,0,368,,0.0006479660381278711
matched_random_e4_raw,ransomware,full_test,0.001,0.5461603403091431,709,2271014,700,8451,0.9873060648801129,0.0037212452234992826
matched_random_e4_raw,ransomware,time_quartile_1,0.001,0.5461603403091431,0,567929,0,14,,2.465096869503054e-05
matched_random_e4_raw,ransomware,time_quartile_2,0.001,0.5461603403091431,0,567932,0,1,,1.760774177190227e-06
matched_random_e4_raw,ransomware,time_quartile_3,0.001,0.5461603403091431,0,567931,0,110,,0.0001936855005273528
matched_random_e4_raw,ransomware,time_quartile_4,0.001,0.5461603403091431,709,567222,700,8326,0.9873060648801129,0.014678556191403014
matched_random_e4_raw,ransomware,full_test,0.01,0.3709419071674347,709,2271014,703,9042,0.9915373765867419,0.00398148139993853
matched_random_e4_raw,ransomware,time_quartile_1,0.01,0.3709419071674347,0,567929,0,192,,0.0003380704278175617
matched_random_e4_raw,ransomware,time_quartile_2,0.01,0.3709419071674347,0,567932,0,158,,0.0002782023199960559
matched_random_e4_raw,ransomware,time_quartile_3,0.01,0.3709419071674347,0,567931,0,167,,0.00029404980534607195
matched_random_e4_raw,ransomware,time_quartile_4,0.01,0.3709419071674347,709,567222,703,8525,0.9915373765867419,0.015029388845989753
matched_random_e4_raw,scanning,full_test,0.001,0.2602798342704773,6029,2265694,5509,42826,0.9137502073312324,0.018901934683147856
matched_random_e4_raw,scanning,time_quartile_1,0.001,0.2602798342704773,6029,561900,5509,4861,0.9137502073312324,0.008651005516995906
matched_random_e4_raw,scanning,time_quartile_2,0.001,0.2602798342704773,0,567932,0,710,,0.0012501496658050611
matched_random_e4_raw,scanning,time_quartile_3,0.001,0.2602798342704773,0,567931,0,1794,,0.003158834435873372
matched_random_e4_raw,scanning,time_quartile_4,0.001,0.2602798342704773,0,567931,0,35461,,0.062438923038185976
matched_random_e4_raw,scanning,full_test,0.01,0.1488942801952362,6029,2265694,5893,63375,0.9774423619173992,0.027971561914362664
matched_random_e4_raw,scanning,time_quartile_1,0.01,0.1488942801952362,6029,561900,5893,16887,0.9774423619173992,0.0300533902829685
matched_random_e4_raw,scanning,time_quartile_2,0.01,0.1488942801952362,0,567932,0,1502,,0.002644682814139721
matched_random_e4_raw,scanning,time_quartile_3,0.01,0.1488942801952362,0,567931,0,6158,,0.010842866474976714
matched_random_e4_raw,scanning,time_quartile_4,0.01,0.1488942801952362,0,567931,0,38828,,0.0683674601316005
matched_random_e4_raw,xss,full_test,0.001,0.24222111701965332,343854,1927869,314790,111646,0.915475754244534,0.05791161121424744
matched_random_e4_raw,xss,time_quartile_1,0.001,0.24222111701965332,0,567929,0,1318,,0.002320712624289304
matched_random_e4_raw,xss,time_quartile_2,0.001,0.24222111701965332,0,567932,0,1447,,0.0025478402343942583
matched_random_e4_raw,xss,time_quartile_3,0.001,0.24222111701965332,255032,312899,236024,105778,0.9254681765425515,0.3380579675869849
matched_random_e4_raw,xss,time_quartile_4,0.001,0.24222111701965332,88822,479109,78766,3103,0.8867848055661885,0.006476605532352763
matched_random_e4_raw,xss,full_test,0.01,0.1859036684036255,343854,1927869,330448,122459,0.9610125227567514,0.06352039479860924
matched_random_e4_raw,xss,time_quartile_1,0.01,0.1859036684036255,0,567929,0,2599,,0.004576276259884598
matched_random_e4_raw,xss,time_quartile_2,0.01,0.1859036684036255,0,567932,0,4356,,0.007669932315840629
matched_random_e4_raw,xss,time_quartile_3,0.01,0.1859036684036255,255032,312899,245937,110459,0.9643378085887261,0.3530180665326511
matched_random_e4_raw,xss,time_quartile_4,0.01,0.1859036684036255,88822,479109,84511,5045,0.9514647272072234,0.010529962910318946
matched_random_e4_calibrated,backdoor,full_test,0.001,0.07716189324855804,40030,2231693,40010,1813,0.9995003747189608,0.0008123877253726207
matched_random_e4_calibrated,backdoor,time_quartile_1,0.001,0.07716189324855804,0,567929,0,211,,0.0003715253139036746
matched_random_e4_calibrated,backdoor,time_quartile_2,0.001,0.07716189324855804,0,567932,0,227,,0.0003996957382221815
matched_random_e4_calibrated,backdoor,time_quartile_3,0.001,0.07716189324855804,0,567931,0,164,,0.0002887674735135078
matched_random_e4_calibrated,backdoor,time_quartile_4,0.001,0.07716189324855804,40030,527901,40010,1211,0.9995003747189608,0.002293990729322354
matched_random_e4_calibrated,backdoor,full_test,0.01,0.0046357810497283936,40030,2231693,40016,83471,0.9996502623032726,0.037402545959502494
matched_random_e4_calibrated,backdoor,time_quartile_1,0.01,0.0046357810497283936,0,567929,0,3464,,0.006099353968541842
matched_random_e4_calibrated,backdoor,time_quartile_2,0.01,0.0046357810497283936,0,567932,0,2237,,0.0039388518343745375
matched_random_e4_calibrated,backdoor,time_quartile_3,0.01,0.0046357810497283936,0,567931,0,5890,,0.010370978164600982
matched_random_e4_calibrated,backdoor,time_quartile_4,0.01,0.0046357810497283936,40030,527901,40016,71880,0.9996502623032726,0.13616189399148704
matched_random_e4_calibrated,benign,full_test,0.001,0.761638343334198,1474302,797421,1020491,611,0.6921858615127701,0.0007662201020539966
matched_random_e4_calibrated,benign,time_quartile_1,0.001,0.761638343334198,394793,173136,338252,605,0.8567831749803061,0.0034943628130487017
matched_random_e4_calibrated,benign,time_quartile_2,0.001,0.761638343334198,358160,209772,276502,1,0.7720069242796516,4.7670804492496615e-06
matched_random_e4_calibrated,benign,time_quartile_3,0.001,0.761638343334198,284140,283791,88660,1,0.31202928134018443,3.5237199206458276e-06
matched_random_e4_calibrated,benign,time_quartile_4,0.001,0.761638343334198,437209,130722,317077,4,0.7252298099993367,3.0599287036612045e-05
matched_random_e4_calibrated,benign,full_test,0.01,0.22295285761356354,1474302,797421,1281227,10969,0.8690397218480338,0.013755594598085579
matched_random_e4_calibrated,benign,time_quartile_1,0.01,0.22295285761356354,394793,173136,392544,6043,0.9943033437776252,0.034903197486369095
matched_random_e4_calibrated,benign,time_quartile_2,0.01,0.22295285761356354,358160,209772,306240,46,0.855036855036855,0.00021928570066548443
matched_random_e4_calibrated,benign,time_quartile_3,0.01,0.22295285761356354,284140,283791,175690,2760,0.6183219539663546,0.009725466980982483
matched_random_e4_calibrated,benign,time_quartile_4,0.01,0.22295285761356354,437209,130722,406753,2120,0.9303399518308177,0.016217622129404384
matched_random_e4_calibrated,ddos,full_test,0.001,0.8684424757957458,103338,2168385,32539,357,0.314879328030347,0.00016463865964761793
matched_random_e4_calibrated,ddos,time_quartile_1,0.001,0.8684424757957458,75758,492171,30828,54,0.40692732120700126,0.00010971796387840811
matched_random_e4_calibrated,ddos,time_quartile_2,0.001,0.8684424757957458,27580,540352,1711,12,0.06203770848440899,2.2207746061826365e-05
matched_random_e4_calibrated,ddos,time_quartile_3,0.001,0.8684424757957458,0,567931,0,17,,2.9933213717863613e-05
matched_random_e4_calibrated,ddos,time_quartile_4,0.001,0.8684424757957458,0,567931,0,274,,0.0004824529740408606
matched_random_e4_calibrated,ddos,full_test,0.01,0.7854064106941223,103338,2168385,89031,480,0.8615514138071184,0.00022136290372788965
matched_random_e4_calibrated,ddos,time_quartile_1,0.01,0.7854064106941223,75758,492171,65343,118,0.8625227698724887,0.00023975406921578069
matched_random_e4_calibrated,ddos,time_quartile_2,0.01,0.7854064106941223,27580,540352,23688,13,0.8588832487309644,2.405839156697856e-05
matched_random_e4_calibrated,ddos,time_quartile_3,0.01,0.7854064106941223,0,567931,0,46,,8.099575476598389e-05
matched_random_e4_calibrated,ddos,time_quartile_4,0.01,0.7854064106941223,0,567931,0,303,,0.0005335155150889808
matched_random_e4_calibrated,dos,full_test,0.001,0.2033570110797882,22458,2249265,21982,14280,0.9788048802208568,0.006348740588592273
matched_random_e4_calibrated,dos,time_quartile_1,0.001,0.2033570110797882,22458,545471,21982,721,0.9788048802208568,0.0013217934592306465
matched_random_e4_calibrated,dos,time_quartile_2,0.001,0.2033570110797882,0,567932,0,924,,0.0016269553397237698
matched_random_e4_calibrated,dos,time_quartile_3,0.001,0.2033570110797882,0,567931,0,367,,0.0006462052608503497
matched_random_e4_calibrated,dos,time_quartile_4,0.001,0.2033570110797882,0,567931,0,12268,,0.0216012156406324
matched_random_e4_calibrated,dos,full_test,0.01,0.12105920165777206,22458,2249265,22222,43814,0.9894914952355508,0.019479252111245227
matched_random_e4_calibrated,dos,time_quartile_1,0.01,0.12105920165777206,22458,545471,22222,3876,0.9894914952355508,0.007105785642133129
matched_random_e4_calibrated,dos,time_quartile_2,0.01,0.12105920165777206,0,567932,0,1913,,0.003368361000964904
matched_random_e4_calibrated,dos,time_quartile_3,0.01,0.12105920165777206,0,567931,0,9205,,0.016207954839584385
matched_random_e4_calibrated,dos,time_quartile_4,0.01,0.12105920165777206,0,567931,0,28820,,0.05074560113816643
matched_random_e4_calibrated,injection,full_test,0.001,0.8018365502357483,68891,2202832,57918,7196,0.8407193973087922,0.003266703952003603
matched_random_e4_calibrated,injection,time_quartile_1,0.001,0.8018365502357483,68891,499038,57918,183,0.8407193973087922,0.00036670554146177244
matched_random_e4_calibrated,injection,time_quartile_2,0.001,0.8018365502357483,0,567932,0,155,,0.0002729199974644852
matched_random_e4_calibrated,injection,time_quartile_3,0.001,0.8018365502357483,0,567931,0,5777,,0.010172010332241065
matched_random_e4_calibrated,injection,time_quartile_4,0.001,0.8018365502357483,0,567931,0,1081,,0.0019034002370006216
matched_random_e4_calibrated,injection,full_test,0.01,0.565883994102478,68891,2202832,66197,25528,0.9608947467738892,0.011588718522338518
matched_random_e4_calibrated,injection,time_quartile_1,0.01,0.565883994102478,68891,499038,66197,1564,0.9608947467738892,0.003134029873476569
matched_random_e4_calibrated,injection,time_quartile_2,0.01,0.565883994102478,0,567932,0,9683,,0.01704957635773297
matched_random_e4_calibrated,injection,time_quartile_3,0.01,0.565883994102478,0,567931,0,12212,,0.021502612113091204
matched_random_e4_calibrated,injection,time_quartile_4,0.01,0.565883994102478,0,567931,0,2069,,0.003643048187191754
matched_random_e4_calibrated,mitm,full_test,0.001,0.6015406847000122,1161,2270562,1095,14231,0.9431524547803618,0.006267611278617365
matched_random_e4_calibrated,mitm,time_quartile_1,0.001,0.6015406847000122,0,567929,0,1320,,0.002324234191245737
matched_random_e4_calibrated,mitm,time_quartile_2,0.001,0.6015406847000122,0,567932,0,1369,,0.0024104998485734207
matched_random_e4_calibrated,mitm,time_quartile_3,0.001,0.6015406847000122,0,567931,0,357,,0.0006285974880751359
matched_random_e4_calibrated,mitm,time_quartile_4,0.001,0.6015406847000122,1161,566770,1095,11185,0.9431524547803618,0.019734636625086014
matched_random_e4_calibrated,mitm,full_test,0.01,0.40826866030693054,1161,2270562,1142,47888,0.983634797588286,0.021090813639971073
matched_random_e4_calibrated,mitm,time_quartile_1,0.01,0.40826866030693054,0,567929,0,5248,,0.009240591693680019
matched_random_e4_calibrated,mitm,time_quartile_2,0.01,0.40826866030693054,0,567932,0,2546,,0.004482931055126318
matched_random_e4_calibrated,mitm,time_quartile_3,0.01,0.40826866030693054,0,567931,0,8517,,0.01499654007264967
matched_random_e4_calibrated,mitm,time_quartile_4,0.01,0.40826866030693054,1161,566770,1142,31577,0.983634797588286,0.05571395804294511
matched_random_e4_calibrated,password,full_test,0.001,0.296188622713089,210951,2060772,202776,49723,0.9612469246412674,0.024128336371029888
matched_random_e4_calibrated,password,time_quartile_1,0.001,0.296188622713089,0,567929,0,356,,0.0006268389182450623
matched_random_e4_calibrated,password,time_quartile_2,0.001,0.296188622713089,182192,385740,175254,48974,0.9619192939316765,0.12696116555192616
matched_random_e4_calibrated,password,time_quartile_3,0.001,0.296188622713089,28759,539172,27522,303,0.9569873778643208,0.0005619728027419821
matched_random_e4_calibrated,password,time_quartile_4,0.001,0.296188622713089,0,567931,0,90,,0.00015846995497692502
matched_random_e4_calibrated,password,full_test,0.01,0.08294550329446793,210951,2060772,210416,54450,0.9974638660162787,0.026422136946736466
matched_random_e4_calibrated,password,time_quartile_1,0.01,0.08294550329446793,0,567929,0,3043,,0.00535806412421271
matched_random_e4_calibrated,password,time_quartile_2,0.01,0.08294550329446793,182192,385740,181755,50272,0.9976014314569246,0.13032612640638772
matched_random_e4_calibrated,password,time_quartile_3,0.01,0.08294550329446793,28759,539172,28661,730,0.9965923710838346,0.0013539278745928942
matched_random_e4_calibrated,password,time_quartile_4,0.01,0.08294550329446793,0,567931,0,405,,0.0007131147973961626
matched_random_e4_calibrated,ransomware,full_test,0.001,0.6206239461898804,709,2271014,700,8463,0.9873060648801129,0.003726529206777237
matched_random_e4_calibrated,ransomware,time_quartile_1,0.001,0.6206239461898804,0,567929,0,14,,2.465096869503054e-05
matched_random_e4_calibrated,ransomware,time_quartile_2,0.001,0.6206239461898804,0,567932,0,1,,1.760774177190227e-06
matched_random_e4_calibrated,ransomware,time_quartile_3,0.001,0.6206239461898804,0,567931,0,113,,0.00019896783235991697
matched_random_e4_calibrated,ransomware,time_quartile_4,0.001,0.6206239461898804,709,567222,700,8335,0.9873060648801129,0.014694422994876786
matched_random_e4_calibrated,ransomware,full_test,0.01,0.38139984011650085,709,2271014,703,9143,0.9915373765867419,0.004025954925861311
matched_random_e4_calibrated,ransomware,time_quartile_1,0.01,0.38139984011650085,0,567929,0,222,,0.0003908939321640557
matched_random_e4_calibrated,ransomware,time_quartile_2,0.01,0.38139984011650085,0,567932,0,181,,0.00031870012607143107
matched_random_e4_calibrated,ransomware,time_quartile_3,0.01,0.38139984011650085,0,567931,0,188,,0.00033102612817402115
matched_random_e4_calibrated,ransomware,time_quartile_4,0.01,0.38139984011650085,709,567222,703,8552,0.9915373765867419,0.01507698925641107
matched_random_e4_calibrated,scanning,full_test,0.001,0.2473566234111786,6029,2265694,5405,42458,0.8965002487974788,0.01873951204355045
matched_random_e4_calibrated,scanning,time_quartile_1,0.001,0.2473566234111786,6029,561900,5405,4528,0.8965002487974788,0.00805837337604556
matched_random_e4_calibrated,scanning,time_quartile_2,0.001,0.2473566234111786,0,567932,0,487,,0.0008574970242916406
matched_random_e4_calibrated,scanning,time_quartile_3,0.001,0.2473566234111786,0,567931,0,1796,,0.0031623559904284146
matched_random_e4_calibrated,scanning,time_quartile_4,0.001,0.2473566234111786,0,567931,0,35647,,0.06276642761180495
matched_random_e4_calibrated,scanning,full_test,0.01,0.12119337916374207,6029,2265694,5864,62191,0.9726322773262565,0.027448984726092755
matched_random_e4_calibrated,scanning,time_quartile_1,0.01,0.12119337916374207,6029,561900,5864,14690,0.9726322773262565,0.02614344189357537
matched_random_e4_calibrated,scanning,time_quartile_2,0.01,0.12119337916374207,0,567932,0,1530,,0.0026939844911010474
matched_random_e4_calibrated,scanning,time_quartile_3,0.01,0.12119337916374207,0,567931,0,6824,,0.012015544141805959
matched_random_e4_calibrated,scanning,time_quartile_4,0.01,0.12119337916374207,0,567931,0,39147,,0.06892914808312982
matched_random_e4_calibrated,xss,full_test,0.001,0.22300757467746735,343854,1927869,320167,112493,0.9311132050230622,0.05835095641871932
matched_random_e4_calibrated,xss,time_quartile_1,0.001,0.22300757467746735,0,567929,0,1422,,0.0025038341060238164
matched_random_e4_calibrated,xss,time_quartile_2,0.001,0.22300757467746735,0,567932,0,1589,,0.002797870167555271
matched_random_e4_calibrated,xss,time_quartile_3,0.001,0.22300757467746735,255032,312899,239821,106273,0.9403565042818156,0.3396399477147578
matched_random_e4_calibrated,xss,time_quartile_4,0.001,0.22300757467746735,88822,479109,80346,3209,0.9045731913264732,0.006697849549893657
matched_random_e4_calibrated,xss,full_test,0.01,0.17124491930007935,343854,1927869,332284,121117,0.9663519982318077,0.06282428940970575
matched_random_e4_calibrated,xss,time_quartile_1,0.01,0.17124491930007935,0,567929,0,2490,,0.0043843508607590035
matched_random_e4_calibrated,xss,time_quartile_2,0.01,0.17124491930007935,0,567932,0,3749,,0.006601142390286161
matched_random_e4_calibrated,xss,time_quartile_3,0.01,0.17124491930007935,255032,312899,247627,110263,0.9709644279933498,0.35239166632044205
matched_random_e4_calibrated,xss,time_quartile_4,0.01,0.17124491930007935,88822,479109,84657,4615,0.9531084641192498,0.009632463593879472
balanced_random_e1_raw,backdoor,full_test,0.001,0.17969731986522675,40030,2231693,40024,2267,0.9998501124156882,0.0010158207244455218
balanced_random_e1_raw,backdoor,time_quartile_1,0.001,0.17969731986522675,0,567929,0,220,,0.0003873723652076228
balanced_random_e1_raw,backdoor,time_quartile_2,0.001,0.17969731986522675,0,567932,0,249,,0.0004384327701203665
balanced_random_e1_raw,backdoor,time_quartile_3,0.001,0.17969731986522675,0,567931,0,240,,0.00042258654660513336
balanced_random_e1_raw,backdoor,time_quartile_4,0.001,0.17969731986522675,40030,527901,40024,1558,0.9998501124156882,0.0029513109465600556
balanced_random_e1_raw,backdoor,full_test,0.01,0.024555545300245285,40030,2231693,40026,58991,0.9999000749437922,0.02643329526059364
balanced_random_e1_raw,backdoor,time_quartile_1,0.01,0.024555545300245285,0,567929,0,4184,,0.007367118072857699
balanced_random_e1_raw,backdoor,time_quartile_2,0.01,0.024555545300245285,0,567932,0,2029,,0.0035726108055189705
balanced_random_e1_raw,backdoor,time_quartile_3,0.01,0.024555545300245285,0,567931,0,6522,,0.011483789403994499
balanced_random_e1_raw,backdoor,time_quartile_4,0.01,0.024555545300245285,40030,527901,40026,46256,0.9999000749437922,0.0876224898229024
balanced_random_e1_raw,benign,full_test,0.001,0.4229389429092407,1474302,797421,1224491,518,0.8305564260239761,0.0006495941290736011
balanced_random_e1_raw,benign,time_quartile_1,0.001,0.4229389429092407,394793,173136,388106,421,0.9830620097114184,0.0024316144533776916
balanced_random_e1_raw,benign,time_quartile_2,0.001,0.4229389429092407,358160,209772,301126,8,0.8407583203037748,3.813664359399729e-05
balanced_random_e1_raw,benign,time_quartile_3,0.001,0.4229389429092407,284140,283791,167543,45,0.5896494685718308,0.00015856739642906224
balanced_random_e1_raw,benign,time_quartile_4,0.001,0.4229389429092407,437209,130722,367716,44,0.8410531347707847,0.00033659215740273254
balanced_random_e1_raw,benign,full_test,0.01,0.15966103971004486,1474302,797421,1261394,13636,0.8555872541718047,0.01710012653291047
balanced_random_e1_raw,benign,time_quartile_1,0.01,0.15966103971004486,394793,173136,392197,2068,0.9934244021550535,0.011944367433693743
balanced_random_e1_raw,benign,time_quartile_2,0.01,0.15966103971004486,358160,209772,304922,56,0.8513569354478445,0.00026695650515798103
balanced_random_e1_raw,benign,time_quartile_3,0.01,0.15966103971004486,284140,283791,175321,7249,0.617023298374041,0.0255434457047616
balanced_random_e1_raw,benign,time_quartile_4,0.01,0.15966103971004486,437209,130722,388954,4263,0.8896294449565311,0.03261119015926929
balanced_random_e1_raw,ddos,full_test,0.001,0.32687339186668396,103338,2168385,101597,2730,0.9831523737637655,0.0012590015149523725
balanced_random_e1_raw,ddos,time_quartile_1,0.001,0.32687339186668396,75758,492171,74267,153,0.9803189102141028,0.0003108675643221563
balanced_random_e1_raw,ddos,time_quartile_2,0.001,0.32687339186668396,27580,540352,27330,993,0.9909354604786077,0.0018376909866161318
balanced_random_e1_raw,ddos,time_quartile_3,0.001,0.32687339186668396,0,567931,0,949,,0.0016709776363677982
balanced_random_e1_raw,ddos,time_quartile_4,0.001,0.32687339186668396,0,567931,0,635,,0.001118093571226082
balanced_random_e1_raw,ddos,full_test,0.01,0.05623377859592438,103338,2168385,102706,82562,0.9938841471675472,0.03807534178662922
balanced_random_e1_raw,ddos,time_quartile_1,0.01,0.05623377859592438,75758,492171,75291,29637,0.9938356345204467,0.060216875841932985
balanced_random_e1_raw,ddos,time_quartile_2,0.01,0.05623377859592438,27580,540352,27415,23063,0.9940174039158811,0.04268143728532512
balanced_random_e1_raw,ddos,time_quartile_3,0.01,0.05623377859592438,0,567931,0,23412,,0.04122331762133076
balanced_random_e1_raw,ddos,time_quartile_4,0.01,0.05623377859592438,0,567931,0,6450,,0.01135701344001296
balanced_random_e1_raw,dos,full_test,0.001,0.5906782150268555,22458,2249265,21115,331,0.9401994834802743,0.00014715918311092736
balanced_random_e1_raw,dos,time_quartile_1,0.001,0.5906782150268555,22458,545471,21115,39,0.9401994834802743,7.149784314839836e-05
balanced_random_e1_raw,dos,time_quartile_2,0.001,0.5906782150268555,0,567932,0,213,,0.0003750448997415184
balanced_random_e1_raw,dos,time_quartile_3,0.001,0.5906782150268555,0,567931,0,1,,1.760777277521389e-06
balanced_random_e1_raw,dos,time_quartile_4,0.001,0.5906782150268555,0,567931,0,78,,0.00013734062764666835
balanced_random_e1_raw,dos,full_test,0.01,0.11235439777374268,22458,2249265,22410,64803,0.9978626769970612,0.028810744843315483
balanced_random_e1_raw,dos,time_quartile_1,0.01,0.11235439777374268,22458,545471,22410,3951,0.9978626769970612,0.0072432814943415875
balanced_random_e1_raw,dos,time_quartile_2,0.01,0.11235439777374268,0,567932,0,2556,,0.00450053879689822
balanced_random_e1_raw,dos,time_quartile_3,0.01,0.11235439777374268,0,567931,0,9547,,0.0168101406684967
balanced_random_e1_raw,dos,time_quartile_4,0.01,0.11235439777374268,0,567931,0,48749,,0.08583613150189019
balanced_random_e1_raw,injection,full_test,0.001,0.4360937774181366,68891,2202832,68272,10768,0.9910147914821965,0.004888252939851972
balanced_random_e1_raw,injection,time_quartile_1,0.001,0.4360937774181366,68891,499038,68272,1550,0.9910147914821965,0.0031059758976270343
balanced_random_e1_raw,injection,time_quartile_2,0.001,0.4360937774181366,0,567932,0,648,,0.001140981666819267
balanced_random_e1_raw,injection,time_quartile_3,0.001,0.4360937774181366,0,567931,0,7591,,0.013366060313664864
balanced_random_e1_raw,injection,time_quartile_4,0.001,0.4360937774181366,0,567931,0,979,,0.00172380095469344
balanced_random_e1_raw,injection,full_test,0.01,0.19931863248348236,68891,2202832,68594,36208,0.995688841793558,0.01643702288690195
balanced_random_e1_raw,injection,time_quartile_1,0.01,0.19931863248348236,68891,499038,68594,2901,0.995688841793558,0.005813184567107114
balanced_random_e1_raw,injection,time_quartile_2,0.01,0.19931863248348236,0,567932,0,3968,,0.006986751935090821
balanced_random_e1_raw,injection,time_quartile_3,0.01,0.19931863248348236,0,567931,0,24693,,0.04347887331383566
balanced_random_e1_raw,injection,time_quartile_4,0.01,0.19931863248348236,0,567931,0,4646,,0.008180571231364373
balanced_random_e1_raw,mitm,full_test,0.001,0.6014394164085388,1161,2270562,1062,19305,0.9147286821705426,0.008502300311552823
balanced_random_e1_raw,mitm,time_quartile_1,0.001,0.6014394164085388,0,567929,0,975,,0.0017167638912610555
balanced_random_e1_raw,mitm,time_quartile_2,0.001,0.6014394164085388,0,567932,0,1082,,0.0019051576597198256
balanced_random_e1_raw,mitm,time_quartile_3,0.001,0.6014394164085388,0,567931,0,127,,0.0002236187142452164
balanced_random_e1_raw,mitm,time_quartile_4,0.001,0.6014394164085388,1161,566770,1062,17121,0.9147286821705426,0.03020802089030824
balanced_random_e1_raw,mitm,full_test,0.01,0.10877583920955658,1161,2270562,1154,95315,0.9939707149009475,0.04197859384592889
balanced_random_e1_raw,mitm,time_quartile_1,0.01,0.10877583920955658,0,567929,0,14778,,0.026020858241082953
balanced_random_e1_raw,mitm,time_quartile_2,0.01,0.10877583920955658,0,567932,0,7623,,0.0134223815527211
balanced_random_e1_raw,mitm,time_quartile_3,0.01,0.10877583920955658,0,567931,0,6493,,0.011432726862946378
balanced_random_e1_raw,mitm,time_quartile_4,0.01,0.10877583920955658,1161,566770,1154,66421,0.9939707149009475,0.11719215907687422
balanced_random_e1_raw,password,full_test,0.001,0.09614324569702148,210951,2060772,210718,56853,0.9988954780968092,0.027588204808683348
balanced_random_e1_raw,password,time_quartile_1,0.001,0.09614324569702148,0,567929,0,1222,,0.002151677410380523
balanced_random_e1_raw,password,time_quartile_2,0.001,0.09614324569702148,182192,385740,181997,51275,0.9989297005356986,0.13292632343028984
balanced_random_e1_raw,password,time_quartile_3,0.001,0.09614324569702148,28759,539172,28721,3767,0.9986786745018951,0.006986638772043059
balanced_random_e1_raw,password,time_quartile_4,0.001,0.09614324569702148,0,567931,0,589,,0.0010370978164600982
balanced_random_e1_raw,password,full_test,0.01,0.03350632265210152,210951,2060772,210797,68171,0.9992699726476765,0.03308032135529792
balanced_random_e1_raw,password,time_quartile_1,0.01,0.03350632265210152,0,567929,0,8534,,0.015026526203099331
balanced_random_e1_raw,password,time_quartile_2,0.01,0.03350632265210152,182192,385740,182063,52468,0.9992919557390006,0.1360190802094675
balanced_random_e1_raw,password,time_quartile_3,0.01,0.03350632265210152,28759,539172,28734,6094,0.9991307069091415,0.011302515709272737
balanced_random_e1_raw,password,time_quartile_4,0.01,0.03350632265210152,0,567931,0,1075,,0.0018928355733354933
balanced_random_e1_raw,ransomware,full_test,0.001,0.2533744275569916,709,2271014,706,10244,0.995768688293371,0.004510760391613614
balanced_random_e1_raw,ransomware,time_quartile_1,0.001,0.2533744275569916,0,567929,0,138,,0.00024298811999387248
balanced_random_e1_raw,ransomware,time_quartile_2,0.001,0.2533744275569916,0,567932,0,525,,0.0009244064430248692
balanced_random_e1_raw,ransomware,time_quartile_3,0.001,0.2533744275569916,0,567931,0,447,,0.0007870674430520609
balanced_random_e1_raw,ransomware,time_quartile_4,0.001,0.2533744275569916,709,567222,706,9134,0.995768688293371,0.016103042547715003
balanced_random_e1_raw,ransomware,full_test,0.01,0.0163325946778059,709,2271014,709,165089,1.0,0.0726939596145158
balanced_random_e1_raw,ransomware,time_quartile_1,0.01,0.0163325946778059,0,567929,0,36438,,0.06415942837925163
balanced_random_e1_raw,ransomware,time_quartile_2,0.01,0.0163325946778059,0,567932,0,28442,,0.050079939147644435
balanced_random_e1_raw,ransomware,time_quartile_3,0.01,0.0163325946778059,0,567931,0,13860,,0.024404373066446453
balanced_random_e1_raw,ransomware,time_quartile_4,0.01,0.0163325946778059,709,567222,709,86349,1.0,0.15223140146186148
balanced_random_e1_raw,scanning,full_test,0.001,0.5279614329338074,6029,2265694,5783,4842,0.9591972134682368,0.002137093535137578
balanced_random_e1_raw,scanning,time_quartile_1,0.001,0.5279614329338074,6029,561900,5783,98,0.9591972134682368,0.00017440825769709912
balanced_random_e1_raw,scanning,time_quartile_2,0.001,0.5279614329338074,0,567932,0,495,,0.0008715832177091623
balanced_random_e1_raw,scanning,time_quartile_3,0.001,0.5279614329338074,0,567931,0,582,,0.0010247723755174485
balanced_random_e1_raw,scanning,time_quartile_4,0.001,0.5279614329338074,0,567931,0,3667,,0.006456770276670933
balanced_random_e1_raw,scanning,full_test,0.01,0.1082281768321991,6029,2265694,5942,69331,0.9855697462265716,0.030600337026977165
balanced_random_e1_raw,scanning,time_quartile_1,0.01,0.1082281768321991,6029,561900,5942,5674,0.9855697462265716,0.010097882185442249
balanced_random_e1_raw,scanning,time_quartile_2,0.01,0.1082281768321991,0,567932,0,4424,,0.0077896649598895645
balanced_random_e1_raw,scanning,time_quartile_3,0.01,0.1082281768321991,0,567931,0,12563,,0.02212064493750121
balanced_random_e1_raw,scanning,time_quartile_4,0.01,0.1082281768321991,0,567931,0,46670,,0.08217547554192323
balanced_random_e1_raw,xss,full_test,0.001,0.2979104518890381,343854,1927869,337296,111278,0.9809279519796192,0.05772072687511444
balanced_random_e1_raw,xss,time_quartile_1,0.001,0.2979104518890381,0,567929,0,1150,,0.002024900999948937
balanced_random_e1_raw,xss,time_quartile_2,0.001,0.2979104518890381,0,567932,0,546,,0.0009613827007458639
balanced_random_e1_raw,xss,time_quartile_3,0.001,0.2979104518890381,255032,312899,250781,105409,0.9833315034976003,0.3368786733099179
balanced_random_e1_raw,xss,time_quartile_4,0.001,0.2979104518890381,88822,479109,86515,4173,0.9740267050955844,0.008709917784888199
balanced_random_e1_raw,xss,full_test,0.01,0.08921527862548828,343854,1927869,343637,271057,0.9993689182036563,0.14059928345753783
balanced_random_e1_raw,xss,time_quartile_1,0.01,0.08921527862548828,0,567929,0,41403,,0.07290171834859639
balanced_random_e1_raw,xss,time_quartile_2,0.01,0.08921527862548828,0,567932,0,24573,,0.04326750385609545
balanced_random_e1_raw,xss,time_quartile_3,0.01,0.08921527862548828,255032,312899,254913,177566,0.9995333918880768,0.5674866330669002
balanced_random_e1_raw,xss,time_quartile_4,0.01,0.08921527862548828,88822,479109,88724,27515,0.9988966697439824,0.057429520213563096
balanced_random_e1_calibrated,backdoor,full_test,0.001,0.17955540120601654,40030,2231693,40024,1326,0.9998501124156882,0.0005941677461908963
balanced_random_e1_calibrated,backdoor,time_quartile_1,0.001,0.17955540120601654,0,567929,0,186,,0.0003275057269482629
balanced_random_e1_calibrated,backdoor,time_quartile_2,0.001,0.17955540120601654,0,567932,0,153,,0.00026939844911010475
balanced_random_e1_calibrated,backdoor,time_quartile_3,0.001,0.17955540120601654,0,567931,0,106,,0.00018664239141726724
balanced_random_e1_calibrated,backdoor,time_quartile_4,0.001,0.17955540120601654,40030,527901,40024,881,0.9998501124156882,0.0016688735198455771
balanced_random_e1_calibrated,backdoor,full_test,0.01,0.01355411484837532,40030,2231693,40026,58505,0.9999000749437922,0.026215523371718244
balanced_random_e1_calibrated,backdoor,time_quartile_1,0.01,0.01355411484837532,0,567929,0,4216,,0.007423463144160626
balanced_random_e1_calibrated,backdoor,time_quartile_2,0.01,0.01355411484837532,0,567932,0,2077,,0.0036571279660241015
balanced_random_e1_calibrated,backdoor,time_quartile_3,0.01,0.01355411484837532,0,567931,0,6755,,0.011894050509656983
balanced_random_e1_calibrated,backdoor,time_quartile_4,0.01,0.01355411484837532,40030,527901,40026,45457,0.9999000749437922,0.08610894845813893
balanced_random_e1_calibrated,benign,full_test,0.001,0.4280754029750824,1474302,797421,1230235,540,0.8344525070168799,0.0006771830689184258
balanced_random_e1_calibrated,benign,time_quartile_1,0.001,0.4280754029750824,394793,173136,389196,422,0.9858229502549437,0.0024373902596802515
balanced_random_e1_calibrated,benign,time_quartile_2,0.001,0.4280754029750824,358160,209772,301594,9,0.8420649988831806,4.2903724043246954e-05
balanced_random_e1_calibrated,benign,time_quartile_3,0.001,0.4280754029750824,284140,283791,168324,55,0.5923981136059688,0.0001938045956355205
balanced_random_e1_calibrated,benign,time_quartile_4,0.001,0.4280754029750824,437209,130722,371121,54,0.8488411720710233,0.00041309037499426266
balanced_random_e1_calibrated,benign,full_test,0.01,0.14946463704109192,1474302,797421,1258909,13771,0.8539017107756756,0.017269422300140076
balanced_random_e1_calibrated,benign,time_quartile_1,0.01,0.14946463704109192,394793,173136,392037,1785,0.9930191264789396,0.01030981425006931
balanced_random_e1_calibrated,benign,time_quartile_2,0.01,0.14946463704109192,358160,209772,304780,57,0.8509604645968283,0.0002717235856072307
balanced_random_e1_calibrated,benign,time_quartile_3,0.01,0.14946463704109192,284140,283791,174791,7607,0.615158020694024,0.02680493743635281
balanced_random_e1_calibrated,benign,time_quartile_4,0.01,0.14946463704109192,437209,130722,387301,4322,0.8858486444698074,0.033062529643059314
balanced_random_e1_calibrated,ddos,full_test,0.001,0.36736589670181274,103338,2168385,101544,2647,0.9826394937002845,0.0012207241795160915
balanced_random_e1_calibrated,ddos,time_quartile_1,0.001,0.36736589670181274,75758,492171,74223,145,0.9797381134665646,0.00029461305115498475
balanced_random_e1_calibrated,ddos,time_quartile_2,0.001,0.36736589670181274,27580,540352,27321,991,0.9906091370558375,0.0018339896956058273
balanced_random_e1_calibrated,ddos,time_quartile_3,0.001,0.36736589670181274,0,567931,0,913,,0.0016075896543770282
balanced_random_e1_calibrated,ddos,time_quartile_4,0.001,0.36736589670181274,0,567931,0,598,,0.0010529448119577906
balanced_random_e1_calibrated,ddos,full_test,0.01,0.037754472345113754,103338,2168385,102695,81179,0.9937777003619191,0.03743753992026324
balanced_random_e1_calibrated,ddos,time_quartile_1,0.01,0.037754472345113754,75758,492171,75292,29402,0.993848834446527,0.05973939951764732
balanced_random_e1_calibrated,ddos,time_quartile_2,0.01,0.037754472345113754,27580,540352,27403,23064,0.9935823060188542,0.042683287930830274
balanced_random_e1_calibrated,ddos,time_quartile_3,0.01,0.037754472345113754,0,567931,0,22221,,0.039126231883802785
balanced_random_e1_calibrated,ddos,time_quartile_4,0.01,0.037754472345113754,0,567931,0,6492,,0.011430966085668858
balanced_random_e1_calibrated,dos,full_test,0.001,0.7009890675544739,22458,2249265,21189,324,0.943494523109805,0.00014404705537142133
balanced_random_e1_calibrated,dos,time_quartile_1,0.001,0.7009890675544739,22458,545471,21189,37,0.943494523109805,6.783128708950613e-05
balanced_random_e1_calibrated,dos,time_quartile_2,0.001,0.7009890675544739,0,567932,0,209,,0.00036800180303275744
balanced_random_e1_calibrated,dos,time_quartile_3,0.001,0.7009890675544739,0,567931,0,1,,1.760777277521389e-06
balanced_random_e1_calibrated,dos,time_quartile_4,0.001,0.7009890675544739,0,567931,0,77,,0.00013557985036914696
balanced_random_e1_calibrated,dos,full_test,0.01,0.09421166032552719,22458,2249265,22419,64250,0.9982634250601122,0.028564886751894506
balanced_random_e1_calibrated,dos,time_quartile_1,0.01,0.09421166032552719,22458,545471,22419,3867,0.9982634250601122,0.007089286139868114
balanced_random_e1_calibrated,dos,time_quartile_2,0.01,0.09421166032552719,0,567932,0,2458,,0.004327982927533578
balanced_random_e1_calibrated,dos,time_quartile_3,0.01,0.09421166032552719,0,567931,0,9612,,0.016924591191535592
balanced_random_e1_calibrated,dos,time_quartile_4,0.01,0.09421166032552719,0,567931,0,48313,,0.08506843260889087
balanced_random_e1_calibrated,injection,full_test,0.001,0.4684447944164276,68891,2202832,68260,11062,0.9908406032718352,0.005021717498202314
balanced_random_e1_calibrated,injection,time_quartile_1,0.001,0.4684447944164276,68891,499038,68260,1553,0.9908406032718352,0.003111987463880506
balanced_random_e1_calibrated,injection,time_quartile_2,0.001,0.4684447944164276,0,567932,0,439,,0.0007729798637865097
balanced_random_e1_calibrated,injection,time_quartile_3,0.001,0.4684447944164276,0,567931,0,8085,,0.014235884288760431
balanced_random_e1_calibrated,injection,time_quartile_4,0.001,0.4684447944164276,0,567931,0,985,,0.0017343656183585682
balanced_random_e1_calibrated,injection,full_test,0.01,0.186735138297081,68891,2202832,68596,35899,0.9957178731619515,0.016296748912309245
balanced_random_e1_calibrated,injection,time_quartile_1,0.01,0.186735138297081,68891,499038,68596,2747,0.9957178731619515,0.005504590832762234
balanced_random_e1_calibrated,injection,time_quartile_2,0.01,0.186735138297081,0,567932,0,3006,,0.005292887176633823
balanced_random_e1_calibrated,injection,time_quartile_3,0.01,0.186735138297081,0,567931,0,25303,,0.04455294745312371
balanced_random_e1_calibrated,injection,time_quartile_4,0.01,0.186735138297081,0,567931,0,4843,,0.008527444355036088
balanced_random_e1_calibrated,mitm,full_test,0.001,0.6857759356498718,1161,2270562,1062,17111,0.9147286821705426,0.007536019716704498
balanced_random_e1_calibrated,mitm,time_quartile_1,0.001,0.6857759356498718,0,567929,0,994,,0.0017502187773471684
balanced_random_e1_calibrated,mitm,time_quartile_2,0.001,0.6857759356498718,0,567932,0,1095,,0.0019280477240232986
balanced_random_e1_calibrated,mitm,time_quartile_3,0.001,0.6857759356498718,0,567931,0,130,,0.00022890104607778058
balanced_random_e1_calibrated,mitm,time_quartile_4,0.001,0.6857759356498718,1161,566770,1062,14892,0.9147286821705426,0.02627520863842476
balanced_random_e1_calibrated,mitm,full_test,0.01,0.09492772817611694,1161,2270562,1154,92521,0.9939707149009475,0.04074806149314575
balanced_random_e1_calibrated,mitm,time_quartile_1,0.01,0.09492772817611694,0,567929,0,13706,,0.024133298352434898
balanced_random_e1_calibrated,mitm,time_quartile_2,0.01,0.09492772817611694,0,567932,0,7293,,0.012841326074248326
balanced_random_e1_calibrated,mitm,time_quartile_3,0.01,0.09492772817611694,0,567931,0,6393,,0.01125664913519424
balanced_random_e1_calibrated,mitm,time_quartile_4,0.01,0.09492772817611694,1161,566770,1154,65129,0.9939707149009475,0.114912574765778
balanced_random_e1_calibrated,password,full_test,0.001,0.05964295193552971,210951,2060772,210720,57101,0.9989049589715148,0.027708548058688685
balanced_random_e1_calibrated,password,time_quartile_1,0.001,0.05964295193552971,0,567929,0,1210,,0.002130548008641925
balanced_random_e1_calibrated,password,time_quartile_2,0.001,0.05964295193552971,182192,385740,181999,51418,0.9989406779661016,0.13329703945662882
balanced_random_e1_calibrated,password,time_quartile_3,0.001,0.05964295193552971,28759,539172,28721,3805,0.9986786745018951,0.007057117209350634
balanced_random_e1_calibrated,password,time_quartile_4,0.001,0.05964295193552971,0,567931,0,668,,0.0011761992213842878
balanced_random_e1_calibrated,password,full_test,0.01,0.015236953273415565,210951,2060772,210801,69028,0.9992889343970874,0.033496184924872816
balanced_random_e1_calibrated,password,time_quartile_1,0.01,0.015236953273415565,0,567929,0,8440,,0.014861012556146982
balanced_random_e1_calibrated,password,time_quartile_2,0.01,0.015236953273415565,182192,385740,182066,52653,0.9993084218846052,0.13649867786592004
balanced_random_e1_calibrated,password,time_quartile_3,0.01,0.015236953273415565,28759,539172,28735,6752,0.9991654786327758,0.012522905492124961
balanced_random_e1_calibrated,password,time_quartile_4,0.01,0.015236953273415565,0,567931,0,1183,,0.0020829995193078032
balanced_random_e1_calibrated,ransomware,full_test,0.001,0.23525959253311157,709,2271014,706,10323,0.995768688293371,0.0045455466148601464
balanced_random_e1_calibrated,ransomware,time_quartile_1,0.001,0.23525959253311157,0,567929,0,148,,0.00026059595477603717
balanced_random_e1_calibrated,ransomware,time_quartile_2,0.001,0.23525959253311157,0,567932,0,539,,0.0009490572815055323
balanced_random_e1_calibrated,ransomware,time_quartile_3,0.001,0.23525959253311157,0,567931,0,468,,0.0008240437658800101
balanced_random_e1_calibrated,ransomware,time_quartile_4,0.001,0.23525959253311157,709,567222,706,9168,0.995768688293371,0.01616298380528259
balanced_random_e1_calibrated,ransomware,full_test,0.01,0.007500242907553911,709,2271014,709,164186,1.0,0.07229633987284975
balanced_random_e1_calibrated,ransomware,time_quartile_1,0.01,0.007500242907553911,0,567929,0,36473,,0.0642210558009892
balanced_random_e1_calibrated,ransomware,time_quartile_2,0.01,0.007500242907553911,0,567932,0,28334,,0.04988977553650789
balanced_random_e1_calibrated,ransomware,time_quartile_3,0.01,0.007500242907553911,0,567931,0,13820,,0.024333941975345597
balanced_random_e1_calibrated,ransomware,time_quartile_4,0.01,0.007500242907553911,709,567222,709,85559,1.0,0.15083864871249705
balanced_random_e1_calibrated,scanning,full_test,0.001,0.601719081401825,6029,2265694,5714,4699,0.947752529441035,0.0020739782159461956
balanced_random_e1_calibrated,scanning,time_quartile_1,0.001,0.601719081401825,6029,561900,5714,99,0.947752529441035,0.00017618793379604912
balanced_random_e1_calibrated,scanning,time_quartile_2,0.001,0.601719081401825,0,567932,0,478,,0.0008416500566969285
balanced_random_e1_calibrated,scanning,time_quartile_3,0.001,0.601719081401825,0,567931,0,505,,0.0008891925251483015
balanced_random_e1_calibrated,scanning,time_quartile_4,0.001,0.601719081401825,0,567931,0,3617,,0.006368731412794864
balanced_random_e1_calibrated,scanning,full_test,0.01,0.07584488391876221,6029,2265694,5942,71517,0.9855697462265716,0.03156516281545522
balanced_random_e1_calibrated,scanning,time_quartile_1,0.01,0.07584488391876221,6029,561900,5942,5800,0.9855697462265716,0.010322121373909948
balanced_random_e1_calibrated,scanning,time_quartile_2,0.01,0.07584488391876221,0,567932,0,4693,,0.008263313213553735
balanced_random_e1_calibrated,scanning,time_quartile_3,0.01,0.07584488391876221,0,567931,0,13176,,0.023200001408621822
balanced_random_e1_calibrated,scanning,time_quartile_4,0.01,0.07584488391876221,0,567931,0,47848,,0.08424967117484343
balanced_random_e1_calibrated,xss,full_test,0.001,0.30636677145957947,343854,1927869,339835,111328,0.988311899817946,0.05774666224727925
balanced_random_e1_calibrated,xss,time_quartile_1,0.001,0.30636677145957947,0,567929,0,1051,,0.001850583435605507
balanced_random_e1_calibrated,xss,time_quartile_2,0.001,0.30636677145957947,0,567932,0,942,,0.0016586492749131939
balanced_random_e1_calibrated,xss,time_quartile_3,0.001,0.30636677145957947,255032,312899,252744,105393,0.9910285768060478,0.33682753859871717
balanced_random_e1_calibrated,xss,time_quartile_4,0.001,0.30636677145957947,88822,479109,87091,3942,0.9805115849676882,0.008227772803266063
balanced_random_e1_calibrated,xss,full_test,0.01,0.055267348885536194,343854,1927869,343667,281524,0.999456164534948,0.14602859426651915
balanced_random_e1_calibrated,xss,time_quartile_1,0.01,0.055267348885536194,0,567929,0,43222,,0.07610458349547214
balanced_random_e1_calibrated,xss,time_quartile_2,0.01,0.055267348885536194,0,567932,0,25515,,0.044926153131008645
balanced_random_e1_calibrated,xss,time_quartile_3,0.01,0.055267348885536194,255032,312899,254934,183558,0.9996157344960632,0.5866365824115769
balanced_random_e1_calibrated,xss,time_quartile_4,0.01,0.055267348885536194,88822,479109,88733,29229,0.998997995991984,0.06100699423304509
balanced_random_e2_raw,backdoor,full_test,0.001,0.13116846978664398,40030,2231693,40010,1761,0.9995003747189608,0.0007890870294435659
balanced_random_e2_raw,backdoor,time_quartile_1,0.001,0.13116846978664398,0,567929,0,210,,0.00036976453042545813
balanced_random_e2_raw,backdoor,time_quartile_2,0.001,0.13116846978664398,0,567932,0,197,,0.0003468725129064747
balanced_random_e2_raw,backdoor,time_quartile_3,0.001,0.13116846978664398,0,567931,0,128,,0.0002253794915227378
balanced_random_e2_raw,backdoor,time_quartile_4,0.001,0.13116846978664398,40030,527901,40010,1226,0.9995003747189608,0.0023224051479349347
balanced_random_e2_raw,backdoor,full_test,0.01,0.006130751222372055,40030,2231693,40016,125607,0.9996502623032726,0.056283279106938096
balanced_random_e2_raw,backdoor,time_quartile_1,0.01,0.006130751222372055,0,567929,0,8097,,0.014257063823118735
balanced_random_e2_raw,backdoor,time_quartile_2,0.01,0.006130751222372055,0,567932,0,4493,,0.00791115837811569
balanced_random_e2_raw,backdoor,time_quartile_3,0.01,0.006130751222372055,0,567931,0,7638,,0.01344881684570837
balanced_random_e2_raw,backdoor,time_quartile_4,0.01,0.006130751222372055,40030,527901,40016,105379,0.9996502623032726,0.19961886793167657
balanced_random_e2_raw,benign,full_test,0.001,0.6159663796424866,1474302,797421,1039913,568,0.705359553198734,0.0007122962650845663
balanced_random_e2_raw,benign,time_quartile_1,0.001,0.6159663796424866,394793,173136,345486,553,0.8751067014866019,0.00319402088531559
balanced_random_e2_raw,benign,time_quartile_2,0.001,0.6159663796424866,358160,209772,278416,1,0.7773509046236319,4.7670804492496615e-06
balanced_random_e2_raw,benign,time_quartile_3,0.001,0.6159663796424866,284140,283791,95009,7,0.33437390019004715,2.466603944452079e-05
balanced_random_e2_raw,benign,time_quartile_4,0.001,0.6159663796424866,437209,130722,321002,7,0.7342072098241345,5.354875231407108e-05
balanced_random_e2_raw,benign,full_test,0.01,0.2036980390548706,1474302,797421,1278516,15458,0.8672008855716129,0.019384992369150048
balanced_random_e2_raw,benign,time_quartile_1,0.01,0.2036980390548706,394793,173136,392722,5365,0.9947542129673018,0.03098720081323353
balanced_random_e2_raw,benign,time_quartile_2,0.01,0.2036980390548706,358160,209772,306006,117,0.8543835157471521,0.0005577484125622104
balanced_random_e2_raw,benign,time_quartile_3,0.01,0.2036980390548706,284140,283791,176101,4809,0.61976842401633,0.016945569098385783
balanced_random_e2_raw,benign,time_quartile_4,0.01,0.2036980390548706,437209,130722,403687,5167,0.9233272874071669,0.03952662902954361
balanced_random_e2_raw,ddos,full_test,0.001,0.8621101379394531,103338,2168385,32176,315,0.31136658344461865,0.00014526940557142758
balanced_random_e2_raw,ddos,time_quartile_1,0.001,0.8621101379394531,75758,492171,30634,47,0.40436653554740093,9.549526485713299e-05
balanced_random_e2_raw,ddos,time_quartile_2,0.001,0.8621101379394531,27580,540352,1542,9,0.05591007976794779,1.6655809546369775e-05
balanced_random_e2_raw,ddos,time_quartile_3,0.001,0.8621101379394531,0,567931,0,6,,1.0564663665128334e-05
balanced_random_e2_raw,ddos,time_quartile_4,0.001,0.8621101379394531,0,567931,0,253,,0.00044547665121291144
balanced_random_e2_raw,ddos,full_test,0.01,0.6666629910469055,103338,2168385,96984,586,0.9385124542762585,0.00027024721163446526
balanced_random_e2_raw,ddos,time_quartile_1,0.01,0.6666629910469055,75758,492171,70945,147,0.9364687557749677,0.00029867667944677765
balanced_random_e2_raw,ddos,time_quartile_2,0.01,0.6666629910469055,27580,540352,26039,21,0.9441261783901378,3.886355560819614e-05
balanced_random_e2_raw,ddos,time_quartile_3,0.01,0.6666629910469055,0,567931,0,89,,0.00015670917769940363
balanced_random_e2_raw,ddos,time_quartile_4,0.01,0.6666629910469055,0,567931,0,329,,0.000579295724304537
balanced_random_e2_raw,dos,full_test,0.001,0.2613273561000824,22458,2249265,21185,7287,0.94331641285956,0.003239724976825763
balanced_random_e2_raw,dos,time_quartile_1,0.001,0.2613273561000824,22458,545471,21185,341,0.94331641285956,0.0006251478080411241
balanced_random_e2_raw,dos,time_quartile_2,0.001,0.2613273561000824,0,567932,0,684,,0.0012043695371981153
balanced_random_e2_raw,dos,time_quartile_3,0.001,0.2613273561000824,0,567931,0,237,,0.0004173042147725692
balanced_random_e2_raw,dos,time_quartile_4,0.001,0.2613273561000824,0,567931,0,6025,,0.01060868309706637
balanced_random_e2_raw,dos,full_test,0.01,0.14744360744953156,22458,2249265,22281,38146,0.9921186214266631,0.016959317821599502
balanced_random_e2_raw,dos,time_quartile_1,0.01,0.14744360744953156,22458,545471,22281,1436,0.9921186214266631,0.0026325872502846164
balanced_random_e2_raw,dos,time_quartile_2,0.01,0.14744360744953156,0,567932,0,1444,,0.0025425579118626878
balanced_random_e2_raw,dos,time_quartile_3,0.01,0.14744360744953156,0,567931,0,9756,,0.01717814311949867
balanced_random_e2_raw,dos,time_quartile_4,0.01,0.14744360744953156,0,567931,0,25510,,0.04491742834957063
balanced_random_e2_raw,injection,full_test,0.001,0.6921641826629639,68891,2202832,65657,7869,0.9530562773076309,0.003572219760744351
balanced_random_e2_raw,injection,time_quartile_1,0.001,0.6921641826629639,68891,499038,65657,1308,0.9530562773076309,0.002621042886513652
balanced_random_e2_raw,injection,time_quartile_2,0.001,0.6921641826629639,0,567932,0,157,,0.00027644154581886563
balanced_random_e2_raw,injection,time_quartile_3,0.001,0.6921641826629639,0,567931,0,5428,,0.0095574990623861
balanced_random_e2_raw,injection,time_quartile_4,0.001,0.6921641826629639,0,567931,0,976,,0.0017185186228608758
balanced_random_e2_raw,injection,full_test,0.01,0.3349103331565857,68891,2202832,66956,30016,0.9719121510792411,0.013626095862053938
balanced_random_e2_raw,injection,time_quartile_1,0.01,0.3349103331565857,68891,499038,66956,2130,0.9719121510792411,0.004268212039964892
balanced_random_e2_raw,injection,time_quartile_2,0.01,0.3349103331565857,0,567932,0,10190,,0.017942288865568413
balanced_random_e2_raw,injection,time_quartile_3,0.01,0.3349103331565857,0,567931,0,14868,,0.026179236562188013
balanced_random_e2_raw,injection,time_quartile_4,0.01,0.3349103331565857,0,567931,0,2828,,0.004979478140830489
balanced_random_e2_raw,mitm,full_test,0.001,0.6813241243362427,1161,2270562,1028,6848,0.8854435831180018,0.0030159933972294085
balanced_random_e2_raw,mitm,time_quartile_1,0.001,0.6813241243362427,0,567929,0,779,,0.001371650329530628
balanced_random_e2_raw,mitm,time_quartile_2,0.001,0.6813241243362427,0,567932,0,724,,0.0012748005042857243
balanced_random_e2_raw,mitm,time_quartile_3,0.001,0.6813241243362427,0,567931,0,80,,0.0001408621822017111
balanced_random_e2_raw,mitm,time_quartile_4,0.001,0.6813241243362427,1161,566770,1028,5265,0.8854435831180018,0.009289482506131234
balanced_random_e2_raw,mitm,full_test,0.01,0.30890393257141113,1161,2270562,1150,69609,0.9905254091300603,0.030657167696808103
balanced_random_e2_raw,mitm,time_quartile_1,0.01,0.30890393257141113,0,567929,0,7792,,0.013720024862262712
balanced_random_e2_raw,mitm,time_quartile_2,0.01,0.30890393257141113,0,567932,0,3472,,0.006113407943204468
balanced_random_e2_raw,mitm,time_quartile_3,0.01,0.30890393257141113,0,567931,0,4751,,0.008365452845504119
balanced_random_e2_raw,mitm,time_quartile_4,0.01,0.30890393257141113,1161,566770,1150,53594,0.9905254091300603,0.09456040369109163
balanced_random_e2_raw,password,full_test,0.001,0.25316715240478516,210951,2060772,210242,50682,0.9966390299169001,0.024593695954719882
balanced_random_e2_raw,password,time_quartile_1,0.001,0.25316715240478516,0,567929,0,452,,0.0007958741321538432
balanced_random_e2_raw,password,time_quartile_2,0.001,0.25316715240478516,182192,385740,181614,49839,0.9968275226135066,0.12920360864831235
balanced_random_e2_raw,password,time_quartile_3,0.001,0.25316715240478516,28759,539172,28628,266,0.9954449042039014,0.0004933490611530272
balanced_random_e2_raw,password,time_quartile_4,0.001,0.25316715240478516,0,567931,0,125,,0.00022009715969017362
balanced_random_e2_raw,password,full_test,0.01,0.08087705075740814,210951,2060772,210542,60482,0.9980611611227251,0.029349195350092103
balanced_random_e2_raw,password,time_quartile_1,0.01,0.08087705075740814,0,567929,0,2409,,0.0042417273990234695
balanced_random_e2_raw,password,time_quartile_2,0.01,0.08087705075740814,182192,385740,181859,50366,0.9981722578378853,0.1305698138642609
balanced_random_e2_raw,password,time_quartile_3,0.01,0.08087705075740814,28759,539172,28683,6007,0.9973573490037901,0.011141157181752761
balanced_random_e2_raw,password,time_quartile_4,0.01,0.08087705075740814,0,567931,0,1700,,0.0029933213717863614
balanced_random_e2_raw,ransomware,full_test,0.001,0.2771000862121582,709,2271014,702,10116,0.9901269393511989,0.004454397903315435
balanced_random_e2_raw,ransomware,time_quartile_1,0.001,0.2771000862121582,0,567929,0,27,,4.754115391184461e-05
balanced_random_e2_raw,ransomware,time_quartile_2,0.001,0.2771000862121582,0,567932,0,367,,0.0006462041230288133
balanced_random_e2_raw,ransomware,time_quartile_3,0.001,0.2771000862121582,0,567931,0,374,,0.0006585307017929995
balanced_random_e2_raw,ransomware,time_quartile_4,0.001,0.2771000862121582,709,567222,702,9348,0.9901269393511989,0.01648031987475803
balanced_random_e2_raw,ransomware,full_test,0.01,0.04919026419520378,709,2271014,708,67620,0.998589562764457,0.029775245771272215
balanced_random_e2_raw,ransomware,time_quartile_1,0.01,0.04919026419520378,0,567929,0,530,,0.0009332152434547277
balanced_random_e2_raw,ransomware,time_quartile_2,0.01,0.04919026419520378,0,567932,0,3339,,0.005879224977638168
balanced_random_e2_raw,ransomware,time_quartile_3,0.01,0.04919026419520378,0,567931,0,3711,,0.006534244476881875
balanced_random_e2_raw,ransomware,time_quartile_4,0.01,0.04919026419520378,709,567222,708,60040,0.998589562764457,0.10584920895169793
balanced_random_e2_raw,scanning,full_test,0.001,0.2835960388183594,6029,2265694,5745,15076,0.9528943440039808,0.006654031833071897
balanced_random_e2_raw,scanning,time_quartile_1,0.001,0.2835960388183594,6029,561900,5745,2546,0.9528943440039808,0.004531055347926677
balanced_random_e2_raw,scanning,time_quartile_2,0.001,0.2835960388183594,0,567932,0,859,,0.001512505018206405
balanced_random_e2_raw,scanning,time_quartile_3,0.001,0.2835960388183594,0,567931,0,2016,,0.0035497269914831204
balanced_random_e2_raw,scanning,time_quartile_4,0.001,0.2835960388183594,0,567931,0,9655,,0.01700030461446901
balanced_random_e2_raw,scanning,full_test,0.01,0.14659065008163452,6029,2265694,5922,66257,0.982252446508542,0.029243578347296677
balanced_random_e2_raw,scanning,time_quartile_1,0.01,0.14659065008163452,6029,561900,5922,11464,0.982252446508542,0.020402206798362698
balanced_random_e2_raw,scanning,time_quartile_2,0.01,0.14659065008163452,0,567932,0,3104,,0.005465443045998465
balanced_random_e2_raw,scanning,time_quartile_3,0.01,0.14659065008163452,0,567931,0,9175,,0.016155131521258744
balanced_random_e2_raw,scanning,time_quartile_4,0.01,0.14659065008163452,0,567931,0,42514,,0.07485768517654433
balanced_random_e2_raw,xss,full_test,0.001,0.2452525943517685,343854,1927869,329843,110969,0.9592530550757007,0.057560446275135915
balanced_random_e2_raw,xss,time_quartile_1,0.001,0.2452525943517685,0,567929,0,1035,,0.0018224108999540436
balanced_random_e2_raw,xss,time_quartile_2,0.001,0.2452525943517685,0,567932,0,1252,,0.0022044892698421643
balanced_random_e2_raw,xss,time_quartile_3,0.001,0.2452525943517685,255032,312899,246519,105214,0.966619875152922,0.3362554690171589
balanced_random_e2_raw,xss,time_quartile_4,0.001,0.2452525943517685,88822,479109,83324,3468,0.9381009209430096,0.007238436347469991
balanced_random_e2_raw,xss,full_test,0.01,0.15607355535030365,343854,1927869,340098,128260,0.9890767593222705,0.0665294166771705
balanced_random_e2_raw,xss,time_quartile_1,0.01,0.15607355535030365,0,567929,0,2919,,0.005139726972913867
balanced_random_e2_raw,xss,time_quartile_2,0.01,0.15607355535030365,0,567932,0,2659,,0.004681898537148814
balanced_random_e2_raw,xss,time_quartile_3,0.01,0.15607355535030365,255032,312899,252701,114558,0.9908599705135042,0.3661181403583904
balanced_random_e2_raw,xss,time_quartile_4,0.01,0.15607355535030365,88822,479109,87397,8124,0.9839566773997434,0.01695647545756811
balanced_random_e2_calibrated,backdoor,full_test,0.001,0.1203899160027504,40030,2231693,40010,1500,0.9995003747189608,0.0006721354594919641
balanced_random_e2_calibrated,backdoor,time_quartile_1,0.001,0.1203899160027504,0,567929,0,188,,0.00033102729390469584
balanced_random_e2_calibrated,backdoor,time_quartile_2,0.001,0.1203899160027504,0,567932,0,183,,0.00032222167442581156
balanced_random_e2_calibrated,backdoor,time_quartile_3,0.001,0.1203899160027504,0,567931,0,124,,0.00021833638241265224
balanced_random_e2_calibrated,backdoor,time_quartile_4,0.001,0.1203899160027504,40030,527901,40010,1005,0.9995003747189608,0.0019037660470429115
balanced_random_e2_calibrated,backdoor,full_test,0.01,0.0023910142481327057,40030,2231693,40018,121807,0.9997002248313764,0.054580535942891785
balanced_random_e2_calibrated,backdoor,time_quartile_1,0.01,0.0023910142481327057,0,567929,0,8020,,0.014121483495296067
balanced_random_e2_calibrated,backdoor,time_quartile_2,0.01,0.0023910142481327057,0,567932,0,4433,,0.007805511927484276
balanced_random_e2_calibrated,backdoor,time_quartile_3,0.01,0.0023910142481327057,0,567931,0,8133,,0.014320401598081458
balanced_random_e2_calibrated,backdoor,time_quartile_4,0.01,0.0023910142481327057,40030,527901,40018,101221,0.9997002248313764,0.1917423910922692
balanced_random_e2_calibrated,benign,full_test,0.001,0.647530198097229,1474302,797421,1063943,621,0.721658791753657,0.0007787605292561896
balanced_random_e2_calibrated,benign,time_quartile_1,0.001,0.647530198097229,394793,173136,349457,581,0.8851651371731515,0.0033557434617872656
balanced_random_e2_calibrated,benign,time_quartile_2,0.001,0.647530198097229,358160,209772,280217,1,0.7823793835157472,4.7670804492496615e-06
balanced_random_e2_calibrated,benign,time_quartile_3,0.001,0.647530198097229,284140,283791,106460,20,0.37467445625395934,7.047439841291655e-05
balanced_random_e2_calibrated,benign,time_quartile_4,0.001,0.647530198097229,437209,130722,327809,19,0.7497764227177391,0.0001453466134239072
balanced_random_e2_calibrated,benign,full_test,0.01,0.1888863891363144,1474302,797421,1277672,15676,0.8666284112753018,0.019658373682157858
balanced_random_e2_calibrated,benign,time_quartile_1,0.01,0.1888863891363144,394793,173136,392771,4918,0.9948783286431117,0.02840541539598928
balanced_random_e2_calibrated,benign,time_quartile_2,0.01,0.1888863891363144,358160,209772,305984,56,0.8543220906857271,0.00026695650515798103
balanced_random_e2_calibrated,benign,time_quartile_3,0.01,0.1888863891363144,284140,283791,175996,5198,0.6193988878721757,0.018316296147517012
balanced_random_e2_calibrated,benign,time_quartile_4,0.01,0.1888863891363144,437209,130722,402921,5504,0.9215752649190662,0.042104618962378174
balanced_random_e2_calibrated,ddos,full_test,0.001,0.9316652417182922,103338,2168385,32556,316,0.3150438367299541,0.00014573057828752735
balanced_random_e2_calibrated,ddos,time_quartile_1,0.001,0.9316652417182922,75758,492171,31028,47,0.40956730642308403,9.549526485713299e-05
balanced_random_e2_calibrated,ddos,time_quartile_2,0.001,0.9316652417182922,27580,540352,1528,9,0.05540246555474982,1.6655809546369775e-05
balanced_random_e2_calibrated,ddos,time_quartile_3,0.001,0.9316652417182922,0,567931,0,6,,1.0564663665128334e-05
balanced_random_e2_calibrated,ddos,time_quartile_4,0.001,0.9316652417182922,0,567931,0,254,,0.0004472374284904328
balanced_random_e2_calibrated,ddos,full_test,0.01,0.7868985533714294,103338,2168385,94828,539,0.9176488803731444,0.0002485720939777761
balanced_random_e2_calibrated,ddos,time_quartile_1,0.01,0.7868985533714294,75758,492171,69747,125,0.9206552443306317,0.00025397676823705583
balanced_random_e2_calibrated,ddos,time_quartile_2,0.01,0.7868985533714294,27580,540352,25081,18,0.9093908629441624,3.331161909273955e-05
balanced_random_e2_calibrated,ddos,time_quartile_3,0.01,0.7868985533714294,0,567931,0,73,,0.0001285367412590614
balanced_random_e2_calibrated,ddos,time_quartile_4,0.01,0.7868985533714294,0,567931,0,323,,0.0005687310606394087
balanced_random_e2_calibrated,dos,full_test,0.001,0.26863768696784973,22458,2249265,21187,5673,0.9434054679846825,0.00252215723803109
balanced_random_e2_calibrated,dos,time_quartile_1,0.001,0.26863768696784973,22458,545471,21187,395,0.9434054679846825,0.0007241448216312142
balanced_random_e2_calibrated,dos,time_quartile_2,0.001,0.26863768696784973,0,567932,0,639,,0.001125134699224555
balanced_random_e2_calibrated,dos,time_quartile_3,0.001,0.26863768696784973,0,567931,0,242,,0.0004261081011601761
balanced_random_e2_calibrated,dos,time_quartile_4,0.001,0.26863768696784973,0,567931,0,4397,,0.007742137689261548
balanced_random_e2_calibrated,dos,full_test,0.01,0.13886627554893494,22458,2249265,22284,36168,0.9922522041143468,0.016079919440350515
balanced_random_e2_calibrated,dos,time_quartile_1,0.01,0.13886627554893494,22458,545471,22284,1339,0.9922522041143468,0.0024547592814283437
balanced_random_e2_calibrated,dos,time_quartile_2,0.01,0.13886627554893494,0,567932,0,1278,,0.00225026939844911
balanced_random_e2_calibrated,dos,time_quartile_3,0.01,0.13886627554893494,0,567931,0,9801,,0.017257378096987134
balanced_random_e2_calibrated,dos,time_quartile_4,0.01,0.13886627554893494,0,567931,0,23750,,0.04181846034113299
balanced_random_e2_calibrated,injection,full_test,0.001,0.7797597646713257,68891,2202832,65661,7892,0.953114340044418,0.0035826608656493097
balanced_random_e2_calibrated,injection,time_quartile_1,0.001,0.7797597646713257,68891,499038,65661,1292,0.953114340044418,0.00258898119982847
balanced_random_e2_calibrated,injection,time_quartile_2,0.001,0.7797597646713257,0,567932,0,146,,0.00025707302986977313
balanced_random_e2_calibrated,injection,time_quartile_3,0.001,0.7797597646713257,0,567931,0,5465,,0.009622647821654392
balanced_random_e2_calibrated,injection,time_quartile_4,0.001,0.7797597646713257,0,567931,0,989,,0.0017414087274686537
balanced_random_e2_calibrated,injection,full_test,0.01,0.3141240179538727,68891,2202832,66977,31301,0.9722169804473734,0.014209435853483153
balanced_random_e2_calibrated,injection,time_quartile_1,0.01,0.3141240179538727,68891,499038,66977,2471,0.9722169804473734,0.00495152673744284
balanced_random_e2_calibrated,injection,time_quartile_2,0.01,0.3141240179538727,0,567932,0,10013,,0.017630631836205744
balanced_random_e2_calibrated,injection,time_quartile_3,0.01,0.3141240179538727,0,567931,0,15781,,0.02778682621656504
balanced_random_e2_calibrated,injection,time_quartile_4,0.01,0.3141240179538727,0,567931,0,3036,,0.005345719814554937
balanced_random_e2_calibrated,mitm,full_test,0.001,0.7824292778968811,1161,2270562,1028,6492,0.8854435831180018,0.0028592040208547487
balanced_random_e2_calibrated,mitm,time_quartile_1,0.001,0.7824292778968811,0,567929,0,758,,0.0013346738764880822
balanced_random_e2_calibrated,mitm,time_quartile_2,0.001,0.7824292778968811,0,567932,0,716,,0.0012607143108682025
balanced_random_e2_calibrated,mitm,time_quartile_3,0.001,0.7824292778968811,0,567931,0,70,,0.00012325440942649723
balanced_random_e2_calibrated,mitm,time_quartile_4,0.001,0.7824292778968811,1161,566770,1028,4948,0.8854435831180018,0.008730172733207473
balanced_random_e2_calibrated,mitm,full_test,0.01,0.32575303316116333,1161,2270562,1148,69408,0.9888027562446167,0.03056864335789994
balanced_random_e2_calibrated,mitm,time_quartile_1,0.01,0.32575303316116333,0,567929,0,7826,,0.013779891500522072
balanced_random_e2_calibrated,mitm,time_quartile_2,0.01,0.32575303316116333,0,567932,0,3380,,0.005951416718902967
balanced_random_e2_calibrated,mitm,time_quartile_3,0.01,0.32575303316116333,0,567931,0,4914,,0.008652459541740105
balanced_random_e2_calibrated,mitm,time_quartile_4,0.01,0.32575303316116333,1161,566770,1148,53288,0.9888027562446167,0.09402050214372673
balanced_random_e2_calibrated,password,full_test,0.001,0.23018750548362732,210951,2060772,210250,50727,0.9966769534157222,0.024615532431535365
balanced_random_e2_calibrated,password,time_quartile_1,0.001,0.23018750548362732,0,567929,0,456,,0.000802917266066709
balanced_random_e2_calibrated,password,time_quartile_2,0.001,0.23018750548362732,182192,385740,181623,49865,0.9968769210503206,0.12927101156219215
balanced_random_e2_calibrated,password,time_quartile_3,0.001,0.23018750548362732,28759,539172,28627,268,0.995410132480267,0.0004970584525902681
balanced_random_e2_calibrated,password,time_quartile_4,0.001,0.23018750548362732,0,567931,0,138,,0.0002429872642979517
balanced_random_e2_calibrated,password,full_test,0.01,0.05153381824493408,210951,2060772,210549,60635,0.9980943441841944,0.02942343937126475
balanced_random_e2_calibrated,password,time_quartile_1,0.01,0.05153381824493408,0,567929,0,2394,,0.0042153156468502226
balanced_random_e2_calibrated,password,time_quartile_2,0.01,0.05153381824493408,182192,385740,181865,50386,0.9982051901290946,0.13062166225955307
balanced_random_e2_calibrated,password,time_quartile_3,0.01,0.05153381824493408,28759,539172,28684,6011,0.9973921207274244,0.011148575964627244
balanced_random_e2_calibrated,password,time_quartile_4,0.01,0.05153381824493408,0,567931,0,1844,,0.0032468732997494414
balanced_random_e2_calibrated,ransomware,full_test,0.001,0.2944553792476654,709,2271014,702,9666,0.9901269393511989,0.004256248530392151
balanced_random_e2_calibrated,ransomware,time_quartile_1,0.001,0.2944553792476654,0,567929,0,26,,4.578037043362815e-05
balanced_random_e2_calibrated,ransomware,time_quartile_2,0.001,0.2944553792476654,0,567932,0,292,,0.0005141460597395463
balanced_random_e2_calibrated,ransomware,time_quartile_3,0.001,0.2944553792476654,0,567931,0,310,,0.0005458409560316306
balanced_random_e2_calibrated,ransomware,time_quartile_4,0.001,0.2944553792476654,709,567222,702,9038,0.9901269393511989,0.015933796643994767
balanced_random_e2_calibrated,ransomware,full_test,0.01,0.03167957067489624,709,2271014,708,65814,0.998589562764457,0.0289800062879401
balanced_random_e2_calibrated,ransomware,time_quartile_1,0.01,0.03167957067489624,0,567929,0,490,,0.0008627839043260689
balanced_random_e2_calibrated,ransomware,time_quartile_2,0.01,0.03167957067489624,0,567932,0,3306,,0.005821119429790891
balanced_random_e2_calibrated,ransomware,time_quartile_3,0.01,0.03167957067489624,0,567931,0,3545,,0.006241955448813324
balanced_random_e2_calibrated,ransomware,time_quartile_4,0.01,0.03167957067489624,709,567222,708,58473,0.998589562764457,0.10308662216909781
balanced_random_e2_calibrated,scanning,full_test,0.001,0.28064674139022827,6029,2265694,5676,40478,0.9414496599767789,0.017865607623977466
balanced_random_e2_calibrated,scanning,time_quartile_1,0.001,0.28064674139022827,6029,561900,5676,2340,0.9414496599767789,0.004164442071542979
balanced_random_e2_calibrated,scanning,time_quartile_2,0.001,0.28064674139022827,0,567932,0,696,,0.001225498827324398
balanced_random_e2_calibrated,scanning,time_quartile_3,0.001,0.28064674139022827,0,567931,0,2042,,0.0035955072006986764
balanced_random_e2_calibrated,scanning,time_quartile_4,0.001,0.28064674139022827,0,567931,0,35400,,0.06233151562425717
balanced_random_e2_calibrated,scanning,full_test,0.01,0.12005571275949478,6029,2265694,5909,68293,0.9800962016918229,0.030142199255504053
balanced_random_e2_calibrated,scanning,time_quartile_1,0.01,0.12005571275949478,6029,561900,5909,12146,0.9800962016918229,0.021615945897846593
balanced_random_e2_calibrated,scanning,time_quartile_2,0.01,0.12005571275949478,0,567932,0,3239,,0.005703147559919145
balanced_random_e2_calibrated,scanning,time_quartile_3,0.01,0.12005571275949478,0,567931,0,9498,,0.016723862581898154
balanced_random_e2_calibrated,scanning,time_quartile_4,0.01,0.12005571275949478,0,567931,0,43410,,0.0764353416172035
balanced_random_e2_calibrated,xss,full_test,0.001,0.24964232742786407,343854,1927869,330912,110100,0.9623619326807308,0.05710968950691152
balanced_random_e2_calibrated,xss,time_quartile_1,0.001,0.24964232742786407,0,567929,0,994,,0.0017502187773471684
balanced_random_e2_calibrated,xss,time_quartile_2,0.001,0.24964232742786407,0,567932,0,1215,,0.002139340625286126
balanced_random_e2_calibrated,xss,time_quartile_3,0.001,0.24964232742786407,255032,312899,247081,104778,0.9688235201857022,0.33486204813693876
balanced_random_e2_calibrated,xss,time_quartile_4,0.001,0.24964232742786407,88822,479109,83831,3113,0.943808966247101,0.006497477609479263
balanced_random_e2_calibrated,xss,full_test,0.01,0.14924761652946472,343854,1927869,339054,124115,0.986040586993317,0.06437937432470775
balanced_random_e2_calibrated,xss,time_quartile_1,0.01,0.14924761652946472,0,567929,0,2369,,0.004171296059894811
balanced_random_e2_calibrated,xss,time_quartile_2,0.01,0.14924761652946472,0,567932,0,2434,,0.004285724347281012
balanced_random_e2_calibrated,xss,time_quartile_3,0.01,0.14924761652946472,255032,312899,252001,112821,0.9881152169139559,0.3605668282736602
balanced_random_e2_calibrated,xss,time_quartile_4,0.01,0.14924761652946472,88822,479109,87053,6491,0.9800837630316813,0.013548065262810759
balanced_random_e3_raw,backdoor,full_test,0.001,0.17566660046577454,40030,2231693,40010,1518,0.9995003747189608,0.0006802010850058678
balanced_random_e3_raw,backdoor,time_quartile_1,0.001,0.17566660046577454,0,567929,0,121,,0.00021305480086419252
balanced_random_e3_raw,backdoor,time_quartile_2,0.001,0.17566660046577454,0,567932,0,169,,0.0002975708359451484
balanced_random_e3_raw,backdoor,time_quartile_3,0.001,0.17566660046577454,0,567931,0,109,,0.00019192472324983142
balanced_random_e3_raw,backdoor,time_quartile_4,0.001,0.17566660046577454,40030,527901,40010,1119,0.9995003747189608,0.0021197156284985252
balanced_random_e3_raw,backdoor,full_test,0.01,0.006138600409030914,40030,2231693,40016,140056,0.9996502623032726,0.06275773594307102
balanced_random_e3_raw,backdoor,time_quartile_1,0.01,0.006138600409030914,0,567929,0,8606,,0.015153302613530917
balanced_random_e3_raw,backdoor,time_quartile_2,0.01,0.006138600409030914,0,567932,0,3784,,0.006662769486487819
balanced_random_e3_raw,backdoor,time_quartile_3,0.01,0.006138600409030914,0,567931,0,11698,,0.02059757259244521
balanced_random_e3_raw,backdoor,time_quartile_4,0.01,0.006138600409030914,40030,527901,40016,115968,0.9996502623032726,0.21967755317758444
balanced_random_e3_raw,benign,full_test,0.001,0.6349408626556396,1474302,797421,1025134,512,0.6953351484295619,0.0006420698727522851
balanced_random_e3_raw,benign,time_quartile_1,0.001,0.6349408626556396,394793,173136,342239,505,0.8668821382344671,0.0029167821827927177
balanced_random_e3_raw,benign,time_quartile_2,0.001,0.6349408626556396,358160,209772,276547,1,0.7721325664507482,4.7670804492496615e-06
balanced_random_e3_raw,benign,time_quartile_3,0.001,0.6349408626556396,284140,283791,90145,1,0.3172555782360808,3.5237199206458276e-06
balanced_random_e3_raw,benign,time_quartile_4,0.001,0.6349408626556396,437209,130722,316203,5,0.7232307660638276,3.824910879576506e-05
balanced_random_e3_raw,benign,full_test,0.01,0.1748395413160324,1474302,797421,1285162,13224,0.8717087815115221,0.016583460932180116
balanced_random_e3_raw,benign,time_quartile_1,0.01,0.1748395413160324,394793,173136,392846,5860,0.99506830161629,0.03384622493300065
balanced_random_e3_raw,benign,time_quartile_2,0.01,0.1748395413160324,358160,209772,306511,124,0.855793500111682,0.000591117975706958
balanced_random_e3_raw,benign,time_quartile_3,0.01,0.1748395413160324,284140,283791,179215,4335,0.6307278102343915,0.015275325855999661
balanced_random_e3_raw,benign,time_quartile_4,0.01,0.1748395413160324,437209,130722,406590,2905,0.9299671324240809,0.022222732210339498
balanced_random_e3_raw,ddos,full_test,0.001,0.8874714970588684,103338,2168385,86973,292,0.8416361841723277,0.00013466243310113286
balanced_random_e3_raw,ddos,time_quartile_1,0.001,0.8874714970588684,75758,492171,63556,30,0.838934501966789,6.0954424376893394e-05
balanced_random_e3_raw,ddos,time_quartile_2,0.001,0.8874714970588684,27580,540352,23417,13,0.8490572878897752,2.405839156697856e-05
balanced_random_e3_raw,ddos,time_quartile_3,0.001,0.8874714970588684,0,567931,0,5,,8.803886387606944e-06
balanced_random_e3_raw,ddos,time_quartile_4,0.001,0.8874714970588684,0,567931,0,244,,0.00042962965571521894
balanced_random_e3_raw,ddos,full_test,0.01,0.749326229095459,103338,2168385,90555,421,0.8762991348777797,0.0001941537134780032
balanced_random_e3_raw,ddos,time_quartile_1,0.01,0.749326229095459,75758,492171,66881,83,0.8828242561841654,0.00016864057410940507
balanced_random_e3_raw,ddos,time_quartile_2,0.01,0.749326229095459,27580,540352,23674,14,0.8583756345177666,2.5909037072130758e-05
balanced_random_e3_raw,ddos,time_quartile_3,0.01,0.749326229095459,0,567931,0,28,,4.930176377059889e-05
balanced_random_e3_raw,ddos,time_quartile_4,0.01,0.749326229095459,0,567931,0,296,,0.0005211900741463312
balanced_random_e3_raw,dos,full_test,0.001,0.2853996455669403,22458,2249265,21667,3319,0.9647786980140707,0.001475593138202924
balanced_random_e3_raw,dos,time_quartile_1,0.001,0.2853996455669403,22458,545471,21667,321,0.9647786980140707,0.0005884822474522018
balanced_random_e3_raw,dos,time_quartile_2,0.001,0.2853996455669403,0,567932,0,651,,0.0011462639893508378
balanced_random_e3_raw,dos,time_quartile_3,0.001,0.2853996455669403,0,567931,0,343,,0.0006039466061898365
balanced_random_e3_raw,dos,time_quartile_4,0.001,0.2853996455669403,0,567931,0,2004,,0.003528597664152864
balanced_random_e3_raw,dos,full_test,0.01,0.15602271258831024,22458,2249265,22320,35942,0.9938551963665508,0.01597944217333218
balanced_random_e3_raw,dos,time_quartile_1,0.01,0.15602271258831024,22458,545471,22320,1678,0.9938551963665508,0.0030762405334105753
balanced_random_e3_raw,dos,time_quartile_2,0.01,0.15602271258831024,0,567932,0,1329,,0.0023400688814858117
balanced_random_e3_raw,dos,time_quartile_3,0.01,0.15602271258831024,0,567931,0,10498,,0.018484639859419543
balanced_random_e3_raw,dos,time_quartile_4,0.01,0.15602271258831024,0,567931,0,22437,,0.03950655977574741
balanced_random_e3_raw,injection,full_test,0.001,0.7570410370826721,68891,2202832,65745,7492,0.9543336575169471,0.003401076432519593
balanced_random_e3_raw,injection,time_quartile_1,0.001,0.7570410370826721,68891,499038,65745,1289,0.9543336575169471,0.002582969633574998
balanced_random_e3_raw,injection,time_quartile_2,0.001,0.7570410370826721,0,567932,0,247,,0.00043491122176598607
balanced_random_e3_raw,injection,time_quartile_3,0.001,0.7570410370826721,0,567931,0,5004,,0.00881092949671703
balanced_random_e3_raw,injection,time_quartile_4,0.001,0.7570410370826721,0,567931,0,952,,0.0016762599682003624
balanced_random_e3_raw,injection,full_test,0.01,0.3814780116081238,68891,2202832,66722,29087,0.9685154809771959,0.01320436601611017
balanced_random_e3_raw,injection,time_quartile_1,0.01,0.3814780116081238,68891,499038,66722,2080,0.9685154809771959,0.004168019269073698
balanced_random_e3_raw,injection,time_quartile_2,0.01,0.3814780116081238,0,567932,0,10821,,0.019053337371375448
balanced_random_e3_raw,injection,time_quartile_3,0.01,0.3814780116081238,0,567931,0,13728,,0.02417195046581363
balanced_random_e3_raw,injection,time_quartile_4,0.01,0.3814780116081238,0,567931,0,2458,,0.0043279905481475745
balanced_random_e3_raw,mitm,full_test,0.001,0.6277996897697449,1161,2270562,1088,18346,0.9371231696813093,0.00807993791845367
balanced_random_e3_raw,mitm,time_quartile_1,0.001,0.6277996897697449,0,567929,0,1436,,0.002528485074718847
balanced_random_e3_raw,mitm,time_quartile_2,0.001,0.6277996897697449,0,567932,0,1257,,0.002213293140728115
balanced_random_e3_raw,mitm,time_quartile_3,0.001,0.6277996897697449,0,567931,0,295,,0.0005194292968688098
balanced_random_e3_raw,mitm,time_quartile_4,0.001,0.6277996897697449,1161,566770,1088,15358,0.9371231696813093,0.027097411648464104
balanced_random_e3_raw,mitm,full_test,0.01,0.33333829045295715,1161,2270562,1150,71772,0.9905254091300603,0.03160979528416313
balanced_random_e3_raw,mitm,time_quartile_1,0.01,0.33333829045295715,0,567929,0,8459,,0.014894467442233095
balanced_random_e3_raw,mitm,time_quartile_2,0.01,0.33333829045295715,0,567932,0,3553,,0.006256030651556876
balanced_random_e3_raw,mitm,time_quartile_3,0.01,0.33333829045295715,0,567931,0,5467,,0.009626169376209434
balanced_random_e3_raw,mitm,time_quartile_4,0.01,0.33333829045295715,1161,566770,1150,54293,0.9905254091300603,0.09579370820615064
balanced_random_e3_raw,password,full_test,0.001,0.32785314321517944,210951,2060772,209686,49881,0.994003346748771,0.024205006667404255
balanced_random_e3_raw,password,time_quartile_1,0.001,0.32785314321517944,0,567929,0,378,,0.0006655761547658246
balanced_random_e3_raw,password,time_quartile_2,0.001,0.32785314321517944,182192,385740,181147,49194,0.9942642926143849,0.12753149790013998
balanced_random_e3_raw,password,time_quartile_3,0.001,0.32785314321517944,28759,539172,28539,247,0.9923502208004451,0.0004581098424992396
balanced_random_e3_raw,password,time_quartile_4,0.001,0.32785314321517944,0,567931,0,62,,0.00010916819120632612
balanced_random_e3_raw,password,full_test,0.01,0.04136032611131668,210951,2060772,210616,55621,0.9984119534868287,0.02699037059897941
balanced_random_e3_raw,password,time_quartile_1,0.01,0.04136032611131668,0,567929,0,2740,,0.00482454673031312
balanced_random_e3_raw,password,time_quartile_2,0.01,0.04136032611131668,182192,385740,181915,50834,0.9984796258891718,0.13178306631409759
balanced_random_e3_raw,password,time_quartile_3,0.01,0.04136032611131668,28759,539172,28701,1007,0.9979832400292082,0.001867678588650746
balanced_random_e3_raw,password,time_quartile_4,0.01,0.04136032611131668,0,567931,0,1040,,0.0018312083686222447
balanced_random_e3_raw,ransomware,full_test,0.001,0.4633243978023529,709,2271014,700,8553,0.9873060648801129,0.003766159081361894
balanced_random_e3_raw,ransomware,time_quartile_1,0.001,0.4633243978023529,0,567929,0,16,,2.8172535651463476e-05
balanced_random_e3_raw,ransomware,time_quartile_2,0.001,0.4633243978023529,0,567932,0,149,,0.0002623553524013438
balanced_random_e3_raw,ransomware,time_quartile_3,0.001,0.4633243978023529,0,567931,0,43,,7.571342293341973e-05
balanced_random_e3_raw,ransomware,time_quartile_4,0.001,0.4633243978023529,709,567222,700,8345,0.9873060648801129,0.014712052776514311
balanced_random_e3_raw,ransomware,full_test,0.01,0.31697577238082886,709,2271014,703,9454,0.9915373765867419,0.004162898159148293
balanced_random_e3_raw,ransomware,time_quartile_1,0.01,0.31697577238082886,0,567929,0,207,,0.0003644821799908087
balanced_random_e3_raw,ransomware,time_quartile_2,0.01,0.31697577238082886,0,567932,0,351,,0.0006180317361937697
balanced_random_e3_raw,ransomware,time_quartile_3,0.01,0.31697577238082886,0,567931,0,157,,0.0002764420325708581
balanced_random_e3_raw,ransomware,time_quartile_4,0.01,0.31697577238082886,709,567222,703,8739,0.9915373765867419,0.01540666617303278
balanced_random_e3_raw,scanning,full_test,0.001,0.27160897850990295,6029,2265694,5743,9685,0.9525626140321778,0.004274628436143627
balanced_random_e3_raw,scanning,time_quartile_1,0.001,0.27160897850990295,6029,561900,5743,1411,0.9525626140321778,0.0025111229756184373
balanced_random_e3_raw,scanning,time_quartile_2,0.001,0.27160897850990295,0,567932,0,748,,0.0013170590845382898
balanced_random_e3_raw,scanning,time_quartile_3,0.001,0.27160897850990295,0,567931,0,2244,,0.003951184210757997
balanced_random_e3_raw,scanning,time_quartile_4,0.001,0.27160897850990295,0,567931,0,5282,,0.009300425579867978
balanced_random_e3_raw,scanning,full_test,0.01,0.08923282474279404,6029,2265694,5938,133745,0.9849062862829656,0.05903047807868141
balanced_random_e3_raw,scanning,time_quartile_1,0.01,0.08923282474279404,6029,561900,5938,45629,0.9849062862829656,0.08120484071898915
balanced_random_e3_raw,scanning,time_quartile_2,0.01,0.08923282474279404,0,567932,0,14498,,0.025527704020903912
balanced_random_e3_raw,scanning,time_quartile_3,0.01,0.08923282474279404,0,567931,0,20153,,0.03548494447388855
balanced_random_e3_raw,scanning,time_quartile_4,0.01,0.08923282474279404,0,567931,0,53465,,0.09413995714268107
balanced_random_e3_raw,xss,full_test,0.001,0.3332265615463257,343854,1927869,315067,106099,0.9162813287034614,0.05503434102628343
balanced_random_e3_raw,xss,time_quartile_1,0.001,0.3332265615463257,0,567929,0,767,,0.0013505209277920303
balanced_random_e3_raw,xss,time_quartile_2,0.001,0.3332265615463257,0,567932,0,763,,0.0013434706971961433
balanced_random_e3_raw,xss,time_quartile_3,0.001,0.3332265615463257,255032,312899,234292,102196,0.9186768719219549,0.3266101841169195
balanced_random_e3_raw,xss,time_quartile_4,0.001,0.3332265615463257,88822,479109,80775,2373,0.9094030758145505,0.004952943902118307
balanced_random_e3_raw,xss,full_test,0.01,0.20253844559192657,343854,1927869,335079,127608,0.9744804480971575,0.06619121942414137
balanced_random_e3_raw,xss,time_quartile_1,0.01,0.20253844559192657,0,567929,0,2398,,0.004222358780763089
balanced_random_e3_raw,xss,time_quartile_2,0.01,0.20253844559192657,0,567932,0,1273,,0.002241465527563159
balanced_random_e3_raw,xss,time_quartile_3,0.01,0.20253844559192657,255032,312899,249482,116680,0.9782380250321528,0.3728998814313884
balanced_random_e3_raw,xss,time_quartile_4,0.01,0.20253844559192657,88822,479109,85597,7257,0.9636914277994191,0.015146866370700613
balanced_random_e3_calibrated,backdoor,full_test,0.001,0.1630668342113495,40030,2231693,40010,1468,0.9995003747189608,0.000657796569689469
balanced_random_e3_calibrated,backdoor,time_quartile_1,0.001,0.1630668342113495,0,567929,0,117,,0.00020601166695132666
balanced_random_e3_calibrated,backdoor,time_quartile_2,0.001,0.1630668342113495,0,567932,0,149,,0.0002623553524013438
balanced_random_e3_calibrated,backdoor,time_quartile_3,0.001,0.1630668342113495,0,567931,0,97,,0.00017079539591957475
balanced_random_e3_calibrated,backdoor,time_quartile_4,0.001,0.1630668342113495,40030,527901,40010,1105,0.9995003747189608,0.0020931955044601164
balanced_random_e3_calibrated,backdoor,full_test,0.01,0.0022302009165287018,40030,2231693,40016,141127,0.9996502623032726,0.06323764066114829
balanced_random_e3_calibrated,backdoor,time_quartile_1,0.01,0.0022302009165287018,0,567929,0,9556,,0.01682604691783656
balanced_random_e3_calibrated,backdoor,time_quartile_2,0.01,0.0022302009165287018,0,567932,0,3883,,0.006837086130029651
balanced_random_e3_calibrated,backdoor,time_quartile_3,0.01,0.0022302009165287018,0,567931,0,12011,,0.021148695880309404
balanced_random_e3_calibrated,backdoor,time_quartile_4,0.01,0.0022302009165287018,40030,527901,40016,115677,0.9996502623032726,0.21912631345650035
balanced_random_e3_calibrated,benign,full_test,0.001,0.6729642152786255,1474302,797421,1044626,541,0.7085563202111914,0.0006784371116386451
balanced_random_e3_calibrated,benign,time_quartile_1,0.001,0.6729642152786255,394793,173136,346047,506,0.8765276993259759,0.0029225579890952776
balanced_random_e3_calibrated,benign,time_quartile_2,0.001,0.6729642152786255,358160,209772,277600,2,0.7750725932544115,9.534160898499323e-06
balanced_random_e3_calibrated,benign,time_quartile_3,0.001,0.6729642152786255,284140,283791,99728,16,0.3509819103258957,5.637951873033324e-05
balanced_random_e3_calibrated,benign,time_quartile_4,0.001,0.6729642152786255,437209,130722,321251,17,0.7347767314945484,0.0001300469699056012
balanced_random_e3_calibrated,benign,full_test,0.01,0.15465936064720154,1474302,797421,1284838,13583,0.8714890164972984,0.017033662268738845
balanced_random_e3_calibrated,benign,time_quartile_1,0.01,0.15465936064720154,394793,173136,392868,5392,0.9951240270217557,0.03114314758340264
balanced_random_e3_calibrated,benign,time_quartile_2,0.01,0.15465936064720154,358160,209772,306443,117,0.8556036408309136,0.0005577484125622104
balanced_random_e3_calibrated,benign,time_quartile_3,0.01,0.15465936064720154,284140,283791,179096,4947,0.63030900260435,0.017431842447434908
balanced_random_e3_calibrated,benign,time_quartile_4,0.01,0.15465936064720154,437209,130722,406431,3127,0.9296034619598407,0.02392099264087147
balanced_random_e3_calibrated,ddos,full_test,0.001,0.9485682249069214,103338,2168385,86872,297,0.8406588089570148,0.00013696829668163172
balanced_random_e3_calibrated,ddos,time_quartile_1,0.001,0.9485682249069214,75758,492171,63468,28,0.8377729084717126,5.68907960851005e-05
balanced_random_e3_calibrated,ddos,time_quartile_2,0.001,0.9485682249069214,27580,540352,23404,12,0.8485859318346628,2.2207746061826365e-05
balanced_random_e3_calibrated,ddos,time_quartile_3,0.001,0.9485682249069214,0,567931,0,4,,7.043109110085556e-06
balanced_random_e3_calibrated,ddos,time_quartile_4,0.001,0.9485682249069214,0,567931,0,253,,0.00044547665121291144
balanced_random_e3_calibrated,ddos,full_test,0.01,0.8525124192237854,103338,2168385,90391,411,0.8747121097756876,0.00018954198631700552
balanced_random_e3_calibrated,ddos,time_quartile_1,0.01,0.8525124192237854,75758,492171,66748,74,0.8810686660154703,0.00015035424679633703
balanced_random_e3_calibrated,ddos,time_quartile_2,0.01,0.8525124192237854,27580,540352,23643,14,0.8572516316171138,2.5909037072130758e-05
balanced_random_e3_calibrated,ddos,time_quartile_3,0.01,0.8525124192237854,0,567931,0,27,,4.75409864930775e-05
balanced_random_e3_calibrated,ddos,time_quartile_4,0.01,0.8525124192237854,0,567931,0,296,,0.0005211900741463312
balanced_random_e3_calibrated,dos,full_test,0.001,0.2987024188041687,22458,2249265,21586,3466,0.9611719654466114,0.0015409478207325505
balanced_random_e3_calibrated,dos,time_quartile_1,0.001,0.2987024188041687,22458,545471,21586,334,0.9611719654466114,0.0006123148618350013
balanced_random_e3_calibrated,dos,time_quartile_2,0.001,0.2987024188041687,0,567932,0,633,,0.0011145700541614137
balanced_random_e3_calibrated,dos,time_quartile_3,0.001,0.2987024188041687,0,567931,0,399,,0.0007025501337310342
balanced_random_e3_calibrated,dos,time_quartile_4,0.001,0.2987024188041687,0,567931,0,2100,,0.003697632282794917
balanced_random_e3_calibrated,dos,full_test,0.01,0.1467909812927246,22458,2249265,22316,33165,0.993677086116306,0.014744816640102434
balanced_random_e3_calibrated,dos,time_quartile_1,0.01,0.1467909812927246,22458,545471,22316,1613,0.993677086116306,0.002957077461496578
balanced_random_e3_calibrated,dos,time_quartile_2,0.01,0.1467909812927246,0,567932,0,1238,,0.002179838431361501
balanced_random_e3_calibrated,dos,time_quartile_3,0.01,0.1467909812927246,0,567931,0,10527,,0.018535702400467664
balanced_random_e3_calibrated,dos,time_quartile_4,0.01,0.1467909812927246,0,567931,0,19787,,0.03484049999031572
balanced_random_e3_calibrated,injection,full_test,0.001,0.832743227481842,68891,2202832,65738,7601,0.9542320477275696,0.003450558190547441
balanced_random_e3_calibrated,injection,time_quartile_1,0.001,0.832743227481842,68891,499038,65738,1279,0.9542320477275696,0.002562931079396759
balanced_random_e3_calibrated,injection,time_quartile_2,0.001,0.832743227481842,0,567932,0,222,,0.0003908918673362304
balanced_random_e3_calibrated,injection,time_quartile_3,0.001,0.832743227481842,0,567931,0,5131,,0.009034548210962248
balanced_random_e3_calibrated,injection,time_quartile_4,0.001,0.832743227481842,0,567931,0,969,,0.001706193181918226
balanced_random_e3_calibrated,injection,full_test,0.01,0.3629705607891083,68891,2202832,66757,30087,0.969023529924083,0.013658327098934463
balanced_random_e3_calibrated,injection,time_quartile_1,0.01,0.3629705607891083,68891,499038,66757,2198,0.969023529924083,0.0044044742083769175
balanced_random_e3_calibrated,injection,time_quartile_2,0.01,0.3629705607891083,0,567932,0,10545,,0.018567363698470944
balanced_random_e3_calibrated,injection,time_quartile_3,0.01,0.3629705607891083,0,567931,0,14617,,0.025737281465530143
balanced_random_e3_calibrated,injection,time_quartile_4,0.01,0.3629705607891083,0,567931,0,2727,,0.004801639635800828
balanced_random_e3_calibrated,mitm,full_test,0.001,0.7289136648178101,1161,2270562,1077,17424,0.9276485788113695,0.007673871050427163
balanced_random_e3_calibrated,mitm,time_quartile_1,0.001,0.7289136648178101,0,567929,0,1315,,0.0023154302738546545
balanced_random_e3_calibrated,mitm,time_quartile_2,0.001,0.7289136648178101,0,567932,0,1162,,0.002046019593895044
balanced_random_e3_calibrated,mitm,time_quartile_3,0.001,0.7289136648178101,0,567931,0,252,,0.00044371587393539006
balanced_random_e3_calibrated,mitm,time_quartile_4,0.001,0.7289136648178101,1161,566770,1077,14695,0.9276485788113695,0.025927624962506838
balanced_random_e3_calibrated,mitm,full_test,0.01,0.3591647446155548,1161,2270562,1150,70729,0.9905254091300603,0.0311504376449531
balanced_random_e3_calibrated,mitm,time_quartile_1,0.01,0.3591647446155548,0,567929,0,7794,,0.013723546429219146
balanced_random_e3_calibrated,mitm,time_quartile_2,0.01,0.3591647446155548,0,567932,0,3249,,0.005720755301691047
balanced_random_e3_calibrated,mitm,time_quartile_3,0.01,0.3591647446155548,0,567931,0,5988,,0.010543534337798078
balanced_random_e3_calibrated,mitm,time_quartile_4,0.01,0.3591647446155548,1161,566770,1150,53698,0.9905254091300603,0.09474389964183003
balanced_random_e3_calibrated,password,full_test,0.001,0.3530696928501129,210951,2060772,209476,49605,0.9930078549046935,0.024071076276269282
balanced_random_e3_calibrated,password,time_quartile_1,0.001,0.3530696928501129,0,567929,0,348,,0.0006127526504193306
balanced_random_e3_calibrated,password,time_quartile_2,0.001,0.3530696928501129,182192,385740,180990,48951,0.9934025643277422,0.12690153989734018
balanced_random_e3_calibrated,password,time_quartile_3,0.001,0.3530696928501129,28759,539172,28486,240,0.990507319447825,0.00044512697246889676
balanced_random_e3_calibrated,password,time_quartile_4,0.001,0.3530696928501129,0,567931,0,66,,0.00011621130031641167
balanced_random_e3_calibrated,password,full_test,0.01,0.022188866510987282,210951,2060772,210621,55476,0.9984356556735925,0.026920008618129515
balanced_random_e3_calibrated,password,time_quartile_1,0.01,0.022188866510987282,0,567929,0,2637,,0.004643186032056824
balanced_random_e3_calibrated,password,time_quartile_2,0.01,0.022188866510987282,182192,385740,181919,50749,0.9985015807499781,0.13156271063410588
balanced_random_e3_calibrated,password,time_quartile_3,0.01,0.022188866510987282,28759,539172,28702,1012,0.9980180117528425,0.001876952067243848
balanced_random_e3_calibrated,password,time_quartile_4,0.01,0.022188866510987282,0,567931,0,1078,,0.0018981179051680574
balanced_random_e3_calibrated,ransomware,full_test,0.001,0.4756346046924591,709,2271014,702,8597,0.9901269393511989,0.0037855336867143926
balanced_random_e3_calibrated,ransomware,time_quartile_1,0.001,0.4756346046924591,0,567929,0,17,,2.9933319129679943e-05
balanced_random_e3_calibrated,ransomware,time_quartile_2,0.001,0.4756346046924591,0,567932,0,154,,0.00027115922328729494
balanced_random_e3_calibrated,ransomware,time_quartile_3,0.001,0.4756346046924591,0,567931,0,49,,8.627808659854806e-05
balanced_random_e3_calibrated,ransomware,time_quartile_4,0.001,0.4756346046924591,709,567222,702,8377,0.9901269393511989,0.01476846807775439
balanced_random_e3_calibrated,ransomware,full_test,0.01,0.304422527551651,709,2271014,703,9559,0.9915373765867419,0.0042091330128303924
balanced_random_e3_calibrated,ransomware,time_quartile_1,0.01,0.304422527551651,0,567929,0,209,,0.00036800374694724163
balanced_random_e3_calibrated,ransomware,time_quartile_2,0.01,0.304422527551651,0,567932,0,372,,0.0006550079939147645
balanced_random_e3_calibrated,ransomware,time_quartile_3,0.01,0.304422527551651,0,567931,0,189,,0.00033278690545154253
balanced_random_e3_calibrated,ransomware,time_quartile_4,0.01,0.304422527551651,709,567222,703,8789,0.9915373765867419,0.015494815081220404
balanced_random_e3_calibrated,scanning,full_test,0.001,0.2780187726020813,6029,2265694,5647,16228,0.9366395753856361,0.007162485313550727
balanced_random_e3_calibrated,scanning,time_quartile_1,0.001,0.2780187726020813,6029,561900,5647,1389,0.9366395753856361,0.0024719701014415374
balanced_random_e3_calibrated,scanning,time_quartile_2,0.001,0.2780187726020813,0,567932,0,713,,0.001255431988336632
balanced_random_e3_calibrated,scanning,time_quartile_3,0.001,0.2780187726020813,0,567931,0,2067,,0.003639526632636711
balanced_random_e3_calibrated,scanning,time_quartile_4,0.001,0.2780187726020813,0,567931,0,12059,,0.02123321318963043
balanced_random_e3_calibrated,scanning,full_test,0.01,0.0665993019938469,6029,2265694,5929,129372,0.9834135014098524,0.05710038513585683
balanced_random_e3_calibrated,scanning,time_quartile_1,0.01,0.0665993019938469,6029,561900,5929,44777,0.9834135014098524,0.07968855668268375
balanced_random_e3_calibrated,scanning,time_quartile_2,0.01,0.0665993019938469,0,567932,0,14397,,0.0253498658290077
balanced_random_e3_calibrated,scanning,time_quartile_3,0.01,0.0665993019938469,0,567931,0,19140,,0.033701277091759387
balanced_random_e3_calibrated,scanning,time_quartile_4,0.01,0.0665993019938469,0,567931,0,51058,,0.08990176623568708
balanced_random_e3_calibrated,xss,full_test,0.001,0.34698542952537537,343854,1927869,318205,106412,0.9254072949565804,0.05519669645603514
balanced_random_e3_calibrated,xss,time_quartile_1,0.001,0.34698542952537537,0,567929,0,783,,0.0013786934634434937
balanced_random_e3_calibrated,xss,time_quartile_2,0.001,0.34698542952537537,0,567932,0,762,,0.001341709923018953
balanced_random_e3_calibrated,xss,time_quartile_3,0.001,0.34698542952537537,255032,312899,236148,102474,0.9259543900373286,0.32749864972403236
balanced_random_e3_calibrated,xss,time_quartile_4,0.001,0.34698542952537537,88822,479109,82057,2393,0.9238364369187814,0.004994688056371306
balanced_random_e3_calibrated,xss,full_test,0.01,0.19661220908164978,343854,1927869,335094,123895,0.9745240712628034,0.06426525868718258
balanced_random_e3_calibrated,xss,time_quartile_1,0.01,0.19661220908164978,0,567929,0,2216,,0.003901896187727691
balanced_random_e3_calibrated,xss,time_quartile_2,0.01,0.19661220908164978,0,567932,0,1180,,0.0020777135290844678
balanced_random_e3_calibrated,xss,time_quartile_3,0.01,0.19661220908164978,255032,312899,249481,114300,0.9782341039555821,0.3652935931402785
balanced_random_e3_calibrated,xss,time_quartile_4,0.01,0.19661220908164978,88822,479109,85613,6199,0.963871563351422,0.012938600610716977
balanced_random_e4_raw,backdoor,full_test,0.001,0.15930354595184326,40030,2231693,40010,1536,0.9995003747189608,0.0006882667105197713
balanced_random_e4_raw,backdoor,time_quartile_1,0.001,0.15930354595184326,0,567929,0,185,,0.00032574494347004644
balanced_random_e4_raw,backdoor,time_quartile_2,0.001,0.15930354595184326,0,567932,0,182,,0.0003204609002486213
balanced_random_e4_raw,backdoor,time_quartile_3,0.001,0.15930354595184326,0,567931,0,141,,0.00024826959613051585
balanced_random_e4_raw,backdoor,time_quartile_4,0.001,0.15930354595184326,40030,527901,40010,1028,0.9995003747189608,0.0019473348222488686
balanced_random_e4_raw,backdoor,full_test,0.01,0.008397646248340607,40030,2231693,40016,134849,0.9996502623032726,0.06042452971802125
balanced_random_e4_raw,backdoor,time_quartile_1,0.01,0.008397646248340607,0,567929,0,5945,,0.010467857777996898
balanced_random_e4_raw,backdoor,time_quartile_2,0.01,0.008397646248340607,0,567932,0,6323,,0.011133375122373805
balanced_random_e4_raw,backdoor,time_quartile_3,0.01,0.008397646248340607,0,567931,0,9740,,0.01714997068305833
balanced_random_e4_raw,backdoor,time_quartile_4,0.01,0.008397646248340607,40030,527901,40016,112841,0.9996502623032726,0.21375409404414844
balanced_random_e4_raw,benign,full_test,0.001,0.6650927662849426,1474302,797421,1018757,721,0.6910097117144248,0.0009041648012781203
balanced_random_e4_raw,benign,time_quartile_1,0.001,0.6650927662849426,394793,173136,340481,695,0.8624291717431667,0.004014185380279087
balanced_random_e4_raw,benign,time_quartile_2,0.001,0.6650927662849426,358160,209772,275541,1,0.769323765914675,4.7670804492496615e-06
balanced_random_e4_raw,benign,time_quartile_3,0.001,0.6650927662849426,284140,283791,91140,11,0.32075737312592384,3.87609191271041e-05
balanced_random_e4_raw,benign,time_quartile_4,0.001,0.6650927662849426,437209,130722,311595,14,0.7126911843077338,0.00010709750462814216
balanced_random_e4_raw,benign,full_test,0.01,0.20017015933990479,1474302,797421,1286989,9997,0.8729480120083944,0.012536665074032413
balanced_random_e4_raw,benign,time_quartile_1,0.01,0.20017015933990479,394793,173136,393219,6785,0.9960131005362304,0.0391888457628685
balanced_random_e4_raw,benign,time_quartile_2,0.01,0.20017015933990479,358160,209772,306536,165,0.8558633013178468,0.0007865682741261942
balanced_random_e4_raw,benign,time_quartile_3,0.01,0.20017015933990479,284140,283791,179917,1768,0.6331984233124516,0.006229936819701823
balanced_random_e4_raw,benign,time_quartile_4,0.01,0.20017015933990479,437209,130722,407317,1279,0.9316299527228397,0.009784122029956701
balanced_random_e4_raw,ddos,full_test,0.001,0.8705674409866333,103338,2168385,27076,111,0.2620139735624843,5.119017148707448e-05
balanced_random_e4_raw,ddos,time_quartile_1,0.001,0.8705674409866333,75758,492171,25582,19,0.33768050898914964,3.860446877203248e-05
balanced_random_e4_raw,ddos,time_quartile_2,0.001,0.8705674409866333,27580,540352,1494,7,0.05416968817984046,1.2954518536065379e-05
balanced_random_e4_raw,ddos,time_quartile_3,0.001,0.8705674409866333,0,567931,0,3,,5.282331832564167e-06
balanced_random_e4_raw,ddos,time_quartile_4,0.001,0.8705674409866333,0,567931,0,82,,0.0001443837367567539
balanced_random_e4_raw,ddos,full_test,0.01,0.7578850984573364,103338,2168385,85356,417,0.8259885037449921,0.00019230902261360412
balanced_random_e4_raw,ddos,time_quartile_1,0.01,0.7578850984573364,75758,492171,61730,84,0.8148314369439531,0.00017067238825530152
balanced_random_e4_raw,ddos,time_quartile_2,0.01,0.7578850984573364,27580,540352,23626,12,0.8566352429296592,2.2207746061826365e-05
balanced_random_e4_raw,ddos,time_quartile_3,0.01,0.7578850984573364,0,567931,0,26,,4.578020921555611e-05
balanced_random_e4_raw,ddos,time_quartile_4,0.01,0.7578850984573364,0,567931,0,295,,0.0005194292968688098
balanced_random_e4_raw,dos,full_test,0.001,0.31443047523498535,22458,2249265,22144,1718,0.9860183453557753,0.0007638050652101909
balanced_random_e4_raw,dos,time_quartile_1,0.001,0.31443047523498535,22458,545471,22144,149,0.9860183453557753,0.00027315842638747065
balanced_random_e4_raw,dos,time_quartile_2,0.001,0.31443047523498535,0,567932,0,405,,0.0007131135417620419
balanced_random_e4_raw,dos,time_quartile_3,0.001,0.31443047523498535,0,567931,0,163,,0.0002870066962359864
balanced_random_e4_raw,dos,time_quartile_4,0.001,0.31443047523498535,0,567931,0,1001,,0.0017625380547989103
balanced_random_e4_raw,dos,full_test,0.01,0.1819089651107788,22458,2249265,22323,29685,0.9939887790542346,0.013197644563890871
balanced_random_e4_raw,dos,time_quartile_1,0.01,0.1819089651107788,22458,545471,22323,1606,0.9939887790542346,0.002944244515290455
balanced_random_e4_raw,dos,time_quartile_2,0.01,0.1819089651107788,0,567932,0,1308,,0.0023030926237648168
balanced_random_e4_raw,dos,time_quartile_3,0.01,0.1819089651107788,0,567931,0,10767,,0.018958288947072795
balanced_random_e4_raw,dos,time_quartile_4,0.01,0.1819089651107788,0,567931,0,16004,,0.02817947954945231
balanced_random_e4_raw,injection,full_test,0.001,0.6771765351295471,68891,2202832,61874,8774,0.8981434439912326,0.003983054540700335
balanced_random_e4_raw,injection,time_quartile_1,0.001,0.6771765351295471,68891,499038,61874,1319,0.8981434439912326,0.002643085296109715
balanced_random_e4_raw,injection,time_quartile_2,0.001,0.6771765351295471,0,567932,0,169,,0.0002975708359451484
balanced_random_e4_raw,injection,time_quartile_3,0.001,0.6771765351295471,0,567931,0,6209,,0.010932666116130304
balanced_random_e4_raw,injection,time_quartile_4,0.001,0.6771765351295471,0,567931,0,1077,,0.001896357127890536
balanced_random_e4_raw,injection,full_test,0.01,0.289865106344223,68891,2202832,66763,32790,0.9691106240292636,0.014885383905808522
balanced_random_e4_raw,injection,time_quartile_1,0.01,0.289865106344223,68891,499038,66763,2967,0.9691106240292636,0.005945439024683491
balanced_random_e4_raw,injection,time_quartile_2,0.01,0.289865106344223,0,567932,0,9650,,0.01699147080988569
balanced_random_e4_raw,injection,time_quartile_3,0.01,0.289865106344223,0,567931,0,16969,,0.029878629622260452
balanced_random_e4_raw,injection,time_quartile_4,0.01,0.289865106344223,0,567931,0,3204,,0.00564153039717853
balanced_random_e4_raw,mitm,full_test,0.001,0.5418201684951782,1161,2270562,1096,24603,0.9440137812230835,0.01083564333411728
balanced_random_e4_raw,mitm,time_quartile_1,0.001,0.5418201684951782,0,567929,0,1529,,0.0026922379381929783
balanced_random_e4_raw,mitm,time_quartile_2,0.001,0.5418201684951782,0,567932,0,1329,,0.0023400688814858117
balanced_random_e4_raw,mitm,time_quartile_3,0.001,0.5418201684951782,0,567931,0,307,,0.0005405586241990665
balanced_random_e4_raw,mitm,time_quartile_4,0.001,0.5418201684951782,1161,566770,1096,21438,0.9440137812230835,0.03782486723009334
balanced_random_e4_raw,mitm,full_test,0.01,0.3547188937664032,1161,2270562,1144,63483,0.9853574504737296,0.027959157248293596
balanced_random_e4_raw,mitm,time_quartile_1,0.01,0.3547188937664032,0,567929,0,7188,,0.012656511641419966
balanced_random_e4_raw,mitm,time_quartile_2,0.01,0.3547188937664032,0,567932,0,3099,,0.005456639175112513
balanced_random_e4_raw,mitm,time_quartile_3,0.01,0.3547188937664032,0,567931,0,3000,,0.005282331832564167
balanced_random_e4_raw,mitm,time_quartile_4,0.01,0.3547188937664032,1161,566770,1144,50196,0.9853574504737296,0.08856502637754292
balanced_random_e4_raw,password,full_test,0.001,0.22266550362110138,210951,2060772,209960,50635,0.9953022265834246,0.02457088896782371
balanced_random_e4_raw,password,time_quartile_1,0.001,0.22266550362110138,0,567929,0,575,,0.0010124504999744685
balanced_random_e4_raw,password,time_quartile_2,0.001,0.22266550362110138,182192,385740,181373,49431,0.9955047422499341,0.12814590138435217
balanced_random_e4_raw,password,time_quartile_3,0.001,0.22266550362110138,28759,539172,28587,423,0.9940192635348934,0.0007845362889764305
balanced_random_e4_raw,password,time_quartile_4,0.001,0.22266550362110138,0,567931,0,206,,0.00036272011916940614
balanced_random_e4_raw,password,full_test,0.01,0.07022205740213394,210951,2060772,210536,55161,0.9980327184986086,0.026767153280421122
balanced_random_e4_raw,password,time_quartile_1,0.01,0.07022205740213394,0,567929,0,3270,,0.005757761973767848
balanced_random_e4_raw,password,time_quartile_2,0.01,0.07022205740213394,182192,385740,181859,50461,0.9981722578378853,0.13081609374189868
balanced_random_e4_raw,password,time_quartile_3,0.01,0.07022205740213394,28759,539172,28677,863,0.9971487186619841,0.0016006024051694078
balanced_random_e4_raw,password,time_quartile_4,0.01,0.07022205740213394,0,567931,0,567,,0.0009983607163546275
balanced_random_e4_raw,ransomware,full_test,0.001,0.20840106904506683,709,2271014,695,12836,0.9802538787023978,0.005652100779651732
balanced_random_e4_raw,ransomware,time_quartile_1,0.001,0.20840106904506683,0,567929,0,53,,9.332152434547276e-05
balanced_random_e4_raw,ransomware,time_quartile_2,0.001,0.20840106904506683,0,567932,0,1418,,0.002496777783255742
balanced_random_e4_raw,ransomware,time_quartile_3,0.001,0.20840106904506683,0,567931,0,710,,0.0012501518670401863
balanced_random_e4_raw,ransomware,time_quartile_4,0.001,0.20840106904506683,709,567222,695,10655,0.9802538787023978,0.0187845323347825
balanced_random_e4_raw,ransomware,full_test,0.01,0.056966930627822876,709,2271014,701,73375,0.9887165021156559,0.03230935608499111
balanced_random_e4_raw,ransomware,time_quartile_1,0.01,0.056966930627822876,0,567929,0,764,,0.001345238577357381
balanced_random_e4_raw,ransomware,time_quartile_2,0.01,0.056966930627822876,0,567932,0,3346,,0.005891550396878499
balanced_random_e4_raw,ransomware,time_quartile_3,0.01,0.056966930627822876,0,567931,0,5944,,0.010466060137587137
balanced_random_e4_raw,ransomware,time_quartile_4,0.01,0.056966930627822876,709,567222,701,63321,0.9887165021156559,0.11163354030696976
balanced_random_e4_raw,scanning,full_test,0.001,0.2952623963356018,6029,2265694,5523,40076,0.9160723171338531,0.01768817854485204
balanced_random_e4_raw,scanning,time_quartile_1,0.001,0.2952623963356018,6029,561900,5523,2481,0.9160723171338531,0.004415376401494928
balanced_random_e4_raw,scanning,time_quartile_2,0.001,0.2952623963356018,0,567932,0,396,,0.0006972665741673299
balanced_random_e4_raw,scanning,time_quartile_3,0.001,0.2952623963356018,0,567931,0,1828,,0.0032187008633090992
balanced_random_e4_raw,scanning,time_quartile_4,0.001,0.2952623963356018,0,567931,0,35371,,0.06228045308320905
balanced_random_e4_raw,scanning,full_test,0.01,0.24314679205417633,6029,2265694,5737,45009,0.951567424116769,0.0198654363740205
balanced_random_e4_raw,scanning,time_quartile_1,0.01,0.24314679205417633,6029,561900,5737,5551,0.951567424116769,0.009878982025271401
balanced_random_e4_raw,scanning,time_quartile_2,0.01,0.24314679205417633,0,567932,0,1034,,0.0018206404992146946
balanced_random_e4_raw,scanning,time_quartile_3,0.01,0.24314679205417633,0,567931,0,2454,,0.004320947439037489
balanced_random_e4_raw,scanning,time_quartile_4,0.01,0.24314679205417633,0,567931,0,35970,,0.06333515867244437
balanced_random_e4_raw,xss,full_test,0.001,0.3146252930164337,343854,1927869,324343,104926,0.9432578943388764,0.05442589719529698
balanced_random_e4_raw,xss,time_quartile_1,0.001,0.3146252930164337,0,567929,0,958,,0.0016868305721313755
balanced_random_e4_raw,xss,time_quartile_2,0.001,0.3146252930164337,0,567932,0,1006,,0.0017713388222533684
balanced_random_e4_raw,xss,time_quartile_3,0.001,0.3146252930164337,255032,312899,242435,100590,0.9506061984378431,0.32147753748014535
balanced_random_e4_raw,xss,time_quartile_4,0.001,0.3146252930164337,88822,479109,81908,2372,0.9221589245907545,0.004950856694405657
balanced_random_e4_raw,xss,full_test,0.01,0.2159540057182312,343854,1927869,337567,118828,0.9817160771722883,0.061636968072000746
balanced_random_e4_raw,xss,time_quartile_1,0.01,0.2159540057182312,0,567929,0,2819,,0.004963648625092221
balanced_random_e4_raw,xss,time_quartile_2,0.01,0.2159540057182312,0,567932,0,3601,,0.006340547812062007
balanced_random_e4_raw,xss,time_quartile_3,0.01,0.2159540057182312,255032,312899,251083,107724,0.9845156686219768,0.3442772268367748
balanced_random_e4_raw,xss,time_quartile_4,0.01,0.2159540057182312,88822,479109,86484,4684,0.9736776924635788,0.009776480926052319
balanced_random_e4_calibrated,backdoor,full_test,0.001,0.14014989137649536,40030,2231693,40010,1559,0.9995003747189608,0.0006985727875653148
balanced_random_e4_calibrated,backdoor,time_quartile_1,0.001,0.14014989137649536,0,567929,0,181,,0.0003187018095571806
balanced_random_e4_calibrated,backdoor,time_quartile_2,0.001,0.14014989137649536,0,567932,0,185,,0.000325743222780192
balanced_random_e4_calibrated,backdoor,time_quartile_3,0.001,0.14014989137649536,0,567931,0,144,,0.00025355192796308005
balanced_random_e4_calibrated,backdoor,time_quartile_4,0.001,0.14014989137649536,40030,527901,40010,1049,0.9995003747189608,0.0019871150083064816
balanced_random_e4_calibrated,backdoor,full_test,0.01,0.0031668306328356266,40030,2231693,40016,137944,0.9996502623032726,0.06181136921610634
balanced_random_e4_calibrated,backdoor,time_quartile_1,0.01,0.0031668306328356266,0,567929,0,7057,,0.012425849005773608
balanced_random_e4_calibrated,backdoor,time_quartile_2,0.01,0.0031668306328356266,0,567932,0,6019,,0.010598099772507976
balanced_random_e4_calibrated,backdoor,time_quartile_3,0.01,0.0031668306328356266,0,567931,0,9591,,0.016887614868707643
balanced_random_e4_calibrated,backdoor,time_quartile_4,0.01,0.0031668306328356266,40030,527901,40016,115277,0.9996502623032726,0.21836859562683156
balanced_random_e4_calibrated,benign,full_test,0.001,0.7138124704360962,1474302,797421,1040635,733,0.7058492764711708,0.000919213313920752
balanced_random_e4_calibrated,benign,time_quartile_1,0.001,0.7138124704360962,394793,173136,345042,689,0.873982061485386,0.003979530542463728
balanced_random_e4_calibrated,benign,time_quartile_2,0.001,0.7138124704360962,358160,209772,277781,1,0.7755779539870449,4.7670804492496615e-06
balanced_random_e4_calibrated,benign,time_quartile_3,0.001,0.7138124704360962,284140,283791,99872,23,0.35148870275216443,8.104555817485403e-05
balanced_random_e4_calibrated,benign,time_quartile_4,0.001,0.7138124704360962,437209,130722,317940,20,0.7272036943429802,0.00015299643518306024
balanced_random_e4_calibrated,benign,full_test,0.01,0.18584896624088287,1474302,797421,1286517,10679,0.8726278605061921,0.013391922209221979
balanced_random_e4_calibrated,benign,time_quartile_1,0.01,0.18584896624088287,394793,173136,393243,6370,0.9960738918876475,0.03679188614730616
balanced_random_e4_calibrated,benign,time_quartile_2,0.01,0.18584896624088287,358160,209772,306552,164,0.8559079740897922,0.0007818011936769445
balanced_random_e4_calibrated,benign,time_quartile_3,0.01,0.18584896624088287,284140,283791,179783,2456,0.6327268248046738,0.008654256125106152
balanced_random_e4_calibrated,benign,time_quartile_4,0.01,0.18584896624088287,437209,130722,406939,1689,0.93076537765691,0.012920548951209436
balanced_random_e4_calibrated,ddos,full_test,0.001,0.9354310035705566,103338,2168385,27587,131,0.26695891153302753,6.041362580906988e-05
balanced_random_e4_calibrated,ddos,time_quartile_1,0.001,0.9354310035705566,75758,492171,26087,19,0.3443464716597587,3.860446877203248e-05
balanced_random_e4_calibrated,ddos,time_quartile_2,0.001,0.9354310035705566,27580,540352,1500,8,0.05438723712835388,1.4805164041217577e-05
balanced_random_e4_calibrated,ddos,time_quartile_3,0.001,0.9354310035705566,0,567931,0,3,,5.282331832564167e-06
balanced_random_e4_calibrated,ddos,time_quartile_4,0.001,0.9354310035705566,0,567931,0,101,,0.0001778385050296603
balanced_random_e4_calibrated,ddos,full_test,0.01,0.8536695837974548,103338,2168385,85339,415,0.8258239950453851,0.0001913866771814046
balanced_random_e4_calibrated,ddos,time_quartile_1,0.01,0.8536695837974548,75758,492171,61725,85,0.814765437313551,0.00017270420240119797
balanced_random_e4_calibrated,ddos,time_quartile_2,0.01,0.8536695837974548,27580,540352,23614,10,0.8562001450326323,1.850645505152197e-05
balanced_random_e4_calibrated,ddos,time_quartile_3,0.01,0.8536695837974548,0,567931,0,26,,4.578020921555611e-05
balanced_random_e4_calibrated,ddos,time_quartile_4,0.01,0.8536695837974548,0,567931,0,294,,0.0005176685195912884
balanced_random_e4_calibrated,dos,full_test,0.001,0.3405526280403137,22458,2249265,22146,1728,0.9861074004808976,0.0007682509619809138
balanced_random_e4_calibrated,dos,time_quartile_1,0.001,0.3405526280403137,22458,545471,22146,154,0.9861074004808976,0.0002823248165347012
balanced_random_e4_calibrated,dos,time_quartile_2,0.001,0.3405526280403137,0,567932,0,384,,0.0006761372840410471
balanced_random_e4_calibrated,dos,time_quartile_3,0.001,0.3405526280403137,0,567931,0,172,,0.0003028536917336789
balanced_random_e4_calibrated,dos,time_quartile_4,0.001,0.3405526280403137,0,567931,0,1018,,0.001792471268516774
balanced_random_e4_calibrated,dos,full_test,0.01,0.1761387437582016,22458,2249265,22328,26575,0.9942114168670407,0.011814970668196055
balanced_random_e4_calibrated,dos,time_quartile_1,0.01,0.1761387437582016,22458,545471,22328,1549,0.9942114168670407,0.002839747667612027
balanced_random_e4_calibrated,dos,time_quartile_2,0.01,0.1761387437582016,0,567932,0,1223,,0.002153426818703648
balanced_random_e4_calibrated,dos,time_quartile_3,0.01,0.1761387437582016,0,567931,0,11011,,0.019387918602788014
balanced_random_e4_calibrated,dos,time_quartile_4,0.01,0.1761387437582016,0,567931,0,12792,,0.022523862934053607
balanced_random_e4_calibrated,injection,full_test,0.001,0.7671058177947998,68891,2202832,61929,8799,0.8989418066220551,0.003994403567770942
balanced_random_e4_calibrated,injection,time_quartile_1,0.001,0.7671058177947998,68891,499038,61929,1329,0.8989418066220551,0.002663123850287954
balanced_random_e4_calibrated,injection,time_quartile_2,0.001,0.7671058177947998,0,567932,0,158,,0.0002782023199960559
balanced_random_e4_calibrated,injection,time_quartile_3,0.001,0.7671058177947998,0,567931,0,6239,,0.010985489434455946
balanced_random_e4_calibrated,injection,time_quartile_4,0.001,0.7671058177947998,0,567931,0,1073,,0.0018893140187804505
balanced_random_e4_calibrated,injection,full_test,0.01,0.2905903458595276,68891,2202832,66801,31184,0.969662220028741,0.014156322406792711
balanced_random_e4_calibrated,injection,time_quartile_1,0.01,0.2905903458595276,68891,499038,66801,2804,0.969662220028741,0.005618810591578196
balanced_random_e4_calibrated,injection,time_quartile_2,0.01,0.2905903458595276,0,567932,0,8118,,0.014293964770430262
balanced_random_e4_calibrated,injection,time_quartile_3,0.01,0.2905903458595276,0,567931,0,16918,,0.029788829981106858
balanced_random_e4_calibrated,injection,time_quartile_4,0.01,0.2905903458595276,0,567931,0,3344,,0.0058880392160315246
balanced_random_e4_calibrated,mitm,full_test,0.001,0.6223992705345154,1161,2270562,1090,24213,0.9388458225667528,0.010663879691459648
balanced_random_e4_calibrated,mitm,time_quartile_1,0.001,0.6223992705345154,0,567929,0,1435,,0.0025267242912406303
balanced_random_e4_calibrated,mitm,time_quartile_2,0.001,0.6223992705345154,0,567932,0,1294,,0.0022784417852841536
balanced_random_e4_calibrated,mitm,time_quartile_3,0.001,0.6223992705345154,0,567931,0,305,,0.0005370370696440237
balanced_random_e4_calibrated,mitm,time_quartile_4,0.001,0.6223992705345154,1161,566770,1090,21179,0.9388458225667528,0.03736789173738907
balanced_random_e4_calibrated,mitm,full_test,0.01,0.3635893166065216,1161,2270562,1144,63501,0.9853574504737296,0.02796708480103164
balanced_random_e4_calibrated,mitm,time_quartile_1,0.01,0.3635893166065216,0,567929,0,6297,,0.011087653562329094
balanced_random_e4_calibrated,mitm,time_quartile_2,0.01,0.3635893166065216,0,567932,0,3011,,0.005301691047519774
balanced_random_e4_calibrated,mitm,time_quartile_3,0.01,0.3635893166065216,0,567931,0,3512,,0.0061838497986551185
balanced_random_e4_calibrated,mitm,time_quartile_4,0.01,0.3635893166065216,1161,566770,1144,50681,0.9853574504737296,0.08942075268627486
balanced_random_e4_calibrated,password,full_test,0.001,0.2100706547498703,210951,2060772,209896,50553,0.9949988385928485,0.02453109805451549
balanced_random_e4_calibrated,password,time_quartile_1,0.001,0.2100706547498703,0,567929,0,551,,0.0009701916964972734
balanced_random_e4_calibrated,password,time_quartile_2,0.001,0.2100706547498703,182192,385740,181326,49377,0.9952467726354615,0.1280059107170633
balanced_random_e4_calibrated,password,time_quartile_3,0.001,0.2100706547498703,28759,539172,28570,413,0.9934281442331097,0.0007659893317902265
balanced_random_e4_calibrated,password,time_quartile_4,0.001,0.2100706547498703,0,567931,0,212,,0.0003732847828345345
balanced_random_e4_calibrated,password,full_test,0.01,0.04562672972679138,210951,2060772,210536,55223,0.9980327184986086,0.02679723909292246
balanced_random_e4_calibrated,password,time_quartile_1,0.01,0.04562672972679138,0,567929,0,3271,,0.005759522757246064
balanced_random_e4_calibrated,password,time_quartile_2,0.01,0.04562672972679138,182192,385740,181859,50454,0.9981722578378853,0.13079794680354642
balanced_random_e4_calibrated,password,time_quartile_3,0.01,0.04562672972679138,28759,539172,28677,858,0.9971487186619841,0.0015913289265763058
balanced_random_e4_calibrated,password,time_quartile_4,0.01,0.04562672972679138,0,567931,0,640,,0.0011268974576136889
balanced_random_e4_calibrated,ransomware,full_test,0.001,0.2055031806230545,709,2271014,691,12043,0.9746121297602257,0.0053029175513669225
balanced_random_e4_calibrated,ransomware,time_quartile_1,0.001,0.2055031806230545,0,567929,0,51,,8.979995738903983e-05
balanced_random_e4_calibrated,ransomware,time_quartile_2,0.001,0.2055031806230545,0,567932,0,1327,,0.0023365473331314313
balanced_random_e4_calibrated,ransomware,time_quartile_3,0.001,0.2055031806230545,0,567931,0,657,,0.0011568306713315526
balanced_random_e4_calibrated,ransomware,time_quartile_4,0.001,0.2055031806230545,709,567222,691,10008,0.9746121297602257,0.017643885462834658
balanced_random_e4_calibrated,ransomware,full_test,0.01,0.035190146416425705,709,2271014,703,74300,0.9915373765867419,0.03271666312933342
balanced_random_e4_calibrated,ransomware,time_quartile_1,0.01,0.035190146416425705,0,567929,0,1149,,0.002023140216470721
balanced_random_e4_calibrated,ransomware,time_quartile_2,0.01,0.035190146416425705,0,567932,0,3440,,0.006057063169534381
balanced_random_e4_calibrated,ransomware,time_quartile_3,0.01,0.035190146416425705,0,567931,0,6156,,0.01083934492042167
balanced_random_e4_calibrated,ransomware,time_quartile_4,0.01,0.035190146416425705,709,567222,703,63555,0.9915373765867419,0.11204607719728783
balanced_random_e4_calibrated,scanning,full_test,0.001,0.31171974539756775,6029,2265694,5264,39769,0.8731132857853707,0.01755267922323138
balanced_random_e4_calibrated,scanning,time_quartile_1,0.001,0.31171974539756775,6029,561900,5264,2322,0.8731132857853707,0.004132407901761879
balanced_random_e4_calibrated,scanning,time_quartile_2,0.001,0.31171974539756775,0,567932,0,349,,0.0006145101878393892
balanced_random_e4_calibrated,scanning,time_quartile_3,0.001,0.31171974539756775,0,567931,0,1757,,0.0030936856766050807
balanced_random_e4_calibrated,scanning,time_quartile_4,0.001,0.31171974539756775,0,567931,0,35341,,0.06222762976488341
balanced_random_e4_calibrated,scanning,full_test,0.01,0.21643218398094177,6029,2265694,5709,45571,0.9469232045115277,0.020113483992101316
balanced_random_e4_calibrated,scanning,time_quartile_1,0.01,0.21643218398094177,6029,561900,5709,5561,0.9469232045115277,0.0098967787862609
balanced_random_e4_calibrated,scanning,time_quartile_2,0.01,0.21643218398094177,0,567932,0,1056,,0.0018593775311128798
balanced_random_e4_calibrated,scanning,time_quartile_3,0.01,0.21643218398094177,0,567931,0,2752,,0.004845659067738863
balanced_random_e4_calibrated,scanning,time_quartile_4,0.01,0.21643218398094177,0,567931,0,36202,,0.06374365900082933
balanced_random_e4_calibrated,xss,full_test,0.001,0.33493572473526,343854,1927869,327215,104613,0.9516102764545418,0.05426354176554527
balanced_random_e4_calibrated,xss,time_quartile_1,0.001,0.33493572473526,0,567929,0,844,,0.0014861012556146983
balanced_random_e4_calibrated,xss,time_quartile_2,0.001,0.33493572473526,0,567932,0,861,,0.0015160265665607854
balanced_random_e4_calibrated,xss,time_quartile_3,0.001,0.33493572473526,255032,312899,244407,100613,0.9583385614354277,0.3215510436274964
balanced_random_e4_calibrated,xss,time_quartile_4,0.001,0.33493572473526,88822,479109,82808,2295,0.9322915493909166,0.004790141700531611
balanced_random_e4_calibrated,xss,full_test,0.01,0.20133261382579803,343854,1927869,338232,117519,0.9836500375159225,0.060957980028726017
balanced_random_e4_calibrated,xss,time_quartile_1,0.01,0.20133261382579803,0,567929,0,2402,,0.004229401914675955
balanced_random_e4_calibrated,xss,time_quartile_2,0.01,0.20133261382579803,0,567932,0,3017,,0.005312255692582915
balanced_random_e4_calibrated,xss,time_quartile_3,0.01,0.20133261382579803,255032,312899,251554,107450,0.9863624956868158,0.34340154490746216
balanced_random_e4_calibrated,xss,time_quartile_4,0.01,0.20133261382579803,88822,479109,86678,4650,0.9758618360316138,0.00970551586382222
