dataset,K,seed,split,model,class,support,TP,FP,FN,precision,recall,f1,helpful,harmful,global_precision,global_recall,global_f1,delta_precision,delta_recall,delta_f1
cic2018,2,43,cal_select,global,benign,26532,26257,2746,275,0.9053201392959349,0.9896351575456053,0.9456018726928964,0,0,0.9053201392959349,0.9896351575456053,0.9456018726928964,0.0,0.0,0.0
cic2018,2,43,cal_select,global,bot,563,563,0,0,1.0,1.0,1.0,0,0,1.0,1.0,1.0,0.0,0.0,0.0
cic2018,2,43,cal_select,global,brute_force,15811,15811,0,0,1.0,1.0,1.0,0,0,1.0,1.0,1.0,0.0,0.0,0.0
cic2018,2,43,cal_select,global,ddos,25614,25599,2,15,0.9999218780516386,0.9994143827594284,0.9996680659962901,0,0,0.9999218780516386,0.9994143827594284,0.9996680659962901,0.0,0.0,0.0
cic2018,2,43,cal_select,global,dos,14475,14473,0,2,1.0,0.9998618307426598,0.9999309105983142,0,0,1.0,0.9998618307426598,0.9999309105983142,0.0,0.0,0.0
cic2018,2,43,cal_select,global,infiltration,3280,594,236,2686,0.7156626506024096,0.18109756097560975,0.28905109489051095,0,0,0.7156626506024096,0.18109756097560975,0.28905109489051095,0.0,0.0,0.0
cic2018,2,43,cal_select,global,web_attacks,75,16,53,59,0.2318840579710145,0.21333333333333335,0.2222222222222222,0,0,0.2318840579710145,0.21333333333333335,0.2222222222222222,0.0,0.0,0.0
cic2018,2,43,cal_select,expert1,benign,26532,26398,3361,134,0.8870593769951948,0.9949494949494949,0.9379119219768702,142,1,0.9053201392959349,0.9896351575456053,0.9456018726928964,-0.01826076230074014,0.005314337403889646,-0.007689950716026184
cic2018,2,43,cal_select,expert1,bot,563,563,0,0,1.0,1.0,1.0,0,0,1.0,1.0,1.0,0.0,0.0,0.0
cic2018,2,43,cal_select,expert1,brute_force,15811,15811,0,0,1.0,1.0,1.0,0,0,1.0,1.0,1.0,0.0,0.0,0.0
cic2018,2,43,cal_select,expert1,ddos,25614,25596,1,18,0.9999609329218268,0.9992972593113141,0.9996289859600477,0,3,0.9999218780516386,0.9994143827594284,0.9996680659962901,3.90548701881821e-05,-0.00011712344811432018,-3.908003624242262e-05
cic2018,2,43,cal_select,expert1,dos,14475,14473,0,2,1.0,0.9998618307426598,0.9999309105983142,0,0,1.0,0.9998618307426598,0.9999309105983142,0.0,0.0,0.0
cic2018,2,43,cal_select,expert1,infiltration,3280,0,129,3280,0.0,0.0,0.0,0,594,0.7156626506024096,0.18109756097560975,0.28905109489051095,-0.7156626506024096,-0.18109756097560975,-0.28905109489051095
cic2018,2,43,cal_select,expert1,web_attacks,75,14,4,61,0.7777777777777778,0.18666666666666668,0.3010752688172043,0,2,0.2318840579710145,0.21333333333333335,0.2222222222222222,0.5458937198067633,-0.026666666666666672,0.0788530465949821
cic2018,2,43,cal_select,expert2,benign,26532,14872,229,11660,0.9848354413614993,0.560530679933665,0.7144332620757572,32,11417,0.9053201392959349,0.9896351575456053,0.9456018726928964,0.07951530206556434,-0.42910447761194026,-0.23116861061713923
cic2018,2,43,cal_select,expert2,bot,563,563,0,0,1.0,1.0,1.0,0,0,1.0,1.0,1.0,0.0,0.0,0.0
cic2018,2,43,cal_select,expert2,brute_force,15811,15811,0,0,1.0,1.0,1.0,0,0,1.0,1.0,1.0,0.0,0.0,0.0
cic2018,2,43,cal_select,expert2,ddos,25614,25614,4,0,0.9998438597860879,1.0,0.9999219237976265,15,0,0.9999218780516386,0.9994143827594284,0.9996680659962901,-7.801826555065006e-05,0.0005856172405716009,0.0002538578013363546
cic2018,2,43,cal_select,expert2,dos,14475,14473,1,2,0.9999309105983142,0.9998618307426598,0.9998963694773567,0,0,1.0,0.9998618307426598,0.9999309105983142,-6.90894016858179e-05,0.0,-3.454112095746531e-05
cic2018,2,43,cal_select,expert2,infiltration,3280,3096,11620,184,0.21038325631965207,0.9439024390243902,0.3440764614358746,2510,8,0.7156626506024096,0.18109756097560975,0.28905109489051095,-0.5052793942827576,0.7628048780487804,0.05502536654536366
cic2018,2,43,cal_select,expert2,web_attacks,75,16,51,59,0.23880597014925373,0.21333333333333335,0.22535211267605634,0,0,0.2318840579710145,0.21333333333333335,0.2222222222222222,0.006921912178239231,0.0,0.0031298904538341332
cic2018,2,43,cal_confirm,global,benign,11232,11162,1216,70,0.9017611892066569,0.9937678062678063,0.9455315544260906,0,0,0.9017611892066569,0.9937678062678063,0.9455315544260906,0.0,0.0,0.0
cic2018,2,43,cal_confirm,global,bot,173,173,0,0,1.0,1.0,1.0,0,0,1.0,1.0,1.0,0.0,0.0,0.0
cic2018,2,43,cal_confirm,global,brute_force,6774,6774,0,0,1.0,1.0,1.0,0,0,1.0,1.0,1.0,0.0,0.0,0.0
cic2018,2,43,cal_confirm,global,ddos,9736,9641,0,95,1.0,0.9902423993426458,0.9950972802807452,0,0,1.0,0.9902423993426458,0.9950972802807452,0.0,0.0,0.0
cic2018,2,43,cal_confirm,global,dos,6165,6165,1,0,0.9998378203048979,1.0,0.9999189035763523,0,0,0.9998378203048979,1.0,0.9999189035763523,0.0,0.0,0.0
cic2018,2,43,cal_confirm,global,infiltration,1396,268,56,1128,0.8271604938271605,0.19197707736389685,0.3116279069767442,0,0,0.8271604938271605,0.19197707736389685,0.3116279069767442,0.0,0.0,0.0
cic2018,2,43,cal_confirm,global,web_attacks,33,32,21,1,0.6037735849056604,0.9696969696969697,0.7441860465116279,0,0,0.6037735849056604,0.9696969696969697,0.7441860465116279,0.0,0.0,0.0
cic2018,2,43,cal_confirm,expert1,benign,11232,11214,1454,18,0.8852226081465109,0.9983974358974359,0.9384100418410042,58,6,0.9017611892066569,0.9937678062678063,0.9455315544260906,-0.01653858106014605,0.00462962962962965,-0.00712151258508642
cic2018,2,43,cal_confirm,expert1,bot,173,173,6,0,0.9664804469273743,1.0,0.9829545454545454,0,0,1.0,1.0,1.0,-0.03351955307262566,0.0,-0.017045454545454586
cic2018,2,43,cal_confirm,expert1,brute_force,6774,6774,0,0,1.0,1.0,1.0,0,0,1.0,1.0,1.0,0.0,0.0,0.0
cic2018,2,43,cal_confirm,expert1,ddos,9736,9617,0,119,1.0,0.9877773212818406,0.993851082519506,2,26,1.0,0.9902423993426458,0.9950972802807452,0.0,-0.0024650780608052036,-0.0012461977612391317
cic2018,2,43,cal_confirm,expert1,dos,6165,6165,0,0,1.0,1.0,1.0,0,0,0.9998378203048979,1.0,0.9999189035763523,0.00016217969510212704,0.0,8.109642364773073e-05
cic2018,2,43,cal_confirm,expert1,infiltration,1396,80,11,1316,0.8791208791208791,0.05730659025787966,0.10759919300605246,0,188,0.8271604938271605,0.19197707736389685,0.3116279069767442,0.0519603852937186,-0.1346704871060172,-0.20402871397069172
cic2018,2,43,cal_confirm,expert1,web_attacks,33,14,1,19,0.9333333333333333,0.42424242424242425,0.5833333333333334,0,18,0.6037735849056604,0.9696969696969697,0.7441860465116279,0.329559748427673,-0.5454545454545454,-0.16085271317829453
cic2018,2,43,cal_confirm,expert2,benign,11232,6210,96,5022,0.9847764034253093,0.5528846153846154,0.708176530961341,7,4959,0.9017611892066569,0.9937678062678063,0.9455315544260906,0.08301521421865232,-0.44088319088319083,-0.23735502346474957
cic2018,2,43,cal_confirm,expert2,bot,173,173,7,0,0.9611111111111111,1.0,0.9801699716713881,0,0,1.0,1.0,1.0,-0.03888888888888886,0.0,-0.019830028328611915
cic2018,2,43,cal_confirm,expert2,brute_force,6774,6774,0,0,1.0,1.0,1.0,0,0,1.0,1.0,1.0,0.0,0.0,0.0
cic2018,2,43,cal_confirm,expert2,ddos,9736,9701,0,35,1.0,0.996405094494659,0.9981993105931986,60,0,1.0,0.9902423993426458,0.9950972802807452,0.0,0.006162695152013176,0.0031020303124533743
cic2018,2,43,cal_confirm,expert2,dos,6165,6165,1,0,0.9998378203048979,1.0,0.9999189035763523,0,0,0.9998378203048979,1.0,0.9999189035763523,0.0,0.0,0.0
cic2018,2,43,cal_confirm,expert2,infiltration,1396,1304,5001,92,0.20681998413957176,0.9340974212034384,0.33865731723152837,1038,2,0.8271604938271605,0.19197707736389685,0.3116279069767442,-0.6203405096875887,0.7421203438395416,0.02702941025478417
cic2018,2,43,cal_confirm,expert2,web_attacks,33,21,56,12,0.2727272727272727,0.6363636363636364,0.38181818181818183,0,11,0.6037735849056604,0.9696969696969697,0.7441860465116279,-0.33104631217838765,-0.33333333333333337,-0.36236786469344606
cic2018,2,43,full_test,global,benign,2652203,2643864,10270,8339,0.996130564621078,0.996855821368123,0.9964930610324976,0,0,0.996130564621078,0.996855821368123,0.9964930610324976,0.0,0.0,0.0
cic2018,2,43,full_test,global,bot,41542,41418,4,124,0.9999034329583313,0.9970150690867075,0.998457162142616,0,0,0.9999034329583313,0.9970150690867075,0.998457162142616,0.0,0.0,0.0
cic2018,2,43,full_test,global,brute_force,37696,37676,0,20,1.0,0.9994694397283531,0.9997346494719525,0,0,1.0,0.9994694397283531,0.9997346494719525,0.0,0.0,0.0
cic2018,2,43,full_test,global,ddos,262680,258621,6,4059,0.9999768005660662,0.9845477386934673,0.9922022915479746,0,0,0.9999768005660662,0.9845477386934673,0.9922022915479746,0.0,0.0,0.0
cic2018,2,43,full_test,global,dos,39483,38868,10,615,0.9997427851226915,0.9844236760124611,0.9920240936179987,0,0,0.9997427851226915,0.9844236760124611,0.9920240936179987,0.0,0.0,0.0
cic2018,2,43,full_test,global,infiltration,8742,2805,7935,5937,0.2611731843575419,0.3208647906657515,0.2879581151832461,0,0,0.2611731843575419,0.3208647906657515,0.2879581151832461,0.0,0.0,0.0
cic2018,2,43,full_test,global,web_attacks,127,118,878,9,0.11847389558232932,0.9291338582677166,0.21015138023152272,0,0,0.11847389558232932,0.9291338582677166,0.21015138023152272,0.0,0.0,0.0
cic2018,2,43,full_test,expert1,benign,2652203,2651864,14312,339,0.9946320122902614,0.9998721817296791,0.9972452132501275,8027,27,0.996130564621078,0.996855821368123,0.9964930610324976,-0.0014985523308165272,0.0030163603615560586,0.00075215221762992
cic2018,2,43,full_test,expert1,bot,41542,41417,13,125,0.9996862177166305,0.9969909970632131,0.9983367883141301,0,1,0.9999034329583313,0.9970150690867075,0.998457162142616,-0.00021721524170081885,-2.4072023494303707e-05,-0.00012037382848595346
cic2018,2,43,full_test,expert1,brute_force,37696,37676,0,20,1.0,0.9994694397283531,0.9997346494719525,0,0,1.0,0.9994694397283531,0.9997346494719525,0.0,0.0,0.0
cic2018,2,43,full_test,expert1,ddos,262680,256795,4,5885,0.9999844236153568,0.9775963149078727,0.9886636418411524,74,1900,0.9999768005660662,0.9845477386934673,0.9922022915479746,7.623049290583772e-06,-0.006951423785594657,-0.003538649706822161
cic2018,2,43,full_test,expert1,dos,39483,38857,2,626,0.9999485318716385,0.9841450750956108,0.9919838656148682,3,14,0.9997427851226915,0.9844236760124611,0.9920240936179987,0.00020574674894691114,-0.0002786009168502801,-4.022800313052688e-05
cic2018,2,43,full_test,expert1,infiltration,8742,1177,240,7565,0.8306280875088214,0.1346373827499428,0.23171572005118615,4,1632,0.2611731843575419,0.3208647906657515,0.2879581151832461,0.5694549031512796,-0.18622740791580872,-0.05624239513205995
cic2018,2,43,full_test,expert1,web_attacks,127,30,86,97,0.25862068965517243,0.23622047244094488,0.24691358024691357,0,88,0.11847389558232932,0.9291338582677166,0.21015138023152272,0.1401467940728431,-0.6929133858267716,0.03676220001539085
cic2018,2,43,full_test,expert2,benign,2652203,1689045,674,963158,0.999601117108821,0.6368460483605516,0.778017200677488,2363,957182,0.996130564621078,0.996855821368123,0.9964930610324976,0.0034705524877430838,-0.3600097730075714,-0.21847586035500954
cic2018,2,43,full_test,expert2,bot,41542,41422,24,120,0.9994209332625585,0.9971113571806846,0.9982648093700294,4,0,0.9999034329583313,0.9970150690867075,0.998457162142616,-0.0004824996957727423,9.62880939771038e-05,-0.00019235277258666805
cic2018,2,43,full_test,expert2,brute_force,37696,37676,0,20,1.0,0.9994694397283531,0.9997346494719525,0,0,1.0,0.9994694397283531,0.9997346494719525,0.0,0.0,0.0
cic2018,2,43,full_test,expert2,ddos,262680,261269,6,1411,0.9999770356903646,0.994628445256586,0.9972955692759874,2658,10,0.9999768005660662,0.9845477386934673,0.9922022915479746,2.3512429836447524e-07,0.010080706563118658,0.005093277728012824
cic2018,2,43,full_test,expert2,dos,39483,39213,89,270,0.9977354841992774,0.9931616138591293,0.9954432950434727,345,0,0.9997427851226915,0.9844236760124611,0.9920240936179987,-0.002007300923414168,0.008737937846668209,0.0034192014254740277
cic2018,2,43,full_test,expert2,infiltration,8742,8213,962353,529,0.008462072646270321,0.9394875314573324,0.016773068329881916,5416,8,0.2611731843575419,0.3208647906657515,0.2879581151832461,-0.2527111117112716,0.618622740791581,-0.2711850468533642
cic2018,2,43,full_test,expert2,web_attacks,127,67,2422,60,0.02691844114102049,0.5275590551181102,0.05122324159021407,1,52,0.11847389558232932,0.9291338582677166,0.21015138023152272,-0.09155545444130883,-0.40157480314960636,-0.15892813864130864
toniot,2,43,cal_select,global,backdoor,4292,4284,2,8,0.9995333644423705,0.9981360671015843,0.9988342270925624,0,0,0.9995333644423705,0.9981360671015843,0.9988342270925624,0.0,0.0,0.0
toniot,2,43,cal_select,global,benign,604,604,9266,0,0.06119554204660588,1.0,0.11533320603398893,0,0,0.06119554204660588,1.0,0.11533320603398893,0.0,0.0,0.0
toniot,2,43,cal_select,global,ddos,19884,19806,73,78,0.9963277830876804,0.9960772480386241,0.9962024998113824,0,0,0.9963277830876804,0.9960772480386241,0.9962024998113824,0.0,0.0,0.0
toniot,2,43,cal_select,global,dos,2918,2737,7,181,0.9974489795918368,0.9379712131596984,0.9667961850936065,0,0,0.9974489795918368,0.9379712131596984,0.9667961850936065,0.0,0.0,0.0
toniot,2,43,cal_select,global,injection,29575,27800,220,1775,0.9921484653818701,0.9399830938292477,0.9653615765257401,0,0,0.9921484653818701,0.9399830938292477,0.9653615765257401,0.0,0.0,0.0
toniot,2,43,cal_select,global,mitm,420,383,153,37,0.7145522388059702,0.9119047619047619,0.801255230125523,0,0,0.7145522388059702,0.9119047619047619,0.801255230125523,0.0,0.0,0.0
toniot,2,43,cal_select,global,password,25153,25056,64,97,0.9974522292993631,0.9961436011608953,0.9967974857279255,0,0,0.9974522292993631,0.9961436011608953,0.9967974857279255,0.0,0.0,0.0
toniot,2,43,cal_select,global,ransomware,277,257,1,20,0.9961240310077519,0.927797833935018,0.9607476635514018,0,0,0.9961240310077519,0.927797833935018,0.9607476635514018,0.0,0.0,0.0
toniot,2,43,cal_select,global,scanning,6293,189,2,6104,0.9895287958115183,0.030033370411568408,0.058297347316471314,0,0,0.9895287958115183,0.030033370411568408,0.058297347316471314,0.0,0.0,0.0
toniot,2,43,cal_select,global,xss,34067,32502,77,1565,0.9976365143190399,0.9540611148618898,0.975362362332323,0,0,0.9976365143190399,0.9540611148618898,0.975362362332323,0.0,0.0,0.0
toniot,2,43,cal_select,expert1,backdoor,4292,4288,1,4,0.9997668454185125,0.9990680335507922,0.9994173173289826,4,0,0.9995333644423705,0.9981360671015843,0.9988342270925624,0.00023348097614195318,0.0009319664492078994,0.0005830902364202251
toniot,2,43,cal_select,expert1,benign,604,600,1567,4,0.2768804799261652,0.9933774834437086,0.43305665824612055,0,4,0.06119554204660588,1.0,0.11533320603398893,0.21568493787955934,-0.0066225165562914245,0.3177234522121316
toniot,2,43,cal_select,expert1,ddos,19884,19848,91,36,0.9954360800441346,0.9981894990947495,0.9968108881801974,49,7,0.9963277830876804,0.9960772480386241,0.9962024998113824,-0.0008917030435457995,0.002112251056125447,0.0006083883688149383
toniot,2,43,cal_select,expert1,dos,2918,2640,35,278,0.9869158878504672,0.9047292666209733,0.9440371893438226,9,106,0.9974489795918368,0.9379712131596984,0.9667961850936065,-0.010533091741369516,-0.03324194653872514,-0.022758995749783906
toniot,2,43,cal_select,expert1,injection,29575,28165,71,1410,0.9974854795296785,0.9523245984784446,0.974382038020446,535,170,0.9921484653818701,0.9399830938292477,0.9653615765257401,0.0053370141478084054,0.012341504649196922,0.009020461494705923
toniot,2,43,cal_select,expert1,mitm,420,409,1621,11,0.20147783251231527,0.9738095238095238,0.33387755102040817,26,0,0.7145522388059702,0.9119047619047619,0.801255230125523,-0.513074406293655,0.06190476190476191,-0.46737767910511485
toniot,2,43,cal_select,expert1,password,25153,25078,32,75,0.9987256073277578,0.9970182483202799,0.997871197501144,33,11,0.9974522292993631,0.9961436011608953,0.9967974857279255,0.0012733780283947782,0.0008746471593845673,0.0010737117732184664
toniot,2,43,cal_select,expert1,ransomware,277,252,13,25,0.9509433962264151,0.9097472924187726,0.9298892988929889,1,6,0.9961240310077519,0.927797833935018,0.9607476635514018,-0.045180634781336826,-0.01805054151624541,-0.030858364658412962
toniot,2,43,cal_select,expert1,scanning,6293,5124,35,1169,0.9932157394843962,0.814238042269188,0.8948655256723717,4935,0,0.9895287958115183,0.030033370411568408,0.058297347316471314,0.003686943672877918,0.7842046718576196,0.8365681783559004
toniot,2,43,cal_select,expert1,xss,34067,33064,549,1003,0.9836670335881951,0.970558018023307,0.9770685579196218,1014,452,0.9976365143190399,0.9540611148618898,0.975362362332323,-0.013969480730844808,0.016496903161417165,0.0017061955872987866
toniot,2,43,cal_select,expert2,backdoor,4292,4292,5,0,0.9988363974866186,1.0,0.9994178600535569,8,0,0.9995333644423705,0.9981360671015843,0.9988342270925624,-0.0006969669557519431,0.0018639328984156878,0.0005836329609945068
toniot,2,43,cal_select,expert2,benign,604,556,293,48,0.6548881036513545,0.9205298013245033,0.7653131452167928,0,48,0.06119554204660588,1.0,0.11533320603398893,0.5936925616047486,-0.07947019867549665,0.649979939182804
toniot,2,43,cal_select,expert2,ddos,19884,19832,86,52,0.9956822974194196,0.9973848320257493,0.996532837545852,39,13,0.9963277830876804,0.9960772480386241,0.9962024998113824,-0.0006454856682608368,0.0013075839871252715,0.0003303377344695546
toniot,2,43,cal_select,expert2,dos,2918,2879,1066,39,0.7297845373891001,0.9866346812885538,0.8389916945942008,142,0,0.9974489795918368,0.9379712131596984,0.9667961850936065,-0.26766444220273666,0.04866346812885536,-0.1278044904994058
toniot,2,43,cal_select,expert2,injection,29575,29352,915,223,0.9697690554068787,0.9924598478444633,0.9809832559072224,1655,103,0.9921484653818701,0.9399830938292477,0.9653615765257401,-0.022379409974991327,0.052476754015215565,0.01562167938148229
toniot,2,43,cal_select,expert2,mitm,420,408,121,12,0.7712665406427222,0.9714285714285714,0.8598524762908325,25,0,0.7145522388059702,0.9119047619047619,0.801255230125523,0.05671430183675197,0.059523809523809534,0.05859724616530948
toniot,2,43,cal_select,expert2,password,25153,24918,81,235,0.9967598703948158,0.9906571780702104,0.9936991545701068,12,150,0.9974522292993631,0.9961436011608953,0.9967974857279255,-0.0006923589045472189,-0.005486423090684922,-0.0030983311578186568
toniot,2,43,cal_select,expert2,ransomware,277,276,3,1,0.989247311827957,0.9963898916967509,0.9928057553956835,19,0,0.9961240310077519,0.927797833935018,0.9607476635514018,-0.006876719179794932,0.06859205776173283,0.032058091844281655
toniot,2,43,cal_select,expert2,scanning,6293,6014,57,279,0.9906111019601384,0.9556650246305419,0.9728243286962148,5825,0,0.9895287958115183,0.030033370411568408,0.058297347316471314,0.001082306148620038,0.9256316542189735,0.9145269813797435
toniot,2,43,cal_select,expert2,xss,34067,32257,72,1810,0.9977728973986204,0.9468694044089588,0.9716549189710223,473,718,0.9976365143190399,0.9540611148618898,0.975362362332323,0.00013638307958052653,-0.007191710452930988,-0.0037074433613006885
toniot,2,43,cal_confirm,global,backdoor,1630,1624,0,6,1.0,0.996319018404908,0.9981561155500922,0,0,1.0,0.996319018404908,0.9981561155500922,0.0,0.0,0.0
toniot,2,43,cal_confirm,global,benign,234,234,4241,0,0.05229050279329609,1.0,0.0993841579953281,0,0,0.05229050279329609,1.0,0.0993841579953281,0.0,0.0,0.0
toniot,2,43,cal_confirm,global,ddos,8270,8226,33,44,0.9960043588812205,0.9946795646916566,0.9953415209631556,0,0,0.9960043588812205,0.9946795646916566,0.9953415209631556,0.0,0.0,0.0
toniot,2,43,cal_confirm,global,dos,1074,1021,2,53,0.9980449657869013,0.9506517690875232,0.9737720553171197,0,0,0.9980449657869013,0.9506517690875232,0.9737720553171197,0.0,0.0,0.0
toniot,2,43,cal_confirm,global,injection,12617,11319,132,1298,0.9884726224783862,0.8971229293809939,0.9405850091407678,0,0,0.9884726224783862,0.8971229293809939,0.9405850091407678,0.0,0.0,0.0
toniot,2,43,cal_confirm,global,mitm,180,117,48,63,0.7090909090909091,0.65,0.6782608695652174,0,0,0.7090909090909091,0.65,0.6782608695652174,0.0,0.0,0.0
toniot,2,43,cal_confirm,global,password,10226,10180,33,46,0.9967688240477822,0.9955016624291023,0.9961348402563727,0,0,0.9967688240477822,0.9955016624291023,0.9961348402563727,0.0,0.0,0.0
toniot,2,43,cal_confirm,global,ransomware,119,117,0,2,1.0,0.9831932773109243,0.9915254237288136,0,0,1.0,0.9831932773109243,0.9915254237288136,0.0,0.0,0.0
toniot,2,43,cal_confirm,global,scanning,2566,53,2,2513,0.9636363636363636,0.020654715510522212,0.04044257916825639,0,0,0.9636363636363636,0.020654715510522212,0.04044257916825639,0.0,0.0,0.0
toniot,2,43,cal_confirm,global,xss,14562,13917,179,645,0.9873013620885358,0.9557066337041615,0.9712471212226952,0,0,0.9873013620885358,0.9557066337041615,0.9712471212226952,0.0,0.0,0.0
toniot,2,43,cal_confirm,expert1,backdoor,1630,1630,1,0,0.9993868792152054,1.0,0.9996933455995094,6,0,1.0,0.996319018404908,0.9981561155500922,-0.0006131207847945852,0.0036809815950920033,0.001537230049417193
toniot,2,43,cal_confirm,expert1,benign,234,233,1882,1,0.11016548463356975,0.9957264957264957,0.19838229033631333,0,1,0.05229050279329609,1.0,0.0993841579953281,0.057874981840273655,-0.004273504273504258,0.09899813234098523
toniot,2,43,cal_confirm,expert1,ddos,8270,8258,39,12,0.9952995058454863,0.9985489721886336,0.9969215911148669,32,0,0.9960043588812205,0.9946795646916566,0.9953415209631556,-0.0007048530357341987,0.003869407496976951,0.0015800701517112437
toniot,2,43,cal_confirm,expert1,dos,1074,986,32,88,0.9685658153241651,0.9180633147113594,0.9426386233269598,0,35,0.9980449657869013,0.9506517690875232,0.9737720553171197,-0.029479150462736192,-0.03258845437616387,-0.031133431990159943
toniot,2,43,cal_confirm,expert1,injection,12617,11550,98,1067,0.9915865384615384,0.9154315605928509,0.9519884607459304,348,117,0.9884726224783862,0.8971229293809939,0.9405850091407678,0.003113915983152249,0.018308631211856996,0.01140345160516254
toniot,2,43,cal_confirm,expert1,mitm,180,172,462,8,0.27129337539432175,0.9555555555555556,0.4226044226044226,56,1,0.7090909090909091,0.65,0.6782608695652174,-0.43779753369658736,0.3055555555555556,-0.25565644696079476
toniot,2,43,cal_confirm,expert1,password,10226,10188,24,38,0.9976498237367802,0.9962839820066497,0.9969664350719248,20,12,0.9967688240477822,0.9955016624291023,0.9961348402563727,0.0008809996889980187,0.0007823195775473746,0.0008315948155521724
toniot,2,43,cal_confirm,expert1,ransomware,119,115,58,4,0.6647398843930635,0.9663865546218487,0.7876712328767124,1,3,1.0,0.9831932773109243,0.9915254237288136,-0.33526011560693647,-0.01680672268907557,-0.2038541908521012
toniot,2,43,cal_confirm,expert1,scanning,2566,1243,53,1323,0.9591049382716049,0.4844115354637568,0.6437079233557742,1194,4,0.9636363636363636,0.020654715510522212,0.04044257916825639,-0.004531425364758701,0.4637568199532346,0.6032653441875178
toniot,2,43,cal_confirm,expert1,xss,14562,14194,260,368,0.982011899820119,0.9747287460513666,0.9783567686793493,467,190,0.9873013620885358,0.9557066337041615,0.9712471212226952,-0.005289462268416756,0.019022112347205078,0.0071096474566541
toniot,2,43,cal_confirm,expert2,backdoor,1630,1628,1,2,0.9993861264579497,0.9987730061349693,0.9990794722307457,4,0,1.0,0.996319018404908,0.9981561155500922,-0.0006138735420503361,0.0024539877300613355,0.0009233566806534643
toniot,2,43,cal_confirm,expert2,benign,234,218,334,16,0.39492753623188404,0.9316239316239316,0.55470737913486,0,16,0.05229050279329609,1.0,0.0993841579953281,0.3426370334385879,-0.06837606837606836,0.45532322113953194
toniot,2,43,cal_confirm,expert2,ddos,8270,8247,40,23,0.995173162785085,0.9972188633615477,0.9961949628555897,24,3,0.9960043588812205,0.9946795646916566,0.9953415209631556,-0.000831196096135467,0.00253929866989111,0.0008534418924340814
toniot,2,43,cal_confirm,expert2,dos,1074,1063,466,11,0.6952256376716809,0.9897579143389199,0.8167499039569728,42,0,0.9980449657869013,0.9506517690875232,0.9737720553171197,-0.3028193281152204,0.03910614525139666,-0.15702215136014697
toniot,2,43,cal_confirm,expert2,injection,12617,11948,478,669,0.9615322710445839,0.9469763018150115,0.9541987781016651,673,44,0.9884726224783862,0.8971229293809939,0.9405850091407678,-0.026940351433802245,0.04985337243401755,0.013613768960897277
toniot,2,43,cal_confirm,expert2,mitm,180,161,80,19,0.6680497925311203,0.8944444444444445,0.7648456057007126,54,10,0.7090909090909091,0.65,0.6782608695652174,-0.041041116559788815,0.24444444444444446,0.08658473613549522
toniot,2,43,cal_confirm,expert2,password,10226,10122,45,104,0.9955739156093243,0.9898298454918835,0.9926935713234933,11,69,0.9967688240477822,0.9955016624291023,0.9961348402563727,-0.0011949084384579312,-0.005671816937218854,-0.0034412689328793267
toniot,2,43,cal_confirm,expert2,ransomware,119,117,2,2,0.9831932773109243,0.9831932773109243,0.9831932773109243,0,0,1.0,0.9831932773109243,0.9915254237288136,-0.01680672268907568,0.0,-0.008332146417889263
toniot,2,43,cal_confirm,expert2,scanning,2566,2248,492,318,0.8204379562043795,0.8760717069368668,0.8473426309837919,2198,3,0.9636363636363636,0.020654715510522212,0.04044257916825639,-0.1431984074319841,0.8554169914263445,0.8069000518155356
toniot,2,43,cal_confirm,expert2,xss,14562,13735,53,827,0.996156077748767,0.9432083505013048,0.9689594356261023,169,351,0.9873013620885358,0.9557066337041615,0.9712471212226952,0.008854715660231216,-0.01249828320285673,-0.00228768559659287
toniot,2,43,full_test,global,backdoor,40030,40012,62,18,0.9984528622049209,0.9995503372470647,0.9990012983121942,0,0,0.9984528622049209,0.9995503372470647,0.9990012983121942,0.0,0.0,0.0
toniot,2,43,full_test,global,benign,1474302,1286700,30931,187602,0.9765252942591667,0.8727519870420036,0.9217269898668772,0,0,0.9765252942591667,0.8727519870420036,0.9217269898668772,0.0,0.0,0.0
toniot,2,43,full_test,global,ddos,103338,100371,1050,2967,0.9896471145029136,0.9712883934273936,0.980381814718767,0,0,0.9896471145029136,0.9712883934273936,0.980381814718767,0.0,0.0,0.0
toniot,2,43,full_test,global,dos,22458,22088,666,370,0.9707304210248747,0.9835248018523466,0.9770857294523578,0,0,0.9707304210248747,0.9835248018523466,0.9770857294523578,0.0,0.0,0.0
toniot,2,43,full_test,global,injection,68891,65741,11015,3150,0.8564933034551044,0.95427559478016,0.9027443064395422,0,0,0.8564933034551044,0.95427559478016,0.9027443064395422,0.0,0.0,0.0
toniot,2,43,full_test,global,mitm,1161,1043,13580,118,0.07132599329822882,0.8983634797588286,0.132159148504815,0,0,0.07132599329822882,0.8983634797588286,0.132159148504815,0.0,0.0,0.0
toniot,2,43,full_test,global,password,210951,210294,50232,657,0.8071900693212961,0.9968855326592432,0.8920647242601442,0,0,0.8071900693212961,0.9968855326592432,0.8920647242601442,0.0,0.0,0.0
toniot,2,43,full_test,global,ransomware,709,649,9386,60,0.0646736422521176,0.9153737658674189,0.12081161578555473,0,0,0.0646736422521176,0.9153737658674189,0.12081161578555473,0.0,0.0,0.0
toniot,2,43,full_test,global,scanning,6029,122,36,5907,0.7721518987341772,0.020235528279980097,0.03943753030547923,0,0,0.7721518987341772,0.020235528279980097,0.03943753030547923,0.0,0.0,0.0
toniot,2,43,full_test,global,xss,343854,320402,107343,23452,0.749049082981683,0.931796634618181,0.8304883754385374,0,0,0.749049082981683,0.931796634618181,0.8304883754385374,0.0,0.0,0.0
toniot,2,43,full_test,expert1,backdoor,40030,40014,79,16,0.998029581223655,0.9996002997751686,0.9988143229784207,2,0,0.9984528622049209,0.9995503372470647,0.9990012983121942,-0.0004232809812658722,4.9962528103963955e-05,-0.00018697533377354247
toniot,2,43,full_test,expert1,benign,1474302,1234891,7579,239411,0.9939000539248433,0.8376106116657238,0.9090869605546582,17232,69041,0.9765252942591667,0.8727519870420036,0.9217269898668772,0.017374759665676587,-0.035141375376279815,-0.01264002931221897
toniot,2,43,full_test,expert1,ddos,103338,101231,4107,2107,0.9610112210218534,0.9796105982310477,0.9702217792175429,1527,667,0.9896471145029136,0.9712883934273936,0.980381814718767,-0.028635893481060215,0.008322204803654087,-0.010160035501224018
toniot,2,43,full_test,expert1,dos,22458,21511,1197,947,0.9472872996300863,0.9578323982545196,0.952530664659257,14,591,0.9707304210248747,0.9835248018523466,0.9770857294523578,-0.023443121394788435,-0.025692403597826985,-0.024555064793100878
toniot,2,43,full_test,expert1,injection,68891,66305,6981,2586,0.9047430614305597,0.9624624406671408,0.9327106353348291,1163,599,0.8564933034551044,0.95427559478016,0.9027443064395422,0.048249757975455276,0.00818684588698082,0.029966328895286942
toniot,2,43,full_test,expert1,mitm,1161,1124,66384,37,0.01664987853291462,0.9681309216192937,0.032736751663778416,86,5,0.07132599329822882,0.8983634797588286,0.132159148504815,-0.0546761147653142,0.06976744186046513,-0.09942239684103658
toniot,2,43,full_test,expert1,password,210951,210431,50393,520,0.8067930865257799,0.9975349725765699,0.8920820306290075,273,136,0.8071900693212961,0.9968855326592432,0.8920647242601442,-0.00039698279551625415,0.0006494399173266885,1.7306368863323485e-05
toniot,2,43,full_test,expert1,ransomware,709,648,8420,61,0.07146007940008822,0.9139633286318759,0.13255599877262964,2,3,0.0646736422521176,0.9153737658674189,0.12081161578555473,0.006786437147970628,-0.0014104372355430161,0.011744382987074906
toniot,2,43,full_test,expert1,scanning,6029,4258,1731,1771,0.710970111871765,0.7062531099684857,0.708603761025129,4140,4,0.7721518987341772,0.020235528279980097,0.03943753030547923,-0.06118178686241227,0.6860175816885056,0.6691662307196498
toniot,2,43,full_test,expert1,xss,343854,327397,117042,16457,0.7366522739903564,0.9521395708643785,0.8306479950982693,14325,7330,0.749049082981683,0.931796634618181,0.8304883754385374,-0.012396808991326669,0.02034293624619754,0.00015961965973187997
toniot,2,43,full_test,expert2,backdoor,40030,40014,233,16,0.9942107486272269,0.9996002997751686,0.9968982398445383,6,4,0.9984528622049209,0.9995503372470647,0.9990012983121942,-0.0042421135776939956,4.9962528103963955e-05,-0.002103058467655905
toniot,2,43,full_test,expert2,benign,1474302,1108755,710,365547,0.9993600519169149,0.7520541924246186,0.8582468930054451,17308,195253,0.9765252942591667,0.8727519870420036,0.9217269898668772,0.022834757657748228,-0.12069779461738506,-0.06348009686143208
toniot,2,43,full_test,expert2,ddos,103338,101614,3401,1724,0.9676141503594724,0.9833168824633727,0.9754023220208012,1495,252,0.9896471145029136,0.9712883934273936,0.980381814718767,-0.022032964143441247,0.012028489035979084,-0.004979492697965715
toniot,2,43,full_test,expert2,dos,22458,22364,15816,94,0.585751702462022,0.9958144091192448,0.7376232725353739,277,1,0.9707304210248747,0.9835248018523466,0.9770857294523578,-0.3849787185628527,0.012289607266898206,-0.23946245691698398
toniot,2,43,full_test,expert2,injection,68891,68131,153049,760,0.3080341803056334,0.9889680800104513,0.46975395678988935,2817,427,0.8564933034551044,0.95427559478016,0.9027443064395422,-0.5484591231494711,0.03469248523029134,-0.43299034964965283
toniot,2,43,full_test,expert2,mitm,1161,1136,63088,25,0.01768809167912307,0.9784668389319552,0.03474803089393592,100,7,0.07132599329822882,0.8983634797588286,0.132159148504815,-0.053637901619105754,0.08010335917312661,-0.09741111761087909
toniot,2,43,full_test,expert2,password,210951,209167,49819,1784,0.807638250716255,0.9915430597626937,0.8901916639890027,85,1212,0.8071900693212961,0.9968855326592432,0.8920647242601442,0.00044818139495883536,-0.005342472896549433,-0.0018730602711414246
toniot,2,43,full_test,expert2,ransomware,709,705,10884,4,0.06083354905513849,0.9943582510578279,0.11465278907139373,56,0,0.0646736422521176,0.9153737658674189,0.12081161578555473,-0.0038400931969791025,0.07898448519040902,-0.006158826714161
toniot,2,43,full_test,expert2,scanning,6029,5768,3863,261,0.5988993873948707,0.9567092386797147,0.7366538952745849,5648,2,0.7721518987341772,0.020235528279980097,0.03943753030547923,-0.17325251133930653,0.9364737103997346,0.6972163649691057
toniot,2,43,full_test,expert2,xss,343854,316540,96666,27314,0.766058576109737,0.9205651235698872,0.8362349087258606,7169,11031,0.749049082981683,0.931796634618181,0.8304883754385374,0.017009493128054,-0.011231511048293785,0.005746533287323219
cic2018,4,43,cal_select,global,benign,26532,26257,2746,275,0.9053201392959349,0.9896351575456053,0.9456018726928964,0,0,0.9053201392959349,0.9896351575456053,0.9456018726928964,0.0,0.0,0.0
cic2018,4,43,cal_select,global,bot,563,563,0,0,1.0,1.0,1.0,0,0,1.0,1.0,1.0,0.0,0.0,0.0
cic2018,4,43,cal_select,global,brute_force,15811,15811,0,0,1.0,1.0,1.0,0,0,1.0,1.0,1.0,0.0,0.0,0.0
cic2018,4,43,cal_select,global,ddos,25614,25599,2,15,0.9999218780516386,0.9994143827594284,0.9996680659962901,0,0,0.9999218780516386,0.9994143827594284,0.9996680659962901,0.0,0.0,0.0
cic2018,4,43,cal_select,global,dos,14475,14473,0,2,1.0,0.9998618307426598,0.9999309105983142,0,0,1.0,0.9998618307426598,0.9999309105983142,0.0,0.0,0.0
cic2018,4,43,cal_select,global,infiltration,3280,594,236,2686,0.7156626506024096,0.18109756097560975,0.28905109489051095,0,0,0.7156626506024096,0.18109756097560975,0.28905109489051095,0.0,0.0,0.0
cic2018,4,43,cal_select,global,web_attacks,75,16,53,59,0.2318840579710145,0.21333333333333335,0.2222222222222222,0,0,0.2318840579710145,0.21333333333333335,0.2222222222222222,0.0,0.0,0.0
cic2018,4,43,cal_select,expert1,benign,26532,26369,3341,163,0.8875462807135645,0.9938564751997587,0.9376978059101739,113,1,0.9053201392959349,0.9896351575456053,0.9456018726928964,-0.01777385858237046,0.004221317654153456,-0.007904066782722485
cic2018,4,43,cal_select,expert1,bot,563,563,0,0,1.0,1.0,1.0,0,0,1.0,1.0,1.0,0.0,0.0,0.0
cic2018,4,43,cal_select,expert1,brute_force,15811,15811,0,0,1.0,1.0,1.0,0,0,1.0,1.0,1.0,0.0,0.0,0.0
cic2018,4,43,cal_select,expert1,ddos,25614,25598,1,16,0.9999609359740614,0.999375341610057,0.9996680530334094,0,1,0.9999218780516386,0.9994143827594284,0.9996680659962901,3.905792242286932e-05,-3.9041149371366046e-05,-1.2962880657774178e-08
cic2018,4,43,cal_select,expert1,dos,14475,14473,0,2,1.0,0.9998618307426598,0.9999309105983142,0,0,1.0,0.9998618307426598,0.9999309105983142,0.0,0.0,0.0
cic2018,4,43,cal_select,expert1,infiltration,3280,0,130,3280,0.0,0.0,0.0,0,594,0.7156626506024096,0.18109756097560975,0.28905109489051095,-0.7156626506024096,-0.18109756097560975,-0.28905109489051095
cic2018,4,43,cal_select,expert1,web_attacks,75,16,48,59,0.25,0.21333333333333335,0.2302158273381295,0,0,0.2318840579710145,0.21333333333333335,0.2222222222222222,0.018115942028985504,0.0,0.007993605115907298
cic2018,4,43,cal_select,expert2,benign,26532,19591,874,6941,0.957292939164427,0.738391376451078,0.8337127901780965,34,6700,0.9053201392959349,0.9896351575456053,0.9456018726928964,0.051972799868492126,-0.2512437810945273,-0.1118890825147999
cic2018,4,43,cal_select,expert2,bot,563,563,5,0,0.9911971830985915,1.0,0.995579133510168,0,0,1.0,1.0,1.0,-0.008802816901408494,0.0,-0.004420866489831976
cic2018,4,43,cal_select,expert2,brute_force,15811,15811,0,0,1.0,1.0,1.0,0,0,1.0,1.0,1.0,0.0,0.0,0.0
cic2018,4,43,cal_select,expert2,ddos,25614,25614,2,0,0.9999219237976265,1.0,0.9999609603747804,15,0,0.9999218780516386,0.9994143827594284,0.9996680659962901,4.57459878866473e-08,0.0005856172405716009,0.00029289437849033817
cic2018,4,43,cal_select,expert2,dos,14475,14473,1,2,0.9999309105983142,0.9998618307426598,0.9998963694773567,0,0,1.0,0.9998618307426598,0.9999309105983142,-6.90894016858179e-05,0.0,-3.454112095746531e-05
cic2018,4,43,cal_select,expert2,infiltration,3280,2441,6841,839,0.2629821159232924,0.7442073170731708,0.3886323833784429,1855,8,0.7156626506024096,0.18109756097560975,0.28905109489051095,-0.45268053467911723,0.5631097560975611,0.09958128848793196
cic2018,4,43,cal_select,expert2,web_attacks,75,16,118,59,0.11940298507462686,0.21333333333333335,0.15311004784688995,0,0,0.2318840579710145,0.21333333333333335,0.2222222222222222,-0.11248107289638763,0.0,-0.06911217437533226
cic2018,4,43,cal_select,expert3,benign,26532,15291,211,11241,0.9863888530512191,0.5763229308005428,0.7275538849502784,1,10967,0.9053201392959349,0.9896351575456053,0.9456018726928964,0.08106871375528424,-0.4133122267450625,-0.21804798774261802
cic2018,4,43,cal_select,expert3,bot,563,563,0,0,1.0,1.0,1.0,0,0,1.0,1.0,1.0,0.0,0.0,0.0
cic2018,4,43,cal_select,expert3,brute_force,15811,15811,0,0,1.0,1.0,1.0,0,0,1.0,1.0,1.0,0.0,0.0,0.0
cic2018,4,43,cal_select,expert3,ddos,25614,25614,2,0,0.9999219237976265,1.0,0.9999609603747804,15,0,0.9999218780516386,0.9994143827594284,0.9996680659962901,4.57459878866473e-08,0.0005856172405716009,0.00029289437849033817
cic2018,4,43,cal_select,expert3,dos,14475,14473,0,2,1.0,0.9998618307426598,0.9999309105983142,0,0,1.0,0.9998618307426598,0.9999309105983142,0.0,0.0,0.0
cic2018,4,43,cal_select,expert3,infiltration,3280,3104,11138,176,0.21794691756775733,0.9463414634146341,0.35429745462846707,2510,0,0.7156626506024096,0.18109756097560975,0.28905109489051095,-0.49771573303465233,0.7652439024390243,0.06524635973795612
cic2018,4,43,cal_select,expert3,web_attacks,75,17,126,58,0.11888111888111888,0.22666666666666666,0.1559633027522936,1,0,0.2318840579710145,0.21333333333333335,0.2222222222222222,-0.11300293908989562,0.013333333333333308,-0.06625891946992862
cic2018,4,43,cal_select,expert4,benign,26532,18921,914,7611,0.9539198386690194,0.7131388511985527,0.816140789785839,49,7385,0.9053201392959349,0.9896351575456053,0.9456018726928964,0.048599699373084504,-0.2764963063470526,-0.12946108290705738
cic2018,4,43,cal_select,expert4,bot,563,563,0,0,1.0,1.0,1.0,0,0,1.0,1.0,1.0,0.0,0.0,0.0
cic2018,4,43,cal_select,expert4,brute_force,15811,15811,0,0,1.0,1.0,1.0,0,0,1.0,1.0,1.0,0.0,0.0,0.0
cic2018,4,43,cal_select,expert4,ddos,25614,25614,3,0,0.9998828902681813,1.0,0.9999414417052176,15,0,0.9999218780516386,0.9994143827594284,0.9996680659962901,-3.898778345723386e-05,0.0005856172405716009,0.0002733757089274924
cic2018,4,43,cal_select,expert4,dos,14475,14473,0,2,1.0,0.9998618307426598,0.9999309105983142,0,0,1.0,0.9998618307426598,0.9999309105983142,0.0,0.0,0.0
cic2018,4,43,cal_select,expert4,infiltration,3280,2429,7608,851,0.24200458304274186,0.7405487804878049,0.3647968761733123,1835,0,0.7156626506024096,0.18109756097560975,0.28905109489051095,-0.4736580675596678,0.5594512195121952,0.07574578128280135
cic2018,4,43,cal_select,expert4,web_attacks,75,14,0,61,1.0,0.18666666666666668,0.3146067415730337,0,2,0.2318840579710145,0.21333333333333335,0.2222222222222222,0.7681159420289855,-0.026666666666666672,0.09238451935081149
cic2018,4,43,cal_confirm,global,benign,11232,11162,1216,70,0.9017611892066569,0.9937678062678063,0.9455315544260906,0,0,0.9017611892066569,0.9937678062678063,0.9455315544260906,0.0,0.0,0.0
cic2018,4,43,cal_confirm,global,bot,173,173,0,0,1.0,1.0,1.0,0,0,1.0,1.0,1.0,0.0,0.0,0.0
cic2018,4,43,cal_confirm,global,brute_force,6774,6774,0,0,1.0,1.0,1.0,0,0,1.0,1.0,1.0,0.0,0.0,0.0
cic2018,4,43,cal_confirm,global,ddos,9736,9641,0,95,1.0,0.9902423993426458,0.9950972802807452,0,0,1.0,0.9902423993426458,0.9950972802807452,0.0,0.0,0.0
cic2018,4,43,cal_confirm,global,dos,6165,6165,1,0,0.9998378203048979,1.0,0.9999189035763523,0,0,0.9998378203048979,1.0,0.9999189035763523,0.0,0.0,0.0
cic2018,4,43,cal_confirm,global,infiltration,1396,268,56,1128,0.8271604938271605,0.19197707736389685,0.3116279069767442,0,0,0.8271604938271605,0.19197707736389685,0.3116279069767442,0.0,0.0,0.0
cic2018,4,43,cal_confirm,global,web_attacks,33,32,21,1,0.6037735849056604,0.9696969696969697,0.7441860465116279,0,0,0.6037735849056604,0.9696969696969697,0.7441860465116279,0.0,0.0,0.0
cic2018,4,43,cal_confirm,expert1,benign,11232,11208,1402,24,0.8888183980967486,0.9978632478632479,0.9401895814109554,46,0,0.9017611892066569,0.9937678062678063,0.9455315544260906,-0.01294279110990837,0.004095441595441618,-0.005341973015135171
cic2018,4,43,cal_confirm,expert1,bot,173,173,0,0,1.0,1.0,1.0,0,0,1.0,1.0,1.0,0.0,0.0,0.0
cic2018,4,43,cal_confirm,expert1,brute_force,6774,6774,0,0,1.0,1.0,1.0,0,0,1.0,1.0,1.0,0.0,0.0,0.0
cic2018,4,43,cal_confirm,expert1,ddos,9736,9641,0,95,1.0,0.9902423993426458,0.9950972802807452,2,2,1.0,0.9902423993426458,0.9950972802807452,0.0,0.0,0.0
cic2018,4,43,cal_confirm,expert1,dos,6165,6165,1,0,0.9998378203048979,1.0,0.9999189035763523,0,0,0.9998378203048979,1.0,0.9999189035763523,0.0,0.0,0.0
cic2018,4,43,cal_confirm,expert1,infiltration,1396,80,11,1316,0.8791208791208791,0.05730659025787966,0.10759919300605246,0,188,0.8271604938271605,0.19197707736389685,0.3116279069767442,0.0519603852937186,-0.1346704871060172,-0.20402871397069172
cic2018,4,43,cal_confirm,expert1,web_attacks,33,32,22,1,0.5925925925925926,0.9696969696969697,0.735632183908046,0,0,0.6037735849056604,0.9696969696969697,0.7441860465116279,-0.011180992313067795,0.0,-0.00855386260358193
cic2018,4,43,cal_confirm,expert2,benign,11232,8612,294,2620,0.9669885470469346,0.7667378917378918,0.8552984407587645,6,2556,0.9017611892066569,0.9937678062678063,0.9455315544260906,0.06522735784027767,-0.2270299145299145,-0.09023311366732611
cic2018,4,43,cal_confirm,expert2,bot,173,173,14,0,0.9251336898395722,1.0,0.9611111111111111,0,0,1.0,1.0,1.0,-0.07486631016042777,0.0,-0.03888888888888886
cic2018,4,43,cal_confirm,expert2,brute_force,6774,6774,0,0,1.0,1.0,1.0,0,0,1.0,1.0,1.0,0.0,0.0,0.0
cic2018,4,43,cal_confirm,expert2,ddos,9736,9736,0,0,1.0,1.0,1.0,95,0,1.0,0.9902423993426458,0.9950972802807452,0.0,0.009757600657354204,0.004902719719254822
cic2018,4,43,cal_confirm,expert2,dos,6165,6165,0,0,1.0,1.0,1.0,0,0,0.9998378203048979,1.0,0.9999189035763523,0.00016217969510212704,0.0,8.109642364773073e-05
cic2018,4,43,cal_confirm,expert2,infiltration,1396,1086,2578,310,0.29639737991266374,0.7779369627507163,0.42924901185770753,824,6,0.8271604938271605,0.19197707736389685,0.3116279069767442,-0.5307631139144968,0.5859598853868195,0.11762110488096333
cic2018,4,43,cal_confirm,expert2,web_attacks,33,33,44,0,0.42857142857142855,1.0,0.6,1,0,0.6037735849056604,0.9696969696969697,0.7441860465116279,-0.1752021563342318,0.030303030303030276,-0.14418604651162792
cic2018,4,43,cal_confirm,expert3,benign,11232,6468,94,4764,0.9856750990551661,0.5758547008547008,0.7269866247049567,1,4695,0.9017611892066569,0.9937678062678063,0.9455315544260906,0.08391390984850922,-0.41791310541310545,-0.21854492972113393
cic2018,4,43,cal_confirm,expert3,bot,173,173,8,0,0.9558011049723757,1.0,0.9774011299435028,0,0,1.0,1.0,1.0,-0.04419889502762431,0.0,-0.02259887005649719
cic2018,4,43,cal_confirm,expert3,brute_force,6774,6774,0,0,1.0,1.0,1.0,0,0,1.0,1.0,1.0,0.0,0.0,0.0
cic2018,4,43,cal_confirm,expert3,ddos,9736,9736,0,0,1.0,1.0,1.0,95,0,1.0,0.9902423993426458,0.9950972802807452,0.0,0.009757600657354204,0.004902719719254822
cic2018,4,43,cal_confirm,expert3,dos,6165,6165,1,0,0.9998378203048979,1.0,0.9999189035763523,0,0,0.9998378203048979,1.0,0.9999189035763523,0.0,0.0,0.0
cic2018,4,43,cal_confirm,expert3,infiltration,1396,1290,4715,106,0.21482098251457118,0.9240687679083095,0.3486015403323875,1022,0,0.8271604938271605,0.19197707736389685,0.3116279069767442,-0.6123395113125893,0.7320916905444126,0.0369736333556433
cic2018,4,43,cal_confirm,expert3,web_attacks,33,33,52,0,0.38823529411764707,1.0,0.559322033898305,1,0,0.6037735849056604,0.9696969696969697,0.7441860465116279,-0.2155382907880133,0.030303030303030276,-0.18486401261332286
cic2018,4,43,cal_confirm,expert4,benign,11232,8337,266,2895,0.9690805532953621,0.7422542735042735,0.8406352407360727,19,2844,0.9017611892066569,0.9937678062678063,0.9455315544260906,0.0673193640887052,-0.2515135327635327,-0.10489631369001795
cic2018,4,43,cal_confirm,expert4,bot,173,173,9,0,0.9505494505494505,1.0,0.9746478873239437,0,0,1.0,1.0,1.0,-0.0494505494505495,0.0,-0.025352112676056304
cic2018,4,43,cal_confirm,expert4,brute_force,6774,6774,0,0,1.0,1.0,1.0,0,0,1.0,1.0,1.0,0.0,0.0,0.0
cic2018,4,43,cal_confirm,expert4,ddos,9736,9736,0,0,1.0,1.0,1.0,95,0,1.0,0.9902423993426458,0.9950972802807452,0.0,0.009757600657354204,0.004902719719254822
cic2018,4,43,cal_confirm,expert4,dos,6165,6165,0,0,1.0,1.0,1.0,0,0,0.9998378203048979,1.0,0.9999189035763523,0.00016217969510212704,0.0,8.109642364773073e-05
cic2018,4,43,cal_confirm,expert4,infiltration,1396,1157,2886,239,0.2861736334405145,0.8287965616045845,0.4254458540172826,895,6,0.8271604938271605,0.19197707736389685,0.3116279069767442,-0.540986860386646,0.6368194842406876,0.11381794704053838
cic2018,4,43,cal_confirm,expert4,web_attacks,33,6,0,27,1.0,0.18181818181818182,0.3076923076923077,0,26,0.6037735849056604,0.9696969696969697,0.7441860465116279,0.39622641509433965,-0.7878787878787878,-0.4364937388193202
cic2018,4,43,full_test,global,benign,2652203,2643864,10270,8339,0.996130564621078,0.996855821368123,0.9964930610324976,0,0,0.996130564621078,0.996855821368123,0.9964930610324976,0.0,0.0,0.0
cic2018,4,43,full_test,global,bot,41542,41418,4,124,0.9999034329583313,0.9970150690867075,0.998457162142616,0,0,0.9999034329583313,0.9970150690867075,0.998457162142616,0.0,0.0,0.0
cic2018,4,43,full_test,global,brute_force,37696,37676,0,20,1.0,0.9994694397283531,0.9997346494719525,0,0,1.0,0.9994694397283531,0.9997346494719525,0.0,0.0,0.0
cic2018,4,43,full_test,global,ddos,262680,258621,6,4059,0.9999768005660662,0.9845477386934673,0.9922022915479746,0,0,0.9999768005660662,0.9845477386934673,0.9922022915479746,0.0,0.0,0.0
cic2018,4,43,full_test,global,dos,39483,38868,10,615,0.9997427851226915,0.9844236760124611,0.9920240936179987,0,0,0.9997427851226915,0.9844236760124611,0.9920240936179987,0.0,0.0,0.0
cic2018,4,43,full_test,global,infiltration,8742,2805,7935,5937,0.2611731843575419,0.3208647906657515,0.2879581151832461,0,0,0.2611731843575419,0.3208647906657515,0.2879581151832461,0.0,0.0,0.0
cic2018,4,43,full_test,global,web_attacks,127,118,878,9,0.11847389558232932,0.9291338582677166,0.21015138023152272,0,0,0.11847389558232932,0.9291338582677166,0.21015138023152272,0.0,0.0,0.0
cic2018,4,43,full_test,expert1,benign,2652203,2651592,12385,611,0.9953509358376592,0.9997696254773861,0.9975553875150954,7777,49,0.996130564621078,0.996855821368123,0.9964930610324976,-0.000779628783418751,0.0029138041092631184,0.001062326482597853
cic2018,4,43,full_test,expert1,bot,41542,41418,4,124,0.9999034329583313,0.9970150690867075,0.998457162142616,0,0,0.9999034329583313,0.9970150690867075,0.998457162142616,0.0,0.0,0.0
cic2018,4,43,full_test,expert1,brute_force,37696,37676,0,20,1.0,0.9994694397283531,0.9997346494719525,0,0,1.0,0.9994694397283531,0.9997346494719525,0.0,0.0,0.0
cic2018,4,43,full_test,expert1,ddos,262680,258429,4,4251,0.9999845221005057,0.9838168113293742,0.9918347843941717,103,295,0.9999768005660662,0.9845477386934673,0.9922022915479746,7.721534439508737e-06,-0.0007309273640931924,-0.0003675071538028485
cic2018,4,43,full_test,expert1,dos,39483,38869,3,614,0.9999228236262605,0.9844490033685384,0.9921255822857508,3,2,0.9997427851226915,0.9844236760124611,0.9920240936179987,0.00018003850356895779,2.532735607729819e-05,0.00010148866775205878
cic2018,4,43,full_test,expert1,infiltration,8742,1178,367,7564,0.7624595469255664,0.1347517730496454,0.22902692718965684,4,1631,0.2611731843575419,0.3208647906657515,0.2879581151832461,0.5012863625680245,-0.18611301761610613,-0.05893118799358926
cic2018,4,43,full_test,expert1,web_attacks,127,119,429,8,0.21715328467153286,0.937007874015748,0.35259259259259257,1,0,0.11847389558232932,0.9291338582677166,0.21015138023152272,0.09867938908920354,0.007874015748031482,0.14244121236106985
cic2018,4,43,full_test,expert2,benign,2652203,2143698,1800,508505,0.9991610339417701,0.8082707092933685,0.8936355141764775,2676,502842,0.996130564621078,0.996855821368123,0.9964930610324976,0.003030469320692175,-0.18858511207475448,-0.10285754685602011
cic2018,4,43,full_test,expert2,bot,41542,41422,431,120,0.9897020524215707,0.9971113571806846,0.9933928892619461,4,0,0.9999034329583313,0.9970150690867075,0.998457162142616,-0.010201380536760563,9.62880939771038e-05,-0.005064272880669907
cic2018,4,43,full_test,expert2,brute_force,37696,37676,0,20,1.0,0.9994694397283531,0.9997346494719525,0,0,1.0,0.9994694397283531,0.9997346494719525,0.0,0.0,0.0
cic2018,4,43,full_test,expert2,ddos,262680,262673,11,7,0.999958124590763,0.9999733516065175,0.9999657380406728,4058,6,0.9999768005660662,0.9845477386934673,0.9922022915479746,-1.867597530313958e-05,0.015425612913050113,0.007763446492698223
cic2018,4,43,full_test,expert2,dos,39483,38869,485,614,0.9876759668648676,0.9844490033685384,0.9860598449966387,3,2,0.9997427851226915,0.9844236760124611,0.9920240936179987,-0.012066818257823964,2.532735607729819e-05,-0.005964248621360024
cic2018,4,43,full_test,expert2,infiltration,8742,6923,505052,1819,0.013522144635968554,0.7919240448409974,0.026590259200294977,4141,23,0.2611731843575419,0.3208647906657515,0.2879581151832461,-0.24765103972157335,0.4710592541752459,-0.26136785598295115
cic2018,4,43,full_test,expert2,web_attacks,127,123,3310,4,0.035828721235071366,0.968503937007874,0.06910112359550562,5,0,0.11847389558232932,0.9291338582677166,0.21015138023152272,-0.08264517434725796,0.03937007874015741,-0.1410502566360171
cic2018,4,43,full_test,expert3,benign,2652203,1748386,581,903817,0.9996678039093934,0.6592202783874387,0.7945096417543517,511,895989,0.996130564621078,0.996855821368123,0.9964930610324976,0.003537239288315397,-0.3376355429806843,-0.2019834192781459
cic2018,4,43,full_test,expert3,bot,41542,41422,27,120,0.9993485970710995,0.9971113571806846,0.9982287235965346,4,0,0.9999034329583313,0.9970150690867075,0.998457162142616,-0.0005548358872318193,9.62880939771038e-05,-0.0002284385460814553
cic2018,4,43,full_test,expert3,brute_force,37696,37676,0,20,1.0,0.9994694397283531,0.9997346494719525,0,0,1.0,0.9994694397283531,0.9997346494719525,0.0,0.0,0.0
cic2018,4,43,full_test,expert3,ddos,262680,262655,9,25,0.9999657356927482,0.9999048271661337,0.9999352805019187,4034,0,0.9999768005660662,0.9845477386934673,0.9922022915479746,-1.1064873318034074e-05,0.01535708847266637,0.007732988953944142
cic2018,4,43,full_test,expert3,dos,39483,39208,46,275,0.9988281449024303,0.9930349770787428,0.9959231365177743,340,0,0.9997427851226915,0.9844236760124611,0.9920240936179987,-0.0009146402202612203,0.008611301066281718,0.0038990428997756066
cic2018,4,43,full_test,expert3,infiltration,8742,8169,901202,573,0.008983132296939313,0.9344543582704187,0.017795195144824222,5364,0,0.2611731843575419,0.3208647906657515,0.2879581151832461,-0.2521900520606026,0.6135895676046672,-0.2701629200384219
cic2018,4,43,full_test,expert3,web_attacks,127,124,2968,3,0.040103492884864166,0.9763779527559056,0.0770425598011805,6,0,0.11847389558232932,0.9291338582677166,0.21015138023152272,-0.07837040269746515,0.047244094488189003,-0.13310882043034222
cic2018,4,43,full_test,expert4,benign,2652203,2065110,2869,587093,0.9986126551575234,0.7786394932816229,0.8750128702664431,1320,580074,0.996130564621078,0.996855821368123,0.9964930610324976,0.002482090536445436,-0.21821632808650016,-0.12148019076605443
cic2018,4,43,full_test,expert4,bot,41542,41422,49,120,0.9988184514479999,0.9971113571806846,0.9979641742859552,4,0,0.9999034329583313,0.9970150690867075,0.998457162142616,-0.0010849815103314286,9.62880939771038e-05,-0.0004929878566608537
cic2018,4,43,full_test,expert4,brute_force,37696,37676,0,20,1.0,0.9994694397283531,0.9997346494719525,0,0,1.0,0.9994694397283531,0.9997346494719525,0.0,0.0,0.0
cic2018,4,43,full_test,expert4,ddos,262680,262592,25,88,0.9999048043348298,0.9996649916247906,0.9997848835991829,3971,0,0.9999768005660662,0.9845477386934673,0.9922022915479746,-7.19962312364375e-05,0.015117252931323266,0.00758259205120837
cic2018,4,43,full_test,expert4,dos,39483,38862,3,621,0.9999228097259746,0.9842717118759973,0.9920355337724001,3,9,0.9997427851226915,0.9844236760124611,0.9920240936179987,0.0001800246032830355,-0.00015196413646378915,1.1440154401354263e-05
cic2018,4,43,full_test,expert4,infiltration,8742,6834,587017,1908,0.01150793717616035,0.7817433081674674,0.02268197606012682,4056,27,0.2611731843575419,0.3208647906657515,0.2879581151832461,-0.24966524718138153,0.4608785175017159,-0.26527613912311926
cic2018,4,43,full_test,expert4,web_attacks,127,14,0,113,1.0,0.11023622047244094,0.19858156028368795,0,104,0.11847389558232932,0.9291338582677166,0.21015138023152272,0.8815261044176707,-0.8188976377952756,-0.011569819947834764
toniot,4,43,cal_select,global,backdoor,4292,4284,2,8,0.9995333644423705,0.9981360671015843,0.9988342270925624,0,0,0.9995333644423705,0.9981360671015843,0.9988342270925624,0.0,0.0,0.0
toniot,4,43,cal_select,global,benign,604,604,9266,0,0.06119554204660588,1.0,0.11533320603398893,0,0,0.06119554204660588,1.0,0.11533320603398893,0.0,0.0,0.0
toniot,4,43,cal_select,global,ddos,19884,19806,73,78,0.9963277830876804,0.9960772480386241,0.9962024998113824,0,0,0.9963277830876804,0.9960772480386241,0.9962024998113824,0.0,0.0,0.0
toniot,4,43,cal_select,global,dos,2918,2737,7,181,0.9974489795918368,0.9379712131596984,0.9667961850936065,0,0,0.9974489795918368,0.9379712131596984,0.9667961850936065,0.0,0.0,0.0
toniot,4,43,cal_select,global,injection,29575,27800,220,1775,0.9921484653818701,0.9399830938292477,0.9653615765257401,0,0,0.9921484653818701,0.9399830938292477,0.9653615765257401,0.0,0.0,0.0
toniot,4,43,cal_select,global,mitm,420,383,153,37,0.7145522388059702,0.9119047619047619,0.801255230125523,0,0,0.7145522388059702,0.9119047619047619,0.801255230125523,0.0,0.0,0.0
toniot,4,43,cal_select,global,password,25153,25056,64,97,0.9974522292993631,0.9961436011608953,0.9967974857279255,0,0,0.9974522292993631,0.9961436011608953,0.9967974857279255,0.0,0.0,0.0
toniot,4,43,cal_select,global,ransomware,277,257,1,20,0.9961240310077519,0.927797833935018,0.9607476635514018,0,0,0.9961240310077519,0.927797833935018,0.9607476635514018,0.0,0.0,0.0
toniot,4,43,cal_select,global,scanning,6293,189,2,6104,0.9895287958115183,0.030033370411568408,0.058297347316471314,0,0,0.9895287958115183,0.030033370411568408,0.058297347316471314,0.0,0.0,0.0
toniot,4,43,cal_select,global,xss,34067,32502,77,1565,0.9976365143190399,0.9540611148618898,0.975362362332323,0,0,0.9976365143190399,0.9540611148618898,0.975362362332323,0.0,0.0,0.0
toniot,4,43,cal_select,expert1,backdoor,4292,4292,20,0,0.9953617810760668,1.0,0.99767549976755,8,0,0.9995333644423705,0.9981360671015843,0.9988342270925624,-0.004171583366303744,0.0018639328984156878,-0.001158727325012432
toniot,4,43,cal_select,expert1,benign,604,568,503,36,0.5303454715219421,0.9403973509933775,0.6782089552238806,0,36,0.06119554204660588,1.0,0.11533320603398893,0.46914992947533624,-0.05960264900662249,0.5628757491898917
toniot,4,43,cal_select,expert1,ddos,19884,19831,265,53,0.9868132961783439,0.9973345403339369,0.9920460230115058,38,13,0.9963277830876804,0.9960772480386241,0.9962024998113824,-0.00951448690933654,0.0012572922953127952,-0.0041564767998766294
toniot,4,43,cal_select,expert1,dos,2918,2674,43,244,0.9841737210158262,0.9163810829335161,0.9490683229813665,16,79,0.9974489795918368,0.9379712131596984,0.9667961850936065,-0.013275258576010529,-0.02159013022618239,-0.01772786211224009
toniot,4,43,cal_select,expert1,injection,29575,28226,802,1349,0.9723715033760507,0.9543871513102282,0.963295394433732,510,84,0.9921484653818701,0.9399830938292477,0.9653615765257401,-0.019776962005819354,0.014404057480980503,-0.00206618209200804
toniot,4,43,cal_select,expert1,mitm,420,408,2307,12,0.15027624309392265,0.9714285714285714,0.2602870813397129,25,0,0.7145522388059702,0.9119047619047619,0.801255230125523,-0.5642759957120476,0.059523809523809534,-0.5409681487858101
toniot,4,43,cal_select,expert1,password,25153,24925,34,228,0.9986377659361353,0.9909354748936509,0.994771711366539,8,139,0.9974522292993631,0.9961436011608953,0.9967974857279255,0.001185536636772233,-0.005208126267244428,-0.002025774361386512
toniot,4,43,cal_select,expert1,ransomware,277,182,4,95,0.978494623655914,0.6570397111913358,0.7861771058315334,1,76,0.9961240310077519,0.927797833935018,0.9607476635514018,-0.017629407351837934,-0.2707581227436823,-0.1745705577198684
toniot,4,43,cal_select,expert1,scanning,6293,5913,90,380,0.9850074962518741,0.9396154457333545,0.9617761873780091,5724,0,0.9895287958115183,0.030033370411568408,0.058297347316471314,-0.0045212995596441985,0.9095820753217861,0.9034788400615378
toniot,4,43,cal_select,expert1,xss,34067,32202,194,1865,0.9940116063711569,0.9452549387970763,0.9690203571912192,217,517,0.9976365143190399,0.9540611148618898,0.975362362332323,-0.0036249079478829493,-0.008806176064813487,-0.006342005141103835
toniot,4,43,cal_select,expert2,backdoor,4292,4292,1,0,0.9997670626601444,1.0,0.999883517763541,8,0,0.9995333644423705,0.9981360671015843,0.9988342270925624,0.0002336982177738589,0.0018639328984156878,0.0010492906709785865
toniot,4,43,cal_select,expert2,benign,604,598,1237,6,0.32588555858310625,0.9900662251655629,0.4903649036490365,0,6,0.06119554204660588,1.0,0.11533320603398893,0.26469001653650037,-0.009933774834437137,0.37503169761504757
toniot,4,43,cal_select,expert2,ddos,19884,19845,124,39,0.9937903750813761,0.998038624019312,0.9959099691365769,46,7,0.9963277830876804,0.9960772480386241,0.9962024998113824,-0.002537408006304309,0.001961375980687907,-0.0002925306748055023
toniot,4,43,cal_select,expert2,dos,2918,2637,10,281,0.9962221382697394,0.9037011651816312,0.9477088948787062,8,108,0.9974489795918368,0.9379712131596984,0.9667961850936065,-0.0012268413220973828,-0.03427004797806721,-0.0190872902149003
toniot,4,43,cal_select,expert2,injection,29575,28073,41,1502,0.9985416518460554,0.9492138630600169,0.9732531331796357,447,174,0.9921484653818701,0.9399830938292477,0.9653615765257401,0.0063931864641852965,0.009230769230769154,0.007891556653895626
toniot,4,43,cal_select,expert2,mitm,420,408,947,12,0.3011070110701107,0.9714285714285714,0.4597183098591549,25,0,0.7145522388059702,0.9119047619047619,0.801255230125523,-0.4134452277358595,0.059523809523809534,-0.3415369202663681
toniot,4,43,cal_select,expert2,password,25153,25057,31,96,0.9987643494897959,0.9961833578499583,0.9974721840727693,32,31,0.9974522292993631,0.9961436011608953,0.9967974857279255,0.0013121201904328084,3.975668906297525e-05,0.0006746983448437938
toniot,4,43,cal_select,expert2,ransomware,277,258,14,19,0.9485294117647058,0.9314079422382672,0.9398907103825137,1,0,0.9961240310077519,0.927797833935018,0.9607476635514018,-0.04759461924304609,0.0036101083032491488,-0.020856953168888137
toniot,4,43,cal_select,expert2,scanning,6293,5161,5,1132,0.9990321331784746,0.8201175909740982,0.9007766820839515,4972,0,0.9895287958115183,0.030033370411568408,0.058297347316471314,0.0095033373669563,0.7900842205625298,0.8424793347674802
toniot,4,43,cal_select,expert2,xss,34067,33987,757,80,0.9782120653925858,0.9976516863827164,0.9878362471116536,1487,2,0.9976365143190399,0.9540611148618898,0.975362362332323,-0.01942444892645412,0.04359057152082657,0.012473884779330646
toniot,4,43,cal_select,expert3,backdoor,4292,4292,3,0,0.99930151338766,1.0,0.9996506346803308,8,0,0.9995333644423705,0.9981360671015843,0.9988342270925624,-0.00023185105471046352,0.0018639328984156878,0.000816407587768353
toniot,4,43,cal_select,expert3,benign,604,541,1107,63,0.3282766990291262,0.8956953642384106,0.48046181172291297,0,63,0.06119554204660588,1.0,0.11533320603398893,0.26708115698252033,-0.10430463576158944,0.365128605688924
toniot,4,43,cal_select,expert3,ddos,19884,19824,82,60,0.9958806390033156,0.9969824984912492,0.9964312641367178,37,19,0.9963277830876804,0.9960772480386241,0.9962024998113824,-0.00044714408436485886,0.0009052504526251282,0.00022876432533536217
toniot,4,43,cal_select,expert3,dos,2918,2893,1201,25,0.7066438690766976,0.9914324880054832,0.825156873930405,156,0,0.9974489795918368,0.9379712131596984,0.9667961850936065,-0.29080511051513913,0.05346127484578478,-0.1416393111632015
toniot,4,43,cal_select,expert3,injection,29575,29443,1275,132,0.9584933914968422,0.9955367709213863,0.9766639576733618,1680,37,0.9921484653818701,0.9399830938292477,0.9653615765257401,-0.033655073885027864,0.05555367709213854,0.01130238114762172
toniot,4,43,cal_select,expert3,mitm,420,409,91,11,0.818,0.9738095238095238,0.8891304347826087,26,0,0.7145522388059702,0.9119047619047619,0.801255230125523,0.10344776119402976,0.06190476190476191,0.08787520465708565
toniot,4,43,cal_select,expert3,password,25153,24924,23,229,0.9990780454563675,0.9908957182045879,0.9949700598802396,14,146,0.9974522292993631,0.9961436011608953,0.9967974857279255,0.0016258161570044116,-0.005247882956307404,-0.001827425847685915
toniot,4,43,cal_select,expert3,ransomware,277,262,8,15,0.9703703703703703,0.9458483754512635,0.9579524680073126,5,0,0.9961240310077519,0.927797833935018,0.9607476635514018,-0.025753660637381603,0.018050541516245522,-0.002795195544089246
toniot,4,43,cal_select,expert3,scanning,6293,5157,11,1136,0.9978715170278638,0.8194819640870808,0.8999214728208708,4968,0,0.9895287958115183,0.030033370411568408,0.058297347316471314,0.008342721216345494,0.7894485936755125,0.8416241255043995
toniot,4,43,cal_select,expert3,xss,34067,31892,45,2175,0.9985909759839684,0.9361552235301025,0.9663656748075874,502,1112,0.9976365143190399,0.9540611148618898,0.975362362332323,0.0009544616649285187,-0.017905891331787327,-0.008996687524735592
toniot,4,43,cal_select,expert4,backdoor,4292,4290,20,2,0.9953596287703016,0.9995340167753961,0.9974424552429667,6,0,0.9995333644423705,0.9981360671015843,0.9988342270925624,-0.004173735672068912,0.0013979496738117936,-0.0013917718495957132
toniot,4,43,cal_select,expert4,benign,604,549,2139,55,0.20424107142857142,0.9089403973509934,0.3335358444714459,0,55,0.06119554204660588,1.0,0.11533320603398893,0.14304552938196555,-0.09105960264900659,0.21820263843745696
toniot,4,43,cal_select,expert4,ddos,19884,19850,226,34,0.9887427774457063,0.9982900824783746,0.9934934934934935,47,3,0.9963277830876804,0.9960772480386241,0.9962024998113824,-0.007585005641974174,0.0022128344397505106,-0.002709006317888951
toniot,4,43,cal_select,expert4,dos,2918,2758,26,160,0.9906609195402298,0.9451679232350926,0.9673798667134339,22,1,0.9974489795918368,0.9379712131596984,0.9667961850936065,-0.006788060051606926,0.0071967100753941304,0.0005836816198273587
toniot,4,43,cal_select,expert4,injection,29575,28224,341,1351,0.9880623140206547,0.954319526627219,0.9708978328173374,510,86,0.9921484653818701,0.9399830938292477,0.9653615765257401,-0.004086151361215373,0.014336432797971255,0.0055362562915973745
toniot,4,43,cal_select,expert4,mitm,420,406,1170,14,0.25761421319796957,0.9666666666666667,0.40681362725450904,24,1,0.7145522388059702,0.9119047619047619,0.801255230125523,-0.4569380256080006,0.05476190476190479,-0.394441602871014
toniot,4,43,cal_select,expert4,password,25153,25006,56,147,0.9977655414571862,0.9941557667077486,0.9959573832520163,8,58,0.9974522292993631,0.9961436011608953,0.9967974857279255,0.00031331215782315347,-0.001987834453146653,-0.0008401024759091547
toniot,4,43,cal_select,expert4,ransomware,277,277,2,0,0.992831541218638,1.0,0.9964028776978417,20,0,0.9961240310077519,0.927797833935018,0.9607476635514018,-0.003292489789113895,0.07220216606498198,0.035655214146439906
toniot,4,43,cal_select,expert4,scanning,6293,4650,111,1643,0.9766855702583491,0.7389162561576355,0.8413244074543151,4461,0,0.9895287958115183,0.030033370411568408,0.058297347316471314,-0.01284322555316919,0.7088828857460671,0.7830270601378438
toniot,4,43,cal_select,expert4,xss,34067,33160,222,907,0.9933497094242406,0.9733759943640473,0.983261427152367,701,43,0.9976365143190399,0.9540611148618898,0.975362362332323,-0.004286804894799268,0.01931487950215749,0.007899064820043988
toniot,4,43,cal_confirm,global,backdoor,1630,1624,0,6,1.0,0.996319018404908,0.9981561155500922,0,0,1.0,0.996319018404908,0.9981561155500922,0.0,0.0,0.0
toniot,4,43,cal_confirm,global,benign,234,234,4241,0,0.05229050279329609,1.0,0.0993841579953281,0,0,0.05229050279329609,1.0,0.0993841579953281,0.0,0.0,0.0
toniot,4,43,cal_confirm,global,ddos,8270,8226,33,44,0.9960043588812205,0.9946795646916566,0.9953415209631556,0,0,0.9960043588812205,0.9946795646916566,0.9953415209631556,0.0,0.0,0.0
toniot,4,43,cal_confirm,global,dos,1074,1021,2,53,0.9980449657869013,0.9506517690875232,0.9737720553171197,0,0,0.9980449657869013,0.9506517690875232,0.9737720553171197,0.0,0.0,0.0
toniot,4,43,cal_confirm,global,injection,12617,11319,132,1298,0.9884726224783862,0.8971229293809939,0.9405850091407678,0,0,0.9884726224783862,0.8971229293809939,0.9405850091407678,0.0,0.0,0.0
toniot,4,43,cal_confirm,global,mitm,180,117,48,63,0.7090909090909091,0.65,0.6782608695652174,0,0,0.7090909090909091,0.65,0.6782608695652174,0.0,0.0,0.0
toniot,4,43,cal_confirm,global,password,10226,10180,33,46,0.9967688240477822,0.9955016624291023,0.9961348402563727,0,0,0.9967688240477822,0.9955016624291023,0.9961348402563727,0.0,0.0,0.0
toniot,4,43,cal_confirm,global,ransomware,119,117,0,2,1.0,0.9831932773109243,0.9915254237288136,0,0,1.0,0.9831932773109243,0.9915254237288136,0.0,0.0,0.0
toniot,4,43,cal_confirm,global,scanning,2566,53,2,2513,0.9636363636363636,0.020654715510522212,0.04044257916825639,0,0,0.9636363636363636,0.020654715510522212,0.04044257916825639,0.0,0.0,0.0
toniot,4,43,cal_confirm,global,xss,14562,13917,179,645,0.9873013620885358,0.9557066337041615,0.9712471212226952,0,0,0.9873013620885358,0.9557066337041615,0.9712471212226952,0.0,0.0,0.0
toniot,4,43,cal_confirm,expert1,backdoor,1630,1630,2,0,0.9987745098039216,1.0,0.9993868792152054,6,0,1.0,0.996319018404908,0.9981561155500922,-0.001225490196078427,0.0036809815950920033,0.0012307636651132103
toniot,4,43,cal_confirm,expert1,benign,234,221,653,13,0.2528604118993135,0.9444444444444444,0.3989169675090253,0,13,0.05229050279329609,1.0,0.0993841579953281,0.20056990910601744,-0.05555555555555558,0.2995328095136972
toniot,4,43,cal_confirm,expert1,ddos,8270,8230,83,40,0.9900156381571034,0.9951632406287787,0.9925827654827233,10,6,0.9960043588812205,0.9946795646916566,0.9953415209631556,-0.005988720724117158,0.00048367593712206336,-0.002758755480432362
toniot,4,43,cal_confirm,expert1,dos,1074,1000,24,74,0.9765625,0.931098696461825,0.9532888465204957,4,25,0.9980449657869013,0.9506517690875232,0.9737720553171197,-0.021482465786901273,-0.019553072625698276,-0.02048320879662402
toniot,4,43,cal_confirm,expert1,injection,12617,11470,511,1147,0.9573491361322093,0.9090909090909091,0.9325961460281323,215,64,0.9884726224783862,0.8971229293809939,0.9405850091407678,-0.0311234863461769,0.011967979709915144,-0.00798886311263547
toniot,4,43,cal_confirm,expert1,mitm,180,170,915,10,0.15668202764976957,0.9444444444444444,0.26877470355731226,54,1,0.7090909090909091,0.65,0.6782608695652174,-0.5524088814411395,0.2944444444444444,-0.4094861660079051
toniot,4,43,cal_confirm,expert1,password,10226,10120,73,106,0.9928382223094281,0.9896342655974966,0.9912336549292325,8,68,0.9967688240477822,0.9955016624291023,0.9961348402563727,-0.003930601738354134,-0.005867396831605753,-0.004901185327140123
toniot,4,43,cal_confirm,expert1,ransomware,119,118,147,1,0.44528301886792454,0.9915966386554622,0.6145833333333334,1,0,1.0,0.9831932773109243,0.9915254237288136,-0.5547169811320755,0.008403361344537896,-0.3769420903954802
toniot,4,43,cal_confirm,expert1,scanning,2566,2079,169,487,0.9248220640569395,0.8102104442712393,0.8637307852098047,2030,4,0.9636363636363636,0.020654715510522212,0.04044257916825639,-0.03881429957942417,0.7895557287607171,0.8232882060415483
toniot,4,43,cal_confirm,expert1,xss,14562,13661,202,901,0.9854288393565607,0.9381266309572861,0.9611961301671064,116,372,0.9873013620885358,0.9557066337041615,0.9712471212226952,-0.0018725227319751347,-0.017580002746875434,-0.01005099105558882
toniot,4,43,cal_confirm,expert2,backdoor,1630,1630,0,0,1.0,1.0,1.0,6,0,1.0,0.996319018404908,0.9981561155500922,0.0,0.0036809815950920033,0.0018438844499077955
toniot,4,43,cal_confirm,expert2,benign,234,230,1664,4,0.12143611404435058,0.9829059829059829,0.2161654135338346,0,4,0.05229050279329609,1.0,0.0993841579953281,0.06914561125105448,-0.017094017094017144,0.11678125553850649
toniot,4,43,cal_confirm,expert2,ddos,8270,8243,56,27,0.9932521990601277,0.9967351874244257,0.9949906451807593,19,2,0.9960043588812205,0.9946795646916566,0.9953415209631556,-0.002752159821092781,0.002055622732769047,-0.00035087578239634265
toniot,4,43,cal_confirm,expert2,dos,1074,986,12,88,0.9879759519038076,0.9180633147113594,0.9517374517374517,0,35,0.9980449657869013,0.9506517690875232,0.9737720553171197,-0.01006901388309367,-0.03258845437616387,-0.022034603579668022
toniot,4,43,cal_confirm,expert2,injection,12617,11496,20,1121,0.9982632858631469,0.9111516208290402,0.9527203414411801,267,90,0.9884726224783862,0.8971229293809939,0.9405850091407678,0.009790663384760756,0.014028691448046304,0.012135332300412305
toniot,4,43,cal_confirm,expert2,mitm,180,164,195,16,0.4568245125348189,0.9111111111111111,0.608534322820037,52,5,0.7090909090909091,0.65,0.6782608695652174,-0.2522663965560902,0.26111111111111107,-0.0697265467451803
toniot,4,43,cal_confirm,expert2,password,10226,10169,26,57,0.9974497302599313,0.9944259730099746,0.9959355565349395,18,29,0.9967688240477822,0.9955016624291023,0.9961348402563727,0.0006809062121491127,-0.0010756894191277233,-0.0001992837214331855
toniot,4,43,cal_confirm,expert2,ransomware,119,117,235,2,0.33238636363636365,0.9831932773109243,0.4968152866242038,1,1,1.0,0.9831932773109243,0.9915254237288136,-0.6676136363636364,0.0,-0.49471013710460976
toniot,4,43,cal_confirm,expert2,scanning,2566,1293,21,1273,0.9840182648401826,0.5038971161340607,0.6664948453608247,1243,3,0.9636363636363636,0.020654715510522212,0.04044257916825639,0.020381901203818997,0.4832424006235385,0.6260522661925683
toniot,4,43,cal_confirm,expert2,xss,14562,14523,398,39,0.9733261845720796,0.9973217964565307,0.9851778991283112,606,0,0.9873013620885358,0.9557066337041615,0.9712471212226952,-0.013975177516456161,0.041615162752369206,0.013930777905616032
toniot,4,43,cal_confirm,expert3,backdoor,1630,1626,1,4,0.9993853718500307,0.9975460122699387,0.9984648449493398,2,0,1.0,0.996319018404908,0.9981561155500922,-0.0006146281499692652,0.0012269938650306678,0.00030872939924764253
toniot,4,43,cal_confirm,expert3,benign,234,211,1544,23,0.12022792022792023,0.9017094017094017,0.21216691804927099,0,23,0.05229050279329609,1.0,0.0993841579953281,0.06793741743462414,-0.09829059829059827,0.11278276005394289
toniot,4,43,cal_confirm,expert3,ddos,8270,8238,32,32,0.9961305925030229,0.9961305925030229,0.9961305925030229,22,10,0.9960043588812205,0.9946795646916566,0.9953415209631556,0.00012623362180241848,0.001451027811366301,0.0007890715398672921
toniot,4,43,cal_confirm,expert3,dos,1074,1070,536,4,0.6662515566625156,0.9962756052141527,0.7985074626865671,49,0,0.9980449657869013,0.9506517690875232,0.9737720553171197,-0.3317934091243857,0.04562383612662946,-0.1752645926305526
toniot,4,43,cal_confirm,expert3,injection,12617,11920,627,697,0.9500278951143699,0.9447570737893318,0.9473851533937371,607,6,0.9884726224783862,0.8971229293809939,0.9405850091407678,-0.03844472736401627,0.04763414440833791,0.006800144252969265
toniot,4,43,cal_confirm,expert3,mitm,180,169,100,11,0.6282527881040892,0.9388888888888889,0.7527839643652561,53,1,0.7090909090909091,0.65,0.6782608695652174,-0.08083812098681986,0.28888888888888886,0.07452309480003871
toniot,4,43,cal_confirm,expert3,password,10226,10120,32,106,0.9968479117415288,0.9896342655974966,0.9932279909706546,9,69,0.9967688240477822,0.9955016624291023,0.9961348402563727,7.90876937465379e-05,-0.005867396831605753,-0.0029068492857180495
toniot,4,43,cal_confirm,expert3,ransomware,119,117,161,2,0.420863309352518,0.9831932773109243,0.5894206549118388,0,0,1.0,0.9831932773109243,0.9915254237288136,-0.579136690647482,0.0,-0.40210476881697477
toniot,4,43,cal_confirm,expert3,scanning,2566,1344,46,1222,0.9669064748201439,0.5237724084177708,0.679474216380182,1296,5,0.9636363636363636,0.020654715510522212,0.04044257916825639,0.0032701111837802888,0.5031176929072486,0.6390316372119256
toniot,4,43,cal_confirm,expert3,xss,14562,13550,34,1012,0.9974970553592462,0.930504051641258,0.9628366375328643,159,526,0.9873013620885358,0.9557066337041615,0.9712471212226952,0.010195693270710349,-0.02520258206290349,-0.008410483689830883
toniot,4,43,cal_confirm,expert4,backdoor,1630,1630,0,0,1.0,1.0,1.0,6,0,1.0,0.996319018404908,0.9981561155500922,0.0,0.0036809815950920033,0.0018438844499077955
toniot,4,43,cal_confirm,expert4,benign,234,212,1790,22,0.10589410589410589,0.905982905982906,0.18962432915921287,0,22,0.05229050279329609,1.0,0.0993841579953281,0.0536036031008098,-0.09401709401709402,0.09024017116388477
toniot,4,43,cal_confirm,expert4,ddos,8270,8238,94,32,0.9887181949111858,0.9961305925030229,0.9924105529454282,15,3,0.9960043588812205,0.9946795646916566,0.9953415209631556,-0.007286163970034676,0.001451027811366301,-0.002930968017727409
toniot,4,43,cal_confirm,expert4,dos,1074,1031,16,43,0.9847182425978988,0.9599627560521415,0.9721829325789721,10,0,0.9980449657869013,0.9506517690875232,0.9737720553171197,-0.01332672318900252,0.009310986964618295,-0.001589122738147597
toniot,4,43,cal_confirm,expert4,injection,12617,11488,202,1129,0.9827202737382378,0.910517555678846,0.9452421113259555,215,46,0.9884726224783862,0.8971229293809939,0.9405850091407678,-0.005752348740148405,0.013394626297852041,0.004657102185187667
toniot,4,43,cal_confirm,expert4,mitm,180,163,495,17,0.24772036474164133,0.9055555555555556,0.38902147971360385,50,4,0.7090909090909091,0.65,0.6782608695652174,-0.4613705443492678,0.25555555555555554,-0.2892393898516135
toniot,4,43,cal_confirm,expert4,password,10226,10160,144,66,0.9860248447204969,0.9935458634852338,0.9897710667316123,8,28,0.9967688240477822,0.9955016624291023,0.9961348402563727,-0.010743979327285325,-0.0019557989438685475,-0.006363773524760363
toniot,4,43,cal_confirm,expert4,ransomware,119,118,56,1,0.6781609195402298,0.9915966386554622,0.8054607508532423,1,0,1.0,0.9831932773109243,0.9915254237288136,-0.32183908045977017,0.008403361344537896,-0.18606467287557127
toniot,4,43,cal_confirm,expert4,scanning,2566,1145,113,1421,0.910174880763116,0.44621979734996103,0.5988493723849372,1097,5,0.9636363636363636,0.020654715510522212,0.04044257916825639,-0.05346148287324759,0.4255650818394388,0.5584067932166807
toniot,4,43,cal_confirm,expert4,xss,14562,14270,113,292,0.9921435027462977,0.9799478093668452,0.9860079461046813,362,9,0.9873013620885358,0.9557066337041615,0.9712471212226952,0.004842140657761895,0.02424117566268369,0.014760824881986156
toniot,4,43,full_test,global,backdoor,40030,40012,62,18,0.9984528622049209,0.9995503372470647,0.9990012983121942,0,0,0.9984528622049209,0.9995503372470647,0.9990012983121942,0.0,0.0,0.0
toniot,4,43,full_test,global,benign,1474302,1286700,30931,187602,0.9765252942591667,0.8727519870420036,0.9217269898668772,0,0,0.9765252942591667,0.8727519870420036,0.9217269898668772,0.0,0.0,0.0
toniot,4,43,full_test,global,ddos,103338,100371,1050,2967,0.9896471145029136,0.9712883934273936,0.980381814718767,0,0,0.9896471145029136,0.9712883934273936,0.980381814718767,0.0,0.0,0.0
toniot,4,43,full_test,global,dos,22458,22088,666,370,0.9707304210248747,0.9835248018523466,0.9770857294523578,0,0,0.9707304210248747,0.9835248018523466,0.9770857294523578,0.0,0.0,0.0
toniot,4,43,full_test,global,injection,68891,65741,11015,3150,0.8564933034551044,0.95427559478016,0.9027443064395422,0,0,0.8564933034551044,0.95427559478016,0.9027443064395422,0.0,0.0,0.0
toniot,4,43,full_test,global,mitm,1161,1043,13580,118,0.07132599329822882,0.8983634797588286,0.132159148504815,0,0,0.07132599329822882,0.8983634797588286,0.132159148504815,0.0,0.0,0.0
toniot,4,43,full_test,global,password,210951,210294,50232,657,0.8071900693212961,0.9968855326592432,0.8920647242601442,0,0,0.8071900693212961,0.9968855326592432,0.8920647242601442,0.0,0.0,0.0
toniot,4,43,full_test,global,ransomware,709,649,9386,60,0.0646736422521176,0.9153737658674189,0.12081161578555473,0,0,0.0646736422521176,0.9153737658674189,0.12081161578555473,0.0,0.0,0.0
toniot,4,43,full_test,global,scanning,6029,122,36,5907,0.7721518987341772,0.020235528279980097,0.03943753030547923,0,0,0.7721518987341772,0.020235528279980097,0.03943753030547923,0.0,0.0,0.0
toniot,4,43,full_test,global,xss,343854,320402,107343,23452,0.749049082981683,0.931796634618181,0.8304883754385374,0,0,0.749049082981683,0.931796634618181,0.8304883754385374,0.0,0.0,0.0
toniot,4,43,full_test,expert1,backdoor,40030,40010,125,20,0.9968855113990283,0.9995003747189608,0.9981912305869145,2,4,0.9984528622049209,0.9995503372470647,0.9990012983121942,-0.0015673508058926533,-4.996252810385293e-05,-0.0008100677252796951
toniot,4,43,full_test,expert1,benign,1474302,1236968,2225,237334,0.9982044766230926,0.8390194139328306,0.9117157024427905,17899,67631,0.9765252942591667,0.8727519870420036,0.9217269898668772,0.021679182363925964,-0.03373257310917299,-0.010011287424086635
toniot,4,43,full_test,expert1,ddos,103338,101739,3680,1599,0.9650916817651467,0.9845265052546014,0.9747122252187951,1480,112,0.9896471145029136,0.9712883934273936,0.980381814718767,-0.024555432737766947,0.013238111827207799,-0.005669589499971872
toniot,4,43,full_test,expert1,dos,22458,21878,1131,580,0.9508453213959754,0.9741740137144893,0.9623683110827633,30,240,0.9707304210248747,0.9835248018523466,0.9770857294523578,-0.019885099628899283,-0.00935078813785728,-0.014717418369594504
toniot,4,43,full_test,expert1,injection,68891,66199,20588,2692,0.7627755308974846,0.9609237781422827,0.8504605660401598,878,420,0.8564933034551044,0.95427559478016,0.9027443064395422,-0.09371777255761982,0.006648183362122695,-0.05228374039938233
toniot,4,43,full_test,expert1,mitm,1161,1145,69714,16,0.01615885067528472,0.9862187769164513,0.031796723132463206,105,3,0.07132599329822882,0.8983634797588286,0.132159148504815,-0.0551671426229441,0.08785529715762275,-0.1003624253723518
toniot,4,43,full_test,expert1,password,210951,209229,50095,1722,0.8068246672116735,0.9918369668785643,0.8898155334644623,68,1133,0.8071900693212961,0.9968855326592432,0.8920647242601442,-0.00036540210962265895,-0.005048565780678915,-0.0022491907956818658
toniot,4,43,full_test,expert1,ransomware,709,648,12373,61,0.049765762998233626,0.9139633286318759,0.0943918426802622,2,3,0.0646736422521176,0.9153737658674189,0.12081161578555473,-0.014907879253883968,-0.0014104372355430161,-0.026419773105292532
toniot,4,43,full_test,expert1,scanning,6029,5503,6343,526,0.46454499409083233,0.9127550174158235,0.6157202797202798,5384,3,0.7721518987341772,0.020235528279980097,0.03943753030547923,-0.3076069046433449,0.8925194891358434,0.5762827494148005
toniot,4,43,full_test,expert1,xss,343854,315881,106249,27973,0.7483026555800346,0.9186486124925114,0.8247717967999332,3053,7574,0.749049082981683,0.931796634618181,0.8304883754385374,-0.0007464274016484307,-0.013148022125669567,-0.005716578638604197
toniot,4,43,full_test,expert2,backdoor,40030,40014,58,16,0.9985526053104412,0.9996002997751686,0.9990761778732117,2,0,0.9984528622049209,0.9995503372470647,0.9990012983121942,9.974310552030019e-05,4.9962528103963955e-05,7.487956101748239e-05
toniot,4,43,full_test,expert2,benign,1474302,1231224,3938,243078,0.9968117542476209,0.8351233329399268,0.9088321527800333,17487,72963,0.9765252942591667,0.8727519870420036,0.9217269898668772,0.020286459988454242,-0.03762865410207683,-0.012894837086843913
toniot,4,43,full_test,expert2,ddos,103338,101299,1693,2039,0.983561830045052,0.9802686330294761,0.9819124703145446,1511,583,0.9896471145029136,0.9712883934273936,0.980381814718767,-0.006085284457861606,0.008980239602082496,0.0015306555957776968
toniot,4,43,full_test,expert2,dos,22458,21138,699,1320,0.9679901085313917,0.9412236174191825,0.9544192346766001,8,958,0.9707304210248747,0.9835248018523466,0.9770857294523578,-0.0027403124934830547,-0.04230118443316411,-0.022666494775757773
toniot,4,43,full_test,expert2,injection,68891,65984,6201,2907,0.9140957262589181,0.9578029060399762,0.9354390541268536,949,706,0.8564933034551044,0.95427559478016,0.9027443064395422,0.05760242280381367,0.0035273112598162015,0.0326947476873114
toniot,4,43,full_test,expert2,mitm,1161,1122,55360,39,0.019864735668000424,0.9664082687338501,0.03892927155075204,84,5,0.07132599329822882,0.8983634797588286,0.132159148504815,-0.051461257630228394,0.06804478897502153,-0.09322987695406296
toniot,4,43,full_test,expert2,password,210951,210267,50172,684,0.8073560411459113,0.9967575408507189,0.8921148093934959,267,294,0.8071900693212961,0.9968855326592432,0.8920647242601442,0.00016597182461519644,-0.00012799180852429703,5.0085133351696065e-05
toniot,4,43,full_test,expert2,ransomware,709,648,10878,61,0.05622071837584591,0.9139633286318759,0.10592562321209645,2,3,0.0646736422521176,0.9153737658674189,0.12081161578555473,-0.008452923876271681,-0.0014104372355430161,-0.014885992573458282
toniot,4,43,full_test,expert2,scanning,6029,3962,4064,2067,0.49364565163219537,0.6571570741416487,0.5637851298470296,3845,5,0.7721518987341772,0.020235528279980097,0.03943753030547923,-0.27850624710198185,0.6369215458616686,0.5243475995415503
toniot,4,43,full_test,expert2,xss,343854,342924,120078,930,0.7406533881063149,0.9972953637299552,0.8500252833219311,22539,17,0.749049082981683,0.931796634618181,0.8304883754385374,-0.008395694875368176,0.06549872911177423,0.019536907883393684
toniot,4,43,full_test,expert3,backdoor,40030,40016,223,14,0.9944581127761625,0.9996502623032726,0.9970474280232717,8,4,0.9984528622049209,0.9995503372470647,0.9990012983121942,-0.003994749428758437,9.992505620792791e-05,-0.0019538702889224657
toniot,4,43,full_test,expert3,benign,1474302,1109293,2047,365009,0.9981580794356363,0.7524191108741628,0.8580406722972477,15391,192798,0.9765252942591667,0.8727519870420036,0.9217269898668772,0.021632785176469604,-0.12033287616784083,-0.0636863175696295
toniot,4,43,full_test,expert3,ddos,103338,101491,4826,1847,0.9546074475389636,0.9821266136368035,0.9681715198778946,1519,399,0.9896471145029136,0.9712883934273936,0.980381814718767,-0.03503966696395,0.010838220209409943,-0.012210294840872327
toniot,4,43,full_test,expert3,dos,22458,22395,17829,63,0.5567571599045346,0.9971947635586428,0.7145592035991194,308,1,0.9707304210248747,0.9835248018523466,0.9770857294523578,-0.41397326112034016,0.013669961706296196,-0.26252652585323843
toniot,4,43,full_test,expert3,injection,68891,68456,160585,435,0.2988809863736187,0.993685677374403,0.45954110333901693,2919,204,0.8564933034551044,0.95427559478016,0.9027443064395422,-0.5576123170814857,0.03941008259424306,-0.44320320310052524
toniot,4,43,full_test,expert3,mitm,1161,1138,60256,23,0.018536013291201095,0.9801894918173988,0.03638398209575573,102,7,0.07132599329822882,0.8983634797588286,0.132159148504815,-0.052789980007027726,0.08182601205857021,-0.09577516640905927
toniot,4,43,full_test,expert3,password,210951,209408,49849,1543,0.8077236101628885,0.9926855051647065,0.890703688580373,94,980,0.8071900693212961,0.9968855326592432,0.8920647242601442,0.0005335408415924059,-0.004200027494536629,-0.0013610356797711942
toniot,4,43,full_test,expert3,ransomware,709,651,8490,58,0.07121759107318675,0.918194640338505,0.13218274111675127,2,0,0.0646736422521176,0.9153737658674189,0.12081161578555473,0.006543948821069151,0.0028208744710860323,0.011371125331196538
toniot,4,43,full_test,expert3,scanning,6029,4235,868,1794,0.8299039780521262,0.7024382152927517,0.7608695652173914,4117,4,0.7721518987341772,0.020235528279980097,0.03943753030547923,0.05775207931794901,0.6822026870127716,0.7214320349119121
toniot,4,43,full_test,expert3,xss,343854,314174,95493,29680,0.7669009219683304,0.9136842962420096,0.8338825328026691,8961,15189,0.749049082981683,0.931796634618181,0.8304883754385374,0.017851838986647328,-0.018112338376171322,0.0033941573641317335
toniot,4,43,full_test,expert4,backdoor,40030,40010,93,20,0.9976809714983916,0.9995003747189608,0.9985898443837121,2,4,0.9984528622049209,0.9995503372470647,0.9990012983121942,-0.0007718907065292768,-4.996252810385293e-05,-0.00041145392848207507
toniot,4,43,full_test,expert4,benign,1474302,1262615,8776,211687,0.9930973241119372,0.8564154426976291,0.9197058811746252,19389,43474,0.9765252942591667,0.8727519870420036,0.9217269898668772,0.01657202985277051,-0.016336544344374482,-0.002021108692252027
toniot,4,43,full_test,expert4,ddos,103338,101693,4448,1645,0.9580934794283076,0.9840813640674292,0.970913552193776,1524,202,0.9896471145029136,0.9712883934273936,0.980381814718767,-0.03155363507460607,0.012792970640035595,-0.009468262524991
toniot,4,43,full_test,expert4,dos,22458,22136,1110,322,0.9522498494364622,0.9856621248552854,0.968667950288815,52,4,0.9707304210248747,0.9835248018523466,0.9770857294523578,-0.018480571588412542,0.0021373230029387846,-0.008417779163542805
toniot,4,43,full_test,expert4,injection,68891,66248,16631,2643,0.7993339687978861,0.9616350466679247,0.8730052052447783,904,397,0.8564933034551044,0.95427559478016,0.9027443064395422,-0.05715933465721834,0.007359451887764656,-0.02973910119476386
toniot,4,43,full_test,expert4,mitm,1161,1138,41303,23,0.026813694305035225,0.9801894918173988,0.052199440392642536,100,5,0.07132599329822882,0.8983634797588286,0.132159148504815,-0.044512298993193596,0.08182601205857021,-0.07995970811217246
toniot,4,43,full_test,expert4,password,210951,209930,50572,1021,0.8058671334577086,0.9951600134628421,0.8905659737025748,86,450,0.8071900693212961,0.9968855326592432,0.8920647242601442,-0.0013229358635875599,-0.0017255191964010708,-0.0014987505575693172
toniot,4,43,full_test,expert4,ransomware,709,706,10696,3,0.06191896158568672,0.995768688293371,0.11658822558005119,57,0,0.0646736422521176,0.9153737658674189,0.12081161578555473,-0.0027546806664308712,0.08039492242595203,-0.004223390205503538
toniot,4,43,full_test,expert4,scanning,6029,3919,1919,2110,0.671291538198013,0.6500248797478853,0.6604870649700851,3801,4,0.7721518987341772,0.020235528279980097,0.03943753030547923,-0.1008603605361642,0.6297893514679052,0.6210495346646059
toniot,4,43,full_test,expert4,xss,343854,327817,99963,16037,0.7663214736546823,0.9533610195024632,0.8496696620418489,8123,708,0.749049082981683,0.931796634618181,0.8304883754385374,0.017272390672999238,0.02156438488428225,0.01918128660331153
cic2018,6,43,cal_select,global,benign,26532,26257,2746,275,0.9053201392959349,0.9896351575456053,0.9456018726928964,0,0,0.9053201392959349,0.9896351575456053,0.9456018726928964,0.0,0.0,0.0
cic2018,6,43,cal_select,global,bot,563,563,0,0,1.0,1.0,1.0,0,0,1.0,1.0,1.0,0.0,0.0,0.0
cic2018,6,43,cal_select,global,brute_force,15811,15811,0,0,1.0,1.0,1.0,0,0,1.0,1.0,1.0,0.0,0.0,0.0
cic2018,6,43,cal_select,global,ddos,25614,25599,2,15,0.9999218780516386,0.9994143827594284,0.9996680659962901,0,0,0.9999218780516386,0.9994143827594284,0.9996680659962901,0.0,0.0,0.0
cic2018,6,43,cal_select,global,dos,14475,14473,0,2,1.0,0.9998618307426598,0.9999309105983142,0,0,1.0,0.9998618307426598,0.9999309105983142,0.0,0.0,0.0
cic2018,6,43,cal_select,global,infiltration,3280,594,236,2686,0.7156626506024096,0.18109756097560975,0.28905109489051095,0,0,0.7156626506024096,0.18109756097560975,0.28905109489051095,0.0,0.0,0.0
cic2018,6,43,cal_select,global,web_attacks,75,16,53,59,0.2318840579710145,0.21333333333333335,0.2222222222222222,0,0,0.2318840579710145,0.21333333333333335,0.2222222222222222,0.0,0.0,0.0
cic2018,6,43,cal_select,expert1,benign,26532,18819,765,7713,0.9609375,0.7092944369063772,0.8161592505854801,9,7447,0.9053201392959349,0.9896351575456053,0.9456018726928964,0.05561736070406509,-0.2803407206392281,-0.1294426221074163
cic2018,6,43,cal_select,expert1,bot,563,563,0,0,1.0,1.0,1.0,0,0,1.0,1.0,1.0,0.0,0.0,0.0
cic2018,6,43,cal_select,expert1,brute_force,15811,15811,0,0,1.0,1.0,1.0,0,0,1.0,1.0,1.0,0.0,0.0,0.0
cic2018,6,43,cal_select,expert1,ddos,25614,25614,3,0,0.9998828902681813,1.0,0.9999414417052176,15,0,0.9999218780516386,0.9994143827594284,0.9996680659962901,-3.898778345723386e-05,0.0005856172405716009,0.0002733757089274924
cic2018,6,43,cal_select,expert1,dos,14475,14475,0,0,1.0,1.0,1.0,2,0,1.0,0.9998618307426598,0.9999309105983142,0.0,0.000138169257340226,6.90894016858179e-05
cic2018,6,43,cal_select,expert1,infiltration,3280,2547,7577,733,0.2515804030027657,0.7765243902439024,0.3800358102059087,1953,0,0.7156626506024096,0.18109756097560975,0.28905109489051095,-0.46408224759964395,0.5954268292682927,0.09098471531539776
cic2018,6,43,cal_select,expert1,web_attacks,75,17,159,58,0.09659090909090909,0.22666666666666666,0.13545816733067728,1,0,0.2318840579710145,0.21333333333333335,0.2222222222222222,-0.1352931488801054,0.013333333333333308,-0.08676405489154493
cic2018,6,43,cal_select,expert2,benign,26532,26362,3335,170,0.8876990941845978,0.9935926428463742,0.9376656173860464,112,7,0.9053201392959349,0.9896351575456053,0.9456018726928964,-0.017621045111337108,0.003957485300768893,-0.007936255306850049
cic2018,6,43,cal_select,expert2,bot,563,563,0,0,1.0,1.0,1.0,0,0,1.0,1.0,1.0,0.0,0.0,0.0
cic2018,6,43,cal_select,expert2,brute_force,15811,15811,0,0,1.0,1.0,1.0,0,0,1.0,1.0,1.0,0.0,0.0,0.0
cic2018,6,43,cal_select,expert2,ddos,25614,25604,1,10,0.9999609451279047,0.9996095885062857,0.9997852359475976,6,1,0.9999218780516386,0.9994143827594284,0.9996680659962901,3.906707626610828e-05,0.00019520574685727432,0.0001171699513075053
cic2018,6,43,cal_select,expert2,dos,14475,14473,0,2,1.0,0.9998618307426598,0.9999309105983142,0,0,1.0,0.9998618307426598,0.9999309105983142,0.0,0.0,0.0
cic2018,6,43,cal_select,expert2,infiltration,3280,0,134,3280,0.0,0.0,0.0,0,594,0.7156626506024096,0.18109756097560975,0.28905109489051095,-0.7156626506024096,-0.18109756097560975,-0.28905109489051095
cic2018,6,43,cal_select,expert2,web_attacks,75,16,51,59,0.23880597014925373,0.21333333333333335,0.22535211267605634,0,0,0.2318840579710145,0.21333333333333335,0.2222222222222222,0.006921912178239231,0.0,0.0031298904538341332
cic2018,6,43,cal_select,expert3,benign,26532,19388,886,7144,0.956298707704449,0.7307402382029248,0.8284407981882664,34,6903,0.9053201392959349,0.9896351575456053,0.9456018726928964,0.05097856840851411,-0.2588949193426805,-0.11716107450462998
cic2018,6,43,cal_select,expert3,bot,563,563,5,0,0.9911971830985915,1.0,0.995579133510168,0,0,1.0,1.0,1.0,-0.008802816901408494,0.0,-0.004420866489831976
cic2018,6,43,cal_select,expert3,brute_force,15811,15811,0,0,1.0,1.0,1.0,0,0,1.0,1.0,1.0,0.0,0.0,0.0
cic2018,6,43,cal_select,expert3,ddos,25614,25614,3,0,0.9998828902681813,1.0,0.9999414417052176,15,0,0.9999218780516386,0.9994143827594284,0.9996680659962901,-3.898778345723386e-05,0.0005856172405716009,0.0002733757089274924
cic2018,6,43,cal_select,expert3,dos,14475,14473,0,2,1.0,0.9998618307426598,0.9999309105983142,0,0,1.0,0.9998618307426598,0.9999309105983142,0.0,0.0,0.0
cic2018,6,43,cal_select,expert3,infiltration,3280,2429,7027,851,0.2568739424703892,0.7405487804878049,0.3814384422110553,1843,8,0.7156626506024096,0.18109756097560975,0.28905109489051095,-0.45878870813202044,0.5594512195121952,0.09238734732054432
cic2018,6,43,cal_select,expert3,web_attacks,75,16,135,59,0.10596026490066225,0.21333333333333335,0.1415929203539823,0,0,0.2318840579710145,0.21333333333333335,0.2222222222222222,-0.12592379307035223,0.0,-0.08062930186823991
cic2018,6,43,cal_select,expert4,benign,26532,19105,638,7427,0.9676847490249709,0.7200738730589477,0.8257158292814695,19,7171,0.9053201392959349,0.9896351575456053,0.9456018726928964,0.062364609729036014,-0.2695612844866576,-0.11988604341142695
cic2018,6,43,cal_select,expert4,bot,563,563,5,0,0.9911971830985915,1.0,0.995579133510168,0,0,1.0,1.0,1.0,-0.008802816901408494,0.0,-0.004420866489831976
cic2018,6,43,cal_select,expert4,brute_force,15811,15811,0,0,1.0,1.0,1.0,0,0,1.0,1.0,1.0,0.0,0.0,0.0
cic2018,6,43,cal_select,expert4,ddos,25614,25614,4,0,0.9998438597860879,1.0,0.9999219237976265,15,0,0.9999218780516386,0.9994143827594284,0.9996680659962901,-7.801826555065006e-05,0.0005856172405716009,0.0002538578013363546
cic2018,6,43,cal_select,expert4,dos,14475,14475,0,0,1.0,1.0,1.0,2,0,1.0,0.9998618307426598,0.9999309105983142,0.0,0.000138169257340226,6.90894016858179e-05
cic2018,6,43,cal_select,expert4,infiltration,3280,2675,7311,605,0.26787502503504906,0.8155487804878049,0.40328659731644806,2088,7,0.7156626506024096,0.18109756097560975,0.28905109489051095,-0.44778762556736057,0.6344512195121952,0.11423550242593711
cic2018,6,43,cal_select,expert4,web_attacks,75,16,133,59,0.10738255033557047,0.21333333333333335,0.14285714285714285,0,0,0.2318840579710145,0.21333333333333335,0.2222222222222222,-0.12450150763544403,0.0,-0.07936507936507936
cic2018,6,43,cal_select,expert5,benign,26532,15937,225,10595,0.9860784556366786,0.6006708879843208,0.7465686044877501,1,10321,0.9053201392959349,0.9896351575456053,0.9456018726928964,0.08075831634074371,-0.3889642695612845,-0.19903326820514633
cic2018,6,43,cal_select,expert5,bot,563,563,0,0,1.0,1.0,1.0,0,0,1.0,1.0,1.0,0.0,0.0,0.0
cic2018,6,43,cal_select,expert5,brute_force,15811,15811,0,0,1.0,1.0,1.0,0,0,1.0,1.0,1.0,0.0,0.0,0.0
cic2018,6,43,cal_select,expert5,ddos,25614,25614,2,0,0.9999219237976265,1.0,0.9999609603747804,15,0,0.9999218780516386,0.9994143827594284,0.9996680659962901,4.57459878866473e-08,0.0005856172405716009,0.00029289437849033817
cic2018,6,43,cal_select,expert5,dos,14475,14473,0,2,1.0,0.9998618307426598,0.9999309105983142,0,0,1.0,0.9998618307426598,0.9999309105983142,0.0,0.0,0.0
cic2018,6,43,cal_select,expert5,infiltration,3280,3090,10495,190,0.22745675377254324,0.9420731707317073,0.3664393714793952,2496,0,0.7156626506024096,0.18109756097560975,0.28905109489051095,-0.48820589682986637,0.7609756097560976,0.07738827658888425
cic2018,6,43,cal_select,expert5,web_attacks,75,16,124,59,0.11428571428571428,0.21333333333333335,0.14883720930232558,0,0,0.2318840579710145,0.21333333333333335,0.2222222222222222,-0.11759834368530021,0.0,-0.07338501291989663
cic2018,6,43,cal_select,expert6,benign,26532,19177,932,7355,0.9536525933661545,0.7227875772651892,0.8223237066100642,49,7129,0.9053201392959349,0.9896351575456053,0.9456018726928964,0.04833245407021958,-0.2668475802804161,-0.12327816608283226
cic2018,6,43,cal_select,expert6,bot,563,563,0,0,1.0,1.0,1.0,0,0,1.0,1.0,1.0,0.0,0.0,0.0
cic2018,6,43,cal_select,expert6,brute_force,15811,15811,0,0,1.0,1.0,1.0,0,0,1.0,1.0,1.0,0.0,0.0,0.0
cic2018,6,43,cal_select,expert6,ddos,25614,25614,3,0,0.9998828902681813,1.0,0.9999414417052176,15,0,0.9999218780516386,0.9994143827594284,0.9996680659962901,-3.898778345723386e-05,0.0005856172405716009,0.0002733757089274924
cic2018,6,43,cal_select,expert6,dos,14475,14473,0,2,1.0,0.9998618307426598,0.9999309105983142,0,0,1.0,0.9998618307426598,0.9999309105983142,0.0,0.0,0.0
cic2018,6,43,cal_select,expert6,infiltration,3280,2411,7352,869,0.24695278090750794,0.7350609756097561,0.36970022234148586,1819,2,0.7156626506024096,0.18109756097560975,0.28905109489051095,-0.4687098696949017,0.5539634146341463,0.08064912745097491
cic2018,6,43,cal_select,expert6,web_attacks,75,14,0,61,1.0,0.18666666666666668,0.3146067415730337,0,2,0.2318840579710145,0.21333333333333335,0.2222222222222222,0.7681159420289855,-0.026666666666666672,0.09238451935081149
cic2018,6,43,cal_confirm,global,benign,11232,11162,1216,70,0.9017611892066569,0.9937678062678063,0.9455315544260906,0,0,0.9017611892066569,0.9937678062678063,0.9455315544260906,0.0,0.0,0.0
cic2018,6,43,cal_confirm,global,bot,173,173,0,0,1.0,1.0,1.0,0,0,1.0,1.0,1.0,0.0,0.0,0.0
cic2018,6,43,cal_confirm,global,brute_force,6774,6774,0,0,1.0,1.0,1.0,0,0,1.0,1.0,1.0,0.0,0.0,0.0
cic2018,6,43,cal_confirm,global,ddos,9736,9641,0,95,1.0,0.9902423993426458,0.9950972802807452,0,0,1.0,0.9902423993426458,0.9950972802807452,0.0,0.0,0.0
cic2018,6,43,cal_confirm,global,dos,6165,6165,1,0,0.9998378203048979,1.0,0.9999189035763523,0,0,0.9998378203048979,1.0,0.9999189035763523,0.0,0.0,0.0
cic2018,6,43,cal_confirm,global,infiltration,1396,268,56,1128,0.8271604938271605,0.19197707736389685,0.3116279069767442,0,0,0.8271604938271605,0.19197707736389685,0.3116279069767442,0.0,0.0,0.0
cic2018,6,43,cal_confirm,global,web_attacks,33,32,21,1,0.6037735849056604,0.9696969696969697,0.7441860465116279,0,0,0.6037735849056604,0.9696969696969697,0.7441860465116279,0.0,0.0,0.0
cic2018,6,43,cal_confirm,expert1,benign,11232,8033,230,3199,0.9721650732179595,0.7151887464387464,0.8241087458322647,1,3130,0.9017611892066569,0.9937678062678063,0.9455315544260906,0.0704038840113026,-0.27857905982905984,-0.12142280859382593
cic2018,6,43,cal_confirm,expert1,bot,173,173,10,0,0.9453551912568307,1.0,0.9719101123595506,0,0,1.0,1.0,1.0,-0.05464480874316935,0.0,-0.028089887640449396
cic2018,6,43,cal_confirm,expert1,brute_force,6774,6774,0,0,1.0,1.0,1.0,0,0,1.0,1.0,1.0,0.0,0.0,0.0
cic2018,6,43,cal_confirm,expert1,ddos,9736,9736,0,0,1.0,1.0,1.0,95,0,1.0,0.9902423993426458,0.9950972802807452,0.0,0.009757600657354204,0.004902719719254822
cic2018,6,43,cal_confirm,expert1,dos,6165,6165,1,0,0.9998378203048979,1.0,0.9999189035763523,0,0,0.9998378203048979,1.0,0.9999189035763523,0.0,0.0,0.0
cic2018,6,43,cal_confirm,expert1,infiltration,1396,1144,3138,252,0.2671648762260626,0.8194842406876791,0.40295878830574144,880,4,0.8271604938271605,0.19197707736389685,0.3116279069767442,-0.5599956176010978,0.6275071633237823,0.09133088132899725
cic2018,6,43,cal_confirm,expert1,web_attacks,33,33,72,0,0.3142857142857143,1.0,0.4782608695652174,1,0,0.6037735849056604,0.9696969696969697,0.7441860465116279,-0.2894878706199461,0.030303030303030276,-0.2659251769464105
cic2018,6,43,cal_confirm,expert2,benign,11232,11199,1366,33,0.8912853163549542,0.9970619658119658,0.941211077026516,46,9,0.9017611892066569,0.9937678062678063,0.9455315544260906,-0.010475872851702706,0.0032941595441595695,-0.00432047739957464
cic2018,6,43,cal_confirm,expert2,bot,173,173,6,0,0.9664804469273743,1.0,0.9829545454545454,0,0,1.0,1.0,1.0,-0.03351955307262566,0.0,-0.017045454545454586
cic2018,6,43,cal_confirm,expert2,brute_force,6774,6774,0,0,1.0,1.0,1.0,0,0,1.0,1.0,1.0,0.0,0.0,0.0
cic2018,6,43,cal_confirm,expert2,ddos,9736,9679,0,57,1.0,0.9941454396055875,0.9970641256760236,40,2,1.0,0.9902423993426458,0.9950972802807452,0.0,0.0039030402629417482,0.0019668453952784715
cic2018,6,43,cal_confirm,expert2,dos,6165,6165,1,0,0.9998378203048979,1.0,0.9999189035763523,0,0,0.9998378203048979,1.0,0.9999189035763523,0.0,0.0,0.0
cic2018,6,43,cal_confirm,expert2,infiltration,1396,78,14,1318,0.8478260869565217,0.055873925501432664,0.10483870967741936,0,190,0.8271604938271605,0.19197707736389685,0.3116279069767442,0.020665593129361226,-0.1361031518624642,-0.20678919729932482
cic2018,6,43,cal_confirm,expert2,web_attacks,33,32,22,1,0.5925925925925926,0.9696969696969697,0.735632183908046,0,0,0.6037735849056604,0.9696969696969697,0.7441860465116279,-0.011180992313067795,0.0,-0.00855386260358193
cic2018,6,43,cal_confirm,expert3,benign,11232,8583,285,2649,0.9678619756427604,0.7641559829059829,0.8540298507462687,7,2586,0.9017611892066569,0.9937678062678063,0.9455315544260906,0.06610078643610351,-0.2296118233618234,-0.09150170367982191
cic2018,6,43,cal_confirm,expert3,bot,173,173,13,0,0.9301075268817204,1.0,0.9637883008356546,0,0,1.0,1.0,1.0,-0.06989247311827962,0.0,-0.03621169916434541
cic2018,6,43,cal_confirm,expert3,brute_force,6774,6774,0,0,1.0,1.0,1.0,0,0,1.0,1.0,1.0,0.0,0.0,0.0
cic2018,6,43,cal_confirm,expert3,ddos,9736,9736,0,0,1.0,1.0,1.0,95,0,1.0,0.9902423993426458,0.9950972802807452,0.0,0.009757600657354204,0.004902719719254822
cic2018,6,43,cal_confirm,expert3,dos,6165,6165,0,0,1.0,1.0,1.0,0,0,0.9998378203048979,1.0,0.9999189035763523,0.00016217969510212704,0.0,8.109642364773073e-05
cic2018,6,43,cal_confirm,expert3,infiltration,1396,1089,2601,307,0.2951219512195122,0.7800859598853869,0.4282343688556823,827,6,0.8271604938271605,0.19197707736389685,0.3116279069767442,-0.5320385426076484,0.58810888252149,0.11660646187893808
cic2018,6,43,cal_confirm,expert3,web_attacks,33,33,57,0,0.36666666666666664,1.0,0.5365853658536586,1,0,0.6037735849056604,0.9696969696969697,0.7441860465116279,-0.2371069182389937,0.030303030303030276,-0.20760068065796933
cic2018,6,43,cal_confirm,expert4,benign,11232,8470,268,2762,0.9693293659876402,0.7540954415954416,0.8482724086129194,11,2703,0.9017611892066569,0.9937678062678063,0.9455315544260906,0.06756817678098326,-0.23967236467236464,-0.09725914581317119
cic2018,6,43,cal_confirm,expert4,bot,173,173,8,0,0.9558011049723757,1.0,0.9774011299435028,0,0,1.0,1.0,1.0,-0.04419889502762431,0.0,-0.02259887005649719
cic2018,6,43,cal_confirm,expert4,brute_force,6774,6774,0,0,1.0,1.0,1.0,0,0,1.0,1.0,1.0,0.0,0.0,0.0
cic2018,6,43,cal_confirm,expert4,ddos,9736,9724,0,12,1.0,0.9987674609695973,0.9993833504624872,83,0,1.0,0.9902423993426458,0.9950972802807452,0.0,0.008525061626951547,0.0042860701817419855
cic2018,6,43,cal_confirm,expert4,dos,6165,6165,1,0,0.9998378203048979,1.0,0.9999189035763523,0,0,0.9998378203048979,1.0,0.9999189035763523,0.0,0.0,0.0
cic2018,6,43,cal_confirm,expert4,infiltration,1396,1110,2726,286,0.28936392075078204,0.7951289398280802,0.4243119266055046,859,17,0.8271604938271605,0.19197707736389685,0.3116279069767442,-0.5377965730763785,0.6031518624641834,0.1126840196287604
cic2018,6,43,cal_confirm,expert4,web_attacks,33,33,57,0,0.36666666666666664,1.0,0.5365853658536586,1,0,0.6037735849056604,0.9696969696969697,0.7441860465116279,-0.2371069182389937,0.030303030303030276,-0.20760068065796933
cic2018,6,43,cal_confirm,expert5,benign,11232,6886,95,4346,0.9863916344363272,0.6130698005698005,0.7561631801460496,1,4277,0.9017611892066569,0.9937678062678063,0.9455315544260906,0.08463044522967023,-0.3806980056980057,-0.18936837428004105
cic2018,6,43,cal_confirm,expert5,bot,173,173,8,0,0.9558011049723757,1.0,0.9774011299435028,0,0,1.0,1.0,1.0,-0.04419889502762431,0.0,-0.02259887005649719
cic2018,6,43,cal_confirm,expert5,brute_force,6774,6774,0,0,1.0,1.0,1.0,0,0,1.0,1.0,1.0,0.0,0.0,0.0
cic2018,6,43,cal_confirm,expert5,ddos,9736,9715,0,21,1.0,0.9978430566967954,0.9989203639915686,74,0,1.0,0.9902423993426458,0.9950972802807452,0.0,0.007600657354149609,0.003823083710823405
cic2018,6,43,cal_confirm,expert5,dos,6165,6165,1,0,0.9998378203048979,1.0,0.9999189035763523,0,0,0.9998378203048979,1.0,0.9999189035763523,0.0,0.0,0.0
cic2018,6,43,cal_confirm,expert5,infiltration,1396,1287,4314,109,0.22978039635779324,0.921919770773639,0.36787194511933685,1021,2,0.8271604938271605,0.19197707736389685,0.3116279069767442,-0.5973800974693673,0.7299426934097422,0.056244038142592656
cic2018,6,43,cal_confirm,expert5,web_attacks,33,33,58,0,0.3626373626373626,1.0,0.532258064516129,1,0,0.6037735849056604,0.9696969696969697,0.7441860465116279,-0.24113622226829773,0.030303030303030276,-0.2119279819954989
cic2018,6,43,cal_confirm,expert6,benign,11232,8455,281,2777,0.9678342490842491,0.7527599715099715,0.846854967948718,19,2726,0.9017611892066569,0.9937678062678063,0.9455315544260906,0.06607305987759216,-0.24100783475783472,-0.09867658647737265
cic2018,6,43,cal_confirm,expert6,bot,173,173,9,0,0.9505494505494505,1.0,0.9746478873239437,0,0,1.0,1.0,1.0,-0.0494505494505495,0.0,-0.025352112676056304
cic2018,6,43,cal_confirm,expert6,brute_force,6774,6774,0,0,1.0,1.0,1.0,0,0,1.0,1.0,1.0,0.0,0.0,0.0
cic2018,6,43,cal_confirm,expert6,ddos,9736,9736,0,0,1.0,1.0,1.0,95,0,1.0,0.9902423993426458,0.9950972802807452,0.0,0.009757600657354204,0.004902719719254822
cic2018,6,43,cal_confirm,expert6,dos,6165,6165,0,0,1.0,1.0,1.0,0,0,0.9998378203048979,1.0,0.9999189035763523,0.00016217969510212704,0.0,8.109642364773073e-05
cic2018,6,43,cal_confirm,expert6,infiltration,1396,1142,2768,254,0.2920716112531969,0.8180515759312321,0.4304560874481719,886,12,0.8271604938271605,0.19197707736389685,0.3116279069767442,-0.5350888825739636,0.6260744985673352,0.11882818047142768
cic2018,6,43,cal_confirm,expert6,web_attacks,33,6,0,27,1.0,0.18181818181818182,0.3076923076923077,0,26,0.6037735849056604,0.9696969696969697,0.7441860465116279,0.39622641509433965,-0.7878787878787878,-0.4364937388193202
cic2018,6,43,full_test,global,benign,2652203,2643864,10270,8339,0.996130564621078,0.996855821368123,0.9964930610324976,0,0,0.996130564621078,0.996855821368123,0.9964930610324976,0.0,0.0,0.0
cic2018,6,43,full_test,global,bot,41542,41418,4,124,0.9999034329583313,0.9970150690867075,0.998457162142616,0,0,0.9999034329583313,0.9970150690867075,0.998457162142616,0.0,0.0,0.0
cic2018,6,43,full_test,global,brute_force,37696,37676,0,20,1.0,0.9994694397283531,0.9997346494719525,0,0,1.0,0.9994694397283531,0.9997346494719525,0.0,0.0,0.0
cic2018,6,43,full_test,global,ddos,262680,258621,6,4059,0.9999768005660662,0.9845477386934673,0.9922022915479746,0,0,0.9999768005660662,0.9845477386934673,0.9922022915479746,0.0,0.0,0.0
cic2018,6,43,full_test,global,dos,39483,38868,10,615,0.9997427851226915,0.9844236760124611,0.9920240936179987,0,0,0.9997427851226915,0.9844236760124611,0.9920240936179987,0.0,0.0,0.0
cic2018,6,43,full_test,global,infiltration,8742,2805,7935,5937,0.2611731843575419,0.3208647906657515,0.2879581151832461,0,0,0.2611731843575419,0.3208647906657515,0.2879581151832461,0.0,0.0,0.0
cic2018,6,43,full_test,global,web_attacks,127,118,878,9,0.11847389558232932,0.9291338582677166,0.21015138023152272,0,0,0.11847389558232932,0.9291338582677166,0.21015138023152272,0.0,0.0,0.0
cic2018,6,43,full_test,expert1,benign,2652203,2033005,1820,619198,0.9991055741894266,0.7665344621056533,0.8675028184171292,555,611414,0.996130564621078,0.996855821368123,0.9964930610324976,0.002975009568348619,-0.23032135926246966,-0.1289902426153684
cic2018,6,43,full_test,expert1,bot,41542,41422,61,120,0.9985295181158547,0.9971113571806846,0.9978199337548931,4,0,0.9999034329583313,0.9970150690867075,0.998457162142616,-0.00137391484247662,9.62880939771038e-05,-0.0006372283877229545
cic2018,6,43,full_test,expert1,brute_force,37696,37676,0,20,1.0,0.9994694397283531,0.9997346494719525,0,0,1.0,0.9994694397283531,0.9997346494719525,0.0,0.0,0.0
cic2018,6,43,full_test,expert1,ddos,262680,262680,53,0,0.9997982742936745,1.0,0.9998991269724959,4059,0,0.9999768005660662,0.9845477386934673,0.9922022915479746,-0.00017852627239167695,0.015452261306532655,0.0076968354245213755
cic2018,6,43,full_test,expert1,dos,39483,39256,45,227,0.9988549909671509,0.9942506901704531,0.9965475223395613,388,0,0.9997427851226915,0.9844236760124611,0.9920240936179987,-0.0008877941555406332,0.009827014157992031,0.004523428721562639
cic2018,6,43,full_test,expert1,infiltration,8742,6879,614712,1863,0.011066762549650815,0.7868908716540838,0.021826558342971095,4097,23,0.2611731843575419,0.3208647906657515,0.2879581151832461,-0.25010642180789106,0.46602608098833226,-0.266131556840275
cic2018,6,43,full_test,expert1,web_attacks,127,123,4741,4,0.02528782894736842,0.968503937007874,0.049288719695451816,5,0,0.11847389558232932,0.9291338582677166,0.21015138023152272,-0.0931860666349609,0.03937007874015741,-0.1608626605360709
cic2018,6,43,full_test,expert2,benign,2652203,2651238,10097,965,0.9962060394501256,0.9996361515313873,0.9979181479458696,7766,392,0.996130564621078,0.996855821368123,0.9964930610324976,7.547482904768366e-05,0.0027803301632642885,0.0014250869133720645
cic2018,6,43,full_test,expert2,bot,41542,41417,13,125,0.9996862177166305,0.9969909970632131,0.9983367883141301,0,1,0.9999034329583313,0.9970150690867075,0.998457162142616,-0.00021721524170081885,-2.4072023494303707e-05,-0.00012037382848595346
cic2018,6,43,full_test,expert2,brute_force,37696,37676,0,20,1.0,0.9994694397283531,0.9997346494719525,0,0,1.0,0.9994694397283531,0.9997346494719525,0.0,0.0,0.0
cic2018,6,43,full_test,expert2,ddos,262680,260716,0,1964,1.0,0.9925232221714634,0.9962475830919609,2115,20,0.9999768005660662,0.9845477386934673,0.9922022915479746,2.319943393380708e-05,0.007975483477996037,0.004045291543986362
cic2018,6,43,full_test,expert2,dos,39483,38871,4,612,0.9998971061093248,0.984499658080693,0.9921386457030552,3,0,0.9997427851226915,0.9844236760124611,0.9920240936179987,0.00015432098663326066,7.598206823189457e-05,0.00011455208505650738
cic2018,6,43,full_test,expert2,infiltration,8742,1174,656,7568,0.6415300546448087,0.13429421185083504,0.22209610291335605,2,1633,0.2611731843575419,0.3208647906657515,0.2879581151832461,0.38035687028726684,-0.18657057881491648,-0.06586201226989005
cic2018,6,43,full_test,expert2,web_attacks,127,119,492,8,0.19476268412438624,0.937007874015748,0.3224932249322493,1,0,0.11847389558232932,0.9291338582677166,0.21015138023152272,0.07628878854205692,0.007874015748031482,0.11234184470072658
cic2018,6,43,full_test,expert3,benign,2652203,2111196,1904,541007,0.9990989541432019,0.7960159912344568,0.8860699938702744,2770,535438,0.996130564621078,0.996855821368123,0.9964930610324976,0.002968389522123971,-0.20083983013366624,-0.11042306716222317
cic2018,6,43,full_test,expert3,bot,41542,41422,458,120,0.9890639923591213,0.9971113571806846,0.9930713720601281,4,0,0.9999034329583313,0.9970150690867075,0.998457162142616,-0.010839440599209937,9.62880939771038e-05,-0.005385790082487962
cic2018,6,43,full_test,expert3,brute_force,37696,37676,0,20,1.0,0.9994694397283531,0.9997346494719525,0,0,1.0,0.9994694397283531,0.9997346494719525,0.0,0.0,0.0
cic2018,6,43,full_test,expert3,ddos,262680,262669,27,11,0.9998972195998417,0.9999581239530988,0.9999276708490681,4058,10,0.9999768005660662,0.9845477386934673,0.9922022915479746,-7.958096622451283e-05,0.015410385259631454,0.007725379301093516
cic2018,6,43,full_test,expert3,dos,39483,38825,45,658,0.998842294828917,0.9833345997011372,0.9910277845136752,3,46,0.9997427851226915,0.9844236760124611,0.9920240936179987,-0.0009004902937745918,-0.0010890763113238222,-0.0009963091043234673
cic2018,6,43,full_test,expert3,infiltration,8742,6836,537378,1906,0.012561235102367818,0.7819720887668725,0.024725294598485232,4060,29,0.2611731843575419,0.3208647906657515,0.2879581151832461,-0.24861194925517408,0.461107298101121,-0.2632328205847609
cic2018,6,43,full_test,expert3,web_attacks,127,124,3913,3,0.03071587812732227,0.9763779527559056,0.059558117195004805,6,0,0.11847389558232932,0.9291338582677166,0.21015138023152272,-0.08775801745500705,0.047244094488189003,-0.1505932630365179
cic2018,6,43,full_test,expert4,benign,2652203,2088750,1680,563453,0.9991963375956143,0.787552838150021,0.8808398204119948,2845,557959,0.996130564621078,0.996855821368123,0.9964930610324976,0.0030657729745363627,-0.20930298321810203,-0.11565324062050275
cic2018,6,43,full_test,expert4,bot,41542,41422,252,120,0.9939530642606901,0.9971113571806846,0.9955297058258027,4,0,0.9999034329583313,0.9970150690867075,0.998457162142616,-0.005950368697641206,9.62880939771038e-05,-0.0029274563168133483
cic2018,6,43,full_test,expert4,brute_force,37696,37676,0,20,1.0,0.9994694397283531,0.9997346494719525,0,0,1.0,0.9994694397283531,0.9997346494719525,0.0,0.0,0.0
cic2018,6,43,full_test,expert4,ddos,262680,262372,23,308,0.9999123458907373,0.9988274706867671,0.999369613864686,3751,0,0.9999768005660662,0.9845477386934673,0.9922022915479746,-6.445467532889548e-05,0.014279731993299793,0.007167322316711466
cic2018,6,43,full_test,expert4,dos,39483,38871,179,612,0.995416133162612,0.984499658080693,0.9899278010517871,3,0,0.9997427851226915,0.9844236760124611,0.9920240936179987,-0.004326651960079531,7.598206823189457e-05,-0.0020962925662115772
cic2018,6,43,full_test,expert4,infiltration,8742,7034,559848,1708,0.012408226050571371,0.8046213681079845,0.024439564715856184,4290,61,0.2611731843575419,0.3208647906657515,0.2879581151832461,-0.2487649583069705,0.48375657744223294,-0.2635185504673899
cic2018,6,43,full_test,expert4,web_attacks,127,125,4241,2,0.028630325240494733,0.984251968503937,0.055642109948809255,7,0,0.11847389558232932,0.9291338582677166,0.21015138023152272,-0.08984357034183459,0.055118110236220486,-0.15450927028271347
cic2018,6,43,full_test,expert5,benign,2652203,1826691,575,825512,0.9996853222245694,0.6887447906513944,0.8155837220884886,526,817699,0.996130564621078,0.996855821368123,0.9964930610324976,0.003554757603491443,-0.30811103071672863,-0.18090933894400896
cic2018,6,43,full_test,expert5,bot,41542,41422,40,120,0.9990352612030293,0.9971113571806846,0.9980723820538769,4,0,0.9999034329583313,0.9970150690867075,0.998457162142616,-0.0008681717553019608,9.62880939771038e-05,-0.00038478008873910063
cic2018,6,43,full_test,expert5,brute_force,37696,37676,0,20,1.0,0.9994694397283531,0.9997346494719525,0,0,1.0,0.9994694397283531,0.9997346494719525,0.0,0.0,0.0
cic2018,6,43,full_test,expert5,ddos,262680,262048,7,632,0.9999732880502185,0.9975940307598599,0.9987822424652444,3427,0,0.9999768005660662,0.9845477386934673,0.9922022915479746,-3.512515847736708e-06,0.013046292066392517,0.006579950917269817
cic2018,6,43,full_test,expert5,dos,39483,38871,21,612,0.9994600431965442,0.984499658080693,0.9919234449760765,3,0,0.9997427851226915,0.9844236760124611,0.9920240936179987,-0.00028274192614730076,7.598206823189457e-05,-0.00010064864192216305
cic2018,6,43,full_test,expert5,infiltration,8742,8151,823134,591,0.009805301430917195,0.9323953328757721,0.01940651907617255,5350,4,0.2611731843575419,0.3208647906657515,0.2879581151832461,-0.2513678829266247,0.6115305422100206,-0.2685515961070736
cic2018,6,43,full_test,expert5,web_attacks,127,123,3714,4,0.03205629397967162,0.968503937007874,0.062058526740666,5,0,0.11847389558232932,0.9291338582677166,0.21015138023152272,-0.0864176016026577,0.03937007874015741,-0.1480928534908567
cic2018,6,43,full_test,expert6,benign,2652203,2086804,2977,565399,0.9985754488149715,0.7868191084920725,0.8801396208844231,1322,558382,0.996130564621078,0.996855821368123,0.9964930610324976,0.0024448841938935484,-0.21003671287605052,-0.11635344014807447
cic2018,6,43,full_test,expert6,bot,41542,41422,51,120,0.9987702842813396,0.9971113571806846,0.997940131301572,4,0,0.9999034329583313,0.9970150690867075,0.998457162142616,-0.0011331486769916577,9.62880939771038e-05,-0.0005170308410440416
cic2018,6,43,full_test,expert6,brute_force,37696,37676,0,20,1.0,0.9994694397283531,0.9997346494719525,0,0,1.0,0.9994694397283531,0.9997346494719525,0.0,0.0,0.0
cic2018,6,43,full_test,expert6,ddos,262680,262596,18,84,0.9999314583380932,0.9996802192782093,0.9998058230248204,3975,0,0.9999768005660662,0.9845477386934673,0.9922022915479746,-4.534222797303311e-05,0.015132480584741925,0.007603531476845782
cic2018,6,43,full_test,expert6,dos,39483,38862,3,621,0.9999228097259746,0.9842717118759973,0.9920355337724001,3,9,0.9997427851226915,0.9844236760124611,0.9920240936179987,0.0001800246032830355,-0.00015196413646378915,1.1440154401354263e-05
cic2018,6,43,full_test,expert6,infiltration,8742,6723,565328,2019,0.011752448645313093,0.7690459849004805,0.023151105471312498,3947,29,0.2611731843575419,0.3208647906657515,0.2879581151832461,-0.24942073571222878,0.44818119423472896,-0.2648070097119336
cic2018,6,43,full_test,expert6,web_attacks,127,13,0,114,1.0,0.10236220472440945,0.18571428571428572,0,105,0.11847389558232932,0.9291338582677166,0.21015138023152272,0.8815261044176707,-0.8267716535433071,-0.024437094517236996
toniot,6,43,cal_select,global,backdoor,4292,4284,2,8,0.9995333644423705,0.9981360671015843,0.9988342270925624,0,0,0.9995333644423705,0.9981360671015843,0.9988342270925624,0.0,0.0,0.0
toniot,6,43,cal_select,global,benign,604,604,9266,0,0.06119554204660588,1.0,0.11533320603398893,0,0,0.06119554204660588,1.0,0.11533320603398893,0.0,0.0,0.0
toniot,6,43,cal_select,global,ddos,19884,19806,73,78,0.9963277830876804,0.9960772480386241,0.9962024998113824,0,0,0.9963277830876804,0.9960772480386241,0.9962024998113824,0.0,0.0,0.0
toniot,6,43,cal_select,global,dos,2918,2737,7,181,0.9974489795918368,0.9379712131596984,0.9667961850936065,0,0,0.9974489795918368,0.9379712131596984,0.9667961850936065,0.0,0.0,0.0
toniot,6,43,cal_select,global,injection,29575,27800,220,1775,0.9921484653818701,0.9399830938292477,0.9653615765257401,0,0,0.9921484653818701,0.9399830938292477,0.9653615765257401,0.0,0.0,0.0
toniot,6,43,cal_select,global,mitm,420,383,153,37,0.7145522388059702,0.9119047619047619,0.801255230125523,0,0,0.7145522388059702,0.9119047619047619,0.801255230125523,0.0,0.0,0.0
toniot,6,43,cal_select,global,password,25153,25056,64,97,0.9974522292993631,0.9961436011608953,0.9967974857279255,0,0,0.9974522292993631,0.9961436011608953,0.9967974857279255,0.0,0.0,0.0
toniot,6,43,cal_select,global,ransomware,277,257,1,20,0.9961240310077519,0.927797833935018,0.9607476635514018,0,0,0.9961240310077519,0.927797833935018,0.9607476635514018,0.0,0.0,0.0
toniot,6,43,cal_select,global,scanning,6293,189,2,6104,0.9895287958115183,0.030033370411568408,0.058297347316471314,0,0,0.9895287958115183,0.030033370411568408,0.058297347316471314,0.0,0.0,0.0
toniot,6,43,cal_select,global,xss,34067,32502,77,1565,0.9976365143190399,0.9540611148618898,0.975362362332323,0,0,0.9976365143190399,0.9540611148618898,0.975362362332323,0.0,0.0,0.0
toniot,6,43,cal_select,expert1,backdoor,4292,4288,0,4,1.0,0.9990680335507922,0.9995337995337995,8,4,0.9995333644423705,0.9981360671015843,0.9988342270925624,0.00046663555762949116,0.0009319664492078994,0.0006995724412370841
toniot,6,43,cal_select,expert1,benign,604,598,1208,6,0.33111849390919157,0.9900662251655629,0.4962655601659751,0,6,0.06119554204660588,1.0,0.11533320603398893,0.2699229518625857,-0.009933774834437137,0.3809323541319862
toniot,6,43,cal_select,expert1,ddos,19884,19849,105,35,0.994737897163476,0.9982397907865621,0.996485767357799,48,5,0.9963277830876804,0.9960772480386241,0.9962024998113824,-0.0015898859242043928,0.0021625427479380344,0.0002832675464166101
toniot,6,43,cal_select,expert1,dos,2918,2639,25,279,0.9906156156156156,0.9043865661411926,0.9455392332497313,7,105,0.9974489795918368,0.9379712131596984,0.9667961850936065,-0.006833363976221141,-0.03358464701850583,-0.021256951843875216
toniot,6,43,cal_select,expert1,injection,29575,27837,9,1738,0.9996767937944409,0.9412341504649196,0.969575590811724,435,398,0.9921484653818701,0.9399830938292477,0.9653615765257401,0.007528328412570784,0.0012510566356719321,0.004214014285983891
toniot,6,43,cal_select,expert1,mitm,420,408,1089,12,0.2725450901803607,0.9714285714285714,0.42566510172143973,25,0,0.7145522388059702,0.9119047619047619,0.801255230125523,-0.44200714862560947,0.059523809523809534,-0.3755901284040833
toniot,6,43,cal_select,expert1,password,25153,25023,51,130,0.9979660205790859,0.9948316304218184,0.9963963605232246,25,58,0.9974522292993631,0.9961436011608953,0.9967974857279255,0.0005137912797228417,-0.001311970739076851,-0.00040112520470092505
toniot,6,43,cal_select,expert1,ransomware,277,258,13,19,0.9520295202952029,0.9314079422382672,0.9416058394160584,1,0,0.9961240310077519,0.927797833935018,0.9607476635514018,-0.044094510712548995,0.0036101083032491488,-0.019141824135343488
toniot,6,43,cal_select,expert1,scanning,6293,5159,29,1134,0.9944101773323053,0.8197997775305895,0.8987022036407979,4970,0,0.9895287958115183,0.030033370411568408,0.058297347316471314,0.004881381520786987,0.7897664071190211,0.8404048563243266
toniot,6,43,cal_select,expert1,xss,34067,34001,894,66,0.9743802837082677,0.9980626412657411,0.9860792900437922,1505,6,0.9976365143190399,0.9540611148618898,0.975362362332323,-0.0232562306107722,0.04400152640385124,0.01071692771146926
toniot,6,43,cal_select,expert2,backdoor,4292,4292,21,0,0.9951309993044285,1.0,0.9975595583962812,8,0,0.9995333644423705,0.9981360671015843,0.9988342270925624,-0.00440236513794201,0.0018639328984156878,-0.0012746686962812337
toniot,6,43,cal_select,expert2,benign,604,568,448,36,0.5590551181102362,0.9403973509933775,0.7012345679012346,0,36,0.06119554204660588,1.0,0.11533320603398893,0.49785957606363035,-0.05960264900662249,0.5859013618672457
toniot,6,43,cal_select,expert2,ddos,19884,19831,187,53,0.99065840743331,0.9973345403339369,0.9939852638965465,38,13,0.9963277830876804,0.9960772480386241,0.9962024998113824,-0.005669375654370423,0.0012572922953127952,-0.0022172359148359133
toniot,6,43,cal_select,expert2,dos,2918,2670,53,248,0.9805361733382298,0.9150102810143934,0.9466406665484843,16,83,0.9974489795918368,0.9379712131596984,0.9667961850936065,-0.016912806253606916,-0.022960932145305035,-0.02015551854512221
toniot,6,43,cal_select,expert2,injection,29575,28223,781,1352,0.9730726796303958,0.9542857142857143,0.9635876337936803,505,82,0.9921484653818701,0.9399830938292477,0.9653615765257401,-0.019075785751474283,0.014302620456466575,-0.0017739427320597745
toniot,6,43,cal_select,expert2,mitm,420,408,2305,12,0.1503870254330999,0.9714285714285714,0.26045323970635176,25,0,0.7145522388059702,0.9119047619047619,0.801255230125523,-0.5641652133728703,0.059523809523809534,-0.5408019904191712
toniot,6,43,cal_select,expert2,password,25153,24948,37,205,0.9985191114668801,0.9918498787420984,0.9951733216322949,8,116,0.9974522292993631,0.9961436011608953,0.9967974857279255,0.001066882167517047,-0.004293722418796886,-0.001624164095630598
toniot,6,43,cal_select,expert2,ransomware,277,258,4,19,0.9847328244274809,0.9314079422382672,0.9573283858998145,1,0,0.9961240310077519,0.927797833935018,0.9607476635514018,-0.01139120658027104,0.0036101083032491488,-0.003419277651587338
toniot,6,43,cal_select,expert2,scanning,6293,5948,84,345,0.9860742705570292,0.9451771809947561,0.9651926977687627,5759,0,0.9895287958115183,0.030033370411568408,0.058297347316471314,-0.0034545252544890825,0.9151438105831877,0.9068953504522914
toniot,6,43,cal_select,expert2,xss,34067,32220,197,1847,0.9939229416664096,0.9457833093609651,0.9692557607845497,244,526,0.9976365143190399,0.9540611148618898,0.975362362332323,-0.0037135726526302815,-0.008277805500924718,-0.006106601547773316
toniot,6,43,cal_select,expert3,backdoor,4292,4292,5,0,0.9988363974866186,1.0,0.9994178600535569,8,0,0.9995333644423705,0.9981360671015843,0.9988342270925624,-0.0006969669557519431,0.0018639328984156878,0.0005836329609945068
toniot,6,43,cal_select,expert3,benign,604,556,1117,48,0.3323371189479976,0.9205298013245033,0.4883618796662275,0,48,0.06119554204660588,1.0,0.11533320603398893,0.27114157690139173,-0.07947019867549665,0.37302867363223857
toniot,6,43,cal_select,expert3,ddos,19884,19860,234,24,0.9883547327560466,0.9987929993964997,0.9935464505478013,57,3,0.9963277830876804,0.9960772480386241,0.9962024998113824,-0.007973050331633869,0.0027157513578756065,-0.002656049263581095
toniot,6,43,cal_select,expert3,dos,2918,2791,142,127,0.9515854074326628,0.9564770390678546,0.9540249529994873,55,1,0.9974489795918368,0.9379712131596984,0.9667961850936065,-0.045863572159173915,0.018505825908156193,-0.012771232094119234
toniot,6,43,cal_select,expert3,injection,29575,28055,244,1520,0.9913777872009611,0.9486052409129332,0.9695199917061202,437,182,0.9921484653818701,0.9399830938292477,0.9653615765257401,-0.0007706781809089236,0.008622147083685472,0.004158415180380182
toniot,6,43,cal_select,expert3,mitm,420,406,1080,14,0.2732166890982503,0.9666666666666667,0.4260230849947534,24,1,0.7145522388059702,0.9119047619047619,0.801255230125523,-0.4413355497077199,0.05476190476190479,-0.37523214513076963
toniot,6,43,cal_select,expert3,password,25153,25095,234,58,0.9907615776382802,0.9976941120343498,0.9942157600728972,57,18,0.9974522292993631,0.9961436011608953,0.9967974857279255,-0.006690651661082847,0.0015505108734544804,-0.002581725655028233
toniot,6,43,cal_select,expert3,ransomware,277,260,11,17,0.959409594095941,0.9386281588447654,0.948905109489051,4,1,0.9961240310077519,0.927797833935018,0.9607476635514018,-0.03671443691181098,0.010830324909747335,-0.011842554062350796
toniot,6,43,cal_select,expert3,scanning,6293,5183,86,1110,0.9836781172898084,0.8236135388526935,0.8965576889811452,4994,0,0.9895287958115183,0.030033370411568408,0.058297347316471314,-0.005850678521709951,0.7935801684411251,0.8382603416646739
toniot,6,43,cal_select,expert3,xss,34067,33564,268,503,0.9920785055568693,0.9852349781313294,0.988644899041223,1149,87,0.9976365143190399,0.9540611148618898,0.975362362332323,-0.005558008762170608,0.031173863269439606,0.013282536708900006
toniot,6,43,cal_select,expert4,backdoor,4292,4290,20,2,0.9953596287703016,0.9995340167753961,0.9974424552429667,6,0,0.9995333644423705,0.9981360671015843,0.9988342270925624,-0.004173735672068912,0.0013979496738117936,-0.0013917718495957132
toniot,6,43,cal_select,expert4,benign,604,549,2139,55,0.20424107142857142,0.9089403973509934,0.3335358444714459,0,55,0.06119554204660588,1.0,0.11533320603398893,0.14304552938196555,-0.09105960264900659,0.21820263843745696
toniot,6,43,cal_select,expert4,ddos,19884,19850,226,34,0.9887427774457063,0.9982900824783746,0.9934934934934935,47,3,0.9963277830876804,0.9960772480386241,0.9962024998113824,-0.007585005641974174,0.0022128344397505106,-0.002709006317888951
toniot,6,43,cal_select,expert4,dos,2918,2758,26,160,0.9906609195402298,0.9451679232350926,0.9673798667134339,22,1,0.9974489795918368,0.9379712131596984,0.9667961850936065,-0.006788060051606926,0.0071967100753941304,0.0005836816198273587
toniot,6,43,cal_select,expert4,injection,29575,28224,341,1351,0.9880623140206547,0.954319526627219,0.9708978328173374,510,86,0.9921484653818701,0.9399830938292477,0.9653615765257401,-0.004086151361215373,0.014336432797971255,0.0055362562915973745
toniot,6,43,cal_select,expert4,mitm,420,406,1170,14,0.25761421319796957,0.9666666666666667,0.40681362725450904,24,1,0.7145522388059702,0.9119047619047619,0.801255230125523,-0.4569380256080006,0.05476190476190479,-0.394441602871014
toniot,6,43,cal_select,expert4,password,25153,25006,56,147,0.9977655414571862,0.9941557667077486,0.9959573832520163,8,58,0.9974522292993631,0.9961436011608953,0.9967974857279255,0.00031331215782315347,-0.001987834453146653,-0.0008401024759091547
toniot,6,43,cal_select,expert4,ransomware,277,277,2,0,0.992831541218638,1.0,0.9964028776978417,20,0,0.9961240310077519,0.927797833935018,0.9607476635514018,-0.003292489789113895,0.07220216606498198,0.035655214146439906
toniot,6,43,cal_select,expert4,scanning,6293,4650,111,1643,0.9766855702583491,0.7389162561576355,0.8413244074543151,4461,0,0.9895287958115183,0.030033370411568408,0.058297347316471314,-0.01284322555316919,0.7088828857460671,0.7830270601378438
toniot,6,43,cal_select,expert4,xss,34067,33160,222,907,0.9933497094242406,0.9733759943640473,0.983261427152367,701,43,0.9976365143190399,0.9540611148618898,0.975362362332323,-0.004286804894799268,0.01931487950215749,0.007899064820043988
toniot,6,43,cal_select,expert5,backdoor,4292,4292,0,0,1.0,1.0,1.0,8,0,0.9995333644423705,0.9981360671015843,0.9988342270925624,0.00046663555762949116,0.0018639328984156878,0.0011657729074375789
toniot,6,43,cal_select,expert5,benign,604,553,1208,51,0.3140261215218626,0.9155629139072847,0.46765327695560255,0,51,0.06119554204660588,1.0,0.11533320603398893,0.2528305794752567,-0.08443708609271527,0.3523200709216136
toniot,6,43,cal_select,expert5,ddos,19884,19818,63,66,0.996831145314622,0.9966807483403741,0.9967559411542815,34,22,0.9963277830876804,0.9960772480386241,0.9962024998113824,0.0005033622269415838,0.0006035003017500484,0.0005534413428990304
toniot,6,43,cal_select,expert5,dos,2918,2724,9,194,0.9967069154774972,0.9335161069225497,0.9640771544859317,7,20,0.9974489795918368,0.9379712131596984,0.9667961850936065,-0.0007420641143395246,-0.0044551062371487316,-0.002719030607674866
toniot,6,43,cal_select,expert5,injection,29575,29463,2719,112,0.9155117767696228,0.9962130177514793,0.954159042699613,1705,42,0.9921484653818701,0.9399830938292477,0.9653615765257401,-0.07663668861224726,0.056229923922231584,-0.011202533826127015
toniot,6,43,cal_select,expert5,mitm,420,410,371,10,0.5249679897567221,0.9761904761904762,0.6827643630308077,27,0,0.7145522388059702,0.9119047619047619,0.801255230125523,-0.1895842490492481,0.06428571428571428,-0.11849086709471535
toniot,6,43,cal_select,expert5,password,25153,24946,15,207,0.9993990625375586,0.9917703653639725,0.9955701001716087,12,122,0.9974522292993631,0.9961436011608953,0.9967974857279255,0.0019468332381955555,-0.004373235796922836,-0.0012273855563167402
toniot,6,43,cal_select,expert5,ransomware,277,261,8,16,0.9702602230483272,0.9422382671480144,0.9560439560439561,4,0,0.9961240310077519,0.927797833935018,0.9607476635514018,-0.02586380795942478,0.014440433212996373,-0.0047037075074457535
toniot,6,43,cal_select,expert5,scanning,6293,5073,6,1220,0.9988186650915535,0.8061337994597172,0.892191347168484,4885,1,0.9895287958115183,0.030033370411568408,0.058297347316471314,0.009289869280035168,0.7761004290481488,0.8338939998520127
toniot,6,43,cal_select,expert5,xss,34067,31488,56,2579,0.9982247020035506,0.9242962397628203,0.9598390513785798,209,1223,0.9976365143190399,0.9540611148618898,0.975362362332323,0.0005881876845107437,-0.029764875099069554,-0.015523310953743152
toniot,6,43,cal_select,expert6,backdoor,4292,4292,21,0,0.9951309993044285,1.0,0.9975595583962812,8,0,0.9995333644423705,0.9981360671015843,0.9988342270925624,-0.00440236513794201,0.0018639328984156878,-0.0012746686962812337
toniot,6,43,cal_select,expert6,benign,604,545,1493,59,0.2674190382728165,0.902317880794702,0.4125662376987131,0,59,0.06119554204660588,1.0,0.11533320603398893,0.2062234962262106,-0.09768211920529801,0.29723303166472415
toniot,6,43,cal_select,expert6,ddos,19884,19845,201,39,0.9899730619574978,0.998038624019312,0.9939894815927873,42,3,0.9963277830876804,0.9960772480386241,0.9962024998113824,-0.00635472113018265,0.001961375980687907,-0.0022130182185950975
toniot,6,43,cal_select,expert6,dos,2918,2710,237,208,0.9195792331184255,0.9287183002056203,0.9241261722080136,57,84,0.9974489795918368,0.9379712131596984,0.9667961850936065,-0.07786974647341127,-0.009252912954078152,-0.04267001288559291
toniot,6,43,cal_select,expert6,injection,29575,28249,614,1326,0.9787270900460797,0.9551648351648352,0.966802423080872,519,70,0.9921484653818701,0.9399830938292477,0.9653615765257401,-0.013421375335790353,0.015181741335587473,0.0014408465551319916
toniot,6,43,cal_select,expert6,mitm,420,409,2382,11,0.14654245790039414,0.9738095238095238,0.25474929928371226,26,0,0.7145522388059702,0.9119047619047619,0.801255230125523,-0.5680097809055761,0.06190476190476191,-0.5465059308418108
toniot,6,43,cal_select,expert6,password,25153,24986,27,167,0.9989205613081198,0.9933606329264899,0.9961328389746044,12,82,0.9974522292993631,0.9961436011608953,0.9967974857279255,0.0014683320087567342,-0.0027829682344053808,-0.0006646467533211187
toniot,6,43,cal_select,expert6,ransomware,277,263,9,14,0.9669117647058824,0.9494584837545126,0.9581056466302368,6,0,0.9961240310077519,0.927797833935018,0.9607476635514018,-0.02921226630186957,0.02166064981949456,-0.002642016921165058
toniot,6,43,cal_select,expert6,scanning,6293,4921,94,1372,0.9812562313060817,0.7819799777530589,0.870357269189954,4732,0,0.9895287958115183,0.030033370411568408,0.058297347316471314,-0.008272564505436564,0.7519466073414905,0.8120599218734827
toniot,6,43,cal_select,expert6,xss,34067,32020,165,2047,0.9948733882243281,0.9399125253177562,0.966612328684417,288,770,0.9976365143190399,0.9540611148618898,0.975362362332323,-0.002763126094711743,-0.014148589544133672,-0.008750033647905942
toniot,6,43,cal_confirm,global,backdoor,1630,1624,0,6,1.0,0.996319018404908,0.9981561155500922,0,0,1.0,0.996319018404908,0.9981561155500922,0.0,0.0,0.0
toniot,6,43,cal_confirm,global,benign,234,234,4241,0,0.05229050279329609,1.0,0.0993841579953281,0,0,0.05229050279329609,1.0,0.0993841579953281,0.0,0.0,0.0
toniot,6,43,cal_confirm,global,ddos,8270,8226,33,44,0.9960043588812205,0.9946795646916566,0.9953415209631556,0,0,0.9960043588812205,0.9946795646916566,0.9953415209631556,0.0,0.0,0.0
toniot,6,43,cal_confirm,global,dos,1074,1021,2,53,0.9980449657869013,0.9506517690875232,0.9737720553171197,0,0,0.9980449657869013,0.9506517690875232,0.9737720553171197,0.0,0.0,0.0
toniot,6,43,cal_confirm,global,injection,12617,11319,132,1298,0.9884726224783862,0.8971229293809939,0.9405850091407678,0,0,0.9884726224783862,0.8971229293809939,0.9405850091407678,0.0,0.0,0.0
toniot,6,43,cal_confirm,global,mitm,180,117,48,63,0.7090909090909091,0.65,0.6782608695652174,0,0,0.7090909090909091,0.65,0.6782608695652174,0.0,0.0,0.0
toniot,6,43,cal_confirm,global,password,10226,10180,33,46,0.9967688240477822,0.9955016624291023,0.9961348402563727,0,0,0.9967688240477822,0.9955016624291023,0.9961348402563727,0.0,0.0,0.0
toniot,6,43,cal_confirm,global,ransomware,119,117,0,2,1.0,0.9831932773109243,0.9915254237288136,0,0,1.0,0.9831932773109243,0.9915254237288136,0.0,0.0,0.0
toniot,6,43,cal_confirm,global,scanning,2566,53,2,2513,0.9636363636363636,0.020654715510522212,0.04044257916825639,0,0,0.9636363636363636,0.020654715510522212,0.04044257916825639,0.0,0.0,0.0
toniot,6,43,cal_confirm,global,xss,14562,13917,179,645,0.9873013620885358,0.9557066337041615,0.9712471212226952,0,0,0.9873013620885358,0.9557066337041615,0.9712471212226952,0.0,0.0,0.0
toniot,6,43,cal_confirm,expert1,backdoor,1630,1628,1,2,0.9993861264579497,0.9987730061349693,0.9990794722307457,4,0,1.0,0.996319018404908,0.9981561155500922,-0.0006138735420503361,0.0024539877300613355,0.0009233566806534643
toniot,6,43,cal_confirm,expert1,benign,234,233,1636,1,0.12466559657570893,0.9957264957264957,0.2215882073228721,0,1,0.05229050279329609,1.0,0.0993841579953281,0.07237509378241283,-0.004273504273504258,0.122204049327544
toniot,6,43,cal_confirm,expert1,ddos,8270,8242,46,28,0.994449806949807,0.9966142684401451,0.9955308612151226,18,2,0.9960043588812205,0.9946795646916566,0.9953415209631556,-0.001554551931413517,0.0019347037484884755,0.0001893402519669296
toniot,6,43,cal_confirm,expert1,dos,1074,986,11,88,0.9889669007021064,0.9180633147113594,0.9521970062771608,0,35,0.9980449657869013,0.9506517690875232,0.9737720553171197,-0.009078065084794917,-0.03258845437616387,-0.021575049039958993
toniot,6,43,cal_confirm,expert1,injection,12617,11313,6,1304,0.9994699178372648,0.8966473805183482,0.9452707219251337,183,189,0.9884726224783862,0.8971229293809939,0.9405850091407678,0.010997295358878612,-0.0004755488626456694,0.004685712784365914
toniot,6,43,cal_confirm,expert1,mitm,180,168,339,12,0.33136094674556216,0.9333333333333333,0.4890829694323144,52,1,0.7090909090909091,0.65,0.6782608695652174,-0.37772996234534695,0.2833333333333333,-0.18917790013290298
toniot,6,43,cal_confirm,expert1,password,10226,10153,39,73,0.9961734693877551,0.9928613338548797,0.9945146439416201,14,41,0.9967688240477822,0.9955016624291023,0.9961348402563727,-0.0005953546600271364,-0.0026403285742225835,-0.00162019631475252
toniot,6,43,cal_confirm,expert1,ransomware,119,118,200,1,0.3710691823899371,0.9915966386554622,0.540045766590389,1,0,1.0,0.9831932773109243,0.9915254237288136,-0.628930817610063,0.008403361344537896,-0.45147965713842453
toniot,6,43,cal_confirm,expert1,scanning,2566,1254,32,1312,0.9751166407465007,0.4886983632112237,0.6510903426791277,1206,5,0.9636363636363636,0.020654715510522212,0.04044257916825639,0.011480277110137105,0.46804364770070145,0.6106477635108714
toniot,6,43,cal_confirm,expert1,xss,14562,14543,530,19,0.9648377894247994,0.9986952341711304,0.9814746077273494,626,0,0.9873013620885358,0.9557066337041615,0.9712471212226952,-0.022463572663736442,0.04298860046696884,0.010227486504654215
toniot,6,43,cal_confirm,expert2,backdoor,1630,1630,2,0,0.9987745098039216,1.0,0.9993868792152054,6,0,1.0,0.996319018404908,0.9981561155500922,-0.001225490196078427,0.0036809815950920033,0.0012307636651132103
toniot,6,43,cal_confirm,expert2,benign,234,221,614,13,0.26467065868263473,0.9444444444444444,0.41347053320860616,0,13,0.05229050279329609,1.0,0.0993841579953281,0.21238015588933865,-0.05555555555555558,0.3140863752132781
toniot,6,43,cal_confirm,expert2,ddos,8270,8230,85,40,0.9897775105231509,0.9951632406287787,0.9924630690382876,10,6,0.9960043588812205,0.9946795646916566,0.9953415209631556,-0.0062268483580696365,0.00048367593712206336,-0.0028784519248680196
toniot,6,43,cal_confirm,expert2,dos,1074,998,24,76,0.9765166340508806,0.9292364990689013,0.9522900763358778,4,27,0.9980449657869013,0.9506517690875232,0.9737720553171197,-0.021528331736020645,-0.02141527001862198,-0.021481978981241934
toniot,6,43,cal_confirm,expert2,injection,12617,11473,489,1144,0.9591205484032771,0.909328683522232,0.9335611701045609,215,61,0.9884726224783862,0.8971229293809939,0.9405850091407678,-0.02935207407510909,0.012205754141238034,-0.007023839036206958
toniot,6,43,cal_confirm,expert2,mitm,180,170,919,10,0.1561065197428834,0.9444444444444444,0.26792750197005516,54,1,0.7090909090909091,0.65,0.6782608695652174,-0.5529843893480257,0.2944444444444444,-0.4103333675951622
toniot,6,43,cal_confirm,expert2,password,10226,10126,81,100,0.992064269618889,0.9902210052806572,0.9911417804531885,8,62,0.9967688240477822,0.9955016624291023,0.9961348402563727,-0.004704554428893171,-0.005280657148445167,-0.004993059803184208
toniot,6,43,cal_confirm,expert2,ransomware,119,118,141,1,0.4555984555984556,0.9915966386554622,0.6243386243386243,1,0,1.0,0.9831932773109243,0.9915254237288136,-0.5444015444015444,0.008403361344537896,-0.3671867993901893
toniot,6,43,cal_confirm,expert2,scanning,2566,2112,168,454,0.9263157894736842,0.8230709275136399,0.8716467189434586,2063,4,0.9636363636363636,0.020654715510522212,0.04044257916825639,-0.03732057416267942,0.8024162120031176,0.8312041397752021
toniot,6,43,cal_confirm,expert2,xss,14562,13687,190,875,0.9863082798875837,0.9399120999862656,0.9625514258588558,120,350,0.9873013620885358,0.9557066337041615,0.9712471212226952,-0.0009930822009520668,-0.015794533717895964,-0.008695695363839406
toniot,6,43,cal_confirm,expert3,backdoor,1630,1630,2,0,0.9987745098039216,1.0,0.9993868792152054,6,0,1.0,0.996319018404908,0.9981561155500922,-0.001225490196078427,0.0036809815950920033,0.0012307636651132103
toniot,6,43,cal_confirm,expert3,benign,234,221,1339,13,0.14166666666666666,0.9444444444444444,0.2463768115942029,0,13,0.05229050279329609,1.0,0.0993841579953281,0.08937616387337058,-0.05555555555555558,0.1469926535988748
toniot,6,43,cal_confirm,expert3,ddos,8270,8259,93,11,0.9888649425287356,0.9986698911729142,0.9937432318613886,34,1,0.9960043588812205,0.9946795646916566,0.9953415209631556,-0.00713941635248494,0.003990326481257522,-0.0015982891017670697
toniot,6,43,cal_confirm,expert3,dos,1074,1036,54,38,0.9504587155963303,0.9646182495344506,0.9574861367837338,15,0,0.9980449657869013,0.9506517690875232,0.9737720553171197,-0.047586250190570945,0.013966480446927387,-0.0162859185333859
toniot,6,43,cal_confirm,expert3,injection,12617,11431,141,1186,0.9878154165226408,0.9059998414837125,0.9451403530530407,197,85,0.9884726224783862,0.8971229293809939,0.9405850091407678,-0.0006572059557453658,0.00887691210271857,0.004555343912272858
toniot,6,43,cal_confirm,expert3,mitm,180,167,364,13,0.3145009416195857,0.9277777777777778,0.469760900140647,51,1,0.7090909090909091,0.65,0.6782608695652174,-0.3945899674713234,0.2777777777777778,-0.20849996942457039
toniot,6,43,cal_confirm,expert3,password,10226,10202,244,24,0.9766417767566533,0.9976530412673578,0.9870356037151703,33,11,0.9967688240477822,0.9955016624291023,0.9961348402563727,-0.020127047291128908,0.0021513788382554466,-0.009099236541202371
toniot,6,43,cal_confirm,expert3,ransomware,119,118,265,1,0.30809399477806787,0.9915966386554622,0.4701195219123506,1,0,1.0,0.9831932773109243,0.9915254237288136,-0.6919060052219321,0.008403361344537896,-0.521405901816463
toniot,6,43,cal_confirm,expert3,scanning,2566,1356,109,1210,0.9255972696245733,0.5284489477786438,0.6727859092036715,1308,5,0.9636363636363636,0.020654715510522212,0.04044257916825639,-0.038039094011790286,0.5077942322681216,0.6323433300354151
toniot,6,43,cal_confirm,expert3,xss,14562,14324,123,238,0.9914861216861632,0.9836560911962643,0.987555586197387,432,25,0.9873013620885358,0.9557066337041615,0.9712471212226952,0.00418475959762743,0.02794945749210276,0.01630846497469185
toniot,6,43,cal_confirm,expert4,backdoor,1630,1630,0,0,1.0,1.0,1.0,6,0,1.0,0.996319018404908,0.9981561155500922,0.0,0.0036809815950920033,0.0018438844499077955
toniot,6,43,cal_confirm,expert4,benign,234,212,1790,22,0.10589410589410589,0.905982905982906,0.18962432915921287,0,22,0.05229050279329609,1.0,0.0993841579953281,0.0536036031008098,-0.09401709401709402,0.09024017116388477
toniot,6,43,cal_confirm,expert4,ddos,8270,8238,94,32,0.9887181949111858,0.9961305925030229,0.9924105529454282,15,3,0.9960043588812205,0.9946795646916566,0.9953415209631556,-0.007286163970034676,0.001451027811366301,-0.002930968017727409
toniot,6,43,cal_confirm,expert4,dos,1074,1031,16,43,0.9847182425978988,0.9599627560521415,0.9721829325789721,10,0,0.9980449657869013,0.9506517690875232,0.9737720553171197,-0.01332672318900252,0.009310986964618295,-0.001589122738147597
toniot,6,43,cal_confirm,expert4,injection,12617,11488,202,1129,0.9827202737382378,0.910517555678846,0.9452421113259555,215,46,0.9884726224783862,0.8971229293809939,0.9405850091407678,-0.005752348740148405,0.013394626297852041,0.004657102185187667
toniot,6,43,cal_confirm,expert4,mitm,180,163,495,17,0.24772036474164133,0.9055555555555556,0.38902147971360385,50,4,0.7090909090909091,0.65,0.6782608695652174,-0.4613705443492678,0.25555555555555554,-0.2892393898516135
toniot,6,43,cal_confirm,expert4,password,10226,10160,144,66,0.9860248447204969,0.9935458634852338,0.9897710667316123,8,28,0.9967688240477822,0.9955016624291023,0.9961348402563727,-0.010743979327285325,-0.0019557989438685475,-0.006363773524760363
toniot,6,43,cal_confirm,expert4,ransomware,119,118,56,1,0.6781609195402298,0.9915966386554622,0.8054607508532423,1,0,1.0,0.9831932773109243,0.9915254237288136,-0.32183908045977017,0.008403361344537896,-0.18606467287557127
toniot,6,43,cal_confirm,expert4,scanning,2566,1145,113,1421,0.910174880763116,0.44621979734996103,0.5988493723849372,1097,5,0.9636363636363636,0.020654715510522212,0.04044257916825639,-0.05346148287324759,0.4255650818394388,0.5584067932166807
toniot,6,43,cal_confirm,expert4,xss,14562,14270,113,292,0.9921435027462977,0.9799478093668452,0.9860079461046813,362,9,0.9873013620885358,0.9557066337041615,0.9712471212226952,0.004842140657761895,0.02424117566268369,0.014760824881986156
toniot,6,43,cal_confirm,expert5,backdoor,1630,1630,1,0,0.9993868792152054,1.0,0.9996933455995094,6,0,1.0,0.996319018404908,0.9981561155500922,-0.0006131207847945852,0.0036809815950920033,0.001537230049417193
toniot,6,43,cal_confirm,expert5,benign,234,220,1489,14,0.12873025160912815,0.9401709401709402,0.22645393721049922,0,14,0.05229050279329609,1.0,0.0993841579953281,0.07643974881583207,-0.05982905982905984,0.12706977921517112
toniot,6,43,cal_confirm,expert5,ddos,8270,8243,31,27,0.9962533236644912,0.9967351874244257,0.9964941972920697,23,6,0.9960043588812205,0.9946795646916566,0.9953415209631556,0.0002489647832706332,0.002055622732769047,0.0011526763289140263
toniot,6,43,cal_confirm,expert5,dos,1074,1014,11,60,0.9892682926829268,0.9441340782122905,0.9661743687470223,2,9,0.9980449657869013,0.9506517690875232,0.9737720553171197,-0.008776673103974453,-0.0065176908752327956,-0.007597686570097406
toniot,6,43,cal_confirm,expert5,injection,12617,11919,1274,698,0.9034336390510119,0.9446778156455575,0.9235955056179775,611,11,0.9884726224783862,0.8971229293809939,0.9405850091407678,-0.08503898342737426,0.04755488626456361,-0.016989503522790272
toniot,6,43,cal_confirm,expert5,mitm,180,170,340,10,0.3333333333333333,0.9444444444444444,0.4927536231884058,54,1,0.7090909090909091,0.65,0.6782608695652174,-0.3757575757575758,0.2944444444444444,-0.18550724637681154
toniot,6,43,cal_confirm,expert5,password,10226,10126,28,100,0.9972424660232421,0.9902210052806572,0.9937193326790972,8,62,0.9967688240477822,0.9955016624291023,0.9961348402563727,0.00047364197545984865,-0.005280657148445167,-0.0024155075772754886
toniot,6,43,cal_confirm,expert5,ransomware,119,117,6,2,0.9512195121951219,0.9831932773109243,0.9669421487603306,0,0,1.0,0.9831932773109243,0.9915254237288136,-0.04878048780487809,0.0,-0.024583274968483004
toniot,6,43,cal_confirm,expert5,scanning,2566,1246,181,1320,0.8731604765241766,0.48558067030397506,0.6240921612822439,1197,4,0.9636363636363636,0.020654715510522212,0.04044257916825639,-0.09047588711218701,0.46492595479345283,0.5836495821139875
toniot,6,43,cal_confirm,expert5,xss,14562,13397,35,1165,0.9973942823108993,0.9199972531245708,0.9571336715010359,87,607,0.9873013620885358,0.9557066337041615,0.9712471212226952,0.010092920222363522,-0.03570938057959072,-0.014113449721659288
toniot,6,43,cal_confirm,expert6,backdoor,1630,1630,0,0,1.0,1.0,1.0,6,0,1.0,0.996319018404908,0.9981561155500922,0.0,0.0036809815950920033,0.0018438844499077955
toniot,6,43,cal_confirm,expert6,benign,234,212,1598,22,0.11712707182320442,0.905982905982906,0.20743639921722112,0,22,0.05229050279329609,1.0,0.0993841579953281,0.06483656902990834,-0.09401709401709402,0.10805224122189303
toniot,6,43,cal_confirm,expert6,ddos,8270,8236,78,34,0.9906182343035843,0.9958887545344619,0.9932465026531597,12,2,0.9960043588812205,0.9946795646916566,0.9953415209631556,-0.005386124577636209,0.0012091898428052694,-0.002095018309995922
toniot,6,43,cal_confirm,expert6,dos,1074,1011,58,63,0.9457436856875585,0.9413407821229051,0.9435370975268316,15,25,0.9980449657869013,0.9506517690875232,0.9737720553171197,-0.05230128009934276,-0.009310986964618184,-0.030234957790288175
toniot,6,43,cal_confirm,expert6,injection,12617,11500,342,1117,0.971119743286607,0.9114686534041373,0.9403491557299971,231,50,0.9884726224783862,0.8971229293809939,0.9405850091407678,-0.01735287919177919,0.01434572402314338,-0.00023585341077070332
toniot,6,43,cal_confirm,expert6,mitm,180,168,847,12,0.16551724137931034,0.9333333333333333,0.28117154811715483,51,0,0.7090909090909091,0.65,0.6782608695652174,-0.5435736677115988,0.2833333333333333,-0.3970893214480625
toniot,6,43,cal_confirm,expert6,password,10226,10152,102,74,0.9900526623756583,0.9927635439076863,0.99140625,8,36,0.9967688240477822,0.9955016624291023,0.9961348402563727,-0.006716161672123966,-0.002738118521416033,-0.004728590256372622
toniot,6,43,cal_confirm,expert6,ransomware,119,118,317,1,0.271264367816092,0.9915966386554622,0.4259927797833935,1,0,1.0,0.9831932773109243,0.9915254237288136,-0.728735632183908,0.008403361344537896,-0.56553264394542
toniot,6,43,cal_confirm,expert6,scanning,2566,1144,65,1422,0.946236559139785,0.44583008573655497,0.6060927152317881,1096,5,0.9636363636363636,0.020654715510522212,0.04044257916825639,-0.01739980449657863,0.42517537022603274,0.5656501360635318
toniot,6,43,cal_confirm,expert6,xss,14562,13749,151,813,0.989136690647482,0.9441697569015245,0.9661302789684492,117,285,0.9873013620885358,0.9557066337041615,0.9712471212226952,0.001835328558946192,-0.011536876802637042,-0.0051168422542460235
toniot,6,43,full_test,global,backdoor,40030,40012,62,18,0.9984528622049209,0.9995503372470647,0.9990012983121942,0,0,0.9984528622049209,0.9995503372470647,0.9990012983121942,0.0,0.0,0.0
toniot,6,43,full_test,global,benign,1474302,1286700,30931,187602,0.9765252942591667,0.8727519870420036,0.9217269898668772,0,0,0.9765252942591667,0.8727519870420036,0.9217269898668772,0.0,0.0,0.0
toniot,6,43,full_test,global,ddos,103338,100371,1050,2967,0.9896471145029136,0.9712883934273936,0.980381814718767,0,0,0.9896471145029136,0.9712883934273936,0.980381814718767,0.0,0.0,0.0
toniot,6,43,full_test,global,dos,22458,22088,666,370,0.9707304210248747,0.9835248018523466,0.9770857294523578,0,0,0.9707304210248747,0.9835248018523466,0.9770857294523578,0.0,0.0,0.0
toniot,6,43,full_test,global,injection,68891,65741,11015,3150,0.8564933034551044,0.95427559478016,0.9027443064395422,0,0,0.8564933034551044,0.95427559478016,0.9027443064395422,0.0,0.0,0.0
toniot,6,43,full_test,global,mitm,1161,1043,13580,118,0.07132599329822882,0.8983634797588286,0.132159148504815,0,0,0.07132599329822882,0.8983634797588286,0.132159148504815,0.0,0.0,0.0
toniot,6,43,full_test,global,password,210951,210294,50232,657,0.8071900693212961,0.9968855326592432,0.8920647242601442,0,0,0.8071900693212961,0.9968855326592432,0.8920647242601442,0.0,0.0,0.0
toniot,6,43,full_test,global,ransomware,709,649,9386,60,0.0646736422521176,0.9153737658674189,0.12081161578555473,0,0,0.0646736422521176,0.9153737658674189,0.12081161578555473,0.0,0.0,0.0
toniot,6,43,full_test,global,scanning,6029,122,36,5907,0.7721518987341772,0.020235528279980097,0.03943753030547923,0,0,0.7721518987341772,0.020235528279980097,0.03943753030547923,0.0,0.0,0.0
toniot,6,43,full_test,global,xss,343854,320402,107343,23452,0.749049082981683,0.931796634618181,0.8304883754385374,0,0,0.749049082981683,0.931796634618181,0.8304883754385374,0.0,0.0,0.0
toniot,6,43,full_test,expert1,backdoor,40030,40008,61,22,0.9984776260949861,0.9994504121908568,0.9989637823193798,2,6,0.9984528622049209,0.9995503372470647,0.9990012983121942,2.4763890065226946e-05,-9.992505620781689e-05,-3.7515992814429744e-05
toniot,6,43,full_test,expert1,benign,1474302,1241748,3466,232554,0.9972165426986848,0.8422616261797108,0.9132124981062807,18022,62974,0.9765252942591667,0.8727519870420036,0.9217269898668772,0.020691248439518084,-0.030490360862292842,-0.008514491760596488
toniot,6,43,full_test,expert1,ddos,103338,100981,1256,2357,0.9877148194880523,0.97719135264859,0.9824249057521586,1521,911,0.9896471145029136,0.9712883934273936,0.980381814718767,-0.0019322950148613627,0.0059029592211964355,0.0020430910333916197
toniot,6,43,full_test,expert1,dos,22458,21617,521,841,0.9764658054024754,0.9625523198860094,0.969459144317876,9,480,0.9707304210248747,0.9835248018523466,0.9770857294523578,0.005735384377600683,-0.020972481966337164,-0.007626585134481778
toniot,6,43,full_test,expert1,injection,68891,65049,5191,3842,0.9260962414578587,0.9442307413159919,0.9350755762554714,668,1360,0.8564933034551044,0.95427559478016,0.9027443064395422,0.0696029380027543,-0.010044853464168058,0.032331269815929264
toniot,6,43,full_test,expert1,mitm,1161,1125,53107,36,0.020744210060480897,0.9689922480620154,0.04061885075731591,89,7,0.07132599329822882,0.8983634797588286,0.132159148504815,-0.050581783237747924,0.07062876830318687,-0.09154029774749908
toniot,6,43,full_test,expert1,password,210951,209965,50160,986,0.8071696299855838,0.9953259287701883,0.8914272856184565,212,541,0.8071900693212961,0.9968855326592432,0.8920647242601442,-2.043933571227452e-05,-0.0015596038890548503,-0.0006374386416876376
toniot,6,43,full_test,expert1,ransomware,709,652,10457,57,0.058691151318750565,0.919605077574048,0.11034015907937045,4,1,0.0646736422521176,0.9153737658674189,0.12081161578555473,-0.0059824909333670295,0.004231311706629048,-0.010471456706184282
toniot,6,43,full_test,expert1,scanning,6029,3814,2094,2215,0.6455653351387949,0.6326090562282303,0.639021529697579,3695,3,0.7721518987341772,0.020235528279980097,0.03943753030547923,-0.12658656359538234,0.6123735279482502,0.5995839993920997
toniot,6,43,full_test,expert1,xss,343854,343167,117284,687,0.7452845145303192,0.9980020590134185,0.8533255419275027,22834,69,0.749049082981683,0.931796634618181,0.8304883754385374,-0.003764568451363859,0.06620542439523758,0.022837166488965277
toniot,6,43,full_test,expert2,backdoor,40030,40010,132,20,0.996711673558866,0.9995003747189608,0.9981040762360924,2,4,0.9984528622049209,0.9995503372470647,0.9990012983121942,-0.0017411886460548809,-4.996252810385293e-05,-0.0008972220761017669
toniot,6,43,full_test,expert2,benign,1474302,1235016,2044,239286,0.9983476953421823,0.837695397550841,0.9109930728541596,17780,69464,0.9765252942591667,0.8727519870420036,0.9217269898668772,0.021822401083015586,-0.03505658949116264,-0.010733917012717531
toniot,6,43,full_test,expert2,ddos,103338,101746,3675,1592,0.9651397729105207,0.9845942441309102,0.9747699500380822,1488,113,0.9896471145029136,0.9712883934273936,0.980381814718767,-0.024507341592392984,0.013305850703516642,-0.005611864680684753
toniot,6,43,full_test,expert2,dos,22458,21861,1305,597,0.9436674436674437,0.9734170451509484,0.9583114150447133,30,257,0.9707304210248747,0.9835248018523466,0.9770857294523578,-0.027062977357431017,-0.010107756701398185,-0.018774314407644543
toniot,6,43,full_test,expert2,injection,68891,66215,20285,2676,0.7654913294797688,0.9611560290894311,0.8522372595581469,882,408,0.8564933034551044,0.95427559478016,0.9027443064395422,-0.0910019739753356,0.0068804343092710996,-0.05050704688139529
toniot,6,43,full_test,expert2,mitm,1161,1145,71611,16,0.01573753367419869,0.9862187769164513,0.03098069456282046,105,3,0.07132599329822882,0.8983634797588286,0.132159148504815,-0.055588459624030126,0.08785529715762275,-0.10117845394199454
toniot,6,43,full_test,expert2,password,210951,209464,50132,1487,0.8068845436755574,0.9929509696564605,0.8903000125385987,68,898,0.8071900693212961,0.9968855326592432,0.8920647242601442,-0.00030552564573871344,-0.0039345630027827205,-0.0017647117215454644
toniot,6,43,full_test,expert2,ransomware,709,648,12348,61,0.04986149584487535,0.9139633286318759,0.0945640277271069,2,3,0.0646736422521176,0.9153737658674189,0.12081161578555473,-0.014812146407242245,-0.0014104372355430161,-0.026247588058447832
toniot,6,43,full_test,expert2,scanning,6029,5531,6259,498,0.46912637828668363,0.9173992370210649,0.6207980245805039,5412,3,0.7721518987341772,0.020235528279980097,0.03943753030547923,-0.3030255204474936,0.8971637087410848,0.5813604942750247
toniot,6,43,full_test,expert2,xss,343854,316002,106294,27852,0.7482950347623468,0.9190005060287215,0.8249089603863473,3221,7621,0.749049082981683,0.931796634618181,0.8304883754385374,-0.000754048219336223,-0.012796128589459443,-0.005579415052190062
toniot,6,43,full_test,expert3,backdoor,40030,40018,524,12,0.987075131961916,0.9997002248313764,0.9933475649108872,6,0,0.9984528622049209,0.9995503372470647,0.9990012983121942,-0.011377730243004924,0.00014988758431178084,-0.005653733401307037
toniot,6,43,full_test,expert3,benign,1474302,1227146,2122,247156,0.9982737694302626,0.8323572782238646,0.9077967280299751,14804,74358,0.9765252942591667,0.8727519870420036,0.9217269898668772,0.021748475171095905,-0.040394708818139,-0.013930261836902047
toniot,6,43,full_test,expert3,ddos,103338,101692,14761,1646,0.8732450001288073,0.9840716870850994,0.9253518114936462,1524,203,0.9896471145029136,0.9712883934273936,0.980381814718767,-0.1164021143741063,0.012783293657705808,-0.05503000322512075
toniot,6,43,full_test,expert3,dos,22458,22180,3167,278,0.875054247050933,0.9876213376079793,0.927936408325489,96,4,0.9707304210248747,0.9835248018523466,0.9770857294523578,-0.09567617397394168,0.004096535755632735,-0.04914932112686887
toniot,6,43,full_test,expert3,injection,68891,65951,14404,2940,0.8207454421006782,0.9573238884614826,0.8837891802795385,787,577,0.8564933034551044,0.95427559478016,0.9027443064395422,-0.0357478613544262,0.0030482936813226447,-0.01895512616000372
toniot,6,43,full_test,expert3,mitm,1161,1142,56115,19,0.019945159543811236,0.983634797588286,0.03909753842993598,102,3,0.07132599329822882,0.8983634797588286,0.132159148504815,-0.051380833754417585,0.0852713178294574,-0.09306161007487902
toniot,6,43,full_test,expert3,password,210951,210603,53371,348,0.79781720927061,0.9983503278012429,0.8868895088698215,451,142,0.8071900693212961,0.9968855326592432,0.8920647242601442,-0.00937286005068616,0.0014647951419997085,-0.005175215390322618
toniot,6,43,full_test,expert3,ransomware,709,648,8687,61,0.06941617568291376,0.9139633286318759,0.12903225806451613,2,3,0.0646736422521176,0.9153737658674189,0.12081161578555473,0.00474253343079617,-0.0014104372355430161,0.008220642278961396
toniot,6,43,full_test,expert3,scanning,6029,4441,2318,1588,0.6570498594466637,0.7366064023884558,0.6945573975602127,4322,3,0.7721518987341772,0.020235528279980097,0.03943753030547923,-0.1151020392875135,0.7163708741084757,0.6551198672547335
toniot,6,43,full_test,expert3,xss,343854,336596,105837,7258,0.7607841187253211,0.978892204249478,0.8561657511824563,17121,927,0.749049082981683,0.931796634618181,0.8304883754385374,0.0117350357436381,0.04709556963129702,0.02567737574391893
toniot,6,43,full_test,expert4,backdoor,40030,40010,93,20,0.9976809714983916,0.9995003747189608,0.9985898443837121,2,4,0.9984528622049209,0.9995503372470647,0.9990012983121942,-0.0007718907065292768,-4.996252810385293e-05,-0.00041145392848207507
toniot,6,43,full_test,expert4,benign,1474302,1262615,8776,211687,0.9930973241119372,0.8564154426976291,0.9197058811746252,19389,43474,0.9765252942591667,0.8727519870420036,0.9217269898668772,0.01657202985277051,-0.016336544344374482,-0.002021108692252027
toniot,6,43,full_test,expert4,ddos,103338,101693,4448,1645,0.9580934794283076,0.9840813640674292,0.970913552193776,1524,202,0.9896471145029136,0.9712883934273936,0.980381814718767,-0.03155363507460607,0.012792970640035595,-0.009468262524991
toniot,6,43,full_test,expert4,dos,22458,22136,1110,322,0.9522498494364622,0.9856621248552854,0.968667950288815,52,4,0.9707304210248747,0.9835248018523466,0.9770857294523578,-0.018480571588412542,0.0021373230029387846,-0.008417779163542805
toniot,6,43,full_test,expert4,injection,68891,66248,16631,2643,0.7993339687978861,0.9616350466679247,0.8730052052447783,904,397,0.8564933034551044,0.95427559478016,0.9027443064395422,-0.05715933465721834,0.007359451887764656,-0.02973910119476386
toniot,6,43,full_test,expert4,mitm,1161,1138,41303,23,0.026813694305035225,0.9801894918173988,0.052199440392642536,100,5,0.07132599329822882,0.8983634797588286,0.132159148504815,-0.044512298993193596,0.08182601205857021,-0.07995970811217246
toniot,6,43,full_test,expert4,password,210951,209930,50572,1021,0.8058671334577086,0.9951600134628421,0.8905659737025748,86,450,0.8071900693212961,0.9968855326592432,0.8920647242601442,-0.0013229358635875599,-0.0017255191964010708,-0.0014987505575693172
toniot,6,43,full_test,expert4,ransomware,709,706,10696,3,0.06191896158568672,0.995768688293371,0.11658822558005119,57,0,0.0646736422521176,0.9153737658674189,0.12081161578555473,-0.0027546806664308712,0.08039492242595203,-0.004223390205503538
toniot,6,43,full_test,expert4,scanning,6029,3919,1919,2110,0.671291538198013,0.6500248797478853,0.6604870649700851,3801,4,0.7721518987341772,0.020235528279980097,0.03943753030547923,-0.1008603605361642,0.6297893514679052,0.6210495346646059
toniot,6,43,full_test,expert4,xss,343854,327817,99963,16037,0.7663214736546823,0.9533610195024632,0.8496696620418489,8123,708,0.749049082981683,0.931796634618181,0.8304883754385374,0.017272390672999238,0.02156438488428225,0.01918128660331153
toniot,6,43,full_test,expert5,backdoor,40030,40010,70,20,0.998253493013972,0.9995003747189608,0.9988765447509674,2,4,0.9984528622049209,0.9995503372470647,0.9990012983121942,-0.00019936919094887262,-4.996252810385293e-05,-0.00012475356122676473
toniot,6,43,full_test,expert5,benign,1474302,1108051,1998,366251,0.9982000794559519,0.7515766783196387,0.8575081326027308,16217,194866,0.9765252942591667,0.8727519870420036,0.9217269898668772,0.02167478519678523,-0.12117530872236493,-0.06421885726414633
toniot,6,43,full_test,expert5,ddos,103338,101316,3233,2022,0.9690767008771007,0.9804331417290832,0.9747218440787543,1439,494,0.9896471145029136,0.9712883934273936,0.980381814718767,-0.02057041362581291,0.009144748301689654,-0.005659970640012668
toniot,6,43,full_test,expert5,dos,22458,22045,573,413,0.9746661950658767,0.9816101166622139,0.9781258319282988,13,56,0.9707304210248747,0.9835248018523466,0.9770857294523578,0.003935774041001983,-0.0019146851901327144,0.001040102475940996
toniot,6,43,full_test,expert5,injection,68891,68511,179462,380,0.2762841115766636,0.9944840400052256,0.43243157947889316,2985,215,0.8564933034551044,0.95427559478016,0.9027443064395422,-0.5802091918784409,0.040208445225065614,-0.470312726960649
toniot,6,43,full_test,expert5,mitm,1161,1142,66527,19,0.016876265350455895,0.983634797588286,0.033183204997820716,103,4,0.07132599329822882,0.8983634797588286,0.132159148504815,-0.054449727947772926,0.0852713178294574,-0.09897594350699429
toniot,6,43,full_test,expert5,password,210951,209508,49704,1443,0.8082496180732374,0.9931595488999815,0.8912143235431117,101,887,0.8071900693212961,0.9968855326592432,0.8920647242601442,0.0010595487519412528,-0.0037259837592616973,-0.0008504007170324623
toniot,6,43,full_test,expert5,ransomware,709,651,10213,58,0.059922680412371136,0.918194640338505,0.1125032403006999,2,0,0.0646736422521176,0.9153737658674189,0.12081161578555473,-0.004750961839746458,0.0028208744710860323,-0.00830837548485483
toniot,6,43,full_test,expert5,scanning,6029,4282,853,1747,0.8338851022395326,0.710233869630121,0.7671085632389825,4160,0,0.7721518987341772,0.020235528279980097,0.03943753030547923,0.06173320350535538,0.6899983413501409,0.7276710329335032
toniot,6,43,full_test,expert5,xss,343854,304567,99007,39287,0.7546744834900166,0.8857451127513422,0.8149734823956287,2560,18395,0.749049082981683,0.931796634618181,0.8304883754385374,0.0056254005083336,-0.04605152186683881,-0.01551489304290865
toniot,6,43,full_test,expert6,backdoor,40030,40012,88,18,0.9978054862842892,0.9995503372470647,0.9986771496318483,4,4,0.9984528622049209,0.9995503372470647,0.9990012983121942,-0.0006473759206316876,0.0,-0.0003241486803459148
toniot,6,43,full_test,expert6,benign,1474302,1216475,4179,257827,0.9965764254244036,0.8251192767831829,0.9027791177295659,17678,87903,0.9765252942591667,0.8727519870420036,0.9217269898668772,0.020051131165236935,-0.047632710258820765,-0.018947872137311306
toniot,6,43,full_test,expert6,ddos,103338,101748,4489,1590,0.9577454182629405,0.9846135980955699,0.9709936776810211,1530,153,0.9896471145029136,0.9712883934273936,0.980381814718767,-0.03190169623997319,0.013325204668176327,-0.00938813703774588
toniot,6,43,full_test,expert6,dos,22458,21953,5148,505,0.8100439098188259,0.9775135809065811,0.8859339373272261,123,258,0.9707304210248747,0.9835248018523466,0.9770857294523578,-0.16068651120604882,-0.00601122094576545,-0.09115179212513169
toniot,6,43,full_test,expert6,injection,68891,66295,20506,2596,0.7637584820451377,0.9623172838251731,0.8516172956863551,925,371,0.8564933034551044,0.95427559478016,0.9027443064395422,-0.0927348214099667,0.008041689045013123,-0.05112701075318704
toniot,6,43,full_test,expert6,mitm,1161,1137,73874,24,0.015157776859393955,0.979328165374677,0.029853489471196766,97,3,0.07132599329822882,0.8983634797588286,0.132159148504815,-0.056168216438834864,0.08096468561584846,-0.10230565903361824
toniot,6,43,full_test,expert6,password,210951,209822,50107,1129,0.8072281276810206,0.994648046228745,0.8911909616038056,96,568,0.8071900693212961,0.9968855326592432,0.8920647242601442,3.8058359724479907e-05,-0.002237486430498148,-0.0008737626563385392
toniot,6,43,full_test,expert6,ransomware,709,666,40346,43,0.016239149517214474,0.9393511988716502,0.031926368016106994,17,0,0.0646736422521176,0.9153737658674189,0.12081161578555473,-0.04843449273490312,0.023977433004231274,-0.08888524776944773
toniot,6,43,full_test,expert6,scanning,6029,4160,1333,1869,0.75732750773712,0.6899983413501409,0.722096858184343,4040,2,0.7721518987341772,0.020235528279980097,0.03943753030547923,-0.014824390997057235,0.6697628130701608,0.6826593278788637
toniot,6,43,full_test,expert6,xss,343854,312523,96862,31331,0.7633963139831699,0.9088828398099194,0.8298109896062206,3758,11637,0.749049082981683,0.931796634618181,0.8304883754385374,0.014347231001486827,-0.02291379480826161,-0.0006773858323168014
cic2018,8,43,cal_select,global,benign,26532,26257,2746,275,0.9053201392959349,0.9896351575456053,0.9456018726928964,0,0,0.9053201392959349,0.9896351575456053,0.9456018726928964,0.0,0.0,0.0
cic2018,8,43,cal_select,global,bot,563,563,0,0,1.0,1.0,1.0,0,0,1.0,1.0,1.0,0.0,0.0,0.0
cic2018,8,43,cal_select,global,brute_force,15811,15811,0,0,1.0,1.0,1.0,0,0,1.0,1.0,1.0,0.0,0.0,0.0
cic2018,8,43,cal_select,global,ddos,25614,25599,2,15,0.9999218780516386,0.9994143827594284,0.9996680659962901,0,0,0.9999218780516386,0.9994143827594284,0.9996680659962901,0.0,0.0,0.0
cic2018,8,43,cal_select,global,dos,14475,14473,0,2,1.0,0.9998618307426598,0.9999309105983142,0,0,1.0,0.9998618307426598,0.9999309105983142,0.0,0.0,0.0
cic2018,8,43,cal_select,global,infiltration,3280,594,236,2686,0.7156626506024096,0.18109756097560975,0.28905109489051095,0,0,0.7156626506024096,0.18109756097560975,0.28905109489051095,0.0,0.0,0.0
cic2018,8,43,cal_select,global,web_attacks,75,16,53,59,0.2318840579710145,0.21333333333333335,0.2222222222222222,0,0,0.2318840579710145,0.21333333333333335,0.2222222222222222,0.0,0.0,0.0
cic2018,8,43,cal_select,expert1,benign,26532,19526,1423,7006,0.932073129982338,0.735941504598221,0.8224763589646384,81,6812,0.9053201392959349,0.9896351575456053,0.9456018726928964,0.026752990686403133,-0.2536936529473842,-0.12312551372825797
cic2018,8,43,cal_select,expert1,bot,563,563,0,0,1.0,1.0,1.0,0,0,1.0,1.0,1.0,0.0,0.0,0.0
cic2018,8,43,cal_select,expert1,brute_force,15811,15811,0,0,1.0,1.0,1.0,0,0,1.0,1.0,1.0,0.0,0.0,0.0
cic2018,8,43,cal_select,expert1,ddos,25614,25614,3,0,0.9998828902681813,1.0,0.9999414417052176,15,0,0.9999218780516386,0.9994143827594284,0.9996680659962901,-3.898778345723386e-05,0.0005856172405716009,0.0002733757089274924
cic2018,8,43,cal_select,expert1,dos,14475,14473,1,2,0.9999309105983142,0.9998618307426598,0.9998963694773567,0,0,1.0,0.9998618307426598,0.9999309105983142,-6.90894016858179e-05,0.0,-3.454112095746531e-05
cic2018,8,43,cal_select,expert1,infiltration,3280,1891,6891,1389,0.21532680482805738,0.5765243902439025,0.3135466755098657,1881,584,0.7156626506024096,0.18109756097560975,0.28905109489051095,-0.5003358457743523,0.3954268292682927,0.02449558061935475
cic2018,8,43,cal_select,expert1,web_attacks,75,17,137,58,0.11038961038961038,0.22666666666666666,0.14847161572052403,1,0,0.2318840579710145,0.21333333333333335,0.2222222222222222,-0.12149444758140411,0.013333333333333308,-0.07375060650169818
cic2018,8,43,cal_select,expert2,benign,26532,15570,215,10962,0.9863794741843522,0.5868385345997287,0.735874471252688,1,10688,0.9053201392959349,0.9896351575456053,0.9456018726928964,0.08105933488841732,-0.4027966229458766,-0.2097274014402084
cic2018,8,43,cal_select,expert2,bot,563,563,0,0,1.0,1.0,1.0,0,0,1.0,1.0,1.0,0.0,0.0,0.0
cic2018,8,43,cal_select,expert2,brute_force,15811,15811,0,0,1.0,1.0,1.0,0,0,1.0,1.0,1.0,0.0,0.0,0.0
cic2018,8,43,cal_select,expert2,ddos,25614,25614,2,0,0.9999219237976265,1.0,0.9999609603747804,15,0,0.9999218780516386,0.9994143827594284,0.9996680659962901,4.57459878866473e-08,0.0005856172405716009,0.00029289437849033817
cic2018,8,43,cal_select,expert2,dos,14475,14475,1,0,0.9999309201436861,1.0,0.9999654588787952,2,0,1.0,0.9998618307426598,0.9999309105983142,-6.907985631388058e-05,0.000138169257340226,3.45482804809949e-05
cic2018,8,43,cal_select,expert2,infiltration,3280,3104,10863,176,0.222238132741462,0.9463414634146341,0.35994665738969095,2510,0,0.7156626506024096,0.18109756097560975,0.28905109489051095,-0.49342451786094765,0.7652439024390243,0.07089556249918
cic2018,8,43,cal_select,expert2,web_attacks,75,16,116,59,0.12121212121212122,0.21333333333333335,0.15458937198067632,0,0,0.2318840579710145,0.21333333333333335,0.2222222222222222,-0.11067193675889328,0.0,-0.06763285024154589
cic2018,8,43,cal_select,expert3,benign,26532,18563,790,7969,0.9591794553815945,0.6996457108397407,0.8091097308488613,49,7743,0.9053201392959349,0.9896351575456053,0.9456018726928964,0.053859316085659636,-0.2899894467058646,-0.13649214184403513
cic2018,8,43,cal_select,expert3,bot,563,563,0,0,1.0,1.0,1.0,0,0,1.0,1.0,1.0,0.0,0.0,0.0
cic2018,8,43,cal_select,expert3,brute_force,15811,15811,0,0,1.0,1.0,1.0,0,0,1.0,1.0,1.0,0.0,0.0,0.0
cic2018,8,43,cal_select,expert3,ddos,25614,25614,3,0,0.9998828902681813,1.0,0.9999414417052176,15,0,0.9999218780516386,0.9994143827594284,0.9996680659962901,-3.898778345723386e-05,0.0005856172405716009,0.0002733757089274924
cic2018,8,43,cal_select,expert3,dos,14475,14473,0,2,1.0,0.9998618307426598,0.9999309105983142,0,0,1.0,0.9998618307426598,0.9999309105983142,0.0,0.0,0.0
cic2018,8,43,cal_select,expert3,infiltration,3280,2553,7966,727,0.24270367905694457,0.7783536585365853,0.37002681353721284,1959,0,0.7156626506024096,0.18109756097560975,0.28905109489051095,-0.47295897154546507,0.5972560975609755,0.08097571864670189
cic2018,8,43,cal_select,expert3,web_attacks,75,14,0,61,1.0,0.18666666666666668,0.3146067415730337,0,2,0.2318840579710145,0.21333333333333335,0.2222222222222222,0.7681159420289855,-0.026666666666666672,0.09238451935081149
cic2018,8,43,cal_select,expert4,benign,26532,19316,695,7216,0.9652691019939034,0.7280265339966833,0.8300281460155126,11,6952,0.9053201392959349,0.9896351575456053,0.9456018726928964,0.059948962697968455,-0.261608623548922,-0.11557372667738386
cic2018,8,43,cal_select,expert4,bot,563,563,4,0,0.9929453262786596,1.0,0.9964601769911504,0,0,1.0,1.0,1.0,-0.007054673721340388,0.0,-0.0035398230088495852
cic2018,8,43,cal_select,expert4,brute_force,15811,15811,0,0,1.0,1.0,1.0,0,0,1.0,1.0,1.0,0.0,0.0,0.0
cic2018,8,43,cal_select,expert4,ddos,25614,25614,2,0,0.9999219237976265,1.0,0.9999609603747804,15,0,0.9999218780516386,0.9994143827594284,0.9996680659962901,4.57459878866473e-08,0.0005856172405716009,0.00029289437849033817
cic2018,8,43,cal_select,expert4,dos,14475,14473,1,2,0.9999309105983142,0.9998618307426598,0.9998963694773567,0,0,1.0,0.9998618307426598,0.9999309105983142,-6.90894016858179e-05,0.0,-3.454112095746531e-05
cic2018,8,43,cal_select,expert4,infiltration,3280,2620,7112,660,0.2692149609535553,0.7987804878048781,0.40270519520442666,2026,0,0.7156626506024096,0.18109756097560975,0.28905109489051095,-0.44644768964885434,0.6176829268292683,0.1136541003139157
cic2018,8,43,cal_select,expert4,web_attacks,75,16,123,59,0.11510791366906475,0.21333333333333335,0.14953271028037382,0,0,0.2318840579710145,0.21333333333333335,0.2222222222222222,-0.11677614430194974,0.0,-0.07268951194184839
cic2018,8,43,cal_select,expert5,benign,26532,18819,765,7713,0.9609375,0.7092944369063772,0.8161592505854801,9,7447,0.9053201392959349,0.9896351575456053,0.9456018726928964,0.05561736070406509,-0.2803407206392281,-0.1294426221074163
cic2018,8,43,cal_select,expert5,bot,563,563,0,0,1.0,1.0,1.0,0,0,1.0,1.0,1.0,0.0,0.0,0.0
cic2018,8,43,cal_select,expert5,brute_force,15811,15811,0,0,1.0,1.0,1.0,0,0,1.0,1.0,1.0,0.0,0.0,0.0
cic2018,8,43,cal_select,expert5,ddos,25614,25614,3,0,0.9998828902681813,1.0,0.9999414417052176,15,0,0.9999218780516386,0.9994143827594284,0.9996680659962901,-3.898778345723386e-05,0.0005856172405716009,0.0002733757089274924
cic2018,8,43,cal_select,expert5,dos,14475,14475,0,0,1.0,1.0,1.0,2,0,1.0,0.9998618307426598,0.9999309105983142,0.0,0.000138169257340226,6.90894016858179e-05
cic2018,8,43,cal_select,expert5,infiltration,3280,2547,7577,733,0.2515804030027657,0.7765243902439024,0.3800358102059087,1953,0,0.7156626506024096,0.18109756097560975,0.28905109489051095,-0.46408224759964395,0.5954268292682927,0.09098471531539776
cic2018,8,43,cal_select,expert5,web_attacks,75,17,159,58,0.09659090909090909,0.22666666666666666,0.13545816733067728,1,0,0.2318840579710145,0.21333333333333335,0.2222222222222222,-0.1352931488801054,0.013333333333333308,-0.08676405489154493
cic2018,8,43,cal_select,expert6,benign,26532,19109,654,7423,0.9669078581187067,0.7202246344037389,0.825531914893617,21,7169,0.9053201392959349,0.9896351575456053,0.9456018726928964,0.06158771882277181,-0.2694105231418664,-0.12006995779927943
cic2018,8,43,cal_select,expert6,bot,563,563,5,0,0.9911971830985915,1.0,0.995579133510168,0,0,1.0,1.0,1.0,-0.008802816901408494,0.0,-0.004420866489831976
cic2018,8,43,cal_select,expert6,brute_force,15811,15811,0,0,1.0,1.0,1.0,0,0,1.0,1.0,1.0,0.0,0.0,0.0
cic2018,8,43,cal_select,expert6,ddos,25614,25614,4,0,0.9998438597860879,1.0,0.9999219237976265,15,0,0.9999218780516386,0.9994143827594284,0.9996680659962901,-7.801826555065006e-05,0.0005856172405716009,0.0002538578013363546
cic2018,8,43,cal_select,expert6,dos,14475,14475,0,0,1.0,1.0,1.0,2,0,1.0,0.9998618307426598,0.9999309105983142,0.0,0.000138169257340226,6.90894016858179e-05
cic2018,8,43,cal_select,expert6,infiltration,3280,2659,7305,621,0.26686069851465277,0.8106707317073171,0.4015403201449713,2072,7,0.7156626506024096,0.18109756097560975,0.28905109489051095,-0.44880195208775686,0.6295731707317074,0.11248922525446037
cic2018,8,43,cal_select,expert6,web_attacks,75,16,135,59,0.10596026490066225,0.21333333333333335,0.1415929203539823,0,0,0.2318840579710145,0.21333333333333335,0.2222222222222222,-0.12592379307035223,0.0,-0.08062930186823991
cic2018,8,43,cal_select,expert7,benign,26532,26408,3325,124,0.8881713920559647,0.995326398311473,0.9387007909002044,151,0,0.9053201392959349,0.9896351575456053,0.9456018726928964,-0.017148747239970175,0.005691240765867689,-0.006901081792691999
cic2018,8,43,cal_select,expert7,bot,563,563,0,0,1.0,1.0,1.0,0,0,1.0,1.0,1.0,0.0,0.0,0.0
cic2018,8,43,cal_select,expert7,brute_force,15811,15811,0,0,1.0,1.0,1.0,0,0,1.0,1.0,1.0,0.0,0.0,0.0
cic2018,8,43,cal_select,expert7,ddos,25614,25582,1,32,0.9999609115428214,0.998750683220114,0.9993554309822841,0,17,0.9999218780516386,0.9994143827594284,0.9996680659962901,3.9033491182838276e-05,-0.000663699539314444,-0.0003126350140060241
cic2018,8,43,cal_select,expert7,dos,14475,14473,0,2,1.0,0.9998618307426598,0.9999309105983142,0,0,1.0,0.9998618307426598,0.9999309105983142,0.0,0.0,0.0
cic2018,8,43,cal_select,expert7,infiltration,3280,0,92,3280,0.0,0.0,0.0,0,594,0.7156626506024096,0.18109756097560975,0.28905109489051095,-0.7156626506024096,-0.18109756097560975,-0.28905109489051095
cic2018,8,43,cal_select,expert7,web_attacks,75,16,79,59,0.16842105263157894,0.21333333333333335,0.18823529411764706,0,0,0.2318840579710145,0.21333333333333335,0.2222222222222222,-0.06346300533943555,0.0,-0.033986928104575154
cic2018,8,43,cal_select,expert8,benign,26532,19599,836,6933,0.9590897969170541,0.7386928991406604,0.8345859859049971,24,6682,0.9053201392959349,0.9896351575456053,0.9456018726928964,0.05376965762111918,-0.2509422584049449,-0.11101588678789931
cic2018,8,43,cal_select,expert8,bot,563,563,4,0,0.9929453262786596,1.0,0.9964601769911504,0,0,1.0,1.0,1.0,-0.007054673721340388,0.0,-0.0035398230088495852
cic2018,8,43,cal_select,expert8,brute_force,15811,15811,0,0,1.0,1.0,1.0,0,0,1.0,1.0,1.0,0.0,0.0,0.0
cic2018,8,43,cal_select,expert8,ddos,25614,25614,3,0,0.9998828902681813,1.0,0.9999414417052176,15,0,0.9999218780516386,0.9994143827594284,0.9996680659962901,-3.898778345723386e-05,0.0005856172405716009,0.0002733757089274924
cic2018,8,43,cal_select,expert8,dos,14475,14473,0,2,1.0,0.9998618307426598,0.9999309105983142,0,0,1.0,0.9998618307426598,0.9999309105983142,0.0,0.0,0.0
cic2018,8,43,cal_select,expert8,infiltration,3280,2479,6831,801,0.2662728249194415,0.7557926829268292,0.3938046068308181,1892,7,0.7156626506024096,0.18109756097560975,0.28905109489051095,-0.44938982568296815,0.5746951219512195,0.10475351194030713
cic2018,8,43,cal_select,expert8,web_attacks,75,16,121,59,0.11678832116788321,0.21333333333333335,0.1509433962264151,0,0,0.2318840579710145,0.21333333333333335,0.2222222222222222,-0.11509573680313129,0.0,-0.07127882599580712
cic2018,8,43,cal_confirm,global,benign,11232,11162,1216,70,0.9017611892066569,0.9937678062678063,0.9455315544260906,0,0,0.9017611892066569,0.9937678062678063,0.9455315544260906,0.0,0.0,0.0
cic2018,8,43,cal_confirm,global,bot,173,173,0,0,1.0,1.0,1.0,0,0,1.0,1.0,1.0,0.0,0.0,0.0
cic2018,8,43,cal_confirm,global,brute_force,6774,6774,0,0,1.0,1.0,1.0,0,0,1.0,1.0,1.0,0.0,0.0,0.0
cic2018,8,43,cal_confirm,global,ddos,9736,9641,0,95,1.0,0.9902423993426458,0.9950972802807452,0,0,1.0,0.9902423993426458,0.9950972802807452,0.0,0.0,0.0
cic2018,8,43,cal_confirm,global,dos,6165,6165,1,0,0.9998378203048979,1.0,0.9999189035763523,0,0,0.9998378203048979,1.0,0.9999189035763523,0.0,0.0,0.0
cic2018,8,43,cal_confirm,global,infiltration,1396,268,56,1128,0.8271604938271605,0.19197707736389685,0.3116279069767442,0,0,0.8271604938271605,0.19197707736389685,0.3116279069767442,0.0,0.0,0.0
cic2018,8,43,cal_confirm,global,web_attacks,33,32,21,1,0.6037735849056604,0.9696969696969697,0.7441860465116279,0,0,0.6037735849056604,0.9696969696969697,0.7441860465116279,0.0,0.0,0.0
cic2018,8,43,cal_confirm,expert1,benign,11232,8650,466,2582,0.9488810881965775,0.7701210826210826,0.850206408492235,37,2549,0.9017611892066569,0.9937678062678063,0.9455315544260906,0.04711989898992053,-0.22364672364672367,-0.09532514593385555
cic2018,8,43,cal_confirm,expert1,bot,173,173,7,0,0.9611111111111111,1.0,0.9801699716713881,0,0,1.0,1.0,1.0,-0.03888888888888886,0.0,-0.019830028328611915
cic2018,8,43,cal_confirm,expert1,brute_force,6774,6774,0,0,1.0,1.0,1.0,0,0,1.0,1.0,1.0,0.0,0.0,0.0
cic2018,8,43,cal_confirm,expert1,ddos,9736,9712,0,24,1.0,0.9975349219391948,0.9987659399424106,71,0,1.0,0.9902423993426458,0.9950972802807452,0.0,0.007292522596549,0.0036686596616654077
cic2018,8,43,cal_confirm,expert1,dos,6165,6165,1,0,0.9998378203048979,1.0,0.9999189035763523,0,0,0.9998378203048979,1.0,0.9999189035763523,0.0,0.0,0.0
cic2018,8,43,cal_confirm,expert1,infiltration,1396,928,2537,468,0.26782106782106785,0.664756446991404,0.38181444147294796,831,171,0.8271604938271605,0.19197707736389685,0.3116279069767442,-0.5593394260060927,0.47277936962750716,0.07018653449620377
cic2018,8,43,cal_confirm,expert1,web_attacks,33,32,64,1,0.3333333333333333,0.9696969696969697,0.49612403100775193,0,0,0.6037735849056604,0.9696969696969697,0.7441860465116279,-0.27044025157232704,0.0,-0.24806201550387597
cic2018,8,43,cal_confirm,expert2,benign,11232,6669,91,4563,0.9865384615384616,0.59375,0.7413294797687862,1,4494,0.9017611892066569,0.9937678062678063,0.9455315544260906,0.08477727233180465,-0.40001780626780625,-0.20420207465730444
cic2018,8,43,cal_confirm,expert2,bot,173,173,7,0,0.9611111111111111,1.0,0.9801699716713881,0,0,1.0,1.0,1.0,-0.03888888888888886,0.0,-0.019830028328611915
cic2018,8,43,cal_confirm,expert2,brute_force,6774,6774,0,0,1.0,1.0,1.0,0,0,1.0,1.0,1.0,0.0,0.0,0.0
cic2018,8,43,cal_confirm,expert2,ddos,9736,9720,0,16,1.0,0.9983566146261298,0.9991776315789473,79,0,1.0,0.9902423993426458,0.9950972802807452,0.0,0.008114215283483994,0.004080351298202167
cic2018,8,43,cal_confirm,expert2,dos,6165,6165,1,0,0.9998378203048979,1.0,0.9999189035763523,0,0,0.9998378203048979,1.0,0.9999189035763523,0.0,0.0,0.0
cic2018,8,43,cal_confirm,expert2,infiltration,1396,1293,4528,103,0.22212678233980415,0.9262177650429799,0.3583206318414854,1027,2,0.8271604938271605,0.19197707736389685,0.3116279069767442,-0.6050337114873563,0.734240687679083,0.046692724864741186
cic2018,8,43,cal_confirm,expert2,web_attacks,33,33,55,0,0.375,1.0,0.5454545454545454,1,0,0.6037735849056604,0.9696969696969697,0.7441860465116279,-0.22877358490566035,0.030303030303030276,-0.19873150105708248
cic2018,8,43,cal_confirm,expert3,benign,11232,8211,258,3021,0.9695359546581651,0.7310363247863247,0.8335617481346125,18,2969,0.9017611892066569,0.9937678062678063,0.9455315544260906,0.06777476545150818,-0.2627314814814815,-0.11196980629147812
cic2018,8,43,cal_confirm,expert3,bot,173,173,8,0,0.9558011049723757,1.0,0.9774011299435028,0,0,1.0,1.0,1.0,-0.04419889502762431,0.0,-0.02259887005649719
cic2018,8,43,cal_confirm,expert3,brute_force,6774,6774,0,0,1.0,1.0,1.0,0,0,1.0,1.0,1.0,0.0,0.0,0.0
cic2018,8,43,cal_confirm,expert3,ddos,9736,9736,0,0,1.0,1.0,1.0,95,0,1.0,0.9902423993426458,0.9950972802807452,0.0,0.009757600657354204,0.004902719719254822
cic2018,8,43,cal_confirm,expert3,dos,6165,6165,1,0,0.9998378203048979,1.0,0.9999189035763523,0,0,0.9998378203048979,1.0,0.9999189035763523,0.0,0.0,0.0
cic2018,8,43,cal_confirm,expert3,infiltration,1396,1165,3012,231,0.2789083073976538,0.8345272206303725,0.41808720617261796,903,6,0.8271604938271605,0.19197707736389685,0.3116279069767442,-0.5482521864295067,0.6425501432664757,0.10645929919587377
cic2018,8,43,cal_confirm,expert3,web_attacks,33,6,0,27,1.0,0.18181818181818182,0.3076923076923077,0,26,0.6037735849056604,0.9696969696969697,0.7441860465116279,0.39622641509433965,-0.7878787878787878,-0.4364937388193202
cic2018,8,43,cal_confirm,expert4,benign,11232,8489,285,2743,0.967517665830864,0.7557870370370371,0.8486454063780866,2,2675,0.9017611892066569,0.9937678062678063,0.9455315544260906,0.06575647662420703,-0.23798076923076916,-0.096886148048004
cic2018,8,43,cal_confirm,expert4,bot,173,173,15,0,0.9202127659574468,1.0,0.9584487534626038,0,0,1.0,1.0,1.0,-0.07978723404255317,0.0,-0.04155124653739617
cic2018,8,43,cal_confirm,expert4,brute_force,6774,6774,0,0,1.0,1.0,1.0,0,0,1.0,1.0,1.0,0.0,0.0,0.0
cic2018,8,43,cal_confirm,expert4,ddos,9736,9736,0,0,1.0,1.0,1.0,95,0,1.0,0.9902423993426458,0.9950972802807452,0.0,0.009757600657354204,0.004902719719254822
cic2018,8,43,cal_confirm,expert4,dos,6165,6165,0,0,1.0,1.0,1.0,0,0,0.9998378203048979,1.0,0.9999189035763523,0.00016217969510212704,0.0,8.109642364773073e-05
cic2018,8,43,cal_confirm,expert4,infiltration,1396,1091,2695,305,0.28816693079767564,0.7815186246418339,0.4210729448089541,829,6,0.8271604938271605,0.19197707736389685,0.3116279069767442,-0.5389935630294849,0.5895415472779371,0.10944503783220988
cic2018,8,43,cal_confirm,expert4,web_attacks,33,33,53,0,0.38372093023255816,1.0,0.5546218487394958,1,0,0.6037735849056604,0.9696969696969697,0.7441860465116279,-0.2200526546731022,0.030303030303030276,-0.18956419777213207
cic2018,8,43,cal_confirm,expert5,benign,11232,8033,230,3199,0.9721650732179595,0.7151887464387464,0.8241087458322647,1,3130,0.9017611892066569,0.9937678062678063,0.9455315544260906,0.0704038840113026,-0.27857905982905984,-0.12142280859382593
cic2018,8,43,cal_confirm,expert5,bot,173,173,10,0,0.9453551912568307,1.0,0.9719101123595506,0,0,1.0,1.0,1.0,-0.05464480874316935,0.0,-0.028089887640449396
cic2018,8,43,cal_confirm,expert5,brute_force,6774,6774,0,0,1.0,1.0,1.0,0,0,1.0,1.0,1.0,0.0,0.0,0.0
cic2018,8,43,cal_confirm,expert5,ddos,9736,9736,0,0,1.0,1.0,1.0,95,0,1.0,0.9902423993426458,0.9950972802807452,0.0,0.009757600657354204,0.004902719719254822
cic2018,8,43,cal_confirm,expert5,dos,6165,6165,1,0,0.9998378203048979,1.0,0.9999189035763523,0,0,0.9998378203048979,1.0,0.9999189035763523,0.0,0.0,0.0
cic2018,8,43,cal_confirm,expert5,infiltration,1396,1144,3138,252,0.2671648762260626,0.8194842406876791,0.40295878830574144,880,4,0.8271604938271605,0.19197707736389685,0.3116279069767442,-0.5599956176010978,0.6275071633237823,0.09133088132899725
cic2018,8,43,cal_confirm,expert5,web_attacks,33,33,72,0,0.3142857142857143,1.0,0.4782608695652174,1,0,0.6037735849056604,0.9696969696969697,0.7441860465116279,-0.2894878706199461,0.030303030303030276,-0.2659251769464105
cic2018,8,43,cal_confirm,expert6,benign,11232,8476,262,2756,0.9700160219729915,0.7546296296296297,0.8488733099649475,11,2697,0.9017611892066569,0.9937678062678063,0.9455315544260906,0.0682548327663346,-0.2391381766381766,-0.09665824446114313
cic2018,8,43,cal_confirm,expert6,bot,173,173,8,0,0.9558011049723757,1.0,0.9774011299435028,0,0,1.0,1.0,1.0,-0.04419889502762431,0.0,-0.02259887005649719
cic2018,8,43,cal_confirm,expert6,brute_force,6774,6774,0,0,1.0,1.0,1.0,0,0,1.0,1.0,1.0,0.0,0.0,0.0
cic2018,8,43,cal_confirm,expert6,ddos,9736,9724,0,12,1.0,0.9987674609695973,0.9993833504624872,83,0,1.0,0.9902423993426458,0.9950972802807452,0.0,0.008525061626951547,0.0042860701817419855
cic2018,8,43,cal_confirm,expert6,dos,6165,6165,1,0,0.9998378203048979,1.0,0.9999189035763523,0,0,0.9998378203048979,1.0,0.9999189035763523,0.0,0.0,0.0
cic2018,8,43,cal_confirm,expert6,infiltration,1396,1116,2720,280,0.2909280500521376,0.7994269340974212,0.42660550458715596,865,17,0.8271604938271605,0.19197707736389685,0.3116279069767442,-0.5362324437750229,0.6074498567335243,0.11497759761041176
cic2018,8,43,cal_confirm,expert6,web_attacks,33,33,57,0,0.36666666666666664,1.0,0.5365853658536586,1,0,0.6037735849056604,0.9696969696969697,0.7441860465116279,-0.2371069182389937,0.030303030303030276,-0.20760068065796933
cic2018,8,43,cal_confirm,expert7,benign,11232,11202,1325,30,0.8942284665123333,0.9973290598290598,0.9429689801759333,46,6,0.9017611892066569,0.9937678062678063,0.9455315544260906,-0.00753272269432359,0.0035612535612535856,-0.002562574250157268
cic2018,8,43,cal_confirm,expert7,bot,173,173,6,0,0.9664804469273743,1.0,0.9829545454545454,0,0,1.0,1.0,1.0,-0.03351955307262566,0.0,-0.017045454545454586
cic2018,8,43,cal_confirm,expert7,brute_force,6774,6774,0,0,1.0,1.0,1.0,0,0,1.0,1.0,1.0,0.0,0.0,0.0
cic2018,8,43,cal_confirm,expert7,ddos,9736,9518,0,218,1.0,0.977608874281019,0.9886776773657422,0,123,1.0,0.9902423993426458,0.9950972802807452,0.0,-0.012633525061626849,-0.0064196029150029865
cic2018,8,43,cal_confirm,expert7,dos,6165,6165,1,0,0.9998378203048979,1.0,0.9999189035763523,0,0,0.9998378203048979,1.0,0.9999189035763523,0.0,0.0,0.0
cic2018,8,43,cal_confirm,expert7,infiltration,1396,78,11,1318,0.8764044943820225,0.055873925501432664,0.10505050505050505,0,190,0.8271604938271605,0.19197707736389685,0.3116279069767442,0.049244000554862,-0.1361031518624642,-0.20657740192623913
cic2018,8,43,cal_confirm,expert7,web_attacks,33,32,224,1,0.125,0.9696969696969697,0.22145328719723184,0,0,0.6037735849056604,0.9696969696969697,0.7441860465116279,-0.47877358490566035,0.0,-0.522732759314396
cic2018,8,43,cal_confirm,expert8,benign,11232,8664,332,2568,0.9630947087594487,0.7713675213675214,0.8566343682024916,11,2509,0.9017611892066569,0.9937678062678063,0.9455315544260906,0.06133351955279176,-0.22240028490028485,-0.08889718622359899
cic2018,8,43,cal_confirm,expert8,bot,173,173,11,0,0.9402173913043478,1.0,0.969187675070028,0,0,1.0,1.0,1.0,-0.05978260869565222,0.0,-0.03081232492997199
cic2018,8,43,cal_confirm,expert8,brute_force,6774,6774,0,0,1.0,1.0,1.0,0,0,1.0,1.0,1.0,0.0,0.0,0.0
cic2018,8,43,cal_confirm,expert8,ddos,9736,9736,0,0,1.0,1.0,1.0,95,0,1.0,0.9902423993426458,0.9950972802807452,0.0,0.009757600657354204,0.004902719719254822
cic2018,8,43,cal_confirm,expert8,dos,6165,6165,0,0,1.0,1.0,1.0,0,0,0.9998378203048979,1.0,0.9999189035763523,0.00016217969510212704,0.0,8.109642364773073e-05
cic2018,8,43,cal_confirm,expert8,infiltration,1396,1044,2524,352,0.29260089686098656,0.7478510028653295,0.42062852538275586,791,15,0.8271604938271605,0.19197707736389685,0.3116279069767442,-0.5345595969661739,0.5558739255014327,0.10900061840601166
cic2018,8,43,cal_confirm,expert8,web_attacks,33,33,53,0,0.38372093023255816,1.0,0.5546218487394958,1,0,0.6037735849056604,0.9696969696969697,0.7441860465116279,-0.2200526546731022,0.030303030303030276,-0.18956419777213207
cic2018,8,43,full_test,global,benign,2652203,2643864,10270,8339,0.996130564621078,0.996855821368123,0.9964930610324976,0,0,0.996130564621078,0.996855821368123,0.9964930610324976,0.0,0.0,0.0
cic2018,8,43,full_test,global,bot,41542,41418,4,124,0.9999034329583313,0.9970150690867075,0.998457162142616,0,0,0.9999034329583313,0.9970150690867075,0.998457162142616,0.0,0.0,0.0
cic2018,8,43,full_test,global,brute_force,37696,37676,0,20,1.0,0.9994694397283531,0.9997346494719525,0,0,1.0,0.9994694397283531,0.9997346494719525,0.0,0.0,0.0
cic2018,8,43,full_test,global,ddos,262680,258621,6,4059,0.9999768005660662,0.9845477386934673,0.9922022915479746,0,0,0.9999768005660662,0.9845477386934673,0.9922022915479746,0.0,0.0,0.0
cic2018,8,43,full_test,global,dos,39483,38868,10,615,0.9997427851226915,0.9844236760124611,0.9920240936179987,0,0,0.9997427851226915,0.9844236760124611,0.9920240936179987,0.0,0.0,0.0
cic2018,8,43,full_test,global,infiltration,8742,2805,7935,5937,0.2611731843575419,0.3208647906657515,0.2879581151832461,0,0,0.2611731843575419,0.3208647906657515,0.2879581151832461,0.0,0.0,0.0
cic2018,8,43,full_test,global,web_attacks,127,118,878,9,0.11847389558232932,0.9291338582677166,0.21015138023152272,0,0,0.11847389558232932,0.9291338582677166,0.21015138023152272,0.0,0.0,0.0
cic2018,8,43,full_test,expert1,benign,2652203,2114509,3955,537694,0.9981330813268481,0.7972651414691861,0.8864626267144615,5477,534832,0.996130564621078,0.996855821368123,0.9964930610324976,0.0020025167057701188,-0.19959067989893686,-0.11003043431803605
cic2018,8,43,full_test,expert1,bot,41542,41422,25,120,0.9993968200352257,0.9971113571806846,0.9982527804889805,4,0,0.9999034329583313,0.9970150690867075,0.998457162142616,-0.0005066129231056093,9.62880939771038e-05,-0.00020438165363556582
cic2018,8,43,full_test,expert1,brute_force,37696,37676,0,20,1.0,0.9994694397283531,0.9997346494719525,0,0,1.0,0.9994694397283531,0.9997346494719525,0.0,0.0,0.0
cic2018,8,43,full_test,expert1,ddos,262680,261966,18,714,0.9999312935141077,0.9972818638647785,0.998604821371392,3345,0,0.9999768005660662,0.9845477386934673,0.9922022915479746,-4.550705195849325e-05,0.012734125171311117,0.00640252982341738
cic2018,8,43,full_test,expert1,dos,39483,38919,56,564,0.9985631815266196,0.9857153711724033,0.992097682836677,51,0,0.9997427851226915,0.9844236760124611,0.9920240936179987,-0.001179603596071943,0.0012916951599422077,7.358921867828272e-05
cic2018,8,43,full_test,expert1,infiltration,8742,5019,534416,3723,0.009304179372862346,0.5741249142072752,0.018311603733830496,3785,1571,0.2611731843575419,0.3208647906657515,0.2879581151832461,-0.25186900498467957,0.25326012354152366,-0.2696465114494156
cic2018,8,43,full_test,expert1,web_attacks,127,122,4370,5,0.02715939447907391,0.9606299212598425,0.05282528685862741,4,0,0.11847389558232932,0.9291338582677166,0.21015138023152272,-0.09131450110325541,0.03149606299212593,-0.1573260933728953
cic2018,8,43,full_test,expert2,benign,2652203,1790832,546,861371,0.9996952067067922,0.6752243323757646,0.8060309916709069,522,853554,0.996130564621078,0.996855821368123,0.9964930610324976,0.0035646420857142758,-0.3216314889923584,-0.1904620693615907
cic2018,8,43,full_test,expert2,bot,41542,41422,25,120,0.9993968200352257,0.9971113571806846,0.9982527804889805,4,0,0.9999034329583313,0.9970150690867075,0.998457162142616,-0.0005066129231056093,9.62880939771038e-05,-0.00020438165363556582
cic2018,8,43,full_test,expert2,brute_force,37696,37676,0,20,1.0,0.9994694397283531,0.9997346494719525,0,0,1.0,0.9994694397283531,0.9997346494719525,0.0,0.0,0.0
cic2018,8,43,full_test,expert2,ddos,262680,262306,8,374,0.9999695021996539,0.9985762144053602,0.9992723726366397,3686,1,0.9999768005660662,0.9845477386934673,0.9922022915479746,-7.298366412333834e-06,0.014028475711892807,0.007070081088665137
cic2018,8,43,full_test,expert2,dos,39483,38873,64,610,0.9983563191822687,0.9845503127928475,0.9914052537617954,5,0,0.9997427851226915,0.9844236760124611,0.9920240936179987,-0.0013864659404227986,0.00012663678038649095,-0.0006188398562032571
cic2018,8,43,full_test,expert2,infiltration,8742,8172,858870,570,0.009425148954721917,0.9347975291695264,0.018662135869118412,5374,7,0.2611731843575419,0.3208647906657515,0.2879581151832461,-0.25174803540282,0.6139327385037749,-0.2692959793141277
cic2018,8,43,full_test,expert2,web_attacks,127,123,3556,4,0.03343299809730905,0.968503937007874,0.06463478717813978,5,0,0.11847389558232932,0.9291338582677166,0.21015138023152272,-0.08504089748502028,0.03937007874015741,-0.14551659305338294
cic2018,8,43,full_test,expert3,benign,2652203,2044189,2594,608014,0.9987326453268373,0.7707513338911086,0.8700553693924604,1321,600996,0.996130564621078,0.996855821368123,0.9964930610324976,0.002602080705759291,-0.2261044874770144,-0.12643769164003715
cic2018,8,43,full_test,expert3,bot,41542,41422,52,120,0.9987462024400829,0.9971113571806846,0.9979281102438085,4,0,0.9999034329583313,0.9970150690867075,0.998457162142616,-0.0011572305182483422,9.62880939771038e-05,-0.0005290518988075865
cic2018,8,43,full_test,expert3,brute_force,37696,37676,0,20,1.0,0.9994694397283531,0.9997346494719525,0,0,1.0,0.9994694397283531,0.9997346494719525,0.0,0.0,0.0
cic2018,8,43,full_test,expert3,ddos,262680,262582,19,98,0.9999276468863408,0.9996269224912441,0.9997772620749656,3961,0,0.9999768005660662,0.9845477386934673,0.9922022915479746,-4.915367972535556e-05,0.01507918379777673,0.007574970526991076
cic2018,8,43,full_test,expert3,dos,39483,38869,4,614,0.999897100815476,0.9844490033685384,0.9921129205166165,3,2,0.9997427851226915,0.9844236760124611,0.9920240936179987,0.0001543156927844569,2.532735607729819e-05,8.88268986177776e-05
cic2018,8,43,full_test,expert3,infiltration,8742,7112,607940,1630,0.011563249936590728,0.813543811484786,0.02280239951009468,4334,27,0.2611731843575419,0.3208647906657515,0.2879581151832461,-0.24960993442095117,0.49267902081903453,-0.26515571567315144
cic2018,8,43,full_test,expert3,web_attacks,127,14,0,113,1.0,0.11023622047244094,0.19858156028368795,0,104,0.11847389558232932,0.9291338582677166,0.21015138023152272,0.8815261044176707,-0.8188976377952756,-0.011569819947834764
cic2018,8,43,full_test,expert4,benign,2652203,2111945,1655,540258,0.9992169757759273,0.7962983979733075,0.8862913553078043,815,532734,0.996130564621078,0.996855821368123,0.9964930610324976,0.003086411154849311,-0.20055742339481553,-0.11020170572469323
cic2018,8,43,full_test,expert4,bot,41542,41422,424,120,0.989867609807389,0.9971113571806846,0.9934762795606082,4,0,0.9999034329583313,0.9970150690867075,0.998457162142616,-0.010035823150942313,9.62880939771038e-05,-0.004980882582007795
cic2018,8,43,full_test,expert4,brute_force,37696,37676,0,20,1.0,0.9994694397283531,0.9997346494719525,0,0,1.0,0.9994694397283531,0.9997346494719525,0.0,0.0,0.0
cic2018,8,43,full_test,expert4,ddos,262680,262670,16,10,0.9999390907775824,0.9999619308664535,0.999950510691594,4058,9,0.9999768005660662,0.9845477386934673,0.9922022915479746,-3.7709788483830664e-05,0.015414192172986119,0.00774821914361945
cic2018,8,43,full_test,expert4,dos,39483,38874,527,609,0.9866247049567269,0.9845756401489248,0.9855991075503271,6,0,0.9997427851226915,0.9844236760124611,0.9920240936179987,-0.013118080165964607,0.00015196413646378915,-0.006424986067671612
cic2018,8,43,full_test,expert4,infiltration,8742,7084,536822,1658,0.013024309347571088,0.8103408830931137,0.025636571560921237,4304,25,0.2611731843575419,0.3208647906657515,0.2879581151832461,-0.2481488750099708,0.4894760924273622,-0.26232154362232485
cic2018,8,43,full_test,expert4,web_attacks,127,123,3235,4,0.036628945801072066,0.968503937007874,0.07058823529411765,5,0,0.11847389558232932,0.9291338582677166,0.21015138023152272,-0.08184494978125725,0.03937007874015741,-0.13956314493740507
cic2018,8,43,full_test,expert5,benign,2652203,2033005,1820,619198,0.9991055741894266,0.7665344621056533,0.8675028184171292,555,611414,0.996130564621078,0.996855821368123,0.9964930610324976,0.002975009568348619,-0.23032135926246966,-0.1289902426153684
cic2018,8,43,full_test,expert5,bot,41542,41422,61,120,0.9985295181158547,0.9971113571806846,0.9978199337548931,4,0,0.9999034329583313,0.9970150690867075,0.998457162142616,-0.00137391484247662,9.62880939771038e-05,-0.0006372283877229545
cic2018,8,43,full_test,expert5,brute_force,37696,37676,0,20,1.0,0.9994694397283531,0.9997346494719525,0,0,1.0,0.9994694397283531,0.9997346494719525,0.0,0.0,0.0
cic2018,8,43,full_test,expert5,ddos,262680,262680,53,0,0.9997982742936745,1.0,0.9998991269724959,4059,0,0.9999768005660662,0.9845477386934673,0.9922022915479746,-0.00017852627239167695,0.015452261306532655,0.0076968354245213755
cic2018,8,43,full_test,expert5,dos,39483,39256,45,227,0.9988549909671509,0.9942506901704531,0.9965475223395613,388,0,0.9997427851226915,0.9844236760124611,0.9920240936179987,-0.0008877941555406332,0.009827014157992031,0.004523428721562639
cic2018,8,43,full_test,expert5,infiltration,8742,6879,614712,1863,0.011066762549650815,0.7868908716540838,0.021826558342971095,4097,23,0.2611731843575419,0.3208647906657515,0.2879581151832461,-0.25010642180789106,0.46602608098833226,-0.266131556840275
cic2018,8,43,full_test,expert5,web_attacks,127,123,4741,4,0.02528782894736842,0.968503937007874,0.049288719695451816,5,0,0.11847389558232932,0.9291338582677166,0.21015138023152272,-0.0931860666349609,0.03937007874015741,-0.1608626605360709
cic2018,8,43,full_test,expert6,benign,2652203,2087791,1674,564412,0.999198837980057,0.7871912519516794,0.8806145854159338,2866,558939,0.996130564621078,0.996855821368123,0.9964930610324976,0.003068273358979079,-0.20966456941644362,-0.11587847561656373
cic2018,8,43,full_test,expert6,bot,41542,41422,242,120,0.9941916282642089,0.9971113571806846,0.9956493522101771,4,0,0.9999034329583313,0.9970150690867075,0.998457162142616,-0.005711804694122358,9.62880939771038e-05,-0.0028078099324388983
cic2018,8,43,full_test,expert6,brute_force,37696,37676,0,20,1.0,0.9994694397283531,0.9997346494719525,0,0,1.0,0.9994694397283531,0.9997346494719525,0.0,0.0,0.0
cic2018,8,43,full_test,expert6,ddos,262680,262363,23,317,0.9999123428841478,0.9987932084665753,0.9993524623571132,3742,0,0.9999768005660662,0.9845477386934673,0.9922022915479746,-6.445768191842838e-05,0.014245469773107922,0.007150170809138601
cic2018,8,43,full_test,expert6,dos,39483,38871,181,612,0.9953651541534364,0.984499658080693,0.9899025912013751,3,0,0.9997427851226915,0.9844236760124611,0.9920240936179987,-0.004377630969255142,7.598206823189457e-05,-0.0021215024166235663
cic2018,8,43,full_test,expert6,infiltration,8742,7038,560818,1704,0.01239398720802457,0.8050789293067948,0.024412155435849587,4294,61,0.2611731843575419,0.3208647906657515,0.2879581151832461,-0.24877919714951732,0.4842141386410433,-0.26354595974739653
cic2018,8,43,full_test,expert6,web_attacks,127,125,4249,2,0.02857796067672611,0.984251968503937,0.05554321261941791,7,0,0.11847389558232932,0.9291338582677166,0.21015138023152272,-0.08989593490560321,0.055118110236220486,-0.1546081676121048
cic2018,8,43,full_test,expert7,benign,2652203,2651439,8449,764,0.9968235504652827,0.9997119375854714,0.998265654711111,7619,44,0.996130564621078,0.996855821368123,0.9964930610324976,0.000692985844204741,0.002856116217348381,0.0017725936786133767
cic2018,8,43,full_test,expert7,bot,41542,41417,14,125,0.9996620887741063,0.9969909970632131,0.9983247562460077,0,1,0.9999034329583313,0.9970150690867075,0.998457162142616,-0.0002413441842249453,-2.4072023494303707e-05,-0.00013240589660834523
cic2018,8,43,full_test,expert7,brute_force,37696,37676,0,20,1.0,0.9994694397283531,0.9997346494719525,0,0,1.0,0.9994694397283531,0.9997346494719525,0.0,0.0,0.0
cic2018,8,43,full_test,expert7,ddos,262680,251862,2,10818,0.9999920592065559,0.9588168113293741,0.9789716720047266,0,6759,0.9999768005660662,0.9845477386934673,0.9922022915479746,1.5258640489679287e-05,-0.025730927364093215,-0.013230619543248001
cic2018,8,43,full_test,expert7,dos,39483,38871,2,612,0.999948550407738,0.984499658080693,0.9921639695747614,3,0,0.9997427851226915,0.9844236760124611,0.9920240936179987,0.0002057652850464553,7.598206823189457e-05,0.0001398759567626806
cic2018,8,43,full_test,expert7,infiltration,8742,1111,366,7631,0.7522004062288422,0.12708762296957218,0.21743810548977396,0,1694,0.2611731843575419,0.3208647906657515,0.2879581151832461,0.4910272218713003,-0.19377716769617934,-0.07052000969347214
cic2018,8,43,full_test,expert7,web_attacks,127,118,11146,9,0.010475852272727272,0.9291338582677166,0.02071811078921956,1,1,0.11847389558232932,0.9291338582677166,0.21015138023152272,-0.10799804330960205,0.0,-0.18943326944230315
cic2018,8,43,full_test,expert8,benign,2652203,2139448,2013,512755,0.9990599875505555,0.806668267851292,0.8926149183589004,2726,507142,0.996130564621078,0.996855821368123,0.9964930610324976,0.00292942292947751,-0.19018755351683103,-0.10387814267359718
cic2018,8,43,full_test,expert8,bot,41542,41422,176,120,0.9957690273570845,0.9971113571806846,0.9964397401972577,4,0,0.9999034329583313,0.9970150690867075,0.998457162142616,-0.004134405601246782,9.62880939771038e-05,-0.0020174219453583664
cic2018,8,43,full_test,expert8,brute_force,37696,37676,0,20,1.0,0.9994694397283531,0.9997346494719525,0,0,1.0,0.9994694397283531,0.9997346494719525,0.0,0.0,0.0
cic2018,8,43,full_test,expert8,ddos,262680,262669,5,11,0.9999809649984391,0.9999581239530988,0.9999695443453367,4058,10,0.9999768005660662,0.9845477386934673,0.9922022915479746,4.164432372943949e-06,0.015410385259631454,0.007767252797362123
cic2018,8,43,full_test,expert8,dos,39483,38862,7,621,0.9998199078957524,0.9842717118759973,0.9919848887073719,3,9,0.9997427851226915,0.9844236760124611,0.9920240936179987,7.71227730608226e-05,-0.00015196413646378915,-3.9204910626811085e-05
cic2018,8,43,full_test,expert8,infiltration,8742,6748,510362,1994,0.013049447893098181,0.7719057423930451,0.02566501601210987,4002,59,0.2611731843575419,0.3208647906657515,0.2879581151832461,-0.24812373646444372,0.4510409517272936,-0.26229309917113625
cic2018,8,43,full_test,expert8,web_attacks,127,121,2964,6,0.039222042139384114,0.952755905511811,0.07534246575342465,3,0,0.11847389558232932,0.9291338582677166,0.21015138023152272,-0.0792518534429452,0.023622047244094446,-0.13480891447809806
toniot,8,43,cal_select,global,backdoor,4292,4284,2,8,0.9995333644423705,0.9981360671015843,0.9988342270925624,0,0,0.9995333644423705,0.9981360671015843,0.9988342270925624,0.0,0.0,0.0
toniot,8,43,cal_select,global,benign,604,604,9266,0,0.06119554204660588,1.0,0.11533320603398893,0,0,0.06119554204660588,1.0,0.11533320603398893,0.0,0.0,0.0
toniot,8,43,cal_select,global,ddos,19884,19806,73,78,0.9963277830876804,0.9960772480386241,0.9962024998113824,0,0,0.9963277830876804,0.9960772480386241,0.9962024998113824,0.0,0.0,0.0
toniot,8,43,cal_select,global,dos,2918,2737,7,181,0.9974489795918368,0.9379712131596984,0.9667961850936065,0,0,0.9974489795918368,0.9379712131596984,0.9667961850936065,0.0,0.0,0.0
toniot,8,43,cal_select,global,injection,29575,27800,220,1775,0.9921484653818701,0.9399830938292477,0.9653615765257401,0,0,0.9921484653818701,0.9399830938292477,0.9653615765257401,0.0,0.0,0.0
toniot,8,43,cal_select,global,mitm,420,383,153,37,0.7145522388059702,0.9119047619047619,0.801255230125523,0,0,0.7145522388059702,0.9119047619047619,0.801255230125523,0.0,0.0,0.0
toniot,8,43,cal_select,global,password,25153,25056,64,97,0.9974522292993631,0.9961436011608953,0.9967974857279255,0,0,0.9974522292993631,0.9961436011608953,0.9967974857279255,0.0,0.0,0.0
toniot,8,43,cal_select,global,ransomware,277,257,1,20,0.9961240310077519,0.927797833935018,0.9607476635514018,0,0,0.9961240310077519,0.927797833935018,0.9607476635514018,0.0,0.0,0.0
toniot,8,43,cal_select,global,scanning,6293,189,2,6104,0.9895287958115183,0.030033370411568408,0.058297347316471314,0,0,0.9895287958115183,0.030033370411568408,0.058297347316471314,0.0,0.0,0.0
toniot,8,43,cal_select,global,xss,34067,32502,77,1565,0.9976365143190399,0.9540611148618898,0.975362362332323,0,0,0.9976365143190399,0.9540611148618898,0.975362362332323,0.0,0.0,0.0
toniot,8,43,cal_select,expert1,backdoor,4292,4290,2,2,0.9995340167753961,0.9995340167753961,0.9995340167753961,6,0,0.9995333644423705,0.9981360671015843,0.9988342270925624,6.523330255969739e-07,0.0013979496738117936,0.0006997896828336847
toniot,8,43,cal_select,expert1,benign,604,501,1081,103,0.3166877370417193,0.8294701986754967,0.4583714547118024,0,103,0.06119554204660588,1.0,0.11533320603398893,0.25549219499511344,-0.17052980132450335,0.34303824867781346
toniot,8,43,cal_select,expert1,ddos,19884,19823,146,61,0.9926886674345236,0.9969322067994367,0.9948059117255915,42,25,0.9963277830876804,0.9960772480386241,0.9962024998113824,-0.003639115653156888,0.0008549587608126519,-0.0013965880857909063
toniot,8,43,cal_select,expert1,dos,2918,2760,24,158,0.9913793103448276,0.9458533241946538,0.9680813749561558,23,0,0.9974489795918368,0.9379712131596984,0.9667961850936065,-0.006069669247009135,0.007882111034955397,0.0012851898625492186
toniot,8,43,cal_select,expert1,injection,29575,28151,78,1424,0.997236884055404,0.9518512256973796,0.9740156390561207,478,127,0.9921484653818701,0.9399830938292477,0.9653615765257401,0.005088418673533934,0.011868131868131848,0.00865406253038059
toniot,8,43,cal_select,expert1,mitm,420,411,945,9,0.3030973451327434,0.9785714285714285,0.46283783783783783,28,0,0.7145522388059702,0.9119047619047619,0.801255230125523,-0.4114548936732268,0.06666666666666665,-0.3384173922876852
toniot,8,43,cal_select,expert1,password,25153,24987,53,166,0.9978833865814697,0.9934003896155528,0.9956368417906879,39,108,0.9974522292993631,0.9961436011608953,0.9967974857279255,0.0004311572821066312,-0.0027432115453425165,-0.001160643937237582
toniot,8,43,cal_select,expert1,ransomware,277,265,3,12,0.9888059701492538,0.9566787003610109,0.9724770642201835,8,0,0.9961240310077519,0.927797833935018,0.9607476635514018,-0.0073180608584981766,0.028880866425992857,0.011729400668781698
toniot,8,43,cal_select,expert1,scanning,6293,5213,44,1080,0.9916302073425909,0.8283807405053234,0.9026839826839826,5026,2,0.9895287958115183,0.030033370411568408,0.058297347316471314,0.0021014115310725723,0.798347370093755,0.8443866353675114
toniot,8,43,cal_select,expert1,xss,34067,33992,714,75,0.9794271883824123,0.9977984559837967,0.988527474444913,1518,28,0.9976365143190399,0.9540611148618898,0.975362362332323,-0.018209325936627607,0.04373734112190686,0.013165112112589972
toniot,8,43,cal_select,expert2,backdoor,4292,4292,21,0,0.9951309993044285,1.0,0.9975595583962812,8,0,0.9995333644423705,0.9981360671015843,0.9988342270925624,-0.00440236513794201,0.0018639328984156878,-0.0012746686962812337
toniot,8,43,cal_select,expert2,benign,604,567,478,37,0.5425837320574163,0.9387417218543046,0.687689508793208,0,37,0.06119554204660588,1.0,0.11533320603398893,0.4813881900108104,-0.0612582781456954,0.5723563027592191
toniot,8,43,cal_select,expert2,ddos,19884,19830,190,54,0.9905094905094906,0.9972842486421243,0.9938853247794708,38,14,0.9963277830876804,0.9960772480386241,0.9962024998113824,-0.0058182925781898875,0.0012070006035002079,-0.0023171750319116446
toniot,8,43,cal_select,expert2,dos,2918,2677,96,241,0.9653804543815362,0.9174091843728581,0.9407836935512213,19,79,0.9974489795918368,0.9379712131596984,0.9667961850936065,-0.03206852521030057,-0.020562028786840325,-0.026012491542385274
toniot,8,43,cal_select,expert2,injection,29575,28231,614,1344,0.9787138152192755,0.9545562130177515,0.9664840807942485,514,83,0.9921484653818701,0.9399830938292477,0.9653615765257401,-0.013434650162594597,0.014573119188503791,0.0011225042685084619
toniot,8,43,cal_select,expert2,mitm,420,408,1998,12,0.16957605985037408,0.9714285714285714,0.28874734607218683,25,0,0.7145522388059702,0.9119047619047619,0.801255230125523,-0.5449761789555961,0.059523809523809534,-0.5125078840533361
toniot,8,43,cal_select,expert2,password,25153,24932,32,221,0.9987181541419644,0.9912137717170914,0.9949518127581459,9,133,0.9974522292993631,0.9961436011608953,0.9967974857279255,0.0012659248426013514,-0.004929829443803935,-0.0018456729697795549
toniot,8,43,cal_select,expert2,ransomware,277,258,4,19,0.9847328244274809,0.9314079422382672,0.9573283858998145,1,0,0.9961240310077519,0.927797833935018,0.9607476635514018,-0.01139120658027104,0.0036101083032491488,-0.003419277651587338
toniot,8,43,cal_select,expert2,scanning,6293,5853,72,440,0.9878481012658228,0.9300810424280948,0.958094614503192,5664,0,0.9895287958115183,0.030033370411568408,0.058297347316471314,-0.001680694545695527,0.9000476720165264,0.8997972671867207
toniot,8,43,cal_select,expert2,xss,34067,32723,207,1344,0.9937139386577589,0.9605483312296357,0.9768497096884935,496,275,0.9976365143190399,0.9540611148618898,0.975362362332323,-0.003922575661280958,0.006487216367745852,0.0014873473561705097
toniot,8,43,cal_select,expert3,backdoor,4292,4292,19,0,0.9955926699141731,1.0,0.9977914680925258,8,0,0.9995333644423705,0.9981360671015843,0.9988342270925624,-0.003940694528197453,0.0018639328984156878,-0.001042759000036586
toniot,8,43,cal_select,expert3,benign,604,602,2705,2,0.18203810099788328,0.9966887417218543,0.3078496548197392,0,2,0.06119554204660588,1.0,0.11533320603398893,0.1208425589512774,-0.0033112582781457123,0.19251644878575025
toniot,8,43,cal_select,expert3,ddos,19884,19848,148,36,0.9925985197039408,0.9981894990947495,0.9953861584754263,42,0,0.9963277830876804,0.9960772480386241,0.9962024998113824,-0.0037292633837396894,0.002112251056125447,-0.0008163413359560945
toniot,8,43,cal_select,expert3,dos,2918,2649,97,269,0.9646758922068464,0.9078135709389993,0.9353813559322034,17,105,0.9974489795918368,0.9379712131596984,0.9667961850936065,-0.03277308738499041,-0.030157642220699166,-0.031414829161403146
toniot,8,43,cal_select,expert3,injection,29575,28145,134,1430,0.99526150146752,0.9516483516483516,0.9729664327444948,468,123,0.9921484653818701,0.9399830938292477,0.9653615765257401,0.003113036085649945,0.01166525781910388,0.00760485621875473
toniot,8,43,cal_select,expert3,mitm,420,377,1001,43,0.27358490566037735,0.8976190476190476,0.41935483870967744,13,19,0.7145522388059702,0.9119047619047619,0.801255230125523,-0.44096733314559283,-0.014285714285714235,-0.3819003914158456
toniot,8,43,cal_select,expert3,password,25153,25082,57,71,0.9977326067067107,0.9971772750765316,0.9974548635965959,28,2,0.9974522292993631,0.9961436011608953,0.9967974857279255,0.00028037740734765393,0.0010336739156363572,0.0006573778686703724
toniot,8,43,cal_select,expert3,ransomware,277,261,13,16,0.9525547445255474,0.9422382671480144,0.9473684210526315,4,0,0.9961240310077519,0.927797833935018,0.9607476635514018,-0.04356928648220448,0.014440433212996373,-0.013379242498770316
toniot,8,43,cal_select,expert3,scanning,6293,5125,180,1168,0.9660697455230914,0.8143969489909423,0.8837730643214348,4936,0,0.9895287958115183,0.030033370411568408,0.058297347316471314,-0.023459050288426875,0.7843635785793739,0.8254757170049635
toniot,8,43,cal_select,expert3,xss,34067,32608,140,1459,0.9957249297667033,0.9571726304047906,0.976068248147871,567,461,0.9976365143190399,0.9540611148618898,0.975362362332323,-0.0019115845523365316,0.003111515542900789,0.0007058858155479797
toniot,8,43,cal_select,expert4,backdoor,4292,4292,4,0,0.9990689013035382,1.0,0.999534233814625,8,0,0.9995333644423705,0.9981360671015843,0.9988342270925624,-0.00046446313883230506,0.0018639328984156878,0.0007000067220626072
toniot,8,43,cal_select,expert4,benign,604,552,1099,52,0.3343428225317989,0.9139072847682119,0.48957871396895786,0,52,0.06119554204660588,1.0,0.11533320603398893,0.27314728048519304,-0.08609271523178808,0.3742455079349689
toniot,8,43,cal_select,expert4,ddos,19884,19818,70,66,0.9964802896218825,0.9966807483403741,0.9965805089007341,34,22,0.9963277830876804,0.9960772480386241,0.9962024998113824,0.00015250653420206817,0.0006035003017500484,0.0003780090893517052
toniot,8,43,cal_select,expert4,dos,2918,2761,11,157,0.996031746031746,0.9461960246744345,0.9704745166959579,25,1,0.9974489795918368,0.9379712131596984,0.9667961850936065,-0.0014172335600907138,0.008224811514736086,0.0036783316023513146
toniot,8,43,cal_select,expert4,injection,29575,29495,1958,80,0.9377483864814167,0.9972950126796281,0.9666054925607918,1727,32,0.9921484653818701,0.9399830938292477,0.9653615765257401,-0.0544000789004534,0.05731191885038034,0.0012439160350516953
toniot,8,43,cal_select,expert4,mitm,420,407,112,13,0.7842003853564548,0.969047619047619,0.8668796592119276,24,0,0.7145522388059702,0.9119047619047619,0.801255230125523,0.06964814655048457,0.05714285714285716,0.06562442908640453
toniot,8,43,cal_select,expert4,password,25153,24903,7,250,0.9997189883580891,0.9900608277342663,0.994866468250005,7,160,0.9974522292993631,0.9961436011608953,0.9967974857279255,0.0022667590587260866,-0.006082773426628996,-0.0019310174779204603
toniot,8,43,cal_select,expert4,ransomware,277,262,8,15,0.9703703703703703,0.9458483754512635,0.9579524680073126,5,0,0.9961240310077519,0.927797833935018,0.9607476635514018,-0.025753660637381603,0.018050541516245522,-0.002795195544089246
toniot,8,43,cal_select,expert4,scanning,6293,5177,15,1116,0.9971109399075501,0.8226600985221675,0.901523726599913,4988,0,0.9895287958115183,0.030033370411568408,0.058297347316471314,0.007582144096031751,0.7926267281105991,0.8432263792834417
toniot,8,43,cal_select,expert4,xss,34067,32474,58,1593,0.9982171400467232,0.9532392050958406,0.9752098379855554,538,566,0.9976365143190399,0.9540611148618898,0.975362362332323,0.0005806257276833593,-0.0008219097660492336,-0.00015252434676760185
toniot,8,43,cal_select,expert5,backdoor,4292,4292,20,0,0.9953617810760668,1.0,0.99767549976755,8,0,0.9995333644423705,0.9981360671015843,0.9988342270925624,-0.004171583366303744,0.0018639328984156878,-0.001158727325012432
toniot,8,43,cal_select,expert5,benign,604,542,1643,62,0.24805491990846681,0.8973509933774835,0.38866977411258513,0,62,0.06119554204660588,1.0,0.11533320603398893,0.18685937786186094,-0.10264900662251653,0.2733365680785962
toniot,8,43,cal_select,expert5,ddos,19884,19839,229,45,0.9885887980865059,0.9977368738684369,0.993141770124149,40,7,0.9963277830876804,0.9960772480386241,0.9962024998113824,-0.0077389850011745365,0.0016596258298128275,-0.0030607296872334766
toniot,8,43,cal_select,expert5,dos,2918,2723,49,195,0.9823232323232324,0.933173406442769,0.9571177504393673,26,40,0.9974489795918368,0.9379712131596984,0.9667961850936065,-0.015125747268604384,-0.00479780671692942,-0.009678434654239232
toniot,8,43,cal_select,expert5,injection,29575,28217,336,1358,0.9882324099043883,0.9540828402366864,0.9708574181117534,499,82,0.9921484653818701,0.9399830938292477,0.9653615765257401,-0.00391605547748175,0.014099746407438718,0.00549584158601335
toniot,8,43,cal_select,expert5,mitm,420,407,1402,13,0.2249861802100608,0.969047619047619,0.3651861821444594,24,0,0.7145522388059702,0.9119047619047619,0.801255230125523,-0.4895660585959094,0.05714285714285716,-0.4360690479810636
toniot,8,43,cal_select,expert5,password,25153,25027,54,126,0.9978469757984132,0.9949906571780702,0.9964167695186527,14,43,0.9974522292993631,0.9961436011608953,0.9967974857279255,0.0003947464990501359,-0.001152943982825061,-0.00038071620927282446
toniot,8,43,cal_select,expert5,ransomware,277,261,8,16,0.9702602230483272,0.9422382671480144,0.9560439560439561,4,0,0.9961240310077519,0.927797833935018,0.9607476635514018,-0.02586380795942478,0.014440433212996373,-0.0047037075074457535
toniot,8,43,cal_select,expert5,scanning,6293,4961,126,1332,0.975230980931787,0.7883362466232322,0.8718804920913884,4772,0,0.9895287958115183,0.030033370411568408,0.058297347316471314,-0.014297814879731363,0.7583028762116638,0.8135831447749171
toniot,8,43,cal_select,expert5,xss,34067,33148,199,919,0.9940324466968543,0.9730237473214548,0.9834159076749637,684,38,0.9976365143190399,0.9540611148618898,0.975362362332323,-0.0036040676221855694,0.018962632459564976,0.008053545342640689
toniot,8,43,cal_select,expert6,backdoor,4292,4292,2,0,0.999534233814625,1.0,0.9997670626601444,8,0,0.9995333644423705,0.9981360671015843,0.9988342270925624,8.693722545194404e-07,0.0018639328984156878,0.0009328355675819466
toniot,8,43,cal_select,expert6,benign,604,556,1025,48,0.35167615433270083,0.9205298013245033,0.5089244851258581,0,48,0.06119554204660588,1.0,0.11533320603398893,0.29048061228609495,-0.07947019867549665,0.39359127909186914
toniot,8,43,cal_select,expert6,ddos,19884,19854,234,30,0.9883512544802867,0.9984912492456246,0.9933953767637346,53,5,0.9963277830876804,0.9960772480386241,0.9962024998113824,-0.00797652860739373,0.0024140012070005268,-0.0028071230476478526
toniot,8,43,cal_select,expert6,dos,2918,2796,165,122,0.9442755825734549,0.9581905414667581,0.9511821738390883,60,1,0.9974489795918368,0.9379712131596984,0.9667961850936065,-0.05317339701838186,0.020219328307059636,-0.015614011254518223
toniot,8,43,cal_select,expert6,injection,29575,28097,268,1478,0.9905517362947294,0.9500253592561285,0.9698653779772178,468,171,0.9921484653818701,0.9399830938292477,0.9653615765257401,-0.0015967290871407025,0.010042265426880803,0.0045038014514777736
toniot,8,43,cal_select,expert6,mitm,420,405,1082,15,0.27236045729657027,0.9642857142857143,0.42475091767173573,23,1,0.7145522388059702,0.9119047619047619,0.801255230125523,-0.4421917815093999,0.05238095238095242,-0.3765043124537873
toniot,8,43,cal_select,expert6,password,25153,25060,141,93,0.9944049839292092,0.9963026279171471,0.9953529014576796,27,23,0.9974522292993631,0.9961436011608953,0.9967974857279255,-0.0030472453701538837,0.00015902675625178997,-0.0014445842702458522
toniot,8,43,cal_select,expert6,ransomware,277,259,20,18,0.9283154121863799,0.9350180505415162,0.9316546762589928,3,1,0.9961240310077519,0.927797833935018,0.9607476635514018,-0.06780861882137201,0.0072202166064981865,-0.029092987292409056
toniot,8,43,cal_select,expert6,scanning,6293,5273,118,1020,0.9781116675941384,0.8379151438105832,0.9026018486819583,5084,0,0.9895287958115183,0.030033370411568408,0.058297347316471314,-0.011417128217379946,0.8078817733990148,0.844304501365487
toniot,8,43,cal_select,expert6,xss,34067,33564,272,503,0.9919612247310556,0.9852349781313294,0.9885866603831936,1126,64,0.9976365143190399,0.9540611148618898,0.975362362332323,-0.005675289587984245,0.031173863269439606,0.013224298050870664
toniot,8,43,cal_select,expert7,backdoor,4292,4292,20,0,0.9953617810760668,1.0,0.99767549976755,8,0,0.9995333644423705,0.9981360671015843,0.9988342270925624,-0.004171583366303744,0.0018639328984156878,-0.001158727325012432
toniot,8,43,cal_select,expert7,benign,604,567,2636,37,0.17702154230408992,0.9387417218543046,0.2978723404255319,0,37,0.06119554204660588,1.0,0.11533320603398893,0.11582600025748405,-0.0612582781456954,0.18253913439154296
toniot,8,43,cal_select,expert7,ddos,19884,19847,210,37,0.9895298399561251,0.998139207402937,0.9938158784206705,46,5,0.9963277830876804,0.9960772480386241,0.9962024998113824,-0.006797943131555351,0.0020619593643129708,-0.002386621390711885
toniot,8,43,cal_select,expert7,dos,2918,2753,30,165,0.9892202659001078,0.9434544208361891,0.9657954744781617,18,2,0.9974489795918368,0.9379712131596984,0.9667961850936065,-0.00822871369172895,0.005483207676490687,-0.001000710615444822
toniot,8,43,cal_select,expert7,injection,29575,28204,320,1371,0.9887813770859627,0.9536432797971259,0.970894507650734,491,87,0.9921484653818701,0.9399830938292477,0.9653615765257401,-0.0033670882959073722,0.013660185967878213,0.005532931124993978
toniot,8,43,cal_select,expert7,mitm,420,398,1104,22,0.26498002663115844,0.9476190476190476,0.4141519250780437,19,4,0.7145522388059702,0.9119047619047619,0.801255230125523,-0.44957221217481175,0.0357142857142857,-0.3871033050474793
toniot,8,43,cal_select,expert7,password,25153,25025,54,128,0.997846804099047,0.9949111437999444,0.9963768115942029,10,41,0.9974522292993631,0.9961436011608953,0.9967974857279255,0.0003945747996839666,-0.0012324573609509004,-0.0004206741337225983
toniot,8,43,cal_select,expert7,ransomware,277,277,4,0,0.9857651245551602,1.0,0.992831541218638,20,0,0.9961240310077519,0.927797833935018,0.9607476635514018,-0.010358906452591743,0.07220216606498198,0.032083877667236194
toniot,8,43,cal_select,expert7,scanning,6293,5001,121,1292,0.9763764154627099,0.7946925154934054,0.876215505913272,4812,0,0.9895287958115183,0.030033370411568408,0.058297347316471314,-0.01315238034880839,0.764659145081837,0.8179181585968007
toniot,8,43,cal_select,expert7,xss,34067,32468,152,1599,0.995340282035561,0.9530630815745443,0.9737430083824433,521,555,0.9976365143190399,0.9540611148618898,0.975362362332323,-0.0022962322834788607,-0.00099803328734549,-0.001619353949879665
toniot,8,43,cal_select,expert8,backdoor,4292,4290,1,2,0.9997669540899558,0.9995340167753961,0.999650471862985,6,0,0.9995333644423705,0.9981360671015843,0.9988342270925624,0.0002335896475852417,0.0013979496738117936,0.0008162447704225251
toniot,8,43,cal_select,expert8,benign,604,554,1321,50,0.29546666666666666,0.9172185430463576,0.44695441710367084,0,50,0.06119554204660588,1.0,0.11533320603398893,0.23427112462006078,-0.08278145695364236,0.3316212110696819
toniot,8,43,cal_select,expert8,ddos,19884,19842,175,42,0.9912574311834941,0.9978877489438744,0.9945615398110323,42,6,0.9963277830876804,0.9960772480386241,0.9962024998113824,-0.005070351904186365,0.0018105009052503673,-0.001640960000350078
toniot,8,43,cal_select,expert8,dos,2918,2894,1123,24,0.720438137913866,0.9917751884852639,0.8346070656092286,157,0,0.9974489795918368,0.9379712131596984,0.9667961850936065,-0.27701084167797074,0.05380397532556547,-0.13218911948437795
toniot,8,43,cal_select,expert8,injection,29575,28189,321,1386,0.9887407927043143,0.9531360946745562,0.9706120340879745,491,102,0.9921484653818701,0.9399830938292477,0.9653615765257401,-0.0034076726775558175,0.01315300084530846,0.005250457562234412
toniot,8,43,cal_select,expert8,mitm,420,405,1037,15,0.28085991678224687,0.9642857142857143,0.43501611170784105,23,1,0.7145522388059702,0.9119047619047619,0.801255230125523,-0.4336923220237233,0.05238095238095242,-0.366239118417682
toniot,8,43,cal_select,expert8,password,25153,25046,54,107,0.9978486055776893,0.995746034270266,0.9967962111714723,20,30,0.9974522292993631,0.9961436011608953,0.9967974857279255,0.000396376278326227,-0.0003975668906293084,-1.2745564531568832e-06
toniot,8,43,cal_select,expert8,ransomware,277,263,16,14,0.942652329749104,0.9494584837545126,0.9460431654676259,6,0,0.9961240310077519,0.927797833935018,0.9607476635514018,-0.053471701258647975,0.02166064981949456,-0.014704498083775941
toniot,8,43,cal_select,expert8,scanning,6293,5032,152,1261,0.970679012345679,0.7996186238677896,0.8768842031889866,4843,0,0.9895287958115183,0.030033370411568408,0.058297347316471314,-0.01884978346583932,0.7695852534562212,0.8185868558725153
toniot,8,43,cal_select,expert8,xss,34067,32601,167,1466,0.994903564453125,0.9569671529632783,0.975566694097404,554,455,0.9976365143190399,0.9540611148618898,0.975362362332323,-0.00273294986591488,0.002906038101388453,0.0002043317650810561
toniot,8,43,cal_confirm,global,backdoor,1630,1624,0,6,1.0,0.996319018404908,0.9981561155500922,0,0,1.0,0.996319018404908,0.9981561155500922,0.0,0.0,0.0
toniot,8,43,cal_confirm,global,benign,234,234,4241,0,0.05229050279329609,1.0,0.0993841579953281,0,0,0.05229050279329609,1.0,0.0993841579953281,0.0,0.0,0.0
toniot,8,43,cal_confirm,global,ddos,8270,8226,33,44,0.9960043588812205,0.9946795646916566,0.9953415209631556,0,0,0.9960043588812205,0.9946795646916566,0.9953415209631556,0.0,0.0,0.0
toniot,8,43,cal_confirm,global,dos,1074,1021,2,53,0.9980449657869013,0.9506517690875232,0.9737720553171197,0,0,0.9980449657869013,0.9506517690875232,0.9737720553171197,0.0,0.0,0.0
toniot,8,43,cal_confirm,global,injection,12617,11319,132,1298,0.9884726224783862,0.8971229293809939,0.9405850091407678,0,0,0.9884726224783862,0.8971229293809939,0.9405850091407678,0.0,0.0,0.0
toniot,8,43,cal_confirm,global,mitm,180,117,48,63,0.7090909090909091,0.65,0.6782608695652174,0,0,0.7090909090909091,0.65,0.6782608695652174,0.0,0.0,0.0
toniot,8,43,cal_confirm,global,password,10226,10180,33,46,0.9967688240477822,0.9955016624291023,0.9961348402563727,0,0,0.9967688240477822,0.9955016624291023,0.9961348402563727,0.0,0.0,0.0
toniot,8,43,cal_confirm,global,ransomware,119,117,0,2,1.0,0.9831932773109243,0.9915254237288136,0,0,1.0,0.9831932773109243,0.9915254237288136,0.0,0.0,0.0
toniot,8,43,cal_confirm,global,scanning,2566,53,2,2513,0.9636363636363636,0.020654715510522212,0.04044257916825639,0,0,0.9636363636363636,0.020654715510522212,0.04044257916825639,0.0,0.0,0.0
toniot,8,43,cal_confirm,global,xss,14562,13917,179,645,0.9873013620885358,0.9557066337041615,0.9712471212226952,0,0,0.9873013620885358,0.9557066337041615,0.9712471212226952,0.0,0.0,0.0
toniot,8,43,cal_confirm,expert1,backdoor,1630,1630,0,0,1.0,1.0,1.0,6,0,1.0,0.996319018404908,0.9981561155500922,0.0,0.0036809815950920033,0.0018438844499077955
toniot,8,43,cal_confirm,expert1,benign,234,192,1365,42,0.1233140655105973,0.8205128205128205,0.21440536013400335,0,42,0.05229050279329609,1.0,0.0993841579953281,0.0710235627173012,-0.17948717948717952,0.11502120213867525
toniot,8,43,cal_confirm,expert1,ddos,8270,8248,62,22,0.9925391095066185,0.9973397823458283,0.9949336550060314,30,8,0.9960043588812205,0.9946795646916566,0.9953415209631556,-0.0034652493746020196,0.0026602176541716815,-0.000407865957124276
toniot,8,43,cal_confirm,expert1,dos,1074,1029,18,45,0.9828080229226361,0.9581005586592178,0.9702970297029703,8,0,0.9980449657869013,0.9506517690875232,0.9737720553171197,-0.015236942864265135,0.007448789571694592,-0.003475025614149474
toniot,8,43,cal_confirm,expert1,injection,12617,11423,47,1194,0.9959023539668701,0.9053657763335182,0.9484784323494001,205,101,0.9884726224783862,0.8971229293809939,0.9405850091407678,0.007429731488483915,0.008242846952524308,0.007893423208632289
toniot,8,43,cal_confirm,expert1,mitm,180,169,307,11,0.3550420168067227,0.9388888888888889,0.5152439024390244,54,2,0.7090909090909091,0.65,0.6782608695652174,-0.3540488922841864,0.28888888888888886,-0.16301696712619296
toniot,8,43,cal_confirm,expert1,password,10226,10142,142,84,0.986192143134967,0.991785644435752,0.9889809848854217,24,62,0.9967688240477822,0.9955016624291023,0.9961348402563727,-0.010576680912815273,-0.003716017993350307,-0.007153855370950923
toniot,8,43,cal_confirm,expert1,ransomware,119,119,275,0,0.3020304568527919,1.0,0.46393762183235865,2,0,1.0,0.9831932773109243,0.9915254237288136,-0.6979695431472082,0.01680672268907568,-0.5275878018964549
toniot,8,43,cal_confirm,expert1,scanning,2566,1346,56,1220,0.9600570613409415,0.524551831644583,0.6784274193548387,1297,4,0.9636363636363636,0.020654715510522212,0.04044257916825639,-0.0035793022954221376,0.5038971161340607,0.6379848401865824
toniot,8,43,cal_confirm,expert1,xss,14562,14535,373,27,0.9749798765763349,0.9981458590852905,0.9864268747879199,629,11,0.9873013620885358,0.9557066337041615,0.9712471212226952,-0.012321485512200914,0.04243922538112899,0.015179753565224718
toniot,8,43,cal_confirm,expert2,backdoor,1630,1630,2,0,0.9987745098039216,1.0,0.9993868792152054,6,0,1.0,0.996319018404908,0.9981561155500922,-0.001225490196078427,0.0036809815950920033,0.0012307636651132103
toniot,8,43,cal_confirm,expert2,benign,234,221,671,13,0.24775784753363228,0.9444444444444444,0.3925399644760213,0,13,0.05229050279329609,1.0,0.0993841579953281,0.1954673447403362,-0.05555555555555558,0.29315580648069317
toniot,8,43,cal_confirm,expert2,ddos,8270,8232,81,38,0.9902562251894623,0.9954050785973397,0.9928239763613339,10,4,0.9960043588812205,0.9946795646916566,0.9953415209631556,-0.005748133691758195,0.000725513905683095,-0.0025175446018217418
toniot,8,43,cal_confirm,expert2,dos,1074,1001,27,73,0.9737354085603113,0.9320297951582868,0.9524262607040913,5,25,0.9980449657869013,0.9506517690875232,0.9737720553171197,-0.024309557226590006,-0.01862197392923648,-0.021345794613028435
toniot,8,43,cal_confirm,expert2,injection,12617,11473,301,1144,0.974435196195006,0.909328683522232,0.9407568365380673,215,61,0.9884726224783862,0.8971229293809939,0.9405850091407678,-0.014037426283380228,0.012205754141238034,0.00017182739729948437
toniot,8,43,cal_confirm,expert2,mitm,180,171,934,9,0.15475113122171946,0.95,0.266147859922179,54,0,0.7090909090909091,0.65,0.6782608695652174,-0.5543397778691896,0.29999999999999993,-0.4121130096430384
toniot,8,43,cal_confirm,expert2,password,10226,10126,119,100,0.9883845778428502,0.9902210052806572,0.9893019393288066,8,62,0.9967688240477822,0.9955016624291023,0.9961348402563727,-0.008384246204932055,-0.005280657148445167,-0.006832900927566055
toniot,8,43,cal_confirm,expert2,ransomware,119,117,64,2,0.6464088397790055,0.9831932773109243,0.78,0,0,1.0,0.9831932773109243,0.9915254237288136,-0.35359116022099446,0.0,-0.21152542372881356
toniot,8,43,cal_confirm,expert2,scanning,2566,2040,145,526,0.9336384439359268,0.7950116913484022,0.8587665754577983,1991,4,0.9636363636363636,0.020654715510522212,0.04044257916825639,-0.02999791970043686,0.77435697583788,0.8183239962895419
toniot,8,43,cal_confirm,expert2,xss,14562,13953,170,609,0.987962897401402,0.9581788215904409,0.9728429492766254,169,133,0.9873013620885358,0.9557066337041615,0.9712471212226952,0.0006615353128661683,0.0024721878862793423,0.001595828053930215
toniot,8,43,cal_confirm,expert3,backdoor,1630,1630,0,0,1.0,1.0,1.0,6,0,1.0,0.996319018404908,0.9981561155500922,0.0,0.0036809815950920033,0.0018438844499077955
toniot,8,43,cal_confirm,expert3,benign,234,234,1811,0,0.11442542787286064,1.0,0.2053532250987275,0,0,0.05229050279329609,1.0,0.0993841579953281,0.06213492507956455,0.0,0.1059690671033994
toniot,8,43,cal_confirm,expert3,ddos,8270,8242,66,28,0.9920558497833414,0.9966142684401451,0.9943298347207142,16,0,0.9960043588812205,0.9946795646916566,0.9953415209631556,-0.003948509097879138,0.0019347037484884755,-0.001011686242441412
toniot,8,43,cal_confirm,expert3,dos,1074,988,64,86,0.9391634980988594,0.9199255121042831,0.929444967074318,2,35,0.9980449657869013,0.9506517690875232,0.9737720553171197,-0.05888146768804192,-0.030726256983240163,-0.04432708824280174
toniot,8,43,cal_confirm,expert3,injection,12617,11448,100,1169,0.9913404918600623,0.9073472299278751,0.9474860335195531,202,73,0.9884726224783862,0.8971229293809939,0.9405850091407678,0.002867869381676158,0.010224300546881171,0.006901024378785259
toniot,8,43,cal_confirm,expert3,mitm,180,100,292,80,0.25510204081632654,0.5555555555555556,0.34965034965034963,13,30,0.7090909090909091,0.65,0.6782608695652174,-0.45398886827458257,-0.09444444444444444,-0.3286105199148677
toniot,8,43,cal_confirm,expert3,password,10226,10195,74,31,0.9927938455545817,0.9969685116370037,0.9948767992193218,16,1,0.9967688240477822,0.9955016624291023,0.9961348402563727,-0.003974978493200498,0.0014668492079014106,-0.00125804103705085
toniot,8,43,cal_confirm,expert3,ransomware,119,119,371,0,0.24285714285714285,1.0,0.39080459770114945,2,0,1.0,0.9831932773109243,0.9915254237288136,-0.7571428571428571,0.01680672268907568,-0.6007208260276642
toniot,8,43,cal_confirm,expert3,scanning,2566,1343,107,1223,0.9262068965517242,0.5233826968043648,0.6688247011952191,1295,5,0.9636363636363636,0.020654715510522212,0.04044257916825639,-0.037429467084639456,0.5027279812938426,0.6283821220269628
toniot,8,43,cal_confirm,expert3,xss,14562,14121,173,441,0.9878970197285575,0.9697156983930779,0.9787219295813696,265,61,0.9873013620885358,0.9557066337041615,0.9712471212226952,0.000595657640021674,0.014009064688916384,0.007474808358674423
toniot,8,43,cal_confirm,expert4,backdoor,1630,1630,1,0,0.9993868792152054,1.0,0.9996933455995094,6,0,1.0,0.996319018404908,0.9981561155500922,-0.0006131207847945852,0.0036809815950920033,0.001537230049417193
toniot,8,43,cal_confirm,expert4,benign,234,219,1706,15,0.11376623376623377,0.9358974358974359,0.20287169986104678,0,15,0.05229050279329609,1.0,0.0993841579953281,0.061475730972937674,-0.0641025641025641,0.10348754186571868
toniot,8,43,cal_confirm,expert4,ddos,8270,8240,27,30,0.9967340026611831,0.9963724304715841,0.9965531837697285,23,9,0.9960043588812205,0.9946795646916566,0.9953415209631556,0.000729643779962541,0.0016928657799274438,0.0012116628065728108
toniot,8,43,cal_confirm,expert4,dos,1074,1032,12,42,0.9885057471264368,0.9608938547486033,0.9745042492917847,11,0,0.9980449657869013,0.9506517690875232,0.9737720553171197,-0.009539218660464477,0.010242085661080091,0.000732193974664952
toniot,8,43,cal_confirm,expert4,injection,12617,11942,1018,675,0.9214506172839506,0.9465007529523659,0.9338077178715252,635,12,0.9884726224783862,0.8971229293809939,0.9405850091407678,-0.06702200519443557,0.04937782357137199,-0.006777291269242647
toniot,8,43,cal_confirm,expert4,mitm,180,170,76,10,0.6910569105691057,0.9444444444444444,0.7981220657276995,53,0,0.7090909090909091,0.65,0.6782608695652174,-0.01803399852180343,0.2944444444444444,0.11986119616248214
toniot,8,43,cal_confirm,expert4,password,10226,10108,24,118,0.9976312672720095,0.9884607862311754,0.9930248550938207,6,78,0.9967688240477822,0.9955016624291023,0.9961348402563727,0.0008624432242272384,-0.007040876197926926,-0.003109985162552009
toniot,8,43,cal_confirm,expert4,ransomware,119,117,35,2,0.7697368421052632,0.9831932773109243,0.8634686346863468,0,0,1.0,0.9831932773109243,0.9915254237288136,-0.23026315789473684,0.0,-0.12805678904246676
toniot,8,43,cal_confirm,expert4,scanning,2566,1300,82,1266,0.9406657018813314,0.5066250974279034,0.6585612968591692,1252,5,0.9636363636363636,0.020654715510522212,0.04044257916825639,-0.022970661755032262,0.4859703819173812,0.6181187176909129
toniot,8,43,cal_confirm,expert4,xss,14562,13689,50,873,0.9963607249435913,0.9400494437577256,0.9673863114377583,162,390,0.9873013620885358,0.9557066337041615,0.9712471212226952,0.009059362855055486,-0.015657189946435945,-0.0038608097849368583
toniot,8,43,cal_confirm,expert5,backdoor,1630,1630,0,0,1.0,1.0,1.0,6,0,1.0,0.996319018404908,0.9981561155500922,0.0,0.0036809815950920033,0.0018438844499077955
toniot,8,43,cal_confirm,expert5,benign,234,212,1807,22,0.10500247647350174,0.905982905982906,0.18819351975144252,0,22,0.05229050279329609,1.0,0.0993841579953281,0.052711973680205644,-0.09401709401709402,0.08880936175611442
toniot,8,43,cal_confirm,expert5,ddos,8270,8237,91,33,0.9890730067243035,0.9960096735187425,0.9925292203879985,12,1,0.9960043588812205,0.9946795646916566,0.9953415209631556,-0.006931352156916981,0.0013301088270858408,-0.002812300575157134
toniot,8,43,cal_confirm,expert5,dos,1074,1020,22,54,0.9788867562380038,0.9497206703910615,0.9640831758034026,11,12,0.9980449657869013,0.9506517690875232,0.9737720553171197,-0.019158209548897465,-0.0009310986964617962,-0.009688879513717108
toniot,8,43,cal_confirm,expert5,injection,12617,11483,201,1134,0.982796987333105,0.9101212649599746,0.9450639891362496,207,43,0.9884726224783862,0.8971229293809939,0.9405850091407678,-0.005675635145281133,0.012998335578980669,0.004478979995481747
toniot,8,43,cal_confirm,expert5,mitm,180,166,422,14,0.282312925170068,0.9222222222222223,0.4322916666666667,50,1,0.7090909090909091,0.65,0.6782608695652174,-0.4267779839208411,0.27222222222222225,-0.24596920289855068
toniot,8,43,cal_confirm,expert5,password,10226,10166,133,60,0.9870861248664919,0.9941326031683942,0.9905968331303289,10,24,0.9967688240477822,0.9955016624291023,0.9961348402563727,-0.009682699181290277,-0.001369059260708072,-0.005538007126043798
toniot,8,43,cal_confirm,expert5,ransomware,119,118,35,1,0.7712418300653595,0.9915966386554622,0.8676470588235294,1,0,1.0,0.9831932773109243,0.9915254237288136,-0.2287581699346405,0.008403361344537896,-0.12387836490528414
toniot,8,43,cal_confirm,expert5,scanning,2566,1234,99,1332,0.9257314328582146,0.4809041309431021,0.632982816106694,1186,5,0.9636363636363636,0.020654715510522212,0.04044257916825639,-0.03790493077814905,0.46024941543257986,0.5925402369384376
toniot,8,43,cal_confirm,expert5,xss,14562,14264,138,298,0.9904179975003472,0.9795357780524653,0.9849468305482668,358,11,0.9873013620885358,0.9557066337041615,0.9712471212226952,0.003116635411811397,0.023829144348303744,0.01369970932557163
toniot,8,43,cal_confirm,expert6,backdoor,1630,1630,3,0,0.998162890385793,1.0,0.9990806006742262,6,0,1.0,0.996319018404908,0.9981561155500922,-0.001837109614207022,0.0036809815950920033,0.0009244851241340113
toniot,8,43,cal_confirm,expert6,benign,234,220,1308,14,0.14397905759162305,0.9401709401709402,0.24971623155505107,0,14,0.05229050279329609,1.0,0.0993841579953281,0.09168855479832697,-0.05982905982905984,0.15033207355972297
toniot,8,43,cal_confirm,expert6,ddos,8270,8245,96,25,0.9884905886584342,0.9969770253929867,0.992715670338932,19,0,0.9960043588812205,0.9946795646916566,0.9953415209631556,-0.00751377022278632,0.0022974607013300785,-0.0026258506242236024
toniot,8,43,cal_confirm,expert6,dos,1074,1037,58,37,0.9470319634703196,0.9655493482309124,0.9562010142923006,16,0,0.9980449657869013,0.9506517690875232,0.9737720553171197,-0.05101300231658168,0.014897579143389184,-0.0175710410248191
toniot,8,43,cal_confirm,expert6,injection,12617,11452,167,1165,0.9856269902745503,0.9076642625029722,0.9450404357154646,200,67,0.9884726224783862,0.8971229293809939,0.9405850091407678,-0.002845632203835935,0.010541333121978247,0.004455426574696775
toniot,8,43,cal_confirm,expert6,mitm,180,168,382,12,0.3054545454545455,0.9333333333333333,0.4602739726027397,52,1,0.7090909090909091,0.65,0.6782608695652174,-0.4036363636363636,0.2833333333333333,-0.21798689696247764
toniot,8,43,cal_confirm,expert6,password,10226,10179,192,47,0.9814868382991032,0.9954038724819089,0.9883963684031655,11,12,0.9967688240477822,0.9955016624291023,0.9961348402563727,-0.015281985748679006,-9.778994719344958e-05,-0.007738471853207196
toniot,8,43,cal_confirm,expert6,ransomware,119,118,289,1,0.28992628992628994,0.9915966386554622,0.44866920152091255,1,0,1.0,0.9831932773109243,0.9915254237288136,-0.71007371007371,0.008403361344537896,-0.542856222207901
toniot,8,43,cal_confirm,expert6,scanning,2566,1391,110,1175,0.9267155229846769,0.5420888542478566,0.6840422916154414,1342,4,0.9636363636363636,0.020654715510522212,0.04044257916825639,-0.03692084065168677,0.5214341387373344,0.6435997124471851
toniot,8,43,cal_confirm,expert6,xss,14562,14318,115,244,0.9920321485484653,0.9832440598818843,0.9876185549232627,423,22,0.9873013620885358,0.9557066337041615,0.9712471212226952,0.004730786459929526,0.027537426177722812,0.016371433700567484
toniot,8,43,cal_confirm,expert7,backdoor,1630,1630,1,0,0.9993868792152054,1.0,0.9996933455995094,6,0,1.0,0.996319018404908,0.9981561155500922,-0.0006131207847945852,0.0036809815950920033,0.001537230049417193
toniot,8,43,cal_confirm,expert7,benign,234,221,1809,13,0.10886699507389162,0.9444444444444444,0.19522968197879859,0,13,0.05229050279329609,1.0,0.0993841579953281,0.05657649228059553,-0.05555555555555558,0.09584552398347049
toniot,8,43,cal_confirm,expert7,ddos,8270,8242,97,28,0.9883679098213215,0.9966142684401451,0.9924739599012583,18,2,0.9960043588812205,0.9946795646916566,0.9953415209631556,-0.00763644905989902,0.0019347037484884755,-0.002867561061897339
toniot,8,43,cal_confirm,expert7,dos,1074,1025,22,49,0.9789875835721108,0.9543761638733705,0.9665252239509665,4,0,0.9980449657869013,0.9506517690875232,0.9737720553171197,-0.019057382214790475,0.003724394785847296,-0.007246831366153228
toniot,8,43,cal_confirm,expert7,injection,12617,11470,195,1147,0.9832833261894557,0.9090909090909091,0.9447327238283503,202,51,0.9884726224783862,0.8971229293809939,0.9405850091407678,-0.0051892962889305005,0.011967979709915144,0.00414771468758246
toniot,8,43,cal_confirm,expert7,mitm,180,137,418,43,0.24684684684684685,0.7611111111111111,0.3727891156462585,31,11,0.7090909090909091,0.65,0.6782608695652174,-0.4622440622440622,0.11111111111111105,-0.30547175391895887
toniot,8,43,cal_confirm,expert7,password,10226,10165,138,61,0.9866058429583616,0.9940348132212009,0.9903063958302889,9,24,0.9967688240477822,0.9955016624291023,0.9961348402563727,-0.010162981089420597,-0.0014668492079014106,-0.0058284444260837676
toniot,8,43,cal_confirm,expert7,ransomware,119,118,173,1,0.4054982817869416,0.9915966386554622,0.5756097560975609,1,0,1.0,0.9831932773109243,0.9915254237288136,-0.5945017182130584,0.008403361344537896,-0.41591566763125265
toniot,8,43,cal_confirm,expert7,scanning,2566,1350,135,1216,0.9090909090909091,0.5261106780982073,0.6665020982473463,1302,5,0.9636363636363636,0.020654715510522212,0.04044257916825639,-0.054545454545454564,0.5054559625876851,0.6260595190790899
toniot,8,43,cal_confirm,expert7,xss,14562,14021,111,541,0.9921454854231532,0.9628485098200796,0.9772774796124626,210,106,0.9873013620885358,0.9557066337041615,0.9712471212226952,0.004844123334617367,0.0071418761159181,0.0060303583897673985
toniot,8,43,cal_confirm,expert8,backdoor,1630,1628,0,2,1.0,0.9987730061349693,0.9993861264579497,4,0,1.0,0.996319018404908,0.9981561155500922,0.0,0.0024539877300613355,0.0012300109078574595
toniot,8,43,cal_confirm,expert8,benign,234,221,1780,13,0.11044477761119441,0.9444444444444444,0.19776286353467562,0,13,0.05229050279329609,1.0,0.0993841579953281,0.05815427481789832,-0.05555555555555558,0.09837870553934752
toniot,8,43,cal_confirm,expert8,ddos,8270,8238,78,32,0.9906204906204906,0.9961305925030229,0.9933679006390932,14,2,0.9960043588812205,0.9946795646916566,0.9953415209631556,-0.005383868260729896,0.001451027811366301,-0.001973620324062453
toniot,8,43,cal_confirm,expert8,dos,1074,1070,432,4,0.7123834886817576,0.9962756052141527,0.8307453416149069,49,0,0.9980449657869013,0.9506517690875232,0.9737720553171197,-0.28566147710514367,0.04562383612662946,-0.14302671370221287
toniot,8,43,cal_confirm,expert8,injection,12617,11476,192,1141,0.9835447377442578,0.9095664579535547,0.9451101502985382,208,51,0.9884726224783862,0.8971229293809939,0.9405850091407678,-0.004927884734128418,0.012443528572560814,0.004525141157770363
toniot,8,43,cal_confirm,expert8,mitm,180,169,255,11,0.39858490566037735,0.9388888888888889,0.5596026490066225,53,1,0.7090909090909091,0.65,0.6782608695652174,-0.31050600343053175,0.28888888888888886,-0.11865822055859487
toniot,8,43,cal_confirm,expert8,password,10226,10172,87,54,0.9915196412905741,0.9947193428515548,0.9931169148157188,10,18,0.9967688240477822,0.9955016624291023,0.9961348402563727,-0.005249182757208093,-0.0007823195775474856,-0.0030179254406538236
toniot,8,43,cal_confirm,expert8,ransomware,119,118,145,1,0.44866920152091255,0.9915966386554622,0.6178010471204188,1,0,1.0,0.9831932773109243,0.9915254237288136,-0.5513307984790874,0.008403361344537896,-0.37372437660839475
toniot,8,43,cal_confirm,expert8,scanning,2566,1198,68,1368,0.9462875197472354,0.46687451286048326,0.6252609603340292,1150,5,0.9636363636363636,0.020654715510522212,0.04044257916825639,-0.017348843889128274,0.44621979734996103,0.5848183811657728
toniot,8,43,cal_confirm,expert8,xss,14562,13976,175,586,0.9876333827998022,0.9597582749622304,0.9734963257061261,174,115,0.9873013620885358,0.9557066337041615,0.9712471212226952,0.00033202071126636756,0.004051641258068894,0.002249204483430911
toniot,8,43,full_test,global,backdoor,40030,40012,62,18,0.9984528622049209,0.9995503372470647,0.9990012983121942,0,0,0.9984528622049209,0.9995503372470647,0.9990012983121942,0.0,0.0,0.0
toniot,8,43,full_test,global,benign,1474302,1286700,30931,187602,0.9765252942591667,0.8727519870420036,0.9217269898668772,0,0,0.9765252942591667,0.8727519870420036,0.9217269898668772,0.0,0.0,0.0
toniot,8,43,full_test,global,ddos,103338,100371,1050,2967,0.9896471145029136,0.9712883934273936,0.980381814718767,0,0,0.9896471145029136,0.9712883934273936,0.980381814718767,0.0,0.0,0.0
toniot,8,43,full_test,global,dos,22458,22088,666,370,0.9707304210248747,0.9835248018523466,0.9770857294523578,0,0,0.9707304210248747,0.9835248018523466,0.9770857294523578,0.0,0.0,0.0
toniot,8,43,full_test,global,injection,68891,65741,11015,3150,0.8564933034551044,0.95427559478016,0.9027443064395422,0,0,0.8564933034551044,0.95427559478016,0.9027443064395422,0.0,0.0,0.0
toniot,8,43,full_test,global,mitm,1161,1043,13580,118,0.07132599329822882,0.8983634797588286,0.132159148504815,0,0,0.07132599329822882,0.8983634797588286,0.132159148504815,0.0,0.0,0.0
toniot,8,43,full_test,global,password,210951,210294,50232,657,0.8071900693212961,0.9968855326592432,0.8920647242601442,0,0,0.8071900693212961,0.9968855326592432,0.8920647242601442,0.0,0.0,0.0
toniot,8,43,full_test,global,ransomware,709,649,9386,60,0.0646736422521176,0.9153737658674189,0.12081161578555473,0,0,0.0646736422521176,0.9153737658674189,0.12081161578555473,0.0,0.0,0.0
toniot,8,43,full_test,global,scanning,6029,122,36,5907,0.7721518987341772,0.020235528279980097,0.03943753030547923,0,0,0.7721518987341772,0.020235528279980097,0.03943753030547923,0.0,0.0,0.0
toniot,8,43,full_test,global,xss,343854,320402,107343,23452,0.749049082981683,0.931796634618181,0.8304883754385374,0,0,0.749049082981683,0.931796634618181,0.8304883754385374,0.0,0.0,0.0
toniot,8,43,full_test,expert1,backdoor,40030,40010,96,20,0.9976063431905451,0.9995003747189608,0.9985524608166118,2,4,0.9984528622049209,0.9995503372470647,0.9990012983121942,-0.0008465190143758239,-4.996252810385293e-05,-0.0004488374955824437
toniot,8,43,full_test,expert1,benign,1474302,1172068,2154,302234,0.9981655938996203,0.7949985823800009,0.8850725913754227,17520,132152,0.9765252942591667,0.8727519870420036,0.9217269898668772,0.021640299640453664,-0.07775340466200276,-0.036654398491454465
toniot,8,43,full_test,expert1,ddos,103338,101048,6997,2290,0.9352399463186635,0.9778397104646886,0.9560655303406612,1506,829,0.9896471145029136,0.9712883934273936,0.980381814718767,-0.054407168184250176,0.006551317037295057,-0.024316284378105735
toniot,8,43,full_test,expert1,dos,22458,22135,1033,323,0.955412638121547,0.9856175972927242,0.9702801034497874,48,1,0.9707304210248747,0.9835248018523466,0.9770857294523578,-0.015317782903327748,0.0020927954403776594,-0.006805626002570397
toniot,8,43,full_test,expert1,injection,68891,65789,5718,3102,0.9200358006908415,0.9549723476216051,0.9371785922876394,801,753,0.8564933034551044,0.95427559478016,0.9027443064395422,0.06354249723573702,0.000696752841445103,0.03443428584809727
toniot,8,43,full_test,expert1,mitm,1161,1127,59903,34,0.01846632803539243,0.970714900947459,0.03624318631313213,92,8,0.07132599329822882,0.8983634797588286,0.132159148504815,-0.05285966526283639,0.07235142118863047,-0.09591596219168287
toniot,8,43,full_test,expert1,password,210951,209897,50614,1054,0.8057126186610163,0.9950035790302013,0.8904089831205908,297,694,0.8071900693212961,0.9968855326592432,0.8920647242601442,-0.001477450660279822,-0.001881953629041866,-0.0016557411395533572
toniot,8,43,full_test,expert1,ransomware,709,683,8417,26,0.07505494505494506,0.9633286318758815,0.13925986339076357,34,0,0.0646736422521176,0.9153737658674189,0.12081161578555473,0.010381302802827466,0.04795486600846255,0.018448247605208842
toniot,8,43,full_test,expert1,scanning,6029,4096,20341,1933,0.16761468265335353,0.6793829822524465,0.2688899100636775,3975,1,0.7721518987341772,0.020235528279980097,0.03943753030547923,-0.6045372160808237,0.6591474539724664,0.2294523797581983
toniot,8,43,full_test,expert1,xss,343854,343168,156429,686,0.6868896330442337,0.9980049672244615,0.8137236187994323,22993,227,0.749049082981683,0.931796634618181,0.8304883754385374,-0.062159449937449374,0.06620833260628056,-0.01676475663910504
toniot,8,43,full_test,expert2,backdoor,40030,40010,132,20,0.996711673558866,0.9995003747189608,0.9981040762360924,2,4,0.9984528622049209,0.9995503372470647,0.9990012983121942,-0.0017411886460548809,-4.996252810385293e-05,-0.0008972220761017669
toniot,8,43,full_test,expert2,benign,1474302,1228135,1462,246167,0.9988109925447118,0.8330281041469115,0.908417807026076,17734,76299,0.9765252942591667,0.8727519870420036,0.9217269898668772,0.022285698285545164,-0.0397238828950921,-0.013309182840801181
toniot,8,43,full_test,expert2,ddos,103338,101703,3675,1635,0.9651255480271025,0.9841781338907275,0.974558730523774,1477,145,0.9896471145029136,0.9712883934273936,0.980381814718767,-0.024521566475811163,0.01288974046333391,-0.005823084194993
toniot,8,43,full_test,expert2,dos,22458,21884,2080,574,0.9132031380403939,0.9744411790898566,0.9428288311576408,36,240,0.9707304210248747,0.9835248018523466,0.9770857294523578,-0.05752728298448084,-0.009083622762489973,-0.03425689829471701
toniot,8,43,full_test,expert2,injection,68891,66237,17758,2654,0.7885826537293886,0.9614753741417602,0.8664887563282446,905,409,0.8564933034551044,0.95427559478016,0.9027443064395422,-0.06791064972571581,0.0071997793616002115,-0.03625555011129755
toniot,8,43,full_test,expert2,mitm,1161,1146,74961,15,0.015057747644763295,0.9870801033591732,0.029662991147693742,106,3,0.07132599329822882,0.8983634797588286,0.132159148504815,-0.056268245653465526,0.0887166236003446,-0.10249615735712125
toniot,8,43,full_test,expert2,password,210951,209292,50227,1659,0.8064611839595559,0.9921356144317874,0.8897145407783705,64,1066,0.8071900693212961,0.9968855326592432,0.8920647242601442,-0.0007288853617402058,-0.0047499182274557405,-0.0023501834817736267
toniot,8,43,full_test,expert2,ransomware,709,648,12313,61,0.04999614227297276,0.9139633286318759,0.09480614484272129,2,3,0.0646736422521176,0.9153737658674189,0.12081161578555473,-0.014677499979144831,-0.0014104372355430161,-0.02600547094283344
toniot,8,43,full_test,expert2,scanning,6029,5487,6144,542,0.47175651276760383,0.9101011776413999,0.6214043035107588,5368,3,0.7721518987341772,0.020235528279980097,0.03943753030547923,-0.3003953859665734,0.8898656493614198,0.5819667732052796
toniot,8,43,full_test,expert2,xss,343854,322094,106335,21760,0.7518025157027185,0.9367173277030367,0.8341346371731606,5696,4004,0.749049082981683,0.931796634618181,0.8304883754385374,0.0027534327210354537,0.004920693084855765,0.003646261734623235
toniot,8,43,full_test,expert3,backdoor,40030,40010,53,20,0.9986770835933405,0.9995003747189608,0.9990885595495237,2,4,0.9984528622049209,0.9995503372470647,0.9990012983121942,0.0002242213884195987,-4.996252810385293e-05,8.726123732949453e-05
toniot,8,43,full_test,expert3,benign,1474302,1277582,24418,196720,0.9812457757296467,0.8665673654380175,0.9203480024867612,21867,30985,0.9765252942591667,0.8727519870420036,0.9217269898668772,0.004720481470479987,-0.00618462160398614,-0.0013789873801159924
toniot,8,43,full_test,expert3,ddos,103338,101581,2794,1757,0.9732311377245509,0.9829975420464883,0.9780899606668817,1507,297,0.9896471145029136,0.9712883934273936,0.980381814718767,-0.016415976778362706,0.011709148619094667,-0.002291854051885256
toniot,8,43,full_test,expert3,dos,22458,21342,2494,1116,0.8953683503943615,0.9503072401816725,0.922020132198557,31,777,0.9707304210248747,0.9835248018523466,0.9770857294523578,-0.07536207063051326,-0.033217561670674134,-0.05506559725380078
toniot,8,43,full_test,expert3,injection,68891,65824,8578,3067,0.8847074003387005,0.9554803965684923,0.9187329457824178,817,734,0.8564933034551044,0.95427559478016,0.9027443064395422,0.028214096883596107,0.001204801788332266,0.015988639342875643
toniot,8,43,full_test,expert3,mitm,1161,1057,28642,104,0.035590423919997304,0.9104220499569337,0.06850291639662995,55,41,0.07132599329822882,0.8983634797588286,0.132159148504815,-0.03573556937823152,0.012058570198105079,-0.06365623210818505
toniot,8,43,full_test,expert3,password,210951,210548,50405,403,0.8068426115047538,0.9980896037468416,0.8923340340408219,262,8,0.8071900693212961,0.9968855326592432,0.8920647242601442,-0.0003474578165423292,0.0012040710875984573,0.00026930978067774003
toniot,8,43,full_test,expert3,ransomware,709,651,10114,58,0.06047375754760799,0.918194640338505,0.11347394108419034,2,0,0.0646736422521176,0.9153737658674189,0.12081161578555473,-0.004199884704509604,0.0028208744710860323,-0.007337674701364386
toniot,8,43,full_test,expert3,scanning,6029,3940,3167,2089,0.5543830026734206,0.6535080444518162,0.5998781973203411,3821,3,0.7721518987341772,0.020235528279980097,0.03943753030547923,-0.21776889606075667,0.6332725161718361,0.5604406670148618
toniot,8,43,full_test,expert3,xss,343854,320064,98459,23790,0.7647465013870205,0.9308136592856271,0.8396475759368397,5828,6166,0.749049082981683,0.931796634618181,0.8304883754385374,0.01569741840533745,-0.0009829753325538704,0.009159200498302322
toniot,8,43,full_test,expert4,backdoor,40030,40012,119,18,0.9970347113204256,0.9995503372470647,0.9982909394842878,4,4,0.9984528622049209,0.9995503372470647,0.9990012983121942,-0.0014181508844952617,0.0,-0.0007103588279063766
toniot,8,43,full_test,expert4,benign,1474302,1089379,1971,384923,0.9981939799331103,0.7389117019443777,0.8492024639350934,17054,214375,0.9765252942591667,0.8727519870420036,0.9217269898668772,0.021668685673943644,-0.1338402850976259,-0.07252452593178382
toniot,8,43,full_test,expert4,ddos,103338,101420,2891,1918,0.972284802178102,0.9814395478913855,0.9768407264181383,1477,428,0.9896471145029136,0.9712883934273936,0.980381814718767,-0.01736231232481167,0.010151154463991952,-0.003541088300628603
toniot,8,43,full_test,expert4,dos,22458,22149,623,309,0.9726418408571931,0.9862409831685813,0.9793942073844794,65,4,0.9707304210248747,0.9835248018523466,0.9770857294523578,0.0019114198323183507,0.002716181316234745,0.002308477932121522
toniot,8,43,full_test,expert4,injection,68891,68552,162159,339,0.29713364338934856,0.9950791830572934,0.4576204431212075,3015,204,0.8564933034551044,0.95427559478016,0.9027443064395422,-0.5593596600657559,0.040803588277133374,-0.4451238633183347
toniot,8,43,full_test,expert4,mitm,1161,1143,59235,18,0.018930736360926164,0.9844961240310077,0.03714717496221908,103,3,0.07132599329822882,0.8983634797588286,0.132159148504815,-0.05239525693730265,0.08613264427217915,-0.09501197354259591
toniot,8,43,full_test,expert4,password,210951,209043,49788,1908,0.8076428248548281,0.9909552455309527,0.8899574696348519,70,1321,0.8071900693212961,0.9968855326592432,0.8920647242601442,0.00045275553353196774,-0.005930287128290468,-0.0021072546252922653
toniot,8,43,full_test,expert4,ransomware,709,651,40635,58,0.015768056968463885,0.918194640338505,0.031003690915585188,2,0,0.0646736422521176,0.9153737658674189,0.12081161578555473,-0.04890558528365371,0.0028208744710860323,-0.08980792486996954
toniot,8,43,full_test,expert4,scanning,6029,4300,1035,1729,0.8059981255857545,0.7132194393763477,0.7567757831749384,4181,3,0.7721518987341772,0.020235528279980097,0.03943753030547923,0.03384622685157723,0.6929839110963676,0.7173382528694592
toniot,8,43,full_test,expert4,xss,343854,320381,96237,23473,0.7690042196928601,0.9317355621862767,0.8425846053503614,9152,9173,0.749049082981683,0.931796634618181,0.8304883754385374,0.0199551367111771,-6.107243190422995e-05,0.012096229911824019
toniot,8,43,full_test,expert5,backdoor,40030,40010,87,20,0.9978302616155822,0.9995003747189608,0.9986646199158835,2,4,0.9984528622049209,0.9995503372470647,0.9990012983121942,-0.0006226005893387176,-4.996252810385293e-05,-0.00033667839631068563
toniot,8,43,full_test,expert5,benign,1474302,1255203,6101,219099,0.9951629424785777,0.851387978853722,0.9176782036594451,17673,49170,0.9765252942591667,0.8727519870420036,0.9217269898668772,0.01863764821941105,-0.021364008188281658,-0.004048786207432098
toniot,8,43,full_test,expert5,ddos,103338,101787,4369,1551,0.9588435886808093,0.9849910004064333,0.9717414341222183,1555,139,0.9896471145029136,0.9712883934273936,0.980381814718767,-0.030803525822104327,0.013702606979039689,-0.008640380596548702
toniot,8,43,full_test,expert5,dos,22458,22032,1224,426,0.9473684210526315,0.981031258348918,0.9639060244126526,68,124,0.9707304210248747,0.9835248018523466,0.9770857294523578,-0.023361999972243197,-0.0024935435034285636,-0.013179705039705225
toniot,8,43,full_test,expert5,injection,68891,66270,17238,2621,0.7935766633136945,0.9619543917202538,0.8696907460022704,915,386,0.8564933034551044,0.95427559478016,0.9027443064395422,-0.06291664014140996,0.007678796940093768,-0.03305356043727181
toniot,8,43,full_test,expert5,mitm,1161,1142,48254,19,0.023119280913434286,0.983634797588286,0.045176731214273,102,3,0.07132599329822882,0.8983634797588286,0.132159148504815,-0.048206712384794535,0.0852713178294574,-0.086982417290542
toniot,8,43,full_test,expert5,password,210951,210112,50505,839,0.8062098788643872,0.9960227730610426,0.8911206867302277,122,304,0.8071900693212961,0.9968855326592432,0.8920647242601442,-0.0009801904569088915,-0.0008627595982005909,-0.0009440375299164527
toniot,8,43,full_test,expert5,ransomware,709,659,10151,50,0.060962072155411655,0.9294781382228491,0.11441965448389617,10,0,0.0646736422521176,0.9153737658674189,0.12081161578555473,-0.0037115700967059392,0.014104372355430161,-0.006391961301658561
toniot,8,43,full_test,expert5,scanning,6029,3870,2200,2159,0.6375617792421746,0.6418974954387129,0.6397222910984379,3752,4,0.7721518987341772,0.020235528279980097,0.03943753030547923,-0.1345901194920026,0.6216619671587328,0.6002847607929587
toniot,8,43,full_test,expert5,xss,343854,328756,101753,15098,0.7636448947641048,0.9560918296718957,0.8491004864643584,8871,517,0.749049082981683,0.931796634618181,0.8304883754385374,0.014595811782421753,0.02429519505371469,0.018612111025821054
toniot,8,43,full_test,expert6,backdoor,40030,40018,639,12,0.9842831492731879,0.9997002248313764,0.9919317857895323,6,0,0.9984528622049209,0.9995503372470647,0.9990012983121942,-0.01416971293173297,0.00014988758431178084,-0.007069512522661858
toniot,8,43,full_test,expert6,benign,1474302,1200441,2216,273861,0.9981574131277663,0.8142436217274344,0.8968691713246262,14505,100764,0.9765252942591667,0.8727519870420036,0.9217269898668772,0.021632118868599615,-0.058508365314569266,-0.024857818542250998
toniot,8,43,full_test,expert6,ddos,103338,101628,6389,1710,0.9408519029412037,0.9834523602159903,0.9616805847980885,1500,243,0.9896471145029136,0.9712883934273936,0.980381814718767,-0.04879521156170996,0.012163966788596658,-0.018701229920678464
toniot,8,43,full_test,expert6,dos,22458,22187,3575,271,0.8612297181895816,0.9879330305459079,0.9202405640812941,103,4,0.9707304210248747,0.9835248018523466,0.9770857294523578,-0.10950070283529312,0.004408228693561278,-0.056845165371063766
toniot,8,43,full_test,expert6,injection,68891,66057,15701,2834,0.8079576310575112,0.9588625509863408,0.8769656619028338,847,531,0.8564933034551044,0.95427559478016,0.9027443064395422,-0.048535672397593266,0.00458695620618077,-0.025778644536708417
toniot,8,43,full_test,expert6,mitm,1161,1138,58998,23,0.018923772781694825,0.9801894918173988,0.03713069155097313,100,5,0.07132599329822882,0.8983634797588286,0.132159148504815,-0.052402220516533995,0.08182601205857021,-0.09502845695384188
toniot,8,43,full_test,expert6,password,210951,210321,51268,630,0.804013165691218,0.9970135244677674,0.8901722605493715,185,158,0.8071900693212961,0.9968855326592432,0.8920647242601442,-0.003176903630078165,0.000127991808524186,-0.0018924637107726738
toniot,8,43,full_test,expert6,ransomware,709,648,39037,61,0.01632858762756709,0.9139633286318759,0.03208397286725751,2,3,0.0646736422521176,0.9153737658674189,0.12081161578555473,-0.04834505462455051,-0.0014104372355430161,-0.08872764291829721
toniot,8,43,full_test,expert6,scanning,6029,4408,3658,1621,0.5464914455740144,0.7311328578537071,0.6254700248315005,4289,3,0.7721518987341772,0.020235528279980097,0.03943753030547923,-0.2256604531601628,0.710897329573727,0.5860324945260212
toniot,8,43,full_test,expert6,xss,343854,336416,106980,7438,0.7587258342429792,0.9783687262617273,0.8546611622737377,16744,730,0.749049082981683,0.931796634618181,0.8304883754385374,0.00967675126129619,0.046572091643546365,0.0241727868352003
toniot,8,43,full_test,expert7,backdoor,40030,40010,98,20,0.9975565971875935,0.9995003747189608,0.9985275399935112,2,4,0.9984528622049209,0.9995503372470647,0.9990012983121942,-0.0008962650173274245,-4.996252810385293e-05,-0.0004737583186830152
toniot,8,43,full_test,expert7,benign,1474302,1257384,20329,216918,0.9840895412350035,0.8528673229772462,0.9137915309327892,19882,49198,0.9765252942591667,0.8727519870420036,0.9217269898668772,0.007564246975836797,-0.019884664064757418,-0.00793545893408798
toniot,8,43,full_test,expert7,ddos,103338,101872,5230,1466,0.9511680454146515,0.9858135439044688,0.9681809541912184,1547,46,0.9896471145029136,0.9712883934273936,0.980381814718767,-0.03847906908826215,0.014525150477075255,-0.01220086052754854
toniot,8,43,full_test,expert7,dos,22458,22119,989,339,0.9572009693612602,0.9849051562917446,0.97085546240618,35,4,0.9707304210248747,0.9835248018523466,0.9770857294523578,-0.013529451663614522,0.0013803544393979905,-0.006230267046177795
toniot,8,43,full_test,expert7,injection,68891,66198,17163,2693,0.7941123546982402,0.9609092624580859,0.8695846359982135,854,397,0.8564933034551044,0.95427559478016,0.9027443064395422,-0.062380948756864285,0.006633667677925947,-0.033159670441328726
toniot,8,43,full_test,expert7,mitm,1161,1102,45637,59,0.023577740216949444,0.9491817398794143,0.0460125260960334,78,19,0.07132599329822882,0.8983634797588286,0.132159148504815,-0.047748253081279377,0.05081826012058577,-0.0861466224087816
toniot,8,43,full_test,expert7,password,210951,210069,50482,882,0.8062490644825773,0.9958189342548743,0.8910630283646729,92,317,0.8071900693212961,0.9968855326592432,0.8920647242601442,-0.0009410048387188397,-0.001066598404368846,-0.0010016958954712774
toniot,8,43,full_test,expert7,ransomware,709,706,12421,3,0.053782280795307384,0.995768688293371,0.10205261636311072,57,0,0.0646736422521176,0.9153737658674189,0.12081161578555473,-0.01089136145681021,0.08039492242595203,-0.01875899942244401
toniot,8,43,full_test,expert7,scanning,6029,4070,2194,1959,0.6497445721583652,0.6750704926190081,0.6621654600178963,3950,2,0.7721518987341772,0.020235528279980097,0.03943753030547923,-0.12240732657581199,0.654834964339028,0.6227279297124171
toniot,8,43,full_test,expert7,xss,343854,317559,96091,26295,0.7676997461622145,0.9235285906227643,0.8384351765799256,5140,7983,0.749049082981683,0.931796634618181,0.8304883754385374,0.018650663180531435,-0.008268043995416696,0.007946801141388238
toniot,8,43,full_test,expert8,backdoor,40030,40010,61,20,0.9984777020788101,0.9995003747189608,0.9989887766694548,2,4,0.9984528622049209,0.9995503372470647,0.9990012983121942,2.4839873889237474e-05,-4.996252810385293e-05,-1.2521642739349303e-05
toniot,8,43,full_test,expert8,benign,1474302,1239718,2834,234584,0.9977192101417084,0.8408847034054081,0.9126128971229224,17755,64737,0.9765252942591667,0.8727519870420036,0.9217269898668772,0.021193915882541714,-0.03186728363659552,-0.009114092743954805
toniot,8,43,full_test,expert8,ddos,103338,101757,3995,1581,0.9622229366820486,0.9847006909365383,0.9733320579654694,1507,121,0.9896471145029136,0.9712883934273936,0.980381814718767,-0.027424177820865037,0.013412297509144744,-0.007049756753297554
toniot,8,43,full_test,expert8,dos,22458,22392,17209,66,0.5654402666599329,0.9970611808709591,0.7216358626468361,306,2,0.9707304210248747,0.9835248018523466,0.9770857294523578,-0.40529015436494187,0.013536379018612488,-0.25544986680552173
toniot,8,43,full_test,expert8,injection,68891,66148,15607,2743,0.8091003608341998,0.9601834782482472,0.87819125632277,864,457,0.8564933034551044,0.95427559478016,0.9027443064395422,-0.047392942620904654,0.005907883468087238,-0.024553050116772224
toniot,8,43,full_test,expert8,mitm,1161,1134,64737,27,0.017215466593796965,0.9767441860465116,0.03383458646616541,97,6,0.07132599329822882,0.8983634797588286,0.132159148504815,-0.05411052670443185,0.07838070628768301,-0.09832456203864959
toniot,8,43,full_test,expert8,password,210951,210225,50411,726,0.8065846621341641,0.9965584424819034,0.891564016819802,156,225,0.8071900693212961,0.9968855326592432,0.8920647242601442,-0.0006054071871319788,-0.00032709017733978385,-0.0005007074403421408
toniot,8,43,full_test,expert8,ransomware,709,653,11175,56,0.05520798106188705,0.921015514809591,0.10417165191034537,4,0,0.0646736422521176,0.9153737658674189,0.12081161578555473,-0.009465661190230547,0.005641748942172065,-0.016639963875209357
toniot,8,43,full_test,expert8,scanning,6029,4175,1965,1854,0.6799674267100977,0.6924863161386632,0.6861697756594626,4056,3,0.7721518987341772,0.020235528279980097,0.03943753030547923,-0.09218447202407953,0.6722507878586831,0.6467322453539833
toniot,8,43,full_test,expert8,xss,343854,320413,97104,23441,0.7674250389804487,0.9318286249396546,0.8416737700805521,6989,6978,0.749049082981683,0.931796634618181,0.8304883754385374,0.018375955998765625,3.199032147360725e-05,0.011185394642014734
