epoch,pid,elapsed_seconds,phase,rss_bytes,gpu_used_mib
1790749351.6344223,3055868,0.234,starting,520843264,0
1790749352.7722797,3055868,1.372,starting,822964224,0
1790749353.8004165,3055868,2.4,residual_clustering,1612230656,0
1790749354.8263144,3055868,3.426,residual_clustering,1612316672,0
1790749355.8483238,3055868,4.448,starting,2229272576,0
1790749356.870201,3055868,5.47,starting,6514192384,0
1790749357.8934398,3055868,6.493,starting,10877771776,0
1790749359.0920978,3055868,7.691,starting,15145758720,0
1790749360.2037516,3055868,8.803,starting,18253099008,0
1790749361.4050493,3055868,10.004,starting,21466107904,0
1790749362.4990942,3055868,11.098,starting,23966552064,0
1790749363.636427,3055868,12.236,starting,26972762112,0
1790749366.2134812,3055868,14.813,block1_selection,1370923008,0
1790749367.2357833,3055868,15.835,block1_selection,1536638976,0
1790749368.2646885,3055868,16.864,block1_selection,1536638976,0
1790749369.295824,3055868,17.895,block1_selection,1535606784,0
1790749370.3243651,3055868,18.924,block1_selection,1544519680,0
1790749371.3549204,3055868,19.954,block1_selection,1544519680,0
1790749372.3782368,3055868,20.978,block1_selection,1545707520,0
1790749373.4009244,3055868,22.0,block1_selection,1545707520,0
1790749374.4281454,3055868,23.028,block1_selection,1545707520,0
1790749375.4536536,3055868,24.053,block1_selection,1545707520,0
1790749376.47931,3055868,25.079,block1_selection,1545715712,0
1790749377.505262,3055868,26.105,block1_selection,1545723904,0
1790749378.5318787,3055868,27.131,starting,1339555840,0
1790749379.5550175,3055868,28.154,input_loading,3517513728,0
1790749380.5788045,3055868,29.178,input_loading,7838507008,0
1790749381.6026995,3055868,30.202,input_loading,12115243008,0
1790749382.7870822,3055868,31.386,input_loading,15838363648,0
1790749384.195335,3055868,32.795,input_loading,19623182336,0
1790749385.349484,3055868,33.949,input_loading,22712709120,0
1790749386.4890382,3055868,35.088,input_loading,25469202432,0
1790749388.2749445,3055868,36.874,input_loading,23320444928,0
1790749389.54724,3055868,38.147,starting,976248832,0
1790749390.7174087,3055868,39.317,starting,1125937152,0
1790749391.9601538,3055868,40.56,starting,1124483072,0
1790749393.150937,3055868,41.75,starting,1124691968,0
1790749394.380641,3055868,42.98,starting,1123659776,0
1790749395.602868,3055868,44.202,starting,1123442688,0
1790749396.8058903,3055868,45.405,starting,1123430400,0
1790749397.8257215,3055868,46.425,starting,1123430400,0
1790749398.8464844,3055868,47.446,starting,1123430400,0
1790749399.8677154,3055868,48.467,starting,1123430400,0
1790749400.8900564,3055868,49.489,starting,1123430400,0
1790749401.9139018,3055868,50.513,starting,1123430400,0
1790749402.9402835,3055868,51.54,starting,1156722688,0
1790749403.9783177,3055868,52.578,starting,4198023168,0
1790749404.9975142,3055868,53.597,starting,4960256000,2762
1790749406.0196884,3055868,54.619,starting,4960256000,2762
1790749407.0446167,3055868,55.644,affinity1_cal,5020798976,2762
1790749408.068199,3055868,56.668,affinity1_eval,5140692992,2762
1790749409.0963862,3055868,57.696,affinity1_eval,5140692992,2762
1790749410.1211364,3055868,58.721,starting,5075087360,2764
1790749411.1425312,3055868,59.742,starting,5075087360,2784
1790749412.1645257,3055868,60.764,affinity2_route,5075087360,2784
1790749413.1897278,3055868,61.789,affinity2_eval,5158825984,2784
1790749414.2135768,3055868,62.813,affinity2_eval,5158825984,2784
1790749415.2395651,3055868,63.839,starting,5093175296,2784
1790749416.2579417,3055868,64.857,starting,5094129664,2784
1790749417.2807508,3055868,65.88,affinity3_route,5094129664,2784
1790749418.304065,3055868,66.903,affinity3_eval,5159780352,2784
1790749419.3335884,3055868,67.933,affinity3_eval,5159780352,2784
1790749420.3593698,3055868,68.959,starting,5094129664,2784
1790749421.3837628,3055868,69.983,starting,5094293504,2784
1790749422.4088016,3055868,71.008,starting,5094064128,2784
1790749423.4312482,3055868,72.031,starting,5094064128,2786
1790749424.4560976,3055868,73.055,starting,5094064128,2786
1790749425.484517,3055868,74.084,affinity5_route,5094748160,2786
1790749426.510482,3055868,75.11,affinity5_eval,5160398848,2786
1790749427.5346208,3055868,76.134,affinity5_eval,5160398848,2786
1790749428.5576022,3055868,77.157,starting,5094748160,2786
1790749429.5796423,3055868,78.179,affinity6_eval,5160329216,2786
1790749430.60629,3055868,79.206,affinity6_eval,5160329216,2786
1790749431.630339,3055868,80.23,expert1_fit,4538634240,586
1790749432.6516733,3055868,81.251,expert1_fit,4551860224,1436
1790749433.6756685,3055868,82.275,expert1_fit,4555063296,4384
1790749434.701178,3055868,83.301,expert1_fit,4555128832,4388
1790749435.7229524,3055868,84.322,expert1_fit,4555128832,4388
1790749436.7435648,3055868,85.343,expert1_fit,4555128832,4388
1790749437.762502,3055868,86.362,expert1_fit,4555128832,4388
1790749438.7835507,3055868,87.383,expert1_fit,4555128832,4388
1790749439.8076599,3055868,88.407,expert1_fit,4555128832,4388
1790749440.828634,3055868,89.428,expert1_fit,4555128832,4388
1790749441.8571115,3055868,90.456,expert1_fit,4555128832,4388
1790749442.8804865,3055868,91.48,expert1_fit,4555128832,4388
1790749443.9030623,3055868,92.502,expert1_fit,4555128832,4388
1790749444.9244833,3055868,93.524,expert1_fit,4555128832,4388
1790749445.9446566,3055868,94.544,expert1_fit,4555128832,4388
1790749446.9641407,3055868,95.564,expert1_fit,4555128832,4388
1790749447.9848785,3055868,96.584,expert1_fit,4555128832,4388
1790749449.0047188,3055868,97.604,expert1_fit,4555128832,4448
1790749450.0256312,3055868,98.625,expert1_fit,4555128832,4488
1790749451.0464714,3055868,99.646,expert1_fit,4555128832,4548
1790749452.0714924,3055868,100.671,expert1_fit,4555128832,4588
1790749453.095505,3055868,101.695,expert1_fit,4555128832,4588
1790749454.1191082,3055868,102.718,expert1_fit,4555128832,4648
1790749455.1403344,3055868,103.74,expert1_fit,4555128832,4688
1790749456.162844,3055868,104.762,expert1_fit,4555128832,4748
1790749457.1845179,3055868,105.784,expert1_fit,4555128832,4788
1790749458.2094545,3055868,106.809,expert1_fit,4555128832,4848
1790749459.2343853,3055868,107.834,expert1_fit,4555214848,4848
1790749460.2586176,3055868,108.858,expert1_fit,4555214848,4848
1790749461.28041,3055868,109.88,expert1_fit,4555214848,4848
1790749462.3057275,3055868,110.905,expert1_fit,4555214848,4848
1790749463.3271165,3055868,111.926,expert1_fit,4555214848,4848
1790749464.3507118,3055868,112.95,expert1_fit,4555214848,4848
1790749465.4868214,3055868,114.086,expert1_fit,4555214848,4848
1790749466.511858,3055868,115.111,expert1_fit,4555214848,4848
1790749467.5348542,3055868,116.134,expert1_fit,4555214848,4848
1790749468.5595977,3055868,117.159,expert1_fit,4555214848,4848
1790749469.5802004,3055868,118.18,expert1_fit,4555214848,4848
1790749470.601897,3055868,119.201,expert1_fit,4555214848,4848
1790749471.620745,3055868,120.22,expert1_fit,4555214848,4848
1790749472.6418822,3055868,121.241,expert1_fit,4555214848,4848
1790749473.6635253,3055868,122.263,expert1_fit,4555214848,4848
1790749474.6883168,3055868,123.288,expert1_fit,4555214848,4848
1790749475.7127528,3055868,124.312,expert1_fit,4555214848,4848
1790749476.737666,3055868,125.337,expert1_fit,4555214848,4848
1790749477.7635438,3055868,126.363,expert1_fit,4555214848,4848
1790749478.7883878,3055868,127.388,expert1_fit,4555214848,4848
1790749479.813209,3055868,128.413,expert1_fit,4555214848,4848
1790749480.8367286,3055868,129.436,expert1_fit,4555214848,4848
1790749481.8620074,3055868,130.461,expert1_fit,4555214848,4848
1790749482.8864305,3055868,131.486,expert1_fit,4555214848,4848
1790749483.907994,3055868,132.507,expert1_fit,4555214848,4848
1790749484.9322667,3055868,133.532,expert1_fit,4555214848,4848
1790749485.957498,3055868,134.557,expert1_fit,4555214848,4848
1790749486.9815598,3055868,135.581,expert1_fit,4555214848,4848
1790749488.0066233,3055868,136.606,expert1_fit,4555214848,4848
1790749489.032639,3055868,137.632,expert1_fit,4555214848,4848
1790749490.0546045,3055868,138.654,expert1_fit,4555214848,4848
1790749491.078706,3055868,139.678,expert1_fit,4555214848,4848
1790749492.102698,3055868,140.702,expert1_fit,4555214848,4848
1790749493.1257954,3055868,141.725,expert1_fit,4555214848,4848
1790749494.1484942,3055868,142.748,expert1_fit,4555214848,4848
1790749495.1726587,3055868,143.772,expert1_fit,4555214848,4848
1790749496.1979067,3055868,144.797,expert1_fit,4555214848,4848
1790749497.2214954,3055868,145.821,expert1_fit,4555214848,4848
1790749498.2471426,3055868,146.847,expert1_fit,5357395968,4848
1790749499.270113,3055868,147.869,expert1_fit,5357395968,4848
1790749500.2948563,3055868,148.894,expert1_fit,5357395968,4848
1790749501.319764,3055868,149.919,expert1_fit,5357395968,4848
1790749502.341462,3055868,150.941,expert1_fit,5357395968,4848
1790749503.365152,3055868,151.965,expert1_fit,5357395968,4848
1790749504.384861,3055868,152.984,expert1_fit,5357395968,4848
1790749505.404823,3055868,154.004,expert1_fit,5357395968,4848
1790749506.4268706,3055868,155.026,expert1_fit,5357395968,4848
1790749507.4494936,3055868,156.049,expert1_fit,5357395968,4848
1790749508.4689708,3055868,157.068,expert1_fit,5357395968,4848
1790749509.4902875,3055868,158.09,expert1_fit,5357395968,4848
1790749510.511752,3055868,159.111,expert1_fit,5357395968,4848
1790749511.5367033,3055868,160.136,expert1_fit,5357395968,4848
1790749512.558537,3055868,161.158,expert1_fit,5357395968,4848
1790749513.5805912,3055868,162.18,expert1_fit,5357395968,4848
1790749514.6023073,3055868,163.202,expert1_fit,5357395968,4848
1790749515.6220849,3055868,164.221,expert1_fit,5357395968,4848
1790749516.6421456,3055868,165.242,expert1_fit,5357395968,4848
1790749517.6620688,3055868,166.261,expert1_fit,5357395968,4848
1790749518.6831753,3055868,167.283,expert1_fit,5357395968,4848
1790749519.70723,3055868,168.307,expert1_fit,5357395968,4848
1790749520.7297091,3055868,169.329,expert1_fit,5357395968,4848
1790749521.7547631,3055868,170.354,expert1_fit,5357395968,4848
1790749522.7783568,3055868,171.378,expert1_fit,5357395968,4848
1790749523.7983704,3055868,172.398,expert1_fit,5357395968,4848
1790749524.818532,3055868,173.418,expert1_fit,5357395968,4848
1790749525.840739,3055868,174.44,expert1_fit,5357395968,4848
1790749526.8661838,3055868,175.466,expert1_fit,5370494976,4848
1790749527.890599,3055868,176.49,expert1_fit,5370494976,4848
1790749528.9110556,3055868,177.51,expert1_fit,5370494976,4848
1790749529.932132,3055868,178.532,expert1_fit,6195920896,4848
1790749530.9530327,3055868,179.552,expert1_fit,6195920896,4848
1790749531.9744205,3055868,180.574,expert1_fit,6195920896,4848
1790749532.9960113,3055868,181.595,expert1_fit,6195920896,4848
1790749534.0173573,3055868,182.617,expert1_fit,6195920896,4848
1790749535.042155,3055868,183.642,expert1_fit,6195920896,4848
1790749536.0643432,3055868,184.664,expert1_fit,6195920896,4848
1790749537.088997,3055868,185.688,expert1_fit,6195920896,4848
1790749538.110214,3055868,186.71,expert1_fit,6195920896,4848
1790749539.1329799,3055868,187.732,expert1_fit,6195920896,4848
1790749540.1547024,3055868,188.754,expert1_fit,6195920896,4848
1790749541.1808555,3055868,189.78,expert1_fit,6195920896,4848
1790749542.2042127,3055868,190.804,expert1_fit,6195920896,4848
1790749543.226667,3055868,191.826,expert1_fit,6195920896,4848
1790749544.2513115,3055868,192.851,expert1_fit,6195920896,4848
1790749545.2713776,3055868,193.871,expert1_fit,6195920896,4848
1790749546.292909,3055868,194.892,expert1_fit,6195920896,4848
1790749547.3135417,3055868,195.913,expert1_fit,6195920896,4848
1790749548.3370178,3055868,196.936,expert1_fit,6195920896,4848
1790749549.358437,3055868,197.958,expert1_fit,6195920896,4848
1790749550.3830087,3055868,198.982,expert1_fit,6195920896,4848
1790749551.4089408,3055868,200.008,expert1_fit,6195920896,4848
1790749552.4310913,3055868,201.03,expert1_fit,6195920896,4848
1790749553.4537904,3055868,202.053,expert1_fit,6195920896,4848
1790749554.4742594,3055868,203.074,expert1_fit,6195920896,4848
1790749555.4936447,3055868,204.093,expert1_fit,6195920896,4848
1790749556.5133007,3055868,205.113,expert1_fit,6195920896,4848
1790749557.533502,3055868,206.133,expert1_fit,6195920896,4848
1790749558.5531268,3055868,207.153,expert1_fit,6195920896,4848
1790749559.573513,3055868,208.173,expert1_fit,6209024000,4848
1790749560.5980122,3055868,209.197,expert1_fit,6209024000,4848
1790749561.6288624,3055868,210.228,starting,8099016704,4942
1790749562.67404,3055868,211.273,starting,10614632448,4942
1790749563.6985693,3055868,212.298,starting,7034597376,4942
1790749564.7240026,3055868,213.323,starting,7034597376,4942
1790749565.7458959,3055868,214.345,starting,7034597376,4942
1790749566.7676466,3055868,215.367,starting,7034597376,4942
1790749567.790979,3055868,216.39,starting,7034597376,4942
1790749568.8154402,3055868,217.415,starting,7034597376,4942
1790749569.8369412,3055868,218.436,starting,7034597376,4942
1790749570.8548286,3055868,219.454,starting,7034597376,4942
1790749571.8736715,3055868,220.473,starting,7034597376,4942
1790749572.8939757,3055868,221.493,starting,7034597376,4942
1790749573.9163156,3055868,222.516,starting,7034597376,4942
1790749574.938575,3055868,223.538,starting,7034597376,4942
1790749575.9625235,3055868,224.562,starting,7034597376,4942
1790749576.9869614,3055868,225.586,starting,7034597376,4942
1790749578.01091,3055868,226.61,starting,7034597376,4942
1790749579.0331278,3055868,227.633,starting,7034597376,4942
1790749580.0589612,3055868,228.658,starting,7034597376,4942
1790749581.080735,3055868,229.68,starting,7034597376,4942
1790749582.0989153,3055868,230.698,starting,7034597376,4942
1790749583.1196597,3055868,231.719,starting,7034597376,4942
1790749584.1440787,3055868,232.743,starting,7034597376,4942
1790749585.16531,3055868,233.765,starting,7034597376,4942
1790749586.1881864,3055868,234.788,starting,7034597376,4942
1790749587.213222,3055868,235.813,starting,7034597376,4942
1790749588.2342966,3055868,236.834,starting,7034597376,4942
1790749589.2588758,3055868,237.858,starting,7034597376,4942
1790749590.2779682,3055868,238.877,starting,7034597376,4942
1790749591.298563,3055868,239.898,starting,7034597376,4942
1790749592.3193686,3055868,240.919,starting,7034597376,4942
1790749593.3436852,3055868,241.943,starting,7034597376,4942
1790749594.362266,3055868,242.962,starting,7034597376,4942
1790749595.3819306,3055868,243.981,starting,7034597376,4942
1790749596.4026372,3055868,245.002,starting,7034597376,4942
1790749597.4251623,3055868,246.025,starting,7034597376,4942
1790749598.4492533,3055868,247.049,starting,7034597376,4942
1790749599.473643,3055868,248.073,starting,7034597376,4942
1790749600.4967937,3055868,249.096,starting,7034597376,4942
1790749601.5174232,3055868,250.117,starting,7034597376,4942
1790749602.5445738,3055868,251.144,starting,7034597376,4942
1790749603.5654545,3055868,252.165,starting,7034597376,4942
1790749604.5881803,3055868,253.188,starting,7034597376,4942
1790749605.6113567,3055868,254.211,starting,7034597376,4942
1790749606.6362333,3055868,255.236,starting,7034597376,4942
1790749607.6680465,3055868,256.267,starting,7034597376,4942
1790749608.6922197,3055868,257.292,starting,7034597376,4942
1790749609.7136657,3055868,258.313,starting,7034597376,4942
1790749610.7341876,3055868,259.334,starting,7034597376,4942
1790749611.7563431,3055868,260.356,starting,7034597376,4942
1790749612.7774866,3055868,261.377,starting,7034597376,4942
1790749613.7974262,3055868,262.397,starting,7034597376,4942
1790749614.8188534,3055868,263.418,starting,7034597376,4942
1790749615.8392117,3055868,264.439,starting,7034597376,4942
1790749616.8603919,3055868,265.46,starting,7034597376,4942
1790749617.8846183,3055868,266.484,starting,7034597376,4942
1790749618.9086297,3055868,267.508,starting,7034597376,4942
1790749619.9285772,3055868,268.528,starting,7034597376,4942
1790749620.9470642,3055868,269.546,starting,7034597376,4942
1790749621.96701,3055868,270.566,starting,7034597376,4942
1790749622.9869835,3055868,271.586,starting,7034597376,4942
1790749624.0116007,3055868,272.611,starting,7034597376,4942
1790749625.033412,3055868,273.633,starting,7034597376,4942
1790749626.0542877,3055868,274.654,starting,7034597376,4942
1790749627.079002,3055868,275.678,starting,7034662912,4942
1790749628.101952,3055868,276.701,expert1_route,7151296512,4942
1790749629.12643,3055868,277.726,expert1_route,7151296512,4942
1790749630.1503289,3055868,278.75,expert1_route,7151296512,4942
1790749631.1724117,3055868,279.772,expert1_route,7151296512,4942
1790749632.1945384,3055868,280.794,expert1_route,7151296512,4942
1790749633.2142153,3055868,281.814,expert1_route,7151296512,4942
1790749634.2360983,3055868,282.835,expert1_route,7151296512,4942
1790749635.259384,3055868,283.859,expert1_route,7151296512,4942
1790749636.2814188,3055868,284.881,expert1_route,7151296512,4942
1790749637.3052452,3055868,285.905,expert1_route,7151296512,4942
1790749638.3270469,3055868,286.926,expert1_route,7151296512,4942
1790749639.3531845,3055868,287.953,expert1_route,7175413760,4942
1790749640.3744776,3055868,288.974,expert1_route,7175413760,4942
1790749641.3991573,3055868,289.999,expert1_route,7175413760,4942
1790749642.4235368,3055868,291.023,expert1_route,7175413760,4942
1790749643.4473662,3055868,292.047,expert1_route,7175413760,4962
1790749644.4691305,3055868,293.069,expert1_route,7175413760,4962
1790749645.4889321,3055868,294.088,expert1_route,7175413760,4962
1790749646.5119183,3055868,295.111,expert1_route,7175413760,4962
1790749647.5306687,3055868,296.13,expert1_route,7175413760,4962
1790749648.5524747,3055868,297.152,expert1_route,7175413760,4982
1790749649.5725443,3055868,298.172,expert1_route,7175413760,4982
1790749650.5928237,3055868,299.192,expert1_route,7175413760,4982
1790749651.6113305,3055868,300.211,expert1_route,7175413760,4982
1790749652.6323626,3055868,301.232,expert1_route,7175413760,4982
1790749653.6564522,3055868,302.256,expert1_route,7175413760,4982
1790749654.6767988,3055868,303.276,expert1_route,7175413760,4982
1790749655.7005062,3055868,304.3,expert1_route,7175413760,4982
1790749656.7244473,3055868,305.324,expert1_route,7175413760,4982
1790749657.7462664,3055868,306.346,expert1_route,7175413760,4982
1790749658.768874,3055868,307.368,expert1_route,7175413760,4982
1790749659.7927496,3055868,308.392,expert1_route,7175413760,4982
1790749660.8146298,3055868,309.414,expert1_route,7175413760,4982
1790749661.8360264,3055868,310.435,expert1_route,7175413760,4982
1790749662.8545353,3055868,311.454,expert1_route,7175413760,4982
1790749663.8742692,3055868,312.474,expert1_route,7175413760,4982
1790749664.8949616,3055868,313.494,expert1_route,7175413760,4982
1790749665.9165506,3055868,314.516,expert1_route,7175413760,4982
1790749666.9382203,3055868,315.538,expert1_route,7175413760,4982
1790749667.9591956,3055868,316.559,expert1_route,7175413760,4982
1790749668.9805534,3055868,317.58,expert1_route,7175413760,4982
1790749670.0055366,3055868,318.605,expert1_route,7175413760,4982
1790749671.0275445,3055868,319.627,expert1_route,7175413760,4982
1790749672.0506217,3055868,320.65,expert1_route,7175413760,4982
1790749673.0745873,3055868,321.674,expert1_route,7176572928,4982
1790749674.0987725,3055868,322.698,expert1_route,7176572928,4982
1790749675.1223662,3055868,323.722,expert1_route,7176572928,4982
1790749676.1408048,3055868,324.74,expert1_route,7176572928,4982
1790749677.1616538,3055868,325.761,expert1_route,7176572928,4982
1790749678.1808083,3055868,326.78,expert1_route,7176572928,4982
1790749679.1995907,3055868,327.799,expert1_route,7176572928,4982
1790749680.2214293,3055868,328.821,expert1_route,7176572928,4982
1790749681.2405398,3055868,329.84,expert1_route,7176572928,4982
1790749682.261274,3055868,330.861,expert1_route,7176572928,4982
1790749683.285323,3055868,331.885,expert1_route,7176572928,4982
1790749684.3063889,3055868,332.906,expert1_route,7176572928,4982
1790749685.3315606,3055868,333.931,expert1_route,7176572928,4982
1790749686.3555071,3055868,334.955,expert1_route,7176572928,4982
1790749687.3804424,3055868,335.98,expert1_route,7176572928,4982
1790749688.4055037,3055868,337.005,expert1_route,7176572928,4982
1790749689.4295628,3055868,338.029,expert1_route,7176572928,4982
1790749690.453883,3055868,339.053,expert1_route,7176572928,4982
1790749691.4791873,3055868,340.079,expert1_route,7176572928,4982
1790749692.5012805,3055868,341.101,expert1_route,7176572928,4982
1790749693.520963,3055868,342.12,expert1_route,7176572928,4982
1790749694.5443478,3055868,343.144,expert1_route,7176572928,4982
1790749695.5687962,3055868,344.168,expert1_route,7176572928,4982
1790749696.5899823,3055868,345.189,expert1_route,7176572928,4982
1790749697.6091204,3055868,346.208,expert1_route,7176572928,4982
1790749698.6290724,3055868,347.228,expert1_route,7176572928,4982
1790749699.6491325,3055868,348.249,expert1_route,7176572928,4982
1790749700.6692376,3055868,349.269,expert1_route,7176572928,4982
1790749701.6922002,3055868,350.292,expert1_route,7176572928,4982
1790749702.7135942,3055868,351.313,expert1_route,7176572928,4982
1790749703.7350075,3055868,352.334,expert1_route,7176572928,4982
1790749704.7550952,3055868,353.354,expert1_route,7176572928,4982
1790749705.7753775,3055868,354.375,expert1_route,7176572928,4982
1790749706.7972941,3055868,355.397,expert1_route,7176572928,4982
1790749707.822301,3055868,356.422,expert1_route,7176572928,4982
1790749708.8469653,3055868,357.446,expert1_route,7176572928,4982
1790749709.8704314,3055868,358.47,expert1_route,7176572928,4982
1790749710.8927295,3055868,359.492,expert1_route,7176572928,4982
1790749711.9155967,3055868,360.515,expert1_route,7176572928,4982
1790749712.936994,3055868,361.536,expert1_route,7176572928,4982
1790749713.9615896,3055868,362.561,expert1_route,7176572928,4982
1790749714.9858208,3055868,363.585,expert1_route,7176572928,4982
1790749716.0080957,3055868,364.607,expert1_route,7176572928,4982
1790749717.0285008,3055868,365.628,expert1_route,7176572928,4982
1790749718.0485873,3055868,366.648,expert1_route,7176572928,4982
1790749719.069793,3055868,367.669,expert1_route,7176572928,4982
1790749720.0924876,3055868,368.692,expert1_route,7176572928,4982
1790749721.1138225,3055868,369.713,expert1_route,7176572928,4982
1790749722.134774,3055868,370.734,expert1_route,7176572928,4982
1790749723.1610115,3055868,371.76,expert1_route,7176572928,4982
1790749724.1853392,3055868,372.785,expert1_route,7176572928,4982
1790749725.2093625,3055868,373.809,expert1_route,7176572928,4982
1790749726.2338178,3055868,374.833,expert1_route,7176572928,4982
1790749727.2577336,3055868,375.857,expert1_route,7176572928,4982
1790749728.2825975,3055868,376.882,expert1_route,7176572928,4982
1790749729.3078547,3055868,377.907,expert1_route,7176572928,4982
1790749730.3326328,3055868,378.932,expert1_route,7176572928,4982
1790749731.3570383,3055868,379.956,expert1_route,7176572928,4982
1790749732.3816085,3055868,380.981,expert1_route,7176572928,4982
1790749733.406447,3055868,382.006,expert1_route,7176572928,4982
1790749734.4298222,3055868,383.029,expert1_route,7176572928,4982
1790749735.4503412,3055868,384.05,expert1_route,7176572928,4982
1790749736.4735994,3055868,385.073,expert1_route,7176572928,4982
1790749737.494316,3055868,386.094,expert1_route,7176572928,4982
1790749738.5141027,3055868,387.113,expert1_route,7176572928,4982
1790749739.5350392,3055868,388.134,expert1_route,7176572928,4982
1790749740.5578623,3055868,389.157,expert1_route,7176572928,4982
1790749741.5794315,3055868,390.179,expert1_route,7176572928,4982
1790749742.6002285,3055868,391.2,expert1_route,7176572928,4982
1790749743.6230843,3055868,392.222,expert1_route,7176572928,4982
1790749744.6443362,3055868,393.244,expert1_route,7176572928,4982
1790749745.6678479,3055868,394.267,expert1_route,7176572928,4982
1790749746.6867952,3055868,395.286,expert1_route,7176572928,4982
1790749747.7075577,3055868,396.307,expert1_route,7176572928,4982
1790749748.7292094,3055868,397.329,expert1_route,7176572928,4982
1790749749.754373,3055868,398.354,expert1_route,7176572928,4982
1790749750.7774608,3055868,399.377,expert1_route,7176572928,4982
1790749751.7984257,3055868,400.398,expert1_route,7176572928,4982
1790749752.8189447,3055868,401.418,expert1_route,7176572928,4982
1790749753.8402762,3055868,402.44,expert1_route,7176572928,4982
1790749754.8620384,3055868,403.461,expert1_route,7176572928,4982
1790749755.8870423,3055868,404.486,expert1_route,7176572928,4982
1790749756.9115307,3055868,405.511,expert1_route,7176572928,4982
1790749757.936497,3055868,406.536,expert1_route,7176572928,4982
1790749758.9605088,3055868,407.56,expert1_route,7176572928,4982
1790749759.9865081,3055868,408.586,expert1_route,7176572928,4982
1790749761.0106401,3055868,409.61,expert1_route,7176572928,4982
1790749762.0345461,3055868,410.634,expert1_route,7176572928,4982
1790749763.0578115,3055868,411.657,expert1_route,7176572928,4982
1790749764.0808055,3055868,412.68,expert1_route,7176572928,4982
1790749765.0998192,3055868,413.699,expert1_route,7176572928,4982
1790749766.1202471,3055868,414.72,expert1_route,7176572928,4982
1790749767.141236,3055868,415.741,expert1_route,7176572928,4982
1790749768.164174,3055868,416.764,expert1_route,7176572928,4982
1790749769.1888127,3055868,417.788,expert1_route,7176572928,4982
1790749770.2136233,3055868,418.813,expert1_route,7176572928,4982
1790749771.2385516,3055868,419.838,expert1_route,7176572928,4982
1790749772.2619674,3055868,420.861,expert1_route,7176572928,4982
1790749773.283512,3055868,421.883,expert1_route,7176572928,4982
1790749774.3072722,3055868,422.907,expert1_route,7176572928,4982
1790749775.3286927,3055868,423.928,expert1_route,7176572928,4982
1790749776.3516498,3055868,424.951,expert1_route,7176572928,4982
1790749777.3732197,3055868,425.973,expert1_route,7176572928,4982
1790749778.3979528,3055868,426.997,expert1_route,7176572928,4982
1790749779.4228036,3055868,428.022,expert1_route,7176572928,4982
1790749780.44754,3055868,429.047,expert1_route,7176572928,4982
1790749781.471372,3055868,430.071,expert1_route,7176572928,4982
1790749782.494431,3055868,431.094,expert1_route,7176572928,4982
1790749783.515474,3055868,432.115,expert1_route,7176572928,4982
1790749784.53952,3055868,433.139,expert1_route,7176572928,4982
1790749785.560799,3055868,434.16,expert1_route,7176572928,4982
1790749786.5825536,3055868,435.182,expert1_route,7176572928,4982
1790749787.607822,3055868,436.207,expert1_route,7176572928,4982
1790749788.6266522,3055868,437.226,expert1_route,7176572928,4982
1790749789.6467352,3055868,438.246,expert1_route,7176572928,4982
1790749790.664138,3055868,439.264,expert1_route,7176572928,4982
1790749791.6846569,3055868,440.284,expert1_route,7176572928,4982
1790749792.7064774,3055868,441.306,expert1_route,7176572928,4982
1790749793.73141,3055868,442.331,expert1_route,7176572928,4982
1790749794.7547252,3055868,443.354,expert1_route,7176572928,4982
1790749795.7787094,3055868,444.378,expert1_route,7176572928,4982
1790749796.8045893,3055868,445.404,expert1_route,7176572928,4982
1790749797.8290682,3055868,446.428,expert1_route,7176572928,4982
1790749798.8511822,3055868,447.451,expert1_route,7176572928,4982
1790749799.8763556,3055868,448.476,expert1_route,7176572928,4982
1790749800.9034166,3055868,449.503,expert1_route,7176572928,4982
1790749801.9283633,3055868,450.528,expert1_route,7176572928,4982
1790749802.9532888,3055868,451.553,expert1_route,7176572928,4982
1790749803.9741051,3055868,452.573,expert1_route,7176572928,4982
1790749804.9978,3055868,453.597,expert1_route,7176572928,4982
1790749806.0188227,3055868,454.618,expert1_route,7176572928,4982
1790749807.045825,3055868,455.645,expert1_route,7176572928,4982
1790749808.0642247,3055868,456.664,expert1_route,7176572928,4982
1790749809.0848823,3055868,457.684,expert1_route,7176572928,4982
1790749810.10583,3055868,458.705,expert1_route,7176572928,4982
1790749811.1309671,3055868,459.73,expert1_route,7176572928,4982
1790749812.152454,3055868,460.752,expert1_route,7176572928,4982
1790749813.1757061,3055868,461.775,expert1_route,7176572928,4982
1790749814.193831,3055868,462.793,expert1_route,7176572928,4982
1790749815.214392,3055868,463.814,expert1_route,7176572928,4982
1790749816.233184,3055868,464.833,expert1_route,7176572928,4982
1790749817.2531717,3055868,465.853,expert1_route,7176572928,4982
1790749818.2752674,3055868,466.875,expert1_route,7176572928,4982
1790749819.300003,3055868,467.899,expert1_route,7176572928,4982
1790749820.324969,3055868,468.924,expert1_route,7176572928,4982
1790749821.3497038,3055868,469.949,expert1_route,7176572928,4982
1790749822.3746643,3055868,470.974,expert1_route,7176572928,4982
1790749823.3999934,3055868,471.999,expert1_route,7176572928,4982
1790749824.4255204,3055868,473.025,expert1_route,7176572928,4982
1790749825.4502144,3055868,474.05,expert1_route,7176572928,4982
1790749826.4724288,3055868,475.072,expert1_route,7176572928,4982
1790749827.494262,3055868,476.094,expert1_route,7176572928,4982
1790749828.5168343,3055868,477.116,expert1_route,7176572928,4982
1790749829.5433288,3055868,478.143,expert1_route,7176572928,4982
1790749830.5643303,3055868,479.164,expert1_route,7176572928,4982
1790749831.589542,3055868,480.189,expert1_route,7176572928,4982
1790749832.6133616,3055868,481.213,expert1_route,7176572928,4982
1790749833.63817,3055868,482.238,expert1_route,7176572928,4982
1790749834.661858,3055868,483.261,expert1_route,7176572928,4982
1790749835.686002,3055868,484.285,expert1_route,7176572928,4982
1790749836.712175,3055868,485.312,expert1_cal,7137406976,4982
1790749837.736477,3055868,486.336,expert1_cal,7137406976,4982
1790749838.7607093,3055868,487.36,expert1_cal,7137406976,4982
1790749839.783278,3055868,488.383,expert1_cal,7137406976,4982
1790749840.8064528,3055868,489.406,expert1_cal,7137406976,4982
1790749841.8304064,3055868,490.43,expert1_cal,7137406976,4982
1790749842.8534784,3055868,491.453,expert1_cal,7137406976,4982
1790749843.8766866,3055868,492.476,expert1_cal,7137406976,4982
1790749844.9010522,3055868,493.5,expert1_cal,7137406976,4982
1790749845.9256294,3055868,494.525,expert1_cal,7137406976,4982
1790749846.949798,3055868,495.549,expert1_cal,7137406976,4982
1790749847.9742928,3055868,496.574,expert1_cal,7137406976,4982
1790749848.9936345,3055868,497.593,expert1_cal,7137406976,4982
1790749850.0147889,3055868,498.614,expert1_cal,7137406976,4982
1790749851.037295,3055868,499.637,expert1_cal,7137406976,4982
1790749852.0608761,3055868,500.66,expert1_cal,7137406976,4982
1790749853.0850296,3055868,501.684,expert1_cal,7137406976,4982
1790749854.1101534,3055868,502.71,expert1_cal,7137406976,4982
1790749855.13616,3055868,503.736,expert1_cal,7137406976,4982
1790749856.161049,3055868,504.76,expert1_cal,7137406976,4982
1790749857.1820219,3055868,505.781,expert1_cal,7137406976,4982
1790749858.2008467,3055868,506.8,expert1_cal,7137406976,4982
1790749859.2217155,3055868,507.821,expert1_cal,7137406976,4982
1790749860.24277,3055868,508.842,expert1_cal,7137406976,4982
1790749861.26736,3055868,509.867,expert1_cal,7137406976,4982
1790749862.2928596,3055868,510.892,expert1_cal,7137406976,4982
1790749863.3161778,3055868,511.916,expert1_cal,7137406976,4982
1790749864.3389323,3055868,512.938,expert1_cal,7137406976,4982
1790749865.3637402,3055868,513.963,expert1_cal,7137406976,4982
1790749866.3887358,3055868,514.988,expert1_cal,7137406976,4982
1790749867.4131234,3055868,516.013,expert1_cal,7137406976,4982
1790749868.4371874,3055868,517.037,expert1_cal,7137406976,4982
1790749869.457674,3055868,518.057,expert1_cal,7137406976,4982
1790749870.4815,3055868,519.081,expert1_cal,7137406976,4982
1790749871.5068047,3055868,520.106,expert1_cal,7137406976,4982
1790749872.5300465,3055868,521.129,expert1_cal,7137406976,4982
1790749873.553602,3055868,522.153,expert1_cal,7137406976,4982
1790749874.5785575,3055868,523.178,expert1_cal,7137406976,4982
1790749875.6043162,3055868,524.204,expert1_cal,7137406976,4982
1790749876.6257367,3055868,525.225,expert1_cal,7137406976,4982
1790749877.6508677,3055868,526.25,expert1_cal,7137406976,4982
1790749878.675167,3055868,527.275,expert1_cal,7137406976,4982
1790749879.699497,3055868,528.299,expert1_cal,7137406976,4982
1790749880.723257,3055868,529.323,expert1_cal,7137406976,4982
1790749881.7488868,3055868,530.348,expert1_cal,7137406976,4982
1790749882.7724998,3055868,531.372,expert1_cal,7137406976,4982
1790749883.7977843,3055868,532.397,expert1_cal,7137406976,4982
1790749884.8219926,3055868,533.421,expert1_cal,7137406976,4982
1790749885.8467073,3055868,534.446,expert1_cal,7137406976,4982
1790749886.8730648,3055868,535.472,expert1_cal,7137406976,4982
1790749887.897491,3055868,536.497,expert1_cal,7137406976,4982
1790749888.9195879,3055868,537.519,expert1_cal,7137406976,4982
1790749889.9443066,3055868,538.544,expert1_cal,7137406976,4982
1790749890.9674466,3055868,539.567,expert1_cal,7137406976,4982
1790749891.9931598,3055868,540.593,expert1_cal,7137406976,4982
1790749893.0150166,3055868,541.614,expert1_cal,7137406976,4982
1790749894.0345793,3055868,542.634,expert1_cal,7137406976,4982
1790749895.0550883,3055868,543.654,expert1_cal,7137406976,4982
1790749896.0788045,3055868,544.678,expert1_cal,7137406976,4982
1790749897.1017773,3055868,545.701,expert1_cal,7137406976,4982
1790749898.1225405,3055868,546.722,expert1_cal,7137406976,4982
1790749899.1414065,3055868,547.741,expert1_cal,7137406976,4982
1790749900.1614177,3055868,548.761,expert1_cal,7137406976,4982
1790749901.185441,3055868,549.785,expert1_cal,7137406976,4982
1790749902.2047303,3055868,550.804,expert1_cal,7137406976,4982
1790749903.2257154,3055868,551.825,expert1_cal,7137406976,4982
1790749904.2469556,3055868,552.846,expert1_cal,7137406976,4982
1790749905.2664638,3055868,553.866,expert1_cal,7137406976,4982
1790749906.2873273,3055868,554.887,expert1_cal,7137406976,4982
1790749907.3085139,3055868,555.908,expert1_cal,7137406976,4982
1790749908.3345098,3055868,556.934,expert1_cal,7137406976,4982
1790749909.360099,3055868,557.959,expert1_cal,7137406976,4982
1790749910.3828897,3055868,558.982,expert1_cal,7137406976,4982
1790749911.406094,3055868,560.005,expert1_cal,7137406976,4982
1790749912.426592,3055868,561.026,expert1_cal,7137406976,4982
1790749913.4489937,3055868,562.048,expert1_cal,7137406976,4982
1790749914.4708107,3055868,563.07,expert1_cal,7137406976,4982
1790749915.4948537,3055868,564.094,expert1_cal,7137406976,4982
1790749916.5195997,3055868,565.119,expert1_cal,7137406976,4982
1790749917.5411031,3055868,566.14,expert1_cal,7137406976,4982
1790749918.5647664,3055868,567.164,expert1_cal,7137406976,4982
1790749919.5891666,3055868,568.189,expert1_cal,7137406976,4982
1790749920.6095235,3055868,569.209,expert1_cal,7137406976,4982
1790749921.6325896,3055868,570.232,expert1_cal,7137406976,4982
1790749922.6551898,3055868,571.255,expert1_cal,7137406976,4982
1790749923.677793,3055868,572.277,expert1_cal,7137406976,4982
1790749924.6993182,3055868,573.299,expert1_cal,7137406976,4982
1790749925.7213023,3055868,574.321,expert1_cal,7137406976,4982
1790749926.7463799,3055868,575.346,expert1_cal,7137406976,4982
1790749927.7705007,3055868,576.37,expert1_cal,7137406976,4982
1790749928.7921267,3055868,577.392,expert1_cal,7137406976,4982
1790749929.8130395,3055868,578.412,expert1_cal,7137406976,4982
1790749930.8376126,3055868,579.437,expert1_cal,7137406976,4982
1790749931.863151,3055868,580.463,expert1_cal,7137406976,4982
1790749932.885713,3055868,581.485,expert1_cal,7137406976,4982
1790749933.9075422,3055868,582.507,expert1_cal,7137406976,4982
1790749934.9297845,3055868,583.529,expert1_cal,7137406976,4982
1790749935.9527996,3055868,584.552,expert1_cal,7137406976,4982
1790749936.9766293,3055868,585.576,expert1_cal,7137406976,4982
1790749938.0005214,3055868,586.6,expert1_cal,7137406976,4982
1790749939.0246952,3055868,587.624,expert1_cal,7137406976,4982
1790749940.0468354,3055868,588.646,expert1_cal,7137406976,4982
1790749941.065921,3055868,589.665,expert1_cal,7137406976,4982
1790749942.0852861,3055868,590.685,expert1_cal,7137406976,4982
1790749943.10531,3055868,591.705,expert1_cal,7137406976,4982
1790749944.1266313,3055868,592.726,expert1_cal,7137406976,4982
1790749945.1530488,3055868,593.752,expert1_cal,7137406976,4982
1790749946.1771212,3055868,594.777,expert1_cal,7137406976,4982
1790749947.1988091,3055868,595.798,expert1_cal,7137406976,4982
1790749948.223663,3055868,596.823,expert1_cal,7137406976,4982
1790749949.2468297,3055868,597.846,expert1_cal,7137406976,4982
1790749950.2694612,3055868,598.869,expert1_cal,7137406976,4982
1790749951.294722,3055868,599.894,expert1_cal,7137406976,4982
1790749952.3198578,3055868,600.919,expert1_cal,7137406976,4982
1790749953.3448722,3055868,601.944,expert1_cal,7137406976,4982
1790749954.3677275,3055868,602.967,expert1_cal,7137406976,4982
1790749955.3904214,3055868,603.99,expert1_cal,7137406976,4982
1790749956.414461,3055868,605.014,expert1_cal,7137406976,4982
1790749957.438352,3055868,606.038,expert1_cal,7137406976,4982
1790749958.4627137,3055868,607.062,expert1_cal,7137406976,4982
1790749959.4847147,3055868,608.084,expert1_cal,7137406976,4982
1790749960.5046341,3055868,609.104,expert1_cal,7137406976,4982
1790749961.5284812,3055868,610.128,expert1_eval,7919947776,4982
1790749962.5520067,3055868,611.151,expert1_eval,7538290688,4982
1790749963.5769656,3055868,612.176,expert1_eval,7538290688,4982
1790749964.6003885,3055868,613.2,expert1_eval,7538290688,4982
1790749965.624766,3055868,614.224,expert1_eval,7538290688,4982
1790749966.6464279,3055868,615.246,expert1_eval,7538290688,4982
1790749967.6738422,3055868,616.273,expert1_eval,7538290688,4982
1790749968.6978593,3055868,617.297,expert1_eval,7538290688,4982
1790749969.7215548,3055868,618.321,expert1_eval,7538290688,4982
1790749970.7470798,3055868,619.346,expert1_eval,7538290688,4982
1790749971.7705638,3055868,620.37,expert1_eval,7538290688,4982
1790749972.7957253,3055868,621.395,expert1_eval,7538290688,4982
1790749973.8191597,3055868,622.419,expert1_eval,7562407936,4982
1790749974.8379815,3055868,623.437,expert1_eval,7562407936,4982
1790749975.8601997,3055868,624.46,expert1_eval,7562407936,4982
1790749976.883708,3055868,625.483,expert1_eval,7562407936,4982
1790749977.9053211,3055868,626.505,expert1_eval,7562407936,4982
1790749978.9267068,3055868,627.526,expert1_eval,7562407936,4982
1790749979.946258,3055868,628.546,expert1_eval,7562407936,4982
1790749980.9677641,3055868,629.567,expert1_eval,7562407936,4982
1790749981.992384,3055868,630.592,expert1_eval,7562407936,4982
1790749983.0137134,3055868,631.613,expert1_eval,7562407936,4982
1790749984.0338395,3055868,632.633,expert1_eval,7562407936,4982
1790749985.0539806,3055868,633.653,expert1_eval,7562407936,4982
1790749986.073823,3055868,634.673,expert1_eval,7562407936,4982
1790749987.094984,3055868,635.694,expert1_eval,7562407936,4982
1790749988.1182866,3055868,636.718,expert1_eval,7562407936,4982
1790749989.1436872,3055868,637.743,expert1_eval,7562407936,4982
1790749990.1686952,3055868,638.768,expert1_eval,7562407936,4982
1790749991.1918557,3055868,639.791,expert1_eval,7562407936,4982
1790749992.215632,3055868,640.815,expert1_eval,7562407936,4982
1790749993.2397938,3055868,641.839,expert1_eval,7562407936,4982
1790749994.2651699,3055868,642.865,expert1_eval,7562407936,4982
1790749995.315143,3055868,643.915,expert1_eval,7562407936,4982
1790749996.338142,3055868,644.938,expert1_eval,7562407936,4982
1790749997.3591015,3055868,645.958,expert1_eval,7562407936,4982
1790749998.3837352,3055868,646.983,expert1_eval,7562407936,4982
1790749999.408427,3055868,648.008,expert1_eval,7562407936,4982
1790750000.433084,3055868,649.032,expert1_eval,7562407936,4982
1790750001.4576921,3055868,650.057,expert1_eval,7562407936,4982
1790750002.481499,3055868,651.081,expert1_eval,7562407936,4982
1790750003.5007257,3055868,652.1,expert1_eval,7562407936,4982
1790750004.5202725,3055868,653.12,expert1_eval,7562407936,4982
1790750005.5447152,3055868,654.144,expert1_eval,7562407936,4982
1790750006.5670266,3055868,655.166,expert1_eval,7538290688,4982
1790750007.5919828,3055868,656.191,expert1_eval,7538290688,4982
1790750008.6147656,3055868,657.214,expert1_eval,7538290688,4982
1790750009.6355743,3055868,658.235,expert1_eval,7538290688,4982
1790750010.6565342,3055868,659.256,expert1_eval,7538290688,4982
1790750011.6769335,3055868,660.276,expert1_eval,7538290688,4982
1790750012.6976702,3055868,661.297,expert1_eval,7538290688,4982
1790750013.7205935,3055868,662.32,expert1_eval,7538290688,4982
1790750014.7392087,3055868,663.339,expert1_eval,7538290688,4982
1790750015.7584312,3055868,664.358,expert1_eval,7538290688,4982
1790750016.7784255,3055868,665.378,expert1_eval,7538290688,4982
1790750017.8042994,3055868,666.404,expert1_eval,7562407936,4982
1790750018.8266685,3055868,667.426,expert1_eval,7562407936,4982
1790750019.8494742,3055868,668.449,expert1_eval,7562407936,4982
1790750020.8707778,3055868,669.47,expert1_eval,7562407936,4982
1790750021.8956375,3055868,670.495,expert1_eval,7562407936,4982
1790750022.9176722,3055868,671.517,expert1_eval,7562407936,4982
1790750023.9374812,3055868,672.537,expert1_eval,7562407936,4982
1790750024.9596546,3055868,673.559,expert1_eval,7562407936,4982
1790750025.9809997,3055868,674.58,expert1_eval,7562407936,4982
1790750027.0036333,3055868,675.603,expert1_eval,7562407936,4982
1790750028.0227075,3055868,676.622,expert1_eval,7562407936,4982
1790750029.0420625,3055868,677.641,expert1_eval,7562407936,4982
1790750030.063863,3055868,678.663,expert1_eval,7562407936,4982
1790750031.0880044,3055868,679.687,expert1_eval,7562407936,4982
1790750032.108866,3055868,680.708,expert1_eval,7562407936,4982
1790750033.130462,3055868,681.73,expert1_eval,7562407936,4982
1790750034.1539328,3055868,682.753,expert1_eval,7562407936,4982
1790750035.1730433,3055868,683.772,expert1_eval,7562407936,4982
1790750036.1923084,3055868,684.792,expert1_eval,7562407936,4982
1790750037.2135122,3055868,685.813,expert1_eval,7562407936,4982
1790750038.2347844,3055868,686.834,expert1_eval,7562407936,4982
1790750039.255836,3055868,687.855,expert1_eval,7562407936,4982
1790750040.2793906,3055868,688.879,expert1_eval,7562407936,4982
1790750041.3003695,3055868,689.9,expert1_eval,7562407936,4982
1790750042.3227074,3055868,690.922,expert1_eval,7562407936,4982
1790750043.3464851,3055868,691.946,expert1_eval,7562407936,4982
1790750044.370443,3055868,692.97,expert1_eval,7562407936,4982
1790750045.3928475,3055868,693.992,expert1_eval,7562407936,4982
1790750046.4175527,3055868,695.017,expert1_eval,7562407936,4982
1790750047.4415376,3055868,696.041,expert1_eval,7562407936,4982
1790750048.4667645,3055868,697.066,expert1_eval,7562407936,4982
1790750049.4917731,3055868,698.091,expert1_eval,7562407936,4982
1790750050.5141256,3055868,699.114,expert1_eval,7562407936,4982
1790750051.5346417,3055868,700.134,expert1_eval,7538290688,4982
1790750052.554327,3055868,701.154,expert1_eval,7538290688,4982
1790750053.574457,3055868,702.174,expert1_eval,7538290688,4982
1790750054.5948634,3055868,703.194,expert1_eval,7538290688,4982
1790750055.6194415,3055868,704.219,expert1_eval,7538290688,4982
1790750056.6423483,3055868,705.242,expert1_eval,7538290688,4982
1790750057.663411,3055868,706.263,expert1_eval,7538290688,4982
1790750058.684219,3055868,707.284,expert1_eval,7538290688,4982
1790750059.7070265,3055868,708.306,expert1_eval,7538290688,4982
1790750060.7251198,3055868,709.324,expert1_eval,7538290688,4982
1790750061.7445543,3055868,710.344,expert1_eval,7538290688,4982
1790750062.7672598,3055868,711.367,expert1_eval,7562407936,4982
1790750063.7920148,3055868,712.391,expert1_eval,7562407936,4982
1790750064.8166454,3055868,713.416,expert1_eval,7562407936,4982
1790750065.8425639,3055868,714.442,expert1_eval,7562407936,4982
1790750066.8668807,3055868,715.466,expert1_eval,7562407936,4982
1790750067.8934379,3055868,716.493,expert1_eval,7562407936,4982
1790750068.917685,3055868,717.517,expert1_eval,7562407936,4982
1790750069.9371655,3055868,718.537,expert1_eval,7562407936,4982
1790750070.9602795,3055868,719.56,expert1_eval,7562407936,4982
1790750071.9800546,3055868,720.579,expert1_eval,7562407936,4982
1790750073.0099707,3055868,721.609,expert1_eval,7562407936,4982
1790750074.0342274,3055868,722.634,expert1_eval,7562407936,4982
1790750075.0557635,3055868,723.655,expert1_eval,7562407936,4982
1790750076.0807245,3055868,724.68,expert1_eval,7562407936,4982
1790750077.1053932,3055868,725.705,expert1_eval,7562407936,4982
1790750078.1271105,3055868,726.726,expert1_eval,7562407936,4982
1790750079.14686,3055868,727.746,expert1_eval,7562407936,4982
1790750080.167474,3055868,728.767,expert1_eval,7562407936,4982
1790750081.1888514,3055868,729.788,expert1_eval,7562407936,4982
1790750082.2120893,3055868,730.811,expert1_eval,7562407936,4982
1790750083.2312136,3055868,731.831,expert1_eval,7562407936,4982
1790750084.251915,3055868,732.851,expert1_eval,7562407936,4982
1790750085.2708852,3055868,733.87,expert1_eval,7562407936,4982
1790750086.2909083,3055868,734.89,expert1_eval,7562407936,4982
1790750087.311775,3055868,735.911,expert1_eval,7562407936,4982
1790750088.3369944,3055868,736.936,expert1_eval,7562407936,4982
1790750089.3557827,3055868,737.955,expert1_eval,7562407936,4982
1790750090.3766553,3055868,738.976,expert1_eval,7562407936,4982
1790750091.396205,3055868,739.996,expert1_eval,7562407936,4982
1790750092.4151752,3055868,741.015,expert1_eval,7562407936,4982
1790750093.4351656,3055868,742.035,expert1_eval,7562407936,4982
1790750094.4563248,3055868,743.056,expert1_eval,7562407936,4982
1790750095.478526,3055868,744.078,expert1_eval,7538290688,4982
1790750096.502283,3055868,745.102,expert1_eval,7538290688,4982
1790750097.5266266,3055868,746.126,expert1_eval,7538290688,4982
1790750098.5497012,3055868,747.149,expert1_eval,7538290688,4982
1790750099.5732665,3055868,748.173,expert1_eval,7538290688,4982
1790750100.5965962,3055868,749.196,expert1_eval,7538290688,4982
1790750101.6218507,3055868,750.221,expert1_eval,7538290688,4982
1790750102.6424377,3055868,751.242,expert1_eval,7538290688,4982
1790750103.6622465,3055868,752.262,expert1_eval,7538290688,4982
1790750104.6806278,3055868,753.28,expert1_eval,7538290688,4982
1790750105.7031286,3055868,754.303,expert1_eval,7538290688,4982
1790750106.7256505,3055868,755.325,expert1_eval,7562407936,4982
1790750107.747952,3055868,756.347,expert1_eval,7562407936,4982
1790750108.768078,3055868,757.367,expert1_eval,7562407936,4982
1790750109.788722,3055868,758.388,expert1_eval,7562407936,4982
1790750110.810155,3055868,759.41,expert1_eval,7562407936,4982
1790750111.831646,3055868,760.431,expert1_eval,7562407936,4982
1790750112.852909,3055868,761.452,expert1_eval,7562407936,4982
1790750113.8761816,3055868,762.476,expert1_eval,7562407936,4982
1790750114.8967397,3055868,763.496,expert1_eval,7562407936,4982
1790750115.9214506,3055868,764.521,expert1_eval,7562407936,4982
1790750116.94184,3055868,765.541,expert1_eval,7562407936,4982
1790750117.9664674,3055868,766.566,expert1_eval,7562407936,4982
1790750118.991209,3055868,767.591,expert1_eval,7562407936,4982
1790750120.015875,3055868,768.615,expert1_eval,7562407936,4982
1790750121.0404832,3055868,769.64,expert1_eval,7562407936,4982
1790750122.065381,3055868,770.665,expert1_eval,7562407936,4982
1790750123.0857978,3055868,771.685,expert1_eval,7562407936,4982
1790750124.1099977,3055868,772.709,expert1_eval,7562407936,4982
1790750125.1301363,3055868,773.73,expert1_eval,7562407936,4982
1790750126.1519728,3055868,774.751,expert1_eval,7562407936,4982
1790750127.1766236,3055868,775.776,expert1_eval,7562407936,4982
1790750128.1977623,3055868,776.797,expert1_eval,7562407936,4982
1790750129.220874,3055868,777.82,expert1_eval,7562407936,4982
1790750130.2436378,3055868,778.843,expert1_eval,7562407936,4982
1790750131.2692592,3055868,779.869,expert1_eval,7562407936,4982
1790750132.2898622,3055868,780.889,expert1_eval,7562407936,4982
1790750133.31191,3055868,781.911,expert1_eval,7562407936,4982
1790750134.33752,3055868,782.937,expert1_eval,7562407936,4982
1790750135.3604512,3055868,783.96,expert1_eval,7562407936,4982
1790750136.3799624,3055868,784.979,expert1_eval,7562407936,4982
1790750137.400913,3055868,786.0,expert1_eval,7562407936,4982
1790750138.41967,3055868,787.019,expert1_eval,7562407936,4982
1790750139.4399974,3055868,788.039,expert1_eval,7538290688,4982
1790750140.4604082,3055868,789.06,expert1_eval,7538290688,4982
1790750141.4829795,3055868,790.082,expert1_eval,7538290688,4982
1790750142.5065935,3055868,791.106,expert1_eval,7538290688,4982
1790750143.5303614,3055868,792.13,expert1_eval,7538290688,4982
1790750144.5543811,3055868,793.154,expert1_eval,7538290688,4982
1790750145.5789294,3055868,794.178,expert1_eval,7538290688,4982
1790750146.603618,3055868,795.203,expert1_eval,7538290688,4982
1790750147.6273465,3055868,796.227,expert1_eval,7538290688,4982
1790750148.6507888,3055868,797.25,expert1_eval,7538290688,4982
1790750149.6746664,3055868,798.274,expert1_eval,7538290688,4982
1790750150.6992068,3055868,799.299,expert1_eval,7562407936,4982
1790750151.7184236,3055868,800.318,expert1_eval,7562407936,4982
1790750152.7380865,3055868,801.337,expert1_eval,7562407936,4982
1790750153.759117,3055868,802.358,expert1_eval,7562407936,4982
1790750154.7823098,3055868,803.382,expert1_eval,7562407936,4982
1790750155.8036702,3055868,804.403,expert1_eval,7562407936,4982
1790750156.8237147,3055868,805.423,expert1_eval,7562407936,4982
1790750157.8439417,3055868,806.443,expert1_eval,7562407936,4982
1790750158.8631058,3055868,807.462,expert1_eval,7562407936,4982
1790750159.8818014,3055868,808.481,expert1_eval,7562407936,4982
1790750160.9021,3055868,809.501,expert1_eval,7562407936,4982
1790750161.924841,3055868,810.524,expert1_eval,7562407936,4982
1790750162.94386,3055868,811.543,expert1_eval,7562407936,4982
1790750163.9652293,3055868,812.565,expert1_eval,7562407936,4982
1790750164.9841707,3055868,813.584,expert1_eval,7562407936,4982
1790750166.0056412,3055868,814.605,expert1_eval,7562407936,4982
1790750167.0317826,3055868,815.631,expert1_eval,7562407936,4982
1790750168.05555,3055868,816.655,expert1_eval,7562407936,4982
1790750169.078295,3055868,817.678,expert1_eval,7562407936,4982
1790750170.1031134,3055868,818.702,expert1_eval,7562407936,4982
1790750171.1283896,3055868,819.728,expert1_eval,7562407936,4982
1790750172.1483343,3055868,820.748,expert1_eval,7562407936,4982
1790750173.1694443,3055868,821.769,expert1_eval,7562407936,4982
1790750174.1879125,3055868,822.787,expert1_eval,7562407936,4982
1790750175.2096617,3055868,823.809,expert1_eval,7562407936,4982
1790750176.2347167,3055868,824.834,expert1_eval,7562407936,4982
1790750177.2598643,3055868,825.859,expert1_eval,7562407936,4982
1790750178.2866824,3055868,826.886,expert1_eval,7562407936,4982
1790750179.311382,3055868,827.911,expert1_eval,7562407936,4982
1790750180.3370247,3055868,828.936,expert1_eval,7562407936,4982
1790750181.362148,3055868,829.962,expert1_eval,7562407936,4982
1790750182.388541,3055868,830.988,expert1_eval,7562407936,4982
1790750183.4125311,3055868,832.012,expert1_eval,7562407936,4982
1790750184.431835,3055868,833.031,expert1_eval,7538290688,4982
1790750185.456345,3055868,834.056,expert1_eval,7538290688,4982
1790750186.4814644,3055868,835.081,expert1_eval,7538290688,4982
1790750187.5074713,3055868,836.107,expert1_eval,7538290688,4982
1790750188.5299647,3055868,837.129,expert1_eval,7538290688,4982
1790750189.548883,3055868,838.148,expert1_eval,7538290688,4982
1790750190.5697308,3055868,839.169,expert1_eval,7538290688,4982
1790750191.5919824,3055868,840.191,expert1_eval,7538290688,4982
1790750192.6123517,3055868,841.212,expert1_eval,7538290688,4982
1790750193.6319988,3055868,842.231,expert1_eval,7538290688,4982
1790750194.6518557,3055868,843.251,expert1_eval,7538290688,4982
1790750195.6726887,3055868,844.272,expert1_eval,7562407936,4982
1790750196.6968508,3055868,845.296,expert1_eval,7562407936,4982
1790750197.7227476,3055868,846.322,expert1_eval,7562407936,4982
1790750198.7474144,3055868,847.347,expert1_eval,7562407936,4982
1790750199.7719266,3055868,848.371,expert1_eval,7562407936,4982
1790750200.7928782,3055868,849.392,expert1_eval,7562407936,4982
1790750201.816514,3055868,850.416,expert1_eval,7562407936,4982
1790750202.837068,3055868,851.436,expert1_eval,7562407936,4982
1790750203.8562348,3055868,852.456,expert1_eval,7562407936,4982
1790750204.8777015,3055868,853.477,expert1_eval,7562407936,4982
1790750205.9448047,3055868,854.544,expert1_eval,7562407936,4982
1790750206.966399,3055868,855.566,expert1_eval,7562407936,4982
1790750207.9911127,3055868,856.59,expert1_eval,7562407936,4982
1790750209.014307,3055868,857.614,expert1_eval,7562407936,4982
1790750210.0372958,3055868,858.637,expert1_eval,7562407936,4982
1790750211.0628185,3055868,859.662,expert1_eval,7562407936,4982
1790750212.0865252,3055868,860.686,expert1_eval,7562407936,4982
1790750213.106149,3055868,861.706,expert1_eval,7562407936,4982
1790750214.1270103,3055868,862.726,expert1_eval,7562407936,4982
1790750215.1462018,3055868,863.746,expert1_eval,7562407936,4982
1790750216.1668224,3055868,864.766,expert1_eval,7562407936,4982
1790750217.1922824,3055868,865.792,expert1_eval,7562407936,4982
1790750218.2117238,3055868,866.811,expert1_eval,7562407936,4982
1790750219.2348616,3055868,867.834,expert1_eval,7562407936,4982
1790750220.256986,3055868,868.856,expert1_eval,7562407936,4982
1790750221.2790697,3055868,869.878,expert1_eval,7562407936,4982
1790750222.3002143,3055868,870.9,expert1_eval,7562407936,4982
1790750223.321527,3055868,871.921,expert1_eval,7562407936,4982
1790750224.345553,3055868,872.945,expert1_eval,7562407936,4982
1790750225.3704555,3055868,873.97,expert1_eval,7562407936,4982
1790750226.392066,3055868,874.991,expert1_eval,7562407936,4982
1790750227.4141033,3055868,876.013,expert1_eval,7562407936,4982
1790750228.434071,3055868,877.033,expert1_eval,7538290688,4982
1790750229.455455,3055868,878.055,expert1_eval,7538290688,4982
1790750230.4769964,3055868,879.076,expert1_eval,7538290688,4982
1790750231.501228,3055868,880.101,expert1_eval,7538290688,4982
1790750232.521231,3055868,881.121,expert1_eval,7538290688,4982
1790750233.543972,3055868,882.143,expert1_eval,7538290688,4982
1790750234.5700765,3055868,883.169,expert1_eval,7538290688,4982
1790750235.5932403,3055868,884.193,expert1_eval,7538290688,4982
1790750236.6120586,3055868,885.211,expert1_eval,7538290688,4982
1790750237.6316712,3055868,886.231,expert1_eval,7538290688,4982
1790750238.6514978,3055868,887.251,expert1_eval,7538290688,4982
1790750239.6716251,3055868,888.271,expert1_eval,7562407936,4982
1790750240.6927547,3055868,889.292,expert1_eval,7562407936,4982
1790750241.7162933,3055868,890.316,expert1_eval,7562407936,4982
1790750242.7375212,3055868,891.337,expert1_eval,7562407936,4982
1790750243.7591867,3055868,892.359,expert1_eval,7562407936,4982
1790750244.7852845,3055868,893.385,expert1_eval,7562407936,4982
1790750245.806541,3055868,894.406,expert1_eval,7562407936,4982
1790750246.8269913,3055868,895.426,expert1_eval,7562407936,4982
1790750247.8465862,3055868,896.446,expert1_eval,7562407936,4982
1790750248.8654037,3055868,897.465,expert1_eval,7562407936,4982
1790750249.8857772,3055868,898.485,expert1_eval,7562407936,4982
1790750250.9061153,3055868,899.505,expert1_eval,7562407936,4982
1790750251.9256723,3055868,900.525,expert1_eval,7562407936,4982
1790750252.947248,3055868,901.547,expert1_eval,7562407936,4982
1790750253.9684634,3055868,902.568,expert1_eval,7562407936,4982
1790750254.9905386,3055868,903.59,expert1_eval,7562407936,4982
1790750256.0151906,3055868,904.615,expert1_eval,7562407936,4982
1790750257.0373769,3055868,905.637,expert1_eval,7562407936,4982
1790750258.0570302,3055868,906.656,expert1_eval,7562407936,4982
1790750259.0782204,3055868,907.678,expert1_eval,7562407936,4982
1790750260.097148,3055868,908.697,expert1_eval,7562407936,4982
1790750261.116624,3055868,909.716,expert1_eval,7562407936,4982
1790750262.1361835,3055868,910.736,expert1_eval,7562407936,4982
1790750263.1559262,3055868,911.755,expert1_eval,7562407936,4982
1790750264.176431,3055868,912.776,expert1_eval,7562407936,4982
1790750265.1970935,3055868,913.796,expert1_eval,7562407936,4982
1790750266.2186813,3055868,914.818,expert1_eval,7562407936,4982
1790750267.2412875,3055868,915.841,expert1_eval,7562407936,4982
1790750268.2624483,3055868,916.862,expert1_eval,7562407936,4982
1790750269.2844186,3055868,917.884,expert1_eval,7562407936,4982
1790750270.3077464,3055868,918.907,expert1_eval,7562407936,4982
1790750271.3321567,3055868,919.932,expert1_eval,7562407936,4982
1790750272.3835402,3055868,920.983,expert1_eval,7538290688,4982
1790750273.405651,3055868,922.005,expert1_eval,7538290688,4982
1790750274.4287357,3055868,923.028,expert1_eval,7538290688,4982
1790750275.4499335,3055868,924.049,expert1_eval,7538290688,4982
1790750276.4700465,3055868,925.069,expert1_eval,7538290688,4982
1790750277.4884243,3055868,926.088,expert1_eval,7538290688,4982
1790750278.5084705,3055868,927.108,expert1_eval,7538290688,4982
1790750279.5295496,3055868,928.129,expert1_eval,7538290688,4982
1790750280.554749,3055868,929.154,expert1_eval,7538290688,4982
1790750281.579615,3055868,930.179,expert1_eval,7538290688,4982
1790750282.603322,3055868,931.203,expert1_eval,7538290688,4982
1790750283.622337,3055868,932.222,expert1_eval,7562407936,4982
1790750284.6435463,3055868,933.243,expert1_eval,7562407936,4982
1790750285.666663,3055868,934.266,expert1_eval,7562407936,4982
1790750286.6887429,3055868,935.288,expert1_eval,7562407936,4982
1790750287.7122672,3055868,936.312,expert1_eval,7562407936,4982
1790750288.7336018,3055868,937.333,expert1_eval,7562407936,4982
1790750289.760394,3055868,938.36,expert1_eval,7562407936,4982
1790750290.786024,3055868,939.385,expert1_eval,7562407936,4982
1790750291.8074334,3055868,940.407,expert1_eval,7562407936,4982
1790750292.8269248,3055868,941.426,expert1_eval,7562407936,4982
1790750293.8471427,3055868,942.447,expert1_eval,7562407936,4982
1790750294.8688407,3055868,943.468,expert1_eval,7562407936,4982
1790750295.890541,3055868,944.49,expert1_eval,7562407936,4982
1790750296.9121845,3055868,945.512,expert1_eval,7562407936,4982
1790750297.9367578,3055868,946.536,expert1_eval,7562407936,4982
1790750298.959831,3055868,947.559,expert1_eval,7562407936,4982
1790750299.9807723,3055868,948.58,expert1_eval,7562407936,4982
1790750301.0057242,3055868,949.605,expert1_eval,7562407936,4982
1790750302.0275228,3055868,950.627,expert1_eval,7562407936,4982
1790750303.0504405,3055868,951.65,expert1_eval,7562407936,4982
1790750304.0715437,3055868,952.671,expert1_eval,7562407936,4982
1790750305.0901785,3055868,953.69,expert1_eval,7562407936,4982
1790750306.109918,3055868,954.709,expert1_eval,7562407936,4982
1790750307.130268,3055868,955.73,expert1_eval,7562407936,4982
1790750308.1494925,3055868,956.749,expert1_eval,7562407936,4982
1790750309.168017,3055868,957.767,expert1_eval,7562407936,4982
1790750310.1876378,3055868,958.787,expert1_eval,7562407936,4982
1790750311.2085953,3055868,959.808,expert1_eval,7562407936,4982
1790750312.2291617,3055868,960.829,expert1_eval,7562407936,4982
1790750313.248886,3055868,961.848,expert1_eval,7562407936,4982
1790750314.2679055,3055868,962.867,expert1_eval,7562407936,4982
1790750315.2898185,3055868,963.889,expert1_eval,7562407936,4982
1790750316.3111393,3055868,964.911,expert1_eval,7562407936,4982
1790750317.333867,3055868,965.933,expert1_eval,7538290688,4982
1790750318.3584828,3055868,966.958,expert1_eval,7538290688,4982
1790750319.3797877,3055868,967.979,expert1_eval,7538290688,4982
1790750320.4048297,3055868,969.004,expert1_eval,7538290688,4982
1790750321.4262388,3055868,970.026,expert1_eval,7538290688,4982
1790750322.4473011,3055868,971.047,expert1_eval,7538290688,4982
1790750323.4750597,3055868,972.074,expert1_eval,7538290688,4982
1790750324.4969559,3055868,973.096,expert1_eval,7538290688,4982
1790750325.5167074,3055868,974.116,expert1_eval,7538290688,4982
1790750326.5367286,3055868,975.136,expert1_eval,7538290688,4982
1790750327.5568535,3055868,976.156,expert1_eval,7538290688,4982
1790750328.5791621,3055868,977.179,expert1_eval,7562407936,4982
1790750329.6047266,3055868,978.204,expert1_eval,7562407936,4982
1790750330.6279893,3055868,979.227,expert1_eval,7562407936,4982
1790750331.6499748,3055868,980.249,expert1_eval,7562407936,4982
1790750332.674386,3055868,981.274,expert1_eval,7562407936,4982
1790750333.696585,3055868,982.296,expert1_eval,7562407936,4982
1790750334.7224834,3055868,983.322,expert1_eval,7562407936,4982
1790750335.7443044,3055868,984.344,expert1_eval,7562407936,4982
1790750336.765703,3055868,985.365,expert1_eval,7562407936,4982
1790750337.788727,3055868,986.388,expert1_eval,7562407936,4982
1790750338.8119242,3055868,987.411,expert1_eval,7562407936,4982
1790750339.8353293,3055868,988.435,expert1_eval,7562407936,4982
1790750340.8648005,3055868,989.464,expert1_eval,7562407936,4982
1790750341.8863127,3055868,990.486,expert1_eval,7562407936,4982
1790750342.9075663,3055868,991.507,expert1_eval,7562407936,4982
1790750343.9267175,3055868,992.526,expert1_eval,7562407936,4982
1790750344.9479153,3055868,993.547,expert1_eval,7562407936,4982
1790750345.9724143,3055868,994.572,expert1_eval,7562407936,4982
1790750346.995134,3055868,995.595,expert1_eval,7562407936,4982
1790750348.0163028,3055868,996.616,expert1_eval,7562407936,4982
1790750349.041336,3055868,997.641,expert1_eval,7562407936,4982
1790750350.0628853,3055868,998.662,expert1_eval,7562407936,4982
1790750351.0858643,3055868,999.685,expert1_eval,7562407936,4982
1790750352.110064,3055868,1000.709,expert1_eval,7562407936,4982
1790750353.1317015,3055868,1001.731,expert1_eval,7562407936,4982
1790750354.1540127,3055868,1002.753,expert1_eval,7562407936,4982
1790750355.1785903,3055868,1003.778,expert1_eval,7562407936,4982
1790750356.2035825,3055868,1004.803,expert1_eval,7562407936,4982
1790750357.2287252,3055868,1005.828,expert1_eval,7562407936,4982
1790750358.2536066,3055868,1006.853,expert1_eval,7562407936,4982
1790750359.2763867,3055868,1007.876,expert1_eval,7562407936,4982
1790750360.2959921,3055868,1008.895,expert1_eval,7562407936,4982
1790750361.316995,3055868,1009.916,expert1_eval,7562407936,4982
1790750362.339426,3055868,1010.939,expert1_eval,7538290688,4982
1790750363.3589575,3055868,1011.958,expert1_eval,7538290688,4982
1790750364.3772464,3055868,1012.977,expert1_eval,7538290688,4982
1790750365.3960817,3055868,1013.995,expert1_eval,7538290688,4982
1790750366.4166236,3055868,1015.016,expert1_eval,7538290688,4982
1790750367.4383404,3055868,1016.038,expert1_eval,7538290688,4982
1790750368.4609475,3055868,1017.06,expert1_eval,7538290688,4982
1790750369.485693,3055868,1018.085,expert1_eval,7538290688,4982
1790750370.5078733,3055868,1019.107,expert1_eval,7538290688,4982
1790750371.533494,3055868,1020.133,expert1_eval,7538290688,4982
1790750372.5586789,3055868,1021.158,expert1_eval,7538290688,4982
1790750373.581817,3055868,1022.181,expert1_eval,7562407936,4982
1790750374.6028502,3055868,1023.202,expert1_eval,7562407936,4982
1790750375.6278336,3055868,1024.227,expert1_eval,7562407936,4982
1790750376.6530867,3055868,1025.252,expert1_eval,7562407936,4982
1790750377.676378,3055868,1026.276,expert1_eval,7562407936,4982
1790750378.7019053,3055868,1027.301,expert1_eval,7562407936,4982
1790750379.725656,3055868,1028.325,expert1_eval,7562407936,4982
1790750380.7456381,3055868,1029.345,expert1_eval,7562407936,4982
1790750381.7659543,3055868,1030.365,expert1_eval,7562407936,4982
1790750382.7863035,3055868,1031.386,expert1_eval,7562407936,4982
1790750383.8098094,3055868,1032.409,expert1_eval,7562407936,4982
1790750384.8355646,3055868,1033.435,expert1_eval,7562407936,4982
1790750385.856102,3055868,1034.455,expert1_eval,7562407936,4982
1790750386.8756893,3055868,1035.475,expert1_eval,7562407936,4982
1790750387.8949022,3055868,1036.494,expert1_eval,7562407936,4982
1790750388.9146798,3055868,1037.514,expert1_eval,7562407936,4982
1790750389.9355662,3055868,1038.535,expert1_eval,7562407936,4982
1790750390.9572084,3055868,1039.557,expert1_eval,7562407936,4982
1790750391.9787612,3055868,1040.578,expert1_eval,7562407936,4982
1790750392.9984245,3055868,1041.598,expert1_eval,7562407936,4982
1790750394.0203412,3055868,1042.62,expert1_eval,7562407936,4982
1790750395.039634,3055868,1043.639,expert1_eval,7562407936,4982
1790750396.059638,3055868,1044.659,expert1_eval,7562407936,4982
1790750397.08,3055868,1045.679,expert1_eval,7562407936,4982
1790750398.1020613,3055868,1046.701,expert1_eval,7562407936,4982
1790750399.126587,3055868,1047.726,expert1_eval,7562407936,4982
1790750400.1468172,3055868,1048.746,expert1_eval,7562407936,4982
1790750401.169619,3055868,1049.769,expert1_eval,7562407936,4982
1790750402.191211,3055868,1050.791,expert1_eval,7562407936,4982
1790750403.2158694,3055868,1051.815,expert1_eval,7562407936,4982
1790750404.2378242,3055868,1052.837,expert1_eval,7562407936,4982
1790750405.2591345,3055868,1053.859,expert1_eval,7562407936,4982
1790750406.2839882,3055868,1054.883,expert1_eval,7562407936,4982
1790750407.3100057,3055868,1055.909,expert1_eval,7538290688,4982
1790750408.333964,3055868,1056.933,expert1_eval,7538290688,4982
1790750409.3547962,3055868,1057.954,expert1_eval,7538290688,4982
1790750410.3771188,3055868,1058.976,expert1_eval,7538290688,4982
1790750411.396912,3055868,1059.996,expert1_eval,7538290688,4982
1790750412.4186854,3055868,1061.018,expert1_eval,7538290688,4982
1790750413.4423923,3055868,1062.042,expert1_eval,7538290688,4982
1790750414.4636135,3055868,1063.063,expert1_eval,7538290688,4982
1790750415.488376,3055868,1064.088,expert1_eval,7538290688,4982
1790750416.5141337,3055868,1065.114,expert1_eval,7538290688,4982
1790750417.5369396,3055868,1066.136,expert1_eval,7538290688,4982
1790750418.562126,3055868,1067.162,expert1_eval,7562407936,4982
1790750419.581305,3055868,1068.181,expert1_eval,7562407936,4982
1790750420.6021945,3055868,1069.202,expert1_eval,7562407936,4982
1790750421.622507,3055868,1070.222,expert1_eval,7562407936,4982
1790750422.6420493,3055868,1071.241,expert1_eval,7562407936,4982
1790750423.6625345,3055868,1072.262,expert1_eval,7562407936,4982
1790750424.681053,3055868,1073.28,expert1_eval,7562407936,4982
1790750425.6992106,3055868,1074.299,expert1_eval,7562407936,4982
1790750426.717825,3055868,1075.317,expert1_eval,7562407936,4982
1790750427.7380419,3055868,1076.337,expert1_eval,7562407936,4982
1790750428.7567983,3055868,1077.356,expert1_eval,7562407936,4982
1790750429.7787092,3055868,1078.378,expert1_eval,7562407936,4982
1790750430.7993827,3055868,1079.399,expert1_eval,7562407936,4982
1790750431.8225102,3055868,1080.422,expert1_eval,7562407936,4982
1790750432.8479583,3055868,1081.447,expert1_eval,7562407936,4982
1790750433.8737874,3055868,1082.473,expert1_eval,7562407936,4982
1790750434.8968952,3055868,1083.496,expert1_eval,7562407936,4982
1790750435.9190466,3055868,1084.518,expert1_eval,7562407936,4982
1790750436.942073,3055868,1085.541,expert1_eval,7562407936,4982
1790750437.9619064,3055868,1086.561,expert1_eval,7562407936,4982
1790750438.981306,3055868,1087.581,expert1_eval,7562407936,4982
1790750440.0022297,3055868,1088.602,expert1_eval,7562407936,4982
1790750441.0241008,3055868,1089.623,expert1_eval,7562407936,4982
1790750442.0438678,3055868,1090.643,expert1_eval,7562407936,4982
1790750443.0624316,3055868,1091.662,expert1_eval,7562407936,4982
1790750444.083461,3055868,1092.683,expert1_eval,7562407936,4982
1790750445.1035156,3055868,1093.703,expert1_eval,7562407936,4982
1790750446.1323621,3055868,1094.732,expert1_eval,7562407936,4982
1790750447.1533332,3055868,1095.753,expert1_eval,7562407936,4982
1790750448.174526,3055868,1096.774,expert1_eval,7562407936,4982
1790750449.193008,3055868,1097.792,expert1_eval,7562407936,4982
1790750450.212171,3055868,1098.812,expert1_eval,7562407936,4982
1790750451.230975,3055868,1099.83,expert1_eval,7562407936,4982
1790750452.2540371,3055868,1100.853,expert1_eval,7538290688,4982
1790750453.2795494,3055868,1101.879,expert1_eval,7538290688,4982
1790750454.2994015,3055868,1102.899,expert1_eval,7538290688,4982
1790750455.3200889,3055868,1103.919,expert1_eval,7538290688,4982
1790750456.3410225,3055868,1104.94,expert1_eval,7538290688,4982
1790750457.3646038,3055868,1105.964,expert1_eval,7538290688,4982
1790750458.390387,3055868,1106.99,expert1_eval,7538290688,4982
1790750459.4139633,3055868,1108.013,expert1_eval,7538290688,4982
1790750460.4385312,3055868,1109.038,expert1_eval,7538290688,4982
1790750461.462654,3055868,1110.062,expert1_eval,7538290688,4982
1790750462.4851952,3055868,1111.085,expert1_eval,7538290688,4982
1790750463.5130506,3055868,1112.112,expert1_eval,7562407936,4982
1790750464.5333438,3055868,1113.133,expert1_eval,7562407936,4982
1790750465.5545063,3055868,1114.154,expert1_eval,7562407936,4982
1790750466.5742395,3055868,1115.174,expert1_eval,7562407936,4982
1790750467.5942576,3055868,1116.194,expert1_eval,7562407936,4982
1790750468.612815,3055868,1117.212,expert1_eval,7562407936,4982
1790750469.6330378,3055868,1118.232,expert1_eval,7562407936,4982
1790750470.6562204,3055868,1119.256,expert1_eval,7562407936,4982
1790750471.677588,3055868,1120.277,expert1_eval,7562407936,4982
1790750472.7027075,3055868,1121.302,expert1_eval,7562407936,4982
1790750473.7264411,3055868,1122.326,expert1_eval,7562407936,4982
1790750474.754153,3055868,1123.354,expert1_eval,7562407936,4982
1790750475.7767272,3055868,1124.376,expert1_eval,7562407936,4982
1790750476.8005168,3055868,1125.4,expert1_eval,7562407936,4982
1790750477.825083,3055868,1126.424,expert1_eval,7562407936,4982
1790750478.8476593,3055868,1127.447,expert1_eval,7562407936,4982
1790750479.872778,3055868,1128.472,expert1_eval,7562407936,4982
1790750480.8976197,3055868,1129.497,expert1_eval,7562407936,4982
1790750481.9217622,3055868,1130.521,expert1_eval,7562407936,4982
1790750482.944819,3055868,1131.544,expert1_eval,7562407936,4982
1790750483.968533,3055868,1132.568,expert1_eval,7562407936,4982
1790750484.9943676,3055868,1133.594,expert1_eval,7562407936,4982
1790750486.0172644,3055868,1134.617,expert1_eval,7562407936,4982
1790750487.0407577,3055868,1135.64,expert1_eval,7562407936,4982
1790750488.0642307,3055868,1136.664,expert1_eval,7562407936,4982
1790750489.0848486,3055868,1137.684,expert1_eval,7562407936,4982
1790750490.1064293,3055868,1138.706,expert1_eval,7562407936,4982
1790750491.1281528,3055868,1139.728,expert1_eval,7562407936,4982
1790750492.1471627,3055868,1140.747,expert1_eval,7562407936,4982
1790750493.1674016,3055868,1141.767,expert1_eval,7562407936,4982
1790750494.1886342,3055868,1142.788,expert1_eval,7562407936,4982
1790750495.2103388,3055868,1143.81,expert1_eval,7562407936,4982
1790750496.233529,3055868,1144.833,expert1_eval,7562407936,4982
1790750497.2577612,3055868,1145.857,expert1_eval,7538290688,4982
1790750498.2828958,3055868,1146.882,expert1_eval,7538290688,4982
1790750499.3041363,3055868,1147.904,expert1_eval,7538290688,4982
1790750500.330202,3055868,1148.93,expert1_eval,7538290688,4982
1790750501.356011,3055868,1149.955,expert1_eval,7538290688,4982
1790750502.3830366,3055868,1150.982,expert1_eval,7538290688,4982
1790750503.4103978,3055868,1152.01,expert1_eval,7538290688,4982
1790750504.4342062,3055868,1153.034,expert1_eval,7538290688,4982
1790750505.4573498,3055868,1154.057,expert1_eval,7538290688,4982
1790750506.48335,3055868,1155.083,expert1_eval,7538290688,4982
1790750507.544589,3055868,1156.144,expert1_eval,7562407936,4982
1790750508.5642512,3055868,1157.164,expert1_eval,7562407936,4982
1790750509.5853612,3055868,1158.185,expert1_eval,7562407936,4982
1790750510.6107829,3055868,1159.21,expert1_eval,7562407936,4982
1790750511.6364892,3055868,1160.236,expert1_eval,7562407936,4982
1790750512.6613593,3055868,1161.261,expert1_eval,7562407936,4982
1790750513.6849985,3055868,1162.284,expert1_eval,7562407936,4982
1790750514.7036293,3055868,1163.303,expert1_eval,7562407936,4982
1790750515.7243094,3055868,1164.324,expert1_eval,7562407936,4982
1790750516.7449567,3055868,1165.344,expert1_eval,7562407936,4982
1790750517.7650883,3055868,1166.364,expert1_eval,7562407936,4982
1790750518.7869205,3055868,1167.386,expert1_eval,7562407936,4982
1790750519.8085396,3055868,1168.408,expert1_eval,7562407936,4982
1790750520.8352897,3055868,1169.435,expert1_eval,7562407936,4982
1790750521.8548214,3055868,1170.454,expert1_eval,7562407936,4982
1790750522.8745642,3055868,1171.474,expert1_eval,7562407936,4982
1790750523.8971334,3055868,1172.497,expert1_eval,7562407936,4982
1790750524.9202714,3055868,1173.52,expert1_eval,7562407936,4982
1790750525.943487,3055868,1174.543,expert1_eval,7562407936,4982
1790750526.965223,3055868,1175.565,expert1_eval,7562407936,4982
1790750527.9852505,3055868,1176.585,expert1_eval,7562407936,4982
1790750529.0044725,3055868,1177.604,expert1_eval,7562407936,4982
1790750530.0267649,3055868,1178.626,expert1_eval,7562407936,4982
1790750531.0520113,3055868,1179.651,expert1_eval,7562407936,4982
1790750532.0757425,3055868,1180.675,expert1_eval,7562407936,4982
1790750533.1008186,3055868,1181.7,expert1_eval,7562407936,4982
1790750534.1211224,3055868,1182.721,expert1_eval,7562407936,4982
1790750535.1416843,3055868,1183.741,expert1_eval,7562407936,4982
1790750536.162435,3055868,1184.762,expert1_eval,7562407936,4982
1790750537.182392,3055868,1185.782,expert1_eval,7562407936,4982
1790750538.2037594,3055868,1186.803,expert1_eval,7562407936,4982
1790750539.2248504,3055868,1187.824,expert1_eval,7562407936,4982
1790750540.2488997,3055868,1188.848,expert1_eval,7562407936,4982
1790750541.2732253,3055868,1189.873,expert1_eval,7538290688,4982
1790750542.2975113,3055868,1190.897,expert1_eval,7538290688,4982
1790750543.3229678,3055868,1191.922,expert1_eval,7538290688,4982
1790750544.3467104,3055868,1192.946,expert1_eval,7538290688,4982
1790750545.3693404,3055868,1193.969,expert1_eval,7538290688,4982
1790750546.3889656,3055868,1194.988,expert1_eval,7538290688,4982
1790750547.4093642,3055868,1196.009,expert1_eval,7538290688,4982
1790750548.4317415,3055868,1197.031,expert1_eval,7538290688,4982
1790750549.4558222,3055868,1198.055,expert1_eval,7538290688,4982
1790750550.4770286,3055868,1199.076,expert1_eval,7538290688,4982
1790750551.498628,3055868,1200.098,expert1_eval,7538290688,4982
1790750552.520063,3055868,1201.119,expert1_eval,7562407936,4982
1790750553.5438092,3055868,1202.143,expert1_eval,7562407936,4982
1790750554.5659182,3055868,1203.165,expert1_eval,7562407936,4982
1790750555.5856361,3055868,1204.185,expert1_eval,7562407936,4982
1790750556.606908,3055868,1205.206,expert1_eval,7562407936,4982
1790750557.6259904,3055868,1206.225,expert1_eval,7562407936,4982
1790750558.64751,3055868,1207.247,expert1_eval,7562407936,4982
1790750559.6694155,3055868,1208.269,expert1_eval,7562407936,4982
1790750560.6889036,3055868,1209.288,expert1_eval,7562407936,4982
1790750561.7105622,3055868,1210.31,expert1_eval,7562407936,4982
1790750562.7356734,3055868,1211.335,expert1_eval,7562407936,4982
1790750563.7654703,3055868,1212.365,expert1_eval,7562407936,4982
1790750564.7908683,3055868,1213.39,expert1_eval,7562407936,4982
1790750565.815813,3055868,1214.415,expert1_eval,7562407936,4982
1790750566.8380344,3055868,1215.437,expert1_eval,7562407936,4982
1790750567.8579488,3055868,1216.457,expert1_eval,7562407936,4982
1790750568.8774154,3055868,1217.477,expert1_eval,7562407936,4982
1790750569.8979034,3055868,1218.497,expert1_eval,7562407936,4982
1790750570.9197357,3055868,1219.519,expert1_eval,7562407936,4982
1790750571.9397175,3055868,1220.539,expert1_eval,7562407936,4982
1790750572.9612002,3055868,1221.561,expert1_eval,7562407936,4982
1790750573.984496,3055868,1222.584,expert1_eval,7562407936,4982
1790750575.0069778,3055868,1223.606,expert1_eval,7562407936,4982
1790750576.028445,3055868,1224.628,expert1_eval,7562407936,4982
1790750577.049395,3055868,1225.649,expert1_eval,7562407936,4982
1790750578.0688355,3055868,1226.668,expert1_eval,7562407936,4982
1790750579.089399,3055868,1227.689,expert1_eval,7562407936,4982
1790750580.1100223,3055868,1228.709,expert1_eval,7562407936,4982
1790750581.131581,3055868,1229.731,expert1_eval,7562407936,4982
1790750582.155031,3055868,1230.754,expert1_eval,7562407936,4982
1790750583.1764839,3055868,1231.776,expert1_eval,7562407936,4982
1790750584.2010968,3055868,1232.8,expert1_eval,7562407936,4982
1790750585.2251825,3055868,1233.825,expert1_eval,7538290688,4982
1790750586.250273,3055868,1234.85,expert1_eval,7538290688,4982
1790750587.274904,3055868,1235.874,expert1_eval,7538290688,4982
1790750588.2983356,3055868,1236.898,expert1_eval,7538290688,4982
1790750589.32129,3055868,1237.921,expert1_eval,7538290688,4982
1790750590.341435,3055868,1238.941,expert1_eval,7538290688,4982
1790750591.361083,3055868,1239.96,expert1_eval,7538290688,4982
1790750592.3825357,3055868,1240.982,expert1_eval,7538290688,4982
1790750593.4053152,3055868,1242.005,expert1_eval,7538290688,4982
1790750594.4290004,3055868,1243.028,expert1_eval,7538290688,4982
1790750595.4543974,3055868,1244.054,expert1_eval,7538290688,4982
1790750596.4807167,3055868,1245.08,expert1_eval,7562407936,4982
1790750597.5072303,3055868,1246.107,expert1_eval,7562407936,4982
1790750598.5301507,3055868,1247.13,expert1_eval,7562407936,4982
1790750599.5555205,3055868,1248.155,expert1_eval,7562407936,4982
1790750600.5809107,3055868,1249.18,expert1_eval,7562407936,4982
1790750601.6092794,3055868,1250.209,expert1_eval,7562407936,4982
1790750602.6306028,3055868,1251.23,expert1_eval,7562407936,4982
1790750603.6555417,3055868,1252.255,expert1_eval,7562407936,4982
1790750604.6781256,3055868,1253.278,expert1_eval,7562407936,4982
1790750605.696841,3055868,1254.296,expert1_eval,7562407936,4982
1790750606.7186108,3055868,1255.318,expert1_eval,7562407936,4982
1790750607.7394485,3055868,1256.339,expert1_eval,7562407936,4982
1790750608.7610226,3055868,1257.36,expert1_eval,7562407936,4982
1790750609.7855148,3055868,1258.385,expert1_eval,7562407936,4982
1790750610.8089485,3055868,1259.408,expert1_eval,7562407936,4982
1790750611.8315823,3055868,1260.431,expert1_eval,7562407936,4982
1790750612.8532333,3055868,1261.453,expert1_eval,7562407936,4982
1790750613.875822,3055868,1262.475,expert1_eval,7562407936,4982
1790750614.8953948,3055868,1263.495,expert1_eval,7562407936,4982
1790750615.9158046,3055868,1264.515,expert1_eval,7562407936,4982
1790750616.9345052,3055868,1265.534,expert1_eval,7562407936,4982
1790750617.9561198,3055868,1266.555,expert1_eval,7562407936,4982
1790750618.9802709,3055868,1267.58,expert1_eval,7562407936,4982
1790750620.0002992,3055868,1268.6,expert1_eval,7562407936,4982
1790750621.019963,3055868,1269.619,expert1_eval,7562407936,4982
1790750622.041484,3055868,1270.641,expert1_eval,7562407936,4982
1790750623.0629783,3055868,1271.662,expert1_eval,7562407936,4982
1790750624.0881948,3055868,1272.688,expert1_eval,7562407936,4982
1790750625.1138687,3055868,1273.713,expert1_eval,7562407936,4982
1790750626.1371307,3055868,1274.737,expert1_eval,7562407936,4982
1790750627.1618822,3055868,1275.761,expert1_eval,7562407936,4982
1790750628.1860282,3055868,1276.785,expert1_eval,7562407936,4982
1790750629.2107995,3055868,1277.81,expert1_eval,7490187264,4982
1790750630.2369149,3055868,1278.836,expert1_eval,7490187264,4982
1790750631.2596164,3055868,1279.859,expert1_eval,7490187264,4982
1790750632.2797747,3055868,1280.879,expert1_eval,7490187264,4982
1790750633.298831,3055868,1281.898,expert1_eval,7490187264,4982
1790750634.318556,3055868,1282.918,expert1_eval,7490187264,4982
1790750635.3404799,3055868,1283.94,expert1_eval,7490187264,4982
1790750636.3663654,3055868,1284.966,expert1_eval,7490187264,4982
1790750637.391384,3055868,1285.991,expert1_eval,7490187264,4982
1790750638.4171376,3055868,1287.017,expert1_eval,7490187264,4982
1790750639.43869,3055868,1288.038,expert1_eval,7490187264,4982
1790750640.4639907,3055868,1289.063,expert1_eval,7490187264,4982
1790750641.4888415,3055868,1290.088,expert1_eval,7490187264,4982
1790750642.5098283,3055868,1291.109,expert1_eval,7490187264,4982
1790750643.5316064,3055868,1292.131,expert1_eval,7490187264,4982
1790750644.555156,3055868,1293.155,expert1_eval,7490187264,4982
1790750645.5745888,3055868,1294.174,expert1_eval,7490187264,4982
1790750646.5957513,3055868,1295.195,expert1_eval,7490187264,4982
1790750647.6212683,3055868,1296.221,expert1_eval,7490187264,4982
1790750648.6464949,3055868,1297.246,expert1_eval,7490187264,4982
1790750649.6709964,3055868,1298.27,expert1_eval,7490187264,4982
1790750650.695571,3055868,1299.295,expert1_eval,7490187264,4982
1790750651.7183886,3055868,1300.318,expert1_eval,7490187264,4982
1790750652.7398517,3055868,1301.339,expert1_eval,7490187264,4982
1790750653.762928,3055868,1302.362,expert1_eval,7490187264,4982
1790750654.78801,3055868,1303.387,expert1_eval,7490187264,4982
1790750655.812109,3055868,1304.411,expert1_eval,7490187264,4982
1790750656.840906,3055868,1305.44,starting,6443286528,3482
1790750657.8625505,3055868,1306.462,expert2_fit,6443286528,694
1790750658.8827198,3055868,1307.482,expert2_fit,6443286528,1366
1790750659.9254258,3055868,1308.525,expert2_fit,6443286528,1366
1790750660.9538736,3055868,1309.553,expert2_fit,6443286528,1366
1790750661.9754982,3055868,1310.575,starting,6443286528,1462
1790750663.0029337,3055868,1311.602,starting,6443286528,1462
1790750664.023794,3055868,1312.623,starting,6443286528,1462
1790750665.0482743,3055868,1313.648,starting,6443286528,1462
1790750666.0725343,3055868,1314.672,starting,6443286528,1462
1790750667.0948498,3055868,1315.694,starting,6443286528,1462
1790750668.1153185,3055868,1316.715,starting,6443286528,1462
1790750669.1367183,3055868,1317.736,starting,6443286528,1462
1790750670.1577563,3055868,1318.757,expert2_route,6535913472,1462
1790750671.1760335,3055868,1319.775,expert2_route,6535913472,1722
1790750672.197547,3055868,1320.797,expert2_route,6535913472,1762
1790750673.2190464,3055868,1321.818,expert2_route,6535913472,1782
1790750674.2436397,3055868,1322.843,expert2_route,6535913472,1802
1790750675.2676141,3055868,1323.867,expert2_route,6535913472,1822
1790750676.2922359,3055868,1324.892,expert2_route,6535913472,1822
1790750677.3184445,3055868,1325.918,expert2_route,6535913472,1822
1790750678.3412542,3055868,1326.941,expert2_route,6535913472,1822
1790750679.3627977,3055868,1327.962,expert2_route,6535913472,1822
1790750680.3848872,3055868,1328.984,expert2_route,6535913472,1822
1790750681.4100401,3055868,1330.009,expert2_route,6535913472,1822
1790750682.4347873,3055868,1331.034,expert2_route,6535913472,1822
1790750683.460072,3055868,1332.059,expert2_route,6535913472,1822
1790750684.4834473,3055868,1333.083,expert2_route,6535913472,1822
1790750685.509116,3055868,1334.108,expert2_route,6535913472,1822
1790750686.533619,3055868,1335.133,expert2_route,6535913472,1822
1790750687.5557852,3055868,1336.155,expert2_route,6535913472,1822
1790750688.578735,3055868,1337.178,expert2_route,6535913472,1822
1790750689.6060452,3055868,1338.205,expert2_route,6535913472,1822
1790750690.6309638,3055868,1339.23,expert2_route,6535913472,1822
1790750691.6559002,3055868,1340.255,expert2_route,6535913472,1822
1790750692.6795497,3055868,1341.279,expert2_route,6535913472,1822
1790750693.7039864,3055868,1342.303,expert2_route,6535913472,1822
1790750694.7224648,3055868,1343.322,expert2_route,6535913472,1822
1790750695.742083,3055868,1344.341,expert2_route,6535913472,1822
1790750696.7619393,3055868,1345.361,expert2_route,6535913472,1822
1790750697.7839544,3055868,1346.383,expert2_route,6535913472,1822
1790750698.808448,3055868,1347.408,expert2_route,6535913472,1822
1790750699.8360555,3055868,1348.435,expert2_route,6535913472,1822
1790750700.883587,3055868,1349.483,expert2_route,6535913472,1822
1790750701.9067562,3055868,1350.506,expert2_route,6535913472,1822
1790750702.9280937,3055868,1351.527,expert2_route,6535913472,1822
1790750703.947904,3055868,1352.547,expert2_cal,6496747520,1822
1790750704.9682896,3055868,1353.568,expert2_cal,6496747520,1822
1790750705.9869845,3055868,1354.586,expert2_cal,6496747520,1822
1790750707.0098636,3055868,1355.609,expert2_cal,6496747520,1822
1790750708.0315604,3055868,1356.631,expert2_cal,6496747520,1822
1790750709.05766,3055868,1357.657,expert2_cal,6496747520,1822
1790750710.089256,3055868,1358.689,expert2_cal,6496747520,1822
1790750711.1121411,3055868,1359.712,expert2_cal,6496747520,1822
1790750712.1331103,3055868,1360.732,expert2_cal,6496747520,1822
1790750713.1539595,3055868,1361.753,expert2_cal,6496747520,1822
1790750714.1732275,3055868,1362.773,expert2_cal,6496747520,1822
1790750715.1944613,3055868,1363.794,expert2_cal,6496747520,1822
1790750716.2168095,3055868,1364.816,expert2_cal,6496747520,1822
1790750717.23727,3055868,1365.837,expert2_cal,6496747520,1822
1790750718.258387,3055868,1366.858,expert2_cal,6496747520,1822
1790750719.2812355,3055868,1367.881,expert2_cal,6496747520,1822
1790750720.3019502,3055868,1368.901,expert2_cal,6496747520,1822
1790750721.3253434,3055868,1369.925,expert2_cal,6496747520,1822
1790750722.3468766,3055868,1370.946,expert2_cal,6496747520,1822
1790750723.370555,3055868,1371.97,expert2_cal,6496747520,1822
1790750724.3993754,3055868,1372.999,expert2_cal,6496747520,1822
1790750725.4254475,3055868,1374.025,expert2_cal,6496747520,1822
1790750726.4480171,3055868,1375.047,expert2_eval,7279288320,1822
1790750727.4695315,3055868,1376.069,expert2_eval,6861287424,1822
1790750728.494729,3055868,1377.094,expert2_eval,6861287424,1822
1790750729.521818,3055868,1378.121,expert2_eval,6861287424,1822
1790750730.5478857,3055868,1379.147,expert2_eval,6861287424,1822
1790750731.5756445,3055868,1380.175,expert2_eval,6861287424,1822
1790750732.601601,3055868,1381.201,expert2_eval,6861287424,1822
1790750733.6547842,3055868,1382.254,expert2_eval,6861287424,1822
1790750734.6792672,3055868,1383.279,expert2_eval,6861287424,1822
1790750735.7034364,3055868,1384.303,expert2_eval,6861287424,1822
1790750736.7322073,3055868,1385.332,expert2_eval,6861287424,1822
1790750737.7543058,3055868,1386.354,expert2_eval,6861287424,1822
1790750738.7756152,3055868,1387.375,expert2_eval,6861287424,1822
1790750739.7980897,3055868,1388.397,expert2_eval,6861287424,1822
1790750740.8233414,3055868,1389.423,expert2_eval,6861287424,1822
1790750741.8474314,3055868,1390.447,expert2_eval,6861287424,1822
1790750742.869032,3055868,1391.468,expert2_eval,6861287424,1822
1790750743.894546,3055868,1392.494,expert2_eval,6861287424,1822
1790750744.9228892,3055868,1393.522,expert2_eval,6861287424,1822
1790750745.9480355,3055868,1394.547,expert2_eval,6861287424,1822
1790750746.976746,3055868,1395.576,expert2_eval,6861287424,1822
1790750747.9993653,3055868,1396.599,expert2_eval,6861287424,1822
1790750749.019255,3055868,1397.619,expert2_eval,6861287424,1822
1790750750.0410776,3055868,1398.64,expert2_eval,6861287424,1822
1790750751.0611455,3055868,1399.661,expert2_eval,6861287424,1822
1790750752.0814087,3055868,1400.681,expert2_eval,6861287424,1822
1790750753.1038258,3055868,1401.703,expert2_eval,6861287424,1822
1790750754.1254356,3055868,1402.725,expert2_eval,6861287424,1822
1790750755.177091,3055868,1403.776,expert2_eval,6861287424,1822
1790750756.2035306,3055868,1404.803,expert2_eval,6861287424,1822
1790750757.2273624,3055868,1405.827,expert2_eval,6861287424,1822
1790750758.248194,3055868,1406.848,expert2_eval,6861287424,1822
1790750759.2666943,3055868,1407.866,expert2_eval,6861287424,1822
1790750760.2885218,3055868,1408.888,expert2_eval,6861287424,1822
1790750761.3115764,3055868,1409.911,expert2_eval,6861287424,1822
1790750762.3361657,3055868,1410.936,expert2_eval,6861287424,1822
1790750763.362072,3055868,1411.961,expert2_eval,6861287424,1822
1790750764.3833568,3055868,1412.983,expert2_eval,6861287424,1822
1790750765.4054286,3055868,1414.005,expert2_eval,6861287424,1822
1790750766.426287,3055868,1415.026,expert2_eval,6861287424,1822
1790750767.4475813,3055868,1416.047,expert2_eval,6861287424,1822
1790750768.4666257,3055868,1417.066,expert2_eval,6861287424,1822
1790750769.486463,3055868,1418.086,expert2_eval,6861287424,1822
1790750770.5074322,3055868,1419.107,expert2_eval,6861287424,1822
1790750771.530487,3055868,1420.13,expert2_eval,6861287424,1822
1790750772.5521421,3055868,1421.152,expert2_eval,6861287424,1822
1790750773.5769186,3055868,1422.176,expert2_eval,6861287424,1822
1790750774.597626,3055868,1423.197,expert2_eval,6861287424,1822
1790750775.62392,3055868,1424.223,expert2_eval,6861287424,1822
1790750776.6521637,3055868,1425.252,expert2_eval,6861287424,1822
1790750777.679262,3055868,1426.279,expert2_eval,6861287424,1822
1790750778.7004786,3055868,1427.3,expert2_eval,6861287424,1822
1790750779.7242837,3055868,1428.324,expert2_eval,6861287424,1822
1790750780.7519774,3055868,1429.351,expert2_eval,6861287424,1822
1790750781.7773905,3055868,1430.377,expert2_eval,6861287424,1822
1790750782.7986174,3055868,1431.398,expert2_eval,6861287424,1822
1790750783.8259456,3055868,1432.425,expert2_eval,6861287424,1822
1790750784.8465772,3055868,1433.446,expert2_eval,6861287424,1822
1790750785.8717732,3055868,1434.471,expert2_eval,6861287424,1822
1790750786.8945365,3055868,1435.494,expert2_eval,6861287424,1822
1790750787.914904,3055868,1436.514,expert2_eval,6861287424,1822
1790750788.9351547,3055868,1437.535,expert2_eval,6861287424,1822
1790750789.9553833,3055868,1438.555,expert2_eval,6861287424,1822
1790750790.9762473,3055868,1439.576,expert2_eval,6861287424,1822
1790750791.9994094,3055868,1440.599,expert2_eval,6861287424,1822
1790750793.0229747,3055868,1441.622,expert2_eval,6861287424,1822
1790750794.0498009,3055868,1442.649,expert2_eval,6861287424,1822
1790750795.074195,3055868,1443.674,expert2_eval,6861287424,1822
1790750796.0980144,3055868,1444.697,expert2_eval,6861287424,1822
1790750797.1208026,3055868,1445.72,expert2_eval,6861287424,1822
1790750798.1410806,3055868,1446.74,expert2_eval,6861287424,1822
1790750799.1619961,3055868,1447.761,expert2_eval,6861287424,1822
1790750800.185304,3055868,1448.785,expert2_eval,6861287424,1822
1790750801.2069118,3055868,1449.806,expert2_eval,6861287424,1822
1790750802.2313833,3055868,1450.831,expert2_eval,6861287424,1822
1790750803.2570775,3055868,1451.856,expert2_eval,6861287424,1822
1790750804.2795515,3055868,1452.879,expert2_eval,6861287424,1822
1790750805.2993567,3055868,1453.899,expert2_eval,6861287424,1822
1790750806.3206239,3055868,1454.92,expert2_eval,6861287424,1822
1790750807.3450365,3055868,1455.944,expert2_eval,6861287424,1822
1790750808.3670173,3055868,1456.966,expert2_eval,6861287424,1822
1790750809.3874564,3055868,1457.987,expert2_eval,6861287424,1822
1790750810.4083226,3055868,1459.008,expert2_eval,6861287424,1822
1790750811.4295204,3055868,1460.029,expert2_eval,6861287424,1822
1790750812.4500687,3055868,1461.049,expert2_eval,6861287424,1822
1790750813.4728067,3055868,1462.072,expert2_eval,6861287424,1822
1790750814.4910111,3055868,1463.09,expert2_eval,6861287424,1822
1790750815.5122552,3055868,1464.112,expert2_eval,6861287424,1822
1790750816.5342422,3055868,1465.134,expert2_eval,6861287424,1822
1790750817.558935,3055868,1466.158,expert2_eval,6861287424,1822
1790750818.5799608,3055868,1467.179,expert2_eval,6861287424,1822
1790750819.6079395,3055868,1468.207,expert2_eval,6861287424,1822
1790750820.6311395,3055868,1469.231,expert2_eval,6861287424,1822
1790750821.659938,3055868,1470.259,expert2_eval,6861287424,1822
1790750822.682056,3055868,1471.281,expert2_eval,6861287424,1822
1790750823.7096632,3055868,1472.309,expert2_eval,6861287424,1822
1790750824.7399924,3055868,1473.339,expert2_eval,6861287424,1822
1790750825.7621412,3055868,1474.362,expert2_eval,6861287424,1822
1790750826.780943,3055868,1475.38,expert2_eval,6861287424,1822
1790750827.8010306,3055868,1476.4,expert2_eval,6861287424,1822
1790750828.8201828,3055868,1477.42,expert2_eval,6861287424,1822
1790750829.840459,3055868,1478.44,expert2_eval,6861287424,1822
1790750830.8624885,3055868,1479.462,expert2_eval,6861287424,1822
1790750831.8847778,3055868,1480.484,expert2_eval,6861287424,1822
1790750832.9033144,3055868,1481.503,expert2_eval,6861287424,1822
1790750833.9244747,3055868,1482.524,expert2_eval,6861287424,1822
1790750834.948112,3055868,1483.547,expert2_eval,6861287424,1822
1790750835.9677672,3055868,1484.567,expert2_eval,6861287424,1822
1790750836.9886312,3055868,1485.588,expert2_eval,6861287424,1822
1790750838.0110366,3055868,1486.61,expert2_eval,6861287424,1822
1790750839.0585096,3055868,1487.658,expert2_eval,6861287424,1822
1790750840.081873,3055868,1488.681,expert2_eval,6861287424,1822
1790750841.1058233,3055868,1489.705,expert2_eval,6861287424,1822
1790750842.1254804,3055868,1490.725,expert2_eval,6861287424,1822
1790750843.1711774,3055868,1491.771,expert2_eval,6861287424,1822
1790750844.1911542,3055868,1492.791,expert2_eval,6861287424,1822
1790750845.2108898,3055868,1493.81,expert2_eval,6861287424,1822
1790750846.2299542,3055868,1494.829,expert2_eval,6861287424,1822
1790750847.2516785,3055868,1495.851,expert2_eval,6861287424,1822
1790750848.2739525,3055868,1496.873,expert2_eval,6861287424,1822
1790750849.298928,3055868,1497.898,expert2_eval,6861287424,1822
1790750850.3250616,3055868,1498.924,expert2_eval,6861287424,1822
1790750851.3477442,3055868,1499.947,expert2_eval,6861287424,1822
1790750852.3720317,3055868,1500.971,expert2_eval,6861287424,1822
1790750853.3974726,3055868,1501.997,expert2_eval,6861287424,1822
1790750854.423593,3055868,1503.023,expert2_eval,6861287424,1822
1790750855.4498801,3055868,1504.049,expert2_eval,6861287424,1822
1790750856.4746764,3055868,1505.074,expert2_eval,6861287424,1822
1790750857.4989994,3055868,1506.098,expert2_eval,6861287424,1822
1790750858.535038,3055868,1507.134,expert2_eval,6861287424,1822
1790750859.558708,3055868,1508.158,expert2_eval,6861287424,1822
1790750860.580768,3055868,1509.18,expert2_eval,6861287424,1822
1790750861.606502,3055868,1510.206,expert2_eval,6861287424,1822
1790750862.6278036,3055868,1511.227,expert2_eval,6861287424,1822
1790750863.6494596,3055868,1512.249,expert2_eval,6861287424,1822
1790750864.6680417,3055868,1513.267,expert2_eval,6861287424,1822
1790750865.6897366,3055868,1514.289,expert3_fit,6443286528,1646
1790750866.7113929,3055868,1515.311,expert3_fit,6443286528,1646
1790750867.731407,3055868,1516.331,expert3_fit,6443286528,1766
1790750868.754975,3055868,1517.354,expert3_fit,6443286528,1766
1790750869.775502,3055868,1518.375,expert3_fit,6443286528,1766
1790750870.8004909,3055868,1519.4,expert3_fit,6443286528,1766
1790750871.8233945,3055868,1520.423,expert3_fit,6443286528,1766
1790750872.8429015,3055868,1521.442,expert3_fit,6443286528,1766
1790750873.8643796,3055868,1522.464,expert3_fit,6443286528,1766
1790750874.8896909,3055868,1523.489,expert3_fit,6443286528,1766
1790750875.920618,3055868,1524.52,starting,6443286528,1862
1790750876.9490623,3055868,1525.548,starting,6443286528,1862
1790750877.973766,3055868,1526.573,starting,6443286528,1862
1790750878.9965744,3055868,1527.596,starting,6443286528,1862
1790750880.0202208,3055868,1528.62,starting,6443286528,1862
1790750881.0405805,3055868,1529.64,starting,6443286528,1862
1790750882.060166,3055868,1530.66,starting,6443286528,1862
1790750883.0840793,3055868,1531.683,starting,6443286528,1862
1790750884.1076133,3055868,1532.707,starting,6443286528,1862
1790750885.1262867,3055868,1533.726,starting,6443286528,1862
1790750886.1487591,3055868,1534.748,starting,6443286528,1862
1790750887.1713989,3055868,1535.771,starting,6443286528,1862
1790750888.1961048,3055868,1536.795,starting,6443286528,1862
1790750889.221333,3055868,1537.821,starting,6443286528,1862
1790750890.2454333,3055868,1538.845,starting,6443286528,1862
1790750891.2712338,3055868,1539.871,starting,6443286528,1862
1790750892.2995188,3055868,1540.899,expert3_route,6535913472,1862
1790750893.3198116,3055868,1541.919,expert3_route,6535913472,1862
1790750894.3415446,3055868,1542.941,expert3_route,6535913472,2162
1790750895.3662417,3055868,1543.966,expert3_route,6535913472,2182
1790750896.392607,3055868,1544.992,expert3_route,6535913472,2182
1790750897.4161868,3055868,1546.016,expert3_route,6535913472,2222
1790750898.4407156,3055868,1547.04,expert3_route,6535913472,2222
1790750899.4656603,3055868,1548.065,expert3_route,6535913472,2242
1790750900.490299,3055868,1549.09,expert3_route,6535913472,2242
1790750901.513691,3055868,1550.113,expert3_route,6535913472,2242
1790750902.538995,3055868,1551.138,expert3_route,6535913472,2262
1790750903.562201,3055868,1552.162,expert3_route,6535913472,2262
1790750904.586414,3055868,1553.186,expert3_route,6535913472,2262
1790750905.6086564,3055868,1554.208,expert3_route,6535913472,2262
1790750906.6338184,3055868,1555.233,expert3_route,6535913472,2262
1790750907.6587222,3055868,1556.258,expert3_route,6535913472,2262
1790750908.679513,3055868,1557.279,expert3_route,6535913472,2262
1790750909.7000976,3055868,1558.299,expert3_route,6535913472,2262
1790750910.7220924,3055868,1559.321,expert3_route,6535913472,2262
1790750911.7414973,3055868,1560.341,expert3_route,6535913472,2262
1790750912.7621846,3055868,1561.362,expert3_route,6535913472,2262
1790750913.783218,3055868,1562.383,expert3_route,6535913472,2262
1790750914.8052394,3055868,1563.405,expert3_route,6535913472,2262
1790750915.8257675,3055868,1564.425,expert3_route,6535913472,2262
1790750916.8467443,3055868,1565.446,expert3_route,6535913472,2262
1790750917.870771,3055868,1566.47,expert3_route,6535913472,2262
1790750918.893461,3055868,1567.493,expert3_route,6535913472,2262
1790750919.9143577,3055868,1568.514,expert3_route,6535913472,2262
1790750920.9367664,3055868,1569.536,expert3_route,6535913472,2262
1790750921.9570317,3055868,1570.556,expert3_route,6535913472,2262
1790750922.981452,3055868,1571.581,expert3_route,6535913472,2262
1790750924.0029576,3055868,1572.602,expert3_route,6535913472,2262
1790750925.0224717,3055868,1573.622,expert3_route,6535913472,2262
1790750926.0463884,3055868,1574.646,expert3_route,6535913472,2262
1790750927.0676708,3055868,1575.667,expert3_route,6535913472,2262
1790750928.0919244,3055868,1576.691,expert3_route,6535913472,2262
1790750929.112534,3055868,1577.712,expert3_route,6535913472,2262
1790750930.1325648,3055868,1578.732,expert3_route,6535913472,2262
1790750931.1546035,3055868,1579.754,expert3_route,6535913472,2262
1790750932.1825318,3055868,1580.782,expert3_route,6535913472,2262
1790750933.2048059,3055868,1581.804,expert3_route,6535913472,2262
1790750934.2260396,3055868,1582.825,expert3_route,6535913472,2262
1790750935.2490456,3055868,1583.848,expert3_route,6535913472,2262
1790750936.2688105,3055868,1584.868,expert3_route,6535913472,2262
1790750937.2890797,3055868,1585.888,expert3_route,6535913472,2262
1790750938.3079975,3055868,1586.907,expert3_route,6535913472,2262
1790750939.3286743,3055868,1587.928,expert3_route,6535913472,2262
1790750940.3533893,3055868,1588.953,expert3_route,6535913472,2262
1790750941.3739445,3055868,1589.973,expert3_route,6535913472,2262
1790750942.3994427,3055868,1590.999,expert3_route,6535913472,2262
1790750943.4271224,3055868,1592.027,expert3_route,6535913472,2262
1790750944.4501317,3055868,1593.05,expert3_route,6535913472,2262
1790750945.4744942,3055868,1594.074,expert3_route,6535913472,2262
1790750946.4960992,3055868,1595.095,expert3_route,6535913472,2262
1790750947.5203426,3055868,1596.12,expert3_route,6535913472,2262
1790750948.546571,3055868,1597.146,expert3_route,6535913472,2262
1790750949.5781097,3055868,1598.177,expert3_route,6535913472,2262
1790750950.604883,3055868,1599.204,expert3_route,6535913472,2262
1790750951.6259449,3055868,1600.225,expert3_route,6535913472,2262
1790750952.6475556,3055868,1601.247,expert3_route,6535913472,2262
1790750953.6714916,3055868,1602.271,expert3_route,6535913472,2262
1790750954.692463,3055868,1603.292,expert3_cal,6496747520,2262
1790750955.71574,3055868,1604.315,expert3_cal,6496747520,2262
1790750956.736625,3055868,1605.336,expert3_cal,6496747520,2262
1790750957.7564297,3055868,1606.356,expert3_cal,6496747520,2262
1790750958.7777889,3055868,1607.377,expert3_cal,6496747520,2262
1790750959.798468,3055868,1608.398,expert3_cal,6496747520,2262
1790750960.8276026,3055868,1609.427,expert3_cal,6496747520,2262
1790750961.8499317,3055868,1610.449,expert3_cal,6496747520,2262
1790750962.8735495,3055868,1611.473,expert3_cal,6496747520,2262
1790750963.896972,3055868,1612.496,expert3_cal,6496747520,2262
1790750964.917763,3055868,1613.517,expert3_cal,6496747520,2262
1790750965.940802,3055868,1614.54,expert3_cal,6496747520,2262
1790750966.9659798,3055868,1615.565,expert3_cal,6496747520,2262
1790750967.9874299,3055868,1616.587,expert3_cal,6496747520,2262
1790750969.0085576,3055868,1617.608,expert3_cal,6496747520,2262
1790750970.0320413,3055868,1618.631,expert3_cal,6496747520,2262
1790750971.0563157,3055868,1619.656,expert3_cal,6496747520,2262
1790750972.0793254,3055868,1620.679,expert3_cal,6496747520,2262
1790750973.101707,3055868,1621.701,expert3_cal,6496747520,2262
1790750974.1360254,3055868,1622.735,expert3_cal,6496747520,2262
1790750975.160642,3055868,1623.76,expert3_cal,6496747520,2262
1790750976.1828225,3055868,1624.782,expert3_cal,6496747520,2262
1790750977.207559,3055868,1625.807,expert3_cal,6496747520,2262
1790750978.2327418,3055868,1626.832,expert3_cal,6496747520,2262
1790750979.2571766,3055868,1627.857,expert3_cal,6496747520,2262
1790750980.2771237,3055868,1628.877,expert3_cal,6496747520,2262
1790750981.3007245,3055868,1629.9,expert3_cal,6496747520,2262
1790750982.3218646,3055868,1630.921,expert3_cal,6496747520,2262
1790750983.3468435,3055868,1631.946,expert3_cal,6496747520,2262
1790750984.3697257,3055868,1632.969,expert3_cal,6496747520,2262
1790750985.3894055,3055868,1633.989,expert3_cal,6496747520,2262
1790750986.4116232,3055868,1635.011,expert3_cal,6496747520,2262
1790750987.4324267,3055868,1636.032,expert3_cal,6496747520,2262
1790750988.4508948,3055868,1637.05,expert3_cal,6496747520,2262
1790750989.4721696,3055868,1638.072,expert3_cal,6496747520,2262
1790750990.496646,3055868,1639.096,expert3_cal,6496747520,2262
1790750991.5187526,3055868,1640.118,expert3_cal,6496747520,2262
1790750992.5441458,3055868,1641.144,expert3_eval,6861287424,2262
1790750993.5656981,3055868,1642.165,expert3_eval,6861287424,2262
1790750994.5888042,3055868,1643.188,expert3_eval,6861287424,2262
1790750995.609008,3055868,1644.208,expert3_eval,6861287424,2262
1790750996.6321154,3055868,1645.231,expert3_eval,6861287424,2262
1790750997.6568437,3055868,1646.256,expert3_eval,6861287424,2262
1790750998.6785855,3055868,1647.278,expert3_eval,6861287424,2262
1790750999.7000978,3055868,1648.299,expert3_eval,6861287424,2262
1790751000.7195766,3055868,1649.319,expert3_eval,6861287424,2262
1790751001.7418842,3055868,1650.341,expert3_eval,6861287424,2262
1790751002.7695262,3055868,1651.369,expert3_eval,6861287424,2262
1790751003.7919986,3055868,1652.391,expert3_eval,6861287424,2262
1790751004.8154438,3055868,1653.415,expert3_eval,6861287424,2262
1790751005.838569,3055868,1654.438,expert3_eval,6861287424,2262
1790751006.8639388,3055868,1655.463,expert3_eval,6861287424,2262
1790751007.8832579,3055868,1656.483,expert3_eval,6861287424,2262
1790751008.9019635,3055868,1657.501,expert3_eval,6861287424,2262
1790751009.9228215,3055868,1658.522,expert3_eval,6861287424,2262
1790751010.943927,3055868,1659.543,expert3_eval,6861287424,2262
1790751011.9703906,3055868,1660.57,expert3_eval,6861287424,2262
1790751012.9961638,3055868,1661.596,expert3_eval,6861287424,2262
1790751014.0152686,3055868,1662.615,expert3_eval,6861287424,2262
1790751015.0340707,3055868,1663.633,expert3_eval,6861287424,2262
1790751016.0562873,3055868,1664.656,expert3_eval,6861287424,2262
1790751017.0789511,3055868,1665.678,expert3_eval,6861287424,2262
1790751018.0979211,3055868,1666.697,expert3_eval,6861287424,2262
1790751019.1183717,3055868,1667.718,expert3_eval,6861287424,2262
1790751020.13818,3055868,1668.738,expert3_eval,6861287424,2262
1790751021.1568506,3055868,1669.756,expert3_eval,6861287424,2262
1790751022.179781,3055868,1670.779,expert3_eval,6861287424,2262
1790751023.2010314,3055868,1671.8,expert3_eval,6861287424,2262
1790751024.2269466,3055868,1672.826,expert3_eval,6861287424,2262
1790751025.2550101,3055868,1673.854,expert3_eval,6861287424,2262
1790751026.2743504,3055868,1674.874,expert3_eval,6861287424,2262
1790751027.2940905,3055868,1675.893,expert3_eval,6861287424,2262
1790751028.3140566,3055868,1676.913,expert3_eval,6861287424,2262
1790751029.3355691,3055868,1677.935,expert3_eval,6861287424,2262
1790751030.3587928,3055868,1678.958,expert3_eval,6861287424,2262
1790751031.3773572,3055868,1679.977,expert3_eval,6861287424,2262
1790751032.3983822,3055868,1680.998,expert3_eval,6861287424,2262
1790751033.418332,3055868,1682.018,expert3_eval,6861287424,2262
1790751034.4366715,3055868,1683.036,expert3_eval,6861287424,2262
1790751035.4569595,3055868,1684.056,expert3_eval,6861287424,2262
1790751036.4783611,3055868,1685.078,expert3_eval,6861287424,2262
1790751037.497706,3055868,1686.097,expert3_eval,6861287424,2262
1790751038.519768,3055868,1687.119,expert3_eval,6861287424,2262
1790751039.541732,3055868,1688.141,expert3_eval,6861287424,2262
1790751040.5675454,3055868,1689.167,expert3_eval,6861287424,2262
1790751041.5934734,3055868,1690.193,expert3_eval,6861287424,2262
1790751042.6168232,3055868,1691.216,expert3_eval,6861287424,2262
1790751043.639371,3055868,1692.239,expert3_eval,6861287424,2262
1790751044.6651003,3055868,1693.264,expert3_eval,6861287424,2262
1790751045.6846578,3055868,1694.284,expert3_eval,6861287424,2262
1790751046.7046309,3055868,1695.304,expert3_eval,6861287424,2262
1790751047.7439184,3055868,1696.343,expert3_eval,6861287424,2262
1790751048.7650523,3055868,1697.364,expert3_eval,6861287424,2262
1790751049.7850688,3055868,1698.384,expert3_eval,6861287424,2262
1790751050.8038735,3055868,1699.403,expert3_eval,6861287424,2262
1790751051.8235066,3055868,1700.423,expert3_eval,6861287424,2262
1790751052.844704,3055868,1701.444,expert3_eval,6861287424,2262
1790751053.8693392,3055868,1702.469,expert3_eval,6861287424,2262
1790751054.8929856,3055868,1703.492,expert3_eval,6861287424,2262
1790751055.9156575,3055868,1704.515,expert3_eval,6861287424,2262
1790751056.9379046,3055868,1705.537,expert3_eval,6861287424,2262
1790751057.9640768,3055868,1706.563,expert3_eval,6861287424,2262
1790751058.9867737,3055868,1707.586,expert3_eval,6861287424,2262
1790751060.0076582,3055868,1708.607,expert3_eval,6861287424,2262
1790751061.0327775,3055868,1709.632,expert3_eval,6861287424,2262
1790751062.060288,3055868,1710.66,expert3_eval,6861287424,2262
1790751063.0837016,3055868,1711.683,expert3_eval,6861287424,2262
1790751064.1133301,3055868,1712.713,expert3_eval,6861287424,2262
1790751065.1375356,3055868,1713.737,expert3_eval,6861287424,2262
1790751066.1636572,3055868,1714.763,expert3_eval,6861287424,2262
1790751067.1927123,3055868,1715.792,expert3_eval,6861287424,2262
1790751068.2146273,3055868,1716.814,expert3_eval,6861287424,2262
1790751069.2402163,3055868,1717.84,expert3_eval,6861287424,2262
1790751070.3054638,3055868,1718.905,expert3_eval,6861287424,2262
1790751071.3270597,3055868,1719.926,expert3_eval,6861287424,2262
1790751072.3520114,3055868,1720.951,expert3_eval,6861287424,2262
1790751073.3768668,3055868,1721.976,expert3_eval,6861287424,2262
1790751074.3984935,3055868,1722.998,expert3_eval,6861287424,2262
1790751075.4217577,3055868,1724.021,expert3_eval,6861287424,2262
1790751076.4459953,3055868,1725.045,expert3_eval,6861287424,2262
1790751077.4719296,3055868,1726.071,expert3_eval,6861287424,2262
1790751078.499066,3055868,1727.098,expert3_eval,6861287424,2262
1790751079.5238044,3055868,1728.123,expert3_eval,6861287424,2262
1790751080.5471694,3055868,1729.147,expert3_eval,6861287424,2262
1790751081.566525,3055868,1730.166,expert3_eval,6861287424,2262
1790751082.5873954,3055868,1731.187,expert3_eval,6861287424,2262
1790751083.607582,3055868,1732.207,expert3_eval,6861287424,2262
1790751084.6260073,3055868,1733.225,expert3_eval,6861287424,2262
1790751085.650619,3055868,1734.25,expert3_eval,6861287424,2262
1790751086.6746857,3055868,1735.274,expert3_eval,6861287424,2262
1790751087.6972134,3055868,1736.297,expert3_eval,6861287424,2262
1790751088.7165308,3055868,1737.316,expert3_eval,6861287424,2262
1790751089.7381139,3055868,1738.337,expert3_eval,6861287424,2262
1790751090.7619398,3055868,1739.361,expert3_eval,6861287424,2262
1790751091.7861788,3055868,1740.386,expert3_eval,6861287424,2262
1790751092.808098,3055868,1741.407,expert3_eval,6861287424,2262
1790751093.8332293,3055868,1742.433,expert3_eval,6861287424,2262
1790751094.8568666,3055868,1743.456,expert3_eval,6861287424,2262
1790751095.8793871,3055868,1744.479,expert3_eval,6861287424,2262
1790751096.8979754,3055868,1745.497,expert3_eval,6861287424,2262
1790751097.9185498,3055868,1746.518,expert3_eval,6861287424,2262
1790751098.9389222,3055868,1747.538,expert3_eval,6861287424,2262
1790751099.9625103,3055868,1748.562,expert3_eval,6861287424,2262
1790751100.98187,3055868,1749.581,expert3_eval,6861287424,2262
1790751102.0026717,3055868,1750.602,expert3_eval,6861287424,2262
1790751103.0223675,3055868,1751.622,expert3_eval,6861287424,2262
1790751104.0414603,3055868,1752.641,expert3_eval,6861287424,2262
1790751105.0994043,3055868,1753.699,expert3_eval,6861287424,2262
1790751106.1243138,3055868,1754.724,expert3_eval,6861287424,2262
1790751107.1454775,3055868,1755.745,expert3_eval,6861287424,2262
1790751108.1694229,3055868,1756.769,expert3_eval,6861287424,2262
1790751109.1969202,3055868,1757.796,expert3_eval,6861287424,2262
1790751110.21859,3055868,1758.818,expert3_eval,6861287424,2262
1790751111.2431653,3055868,1759.843,expert3_eval,6861287424,2262
1790751112.2614768,3055868,1760.861,expert3_eval,6861287424,2262
1790751113.285811,3055868,1761.885,expert3_eval,6861287424,2262
1790751114.3088195,3055868,1762.908,expert3_eval,6861287424,2262
1790751115.3305242,3055868,1763.93,expert3_eval,6861287424,2262
1790751116.3543005,3055868,1764.954,expert3_eval,6861287424,2262
1790751117.3842094,3055868,1765.984,expert3_eval,6861287424,2262
1790751118.4093275,3055868,1767.009,expert3_eval,6861287424,2262
1790751119.4335396,3055868,1768.033,expert3_eval,6861287424,2262
1790751120.4546773,3055868,1769.054,expert3_eval,6861287424,2262
1790751121.479038,3055868,1770.078,expert3_eval,6861287424,2262
1790751122.5009146,3055868,1771.1,expert3_eval,6861287424,2262
1790751123.521884,3055868,1772.121,expert3_eval,6861287424,2262
1790751124.5511575,3055868,1773.151,expert3_eval,6861287424,2262
1790751125.5728133,3055868,1774.172,expert3_eval,6861287424,2262
1790751126.5957947,3055868,1775.195,expert3_eval,6861287424,2262
1790751127.61608,3055868,1776.215,expert3_eval,6861287424,2262
1790751128.63589,3055868,1777.235,expert3_eval,6861287424,2262
1790751129.6574502,3055868,1778.257,expert3_eval,6861287424,2262
1790751130.68272,3055868,1779.282,expert3_eval,6861287424,2262
1790751131.7046566,3055868,1780.304,expert3_eval,6861287424,2262
1790751132.725527,3055868,1781.325,expert3_eval,6861287424,2262
1790751133.745739,3055868,1782.345,expert3_eval,6861287424,2262
1790751134.7646914,3055868,1783.364,expert3_eval,6861287424,2262
1790751135.7849457,3055868,1784.384,expert3_eval,6861287424,2262
1790751136.8049815,3055868,1785.404,expert3_eval,6861287424,2262
1790751137.8262553,3055868,1786.426,expert3_eval,6861287424,2262
1790751138.8490272,3055868,1787.448,expert3_eval,6861287424,2262
1790751139.8698428,3055868,1788.469,expert3_eval,6861287424,2262
1790751140.9046302,3055868,1789.504,expert3_eval,6861287424,2262
1790751141.9259024,3055868,1790.525,expert3_eval,6861287424,2262
1790751142.945887,3055868,1791.545,expert3_eval,6861287424,2262
1790751143.9689791,3055868,1792.568,expert3_eval,6861287424,2262
1790751144.990931,3055868,1793.59,expert3_eval,6861287424,2262
1790751146.0153441,3055868,1794.615,expert3_eval,6861287424,2262
1790751147.0357845,3055868,1795.635,expert3_eval,6861287424,2262
1790751148.0544379,3055868,1796.654,expert3_eval,6861287424,2262
1790751149.0770779,3055868,1797.676,expert3_eval,6861287424,2262
1790751150.1019304,3055868,1798.701,expert3_eval,6861287424,2262
1790751151.1230824,3055868,1799.722,expert3_eval,6861287424,2262
1790751152.1452637,3055868,1800.745,expert3_eval,6861287424,2262
1790751153.1674802,3055868,1801.767,expert3_eval,6861287424,2262
1790751154.1865969,3055868,1802.786,expert3_eval,6861287424,2262
1790751155.2077022,3055868,1803.807,expert3_eval,6861287424,2262
1790751156.2299702,3055868,1804.829,expert3_eval,6861287424,2262
1790751157.2557876,3055868,1805.855,expert3_eval,6861287424,2262
1790751158.2785735,3055868,1806.878,expert3_eval,6861287424,2262
1790751159.3025694,3055868,1807.902,expert3_eval,6861287424,2262
1790751160.3286035,3055868,1808.928,expert3_eval,6861287424,2262
1790751161.3510675,3055868,1809.95,expert3_eval,6861287424,2262
1790751162.3750699,3055868,1810.974,expert3_eval,6861287424,2262
1790751163.4012108,3055868,1812.001,expert3_eval,6861287424,2262
1790751164.426464,3055868,1813.026,expert3_eval,6861287424,2262
1790751165.4695778,3055868,1814.069,expert3_eval,6861287424,2262
1790751166.4930341,3055868,1815.092,expert3_eval,6861287424,2262
1790751167.51757,3055868,1816.117,expert3_eval,6861287424,2262
1790751168.5431552,3055868,1817.143,expert3_eval,6861287424,2262
1790751169.5666692,3055868,1818.166,expert3_eval,6861287424,2262
1790751170.5918658,3055868,1819.191,expert3_eval,6861287424,2262
1790751171.6161802,3055868,1820.216,expert3_eval,6861287424,2262
1790751172.6359122,3055868,1821.235,expert3_eval,6861287424,2262
1790751173.6569178,3055868,1822.256,expert3_eval,6861287424,2262
1790751174.6786077,3055868,1823.278,expert3_eval,6861287424,2262
1790751175.700012,3055868,1824.299,expert3_eval,6861287424,2262
1790751176.7253149,3055868,1825.325,expert3_eval,6861287424,2262
1790751177.7446907,3055868,1826.344,expert3_eval,6861287424,2262
1790751178.7667809,3055868,1827.366,expert3_eval,6861287424,2262
1790751179.7894359,3055868,1828.389,expert3_eval,6861287424,2262
1790751180.8105347,3055868,1829.41,expert4_fit,6443286528,598
1790751181.8387463,3055868,1830.438,expert4_fit,6443511808,1366
1790751182.8634236,3055868,1831.463,expert4_fit,6443511808,1366
1790751183.8860765,3055868,1832.485,expert4_fit,6443511808,1366
1790751184.9058695,3055868,1833.505,starting,6443511808,1462
1790751185.9293625,3055868,1834.529,starting,6443511808,1462
1790751186.9487796,3055868,1835.548,starting,6443511808,1462
1790751187.9688828,3055868,1836.568,starting,6443511808,1462
1790751188.9938576,3055868,1837.593,starting,6443511808,1462
1790751190.0184214,3055868,1838.618,starting,6443511808,1462
1790751191.043209,3055868,1839.643,starting,6443511808,1462
1790751192.0671933,3055868,1840.667,expert4_route,6536138752,1522
1790751193.0905256,3055868,1841.69,expert4_route,6536138752,1662
1790751194.1108067,3055868,1842.71,expert4_route,6536138752,1682
1790751195.1328847,3055868,1843.732,expert4_route,6536138752,1722
1790751196.154403,3055868,1844.754,expert4_route,6536138752,1742
1790751197.17559,3055868,1845.775,expert4_route,6536138752,1742
1790751198.2027664,3055868,1846.802,expert4_route,6536138752,1742
1790751199.2285624,3055868,1847.828,expert4_route,6536138752,1742
1790751200.250635,3055868,1848.85,expert4_route,6536138752,1762
1790751201.2716246,3055868,1849.871,expert4_route,6536138752,1762
1790751202.2945266,3055868,1850.894,expert4_route,6536138752,1762
1790751203.3147998,3055868,1851.914,expert4_route,6536138752,1762
1790751204.3369,3055868,1852.936,expert4_route,6536138752,1762
1790751205.3610458,3055868,1853.96,expert4_route,6536138752,1762
1790751206.3840113,3055868,1854.983,expert4_route,6536138752,1762
1790751207.4057298,3055868,1856.005,expert4_route,6536138752,1762
1790751208.428406,3055868,1857.028,expert4_route,6536138752,1762
1790751209.4482868,3055868,1858.048,expert4_route,6536138752,1762
1790751210.4676127,3055868,1859.067,expert4_route,6536138752,1762
1790751211.4878008,3055868,1860.087,expert4_route,6536138752,1762
1790751212.5090613,3055868,1861.108,expert4_route,6536138752,1762
1790751213.5296264,3055868,1862.129,expert4_route,6536138752,1762
1790751214.5509422,3055868,1863.15,expert4_route,6536138752,1762
1790751215.5783625,3055868,1864.178,expert4_route,6536138752,1762
1790751216.6043637,3055868,1865.204,expert4_route,6536138752,1762
1790751217.6288233,3055868,1866.228,expert4_route,6536138752,1762
1790751218.6542997,3055868,1867.254,expert4_route,6536138752,1762
1790751219.6777108,3055868,1868.277,expert4_route,6536138752,1762
1790751220.7011225,3055868,1869.301,expert4_route,6536138752,1762
1790751221.7244627,3055868,1870.324,expert4_route,6536138752,1762
1790751222.7472534,3055868,1871.347,expert4_route,6536138752,1762
1790751223.7701828,3055868,1872.37,expert4_route,6536138752,1762
1790751224.7940867,3055868,1873.393,expert4_route,6536138752,1762
1790751225.8162801,3055868,1874.416,expert4_route,6536138752,1762
1790751226.8391092,3055868,1875.438,expert4_route,6536138752,1762
1790751227.865024,3055868,1876.464,expert4_route,6536138752,1762
1790751228.8899794,3055868,1877.489,expert4_route,6536138752,1762
1790751229.9100022,3055868,1878.509,expert4_cal,6496972800,1762
1790751230.9329467,3055868,1879.532,expert4_cal,6496972800,1762
1790751231.956822,3055868,1880.556,expert4_cal,6496972800,1762
1790751232.9798877,3055868,1881.579,expert4_cal,6496972800,1762
1790751234.002812,3055868,1882.602,expert4_cal,6496972800,1762
1790751235.0244725,3055868,1883.624,expert4_cal,6496972800,1762
1790751236.0457056,3055868,1884.645,expert4_cal,6496972800,1762
1790751237.0680015,3055868,1885.667,expert4_cal,6496972800,1762
1790751238.0909734,3055868,1886.69,expert4_cal,6496972800,1762
1790751239.1138077,3055868,1887.713,expert4_cal,6496972800,1762
1790751240.1362543,3055868,1888.736,expert4_cal,6496972800,1762
1790751241.1580224,3055868,1889.757,expert4_cal,6496972800,1762
1790751242.1818528,3055868,1890.781,expert4_cal,6496972800,1762
1790751243.210124,3055868,1891.81,expert4_cal,6496972800,1762
1790751244.237326,3055868,1892.837,expert4_cal,6496972800,1762
1790751245.2640555,3055868,1893.863,expert4_cal,6496972800,1762
1790751246.2885296,3055868,1894.888,expert4_cal,6496972800,1762
1790751247.3086271,3055868,1895.908,expert4_cal,6496972800,1762
1790751248.3301156,3055868,1896.929,expert4_cal,6496972800,1762
1790751249.350257,3055868,1897.95,expert4_cal,6496972800,1762
1790751250.3729322,3055868,1898.972,expert4_cal,6496972800,1762
1790751251.398424,3055868,1899.998,expert4_cal,6496972800,1762
1790751252.4235501,3055868,1901.023,expert4_eval,7279513600,1762
1790751253.4479172,3055868,1902.047,expert4_eval,6861512704,1762
1790751254.4698758,3055868,1903.069,expert4_eval,6861512704,1762
1790751255.491813,3055868,1904.091,expert4_eval,6861512704,1762
1790751256.5150297,3055868,1905.114,expert4_eval,6861512704,1762
1790751257.54015,3055868,1906.14,expert4_eval,6861512704,1762
1790751258.5653336,3055868,1907.165,expert4_eval,6861512704,1762
1790751259.5880089,3055868,1908.187,expert4_eval,6861512704,1762
1790751260.6140196,3055868,1909.213,expert4_eval,6861512704,1762
1790751261.6369169,3055868,1910.236,expert4_eval,6861512704,1762
1790751262.7032683,3055868,1911.303,expert4_eval,6861512704,1762
1790751263.7230384,3055868,1912.322,expert4_eval,6861512704,1762
1790751264.743681,3055868,1913.343,expert4_eval,6861512704,1762
1790751265.7677305,3055868,1914.367,expert4_eval,6861512704,1762
1790751266.7918453,3055868,1915.391,expert4_eval,6861512704,1762
1790751267.8170998,3055868,1916.416,expert4_eval,6861512704,1762
1790751268.837775,3055868,1917.437,expert4_eval,6861512704,1762
1790751269.8594332,3055868,1918.459,expert4_eval,6861512704,1762
1790751270.883182,3055868,1919.483,expert4_eval,6861512704,1762
1790751271.9066865,3055868,1920.506,expert4_eval,6861512704,1762
1790751272.9263754,3055868,1921.526,expert4_eval,6861512704,1762
1790751273.948089,3055868,1922.547,expert4_eval,6861512704,1762
1790751274.9762514,3055868,1923.576,expert4_eval,6861512704,1762
1790751276.003151,3055868,1924.603,expert4_eval,6861512704,1762
1790751277.0298252,3055868,1925.629,expert4_eval,6861512704,1762
1790751278.051181,3055868,1926.651,expert4_eval,6861512704,1762
1790751279.0728552,3055868,1927.672,expert4_eval,6861512704,1762
1790751280.0952935,3055868,1928.695,expert4_eval,6861512704,1762
1790751281.1163766,3055868,1929.716,expert4_eval,6861512704,1762
1790751282.1411204,3055868,1930.74,expert4_eval,6861512704,1762
1790751283.1633084,3055868,1931.763,expert4_eval,6861512704,1762
1790751284.1877017,3055868,1932.787,expert4_eval,6861512704,1762
1790751285.212182,3055868,1933.812,expert4_eval,6861512704,1762
1790751286.236084,3055868,1934.835,expert4_eval,6861512704,1762
1790751287.2583961,3055868,1935.858,expert4_eval,6861512704,1762
1790751288.2805293,3055868,1936.88,expert4_eval,6861512704,1762
1790751289.3039372,3055868,1937.903,expert4_eval,6861512704,1762
1790751290.326325,3055868,1938.926,expert4_eval,6861512704,1762
1790751291.34901,3055868,1939.948,expert4_eval,6861512704,1762
1790751292.3702223,3055868,1940.97,expert4_eval,6861512704,1762
1790751293.3900998,3055868,1941.989,expert4_eval,6861512704,1762
1790751294.4103394,3055868,1943.01,expert4_eval,6861512704,1762
1790751295.4325132,3055868,1944.032,expert4_eval,6861512704,1762
1790751296.4596145,3055868,1945.059,expert4_eval,6861512704,1762
1790751297.4861097,3055868,1946.085,expert4_eval,6861512704,1762
1790751298.5130205,3055868,1947.112,expert4_eval,6861512704,1762
1790751299.537329,3055868,1948.137,expert4_eval,6861512704,1762
1790751300.562992,3055868,1949.162,expert4_eval,6861512704,1762
1790751301.5863461,3055868,1950.186,expert4_eval,6861512704,1762
1790751302.6067975,3055868,1951.206,expert4_eval,6861512704,1762
1790751303.6284943,3055868,1952.228,expert4_eval,6861512704,1762
1790751304.6521506,3055868,1953.252,expert4_eval,6861512704,1762
1790751305.6747975,3055868,1954.274,expert4_eval,6861512704,1762
1790751306.6981776,3055868,1955.298,expert4_eval,6861512704,1762
1790751307.7214487,3055868,1956.321,expert4_eval,6861512704,1762
1790751308.7429323,3055868,1957.342,expert4_eval,6861512704,1762
1790751309.7641413,3055868,1958.364,expert4_eval,6861512704,1762
1790751310.7855206,3055868,1959.385,expert4_eval,6861512704,1762
1790751311.8113327,3055868,1960.411,expert4_eval,6861512704,1762
1790751312.834464,3055868,1961.434,expert4_eval,6861512704,1762
1790751313.8593998,3055868,1962.459,expert4_eval,6861512704,1762
1790751314.8875976,3055868,1963.487,expert4_eval,6861512704,1762
1790751315.9103076,3055868,1964.51,expert4_eval,6861512704,1762
1790751316.9322774,3055868,1965.532,expert4_eval,6861512704,1762
1790751317.9533303,3055868,1966.553,expert4_eval,6861512704,1762
1790751318.9732232,3055868,1967.573,expert4_eval,6861512704,1762
1790751319.9930987,3055868,1968.592,expert4_eval,6861512704,1762
1790751321.0163126,3055868,1969.616,expert4_eval,6861512704,1762
1790751322.0444913,3055868,1970.644,expert4_eval,6861512704,1762
1790751323.06863,3055868,1971.668,expert4_eval,6861512704,1762
1790751324.0909219,3055868,1972.69,expert4_eval,6861512704,1762
1790751325.1134894,3055868,1973.713,expert4_eval,6861512704,1762
1790751326.136958,3055868,1974.736,expert4_eval,6861512704,1762
1790751327.1626246,3055868,1975.762,expert4_eval,6861512704,1762
1790751328.1877518,3055868,1976.787,expert4_eval,6861512704,1762
1790751329.2168725,3055868,1977.816,expert4_eval,6861512704,1762
1790751330.2429879,3055868,1978.842,expert4_eval,6861512704,1762
1790751331.2646337,3055868,1979.864,expert4_eval,6861512704,1762
1790751332.2892265,3055868,1980.889,expert4_eval,6861512704,1762
1790751333.312719,3055868,1981.912,expert4_eval,6861512704,1762
1790751334.337843,3055868,1982.937,expert4_eval,6861512704,1762
1790751335.3574796,3055868,1983.957,expert4_eval,6861512704,1762
1790751336.3775656,3055868,1984.977,expert4_eval,6861512704,1762
1790751337.398498,3055868,1985.998,expert4_eval,6861512704,1762
1790751338.4206522,3055868,1987.02,expert4_eval,6861512704,1762
1790751339.4403455,3055868,1988.04,expert4_eval,6861512704,1762
1790751340.4620547,3055868,1989.061,expert4_eval,6861512704,1762
1790751341.5195765,3055868,1990.119,expert4_eval,6861512704,1762
1790751342.541944,3055868,1991.141,expert4_eval,6861512704,1762
1790751343.5638623,3055868,1992.163,expert4_eval,6861512704,1762
1790751344.5841024,3055868,1993.183,expert4_eval,6861512704,1762
1790751345.608051,3055868,1994.207,expert4_eval,6861512704,1762
1790751346.637512,3055868,1995.237,expert4_eval,6861512704,1762
1790751347.659637,3055868,1996.259,expert4_eval,6861512704,1762
1790751348.6813805,3055868,1997.281,expert4_eval,6861512704,1762
1790751349.7012334,3055868,1998.301,expert4_eval,6861512704,1762
1790751350.7258313,3055868,1999.325,expert4_eval,6861512704,1762
1790751351.7818742,3055868,2000.381,expert4_eval,6861512704,1762
1790751352.810526,3055868,2001.41,expert4_eval,6861512704,1762
1790751353.8395197,3055868,2002.439,expert4_eval,6861512704,1762
1790751354.863654,3055868,2003.463,expert4_eval,6861512704,1762
1790751355.8863595,3055868,2004.486,expert4_eval,6861512704,1762
1790751356.9102697,3055868,2005.51,expert4_eval,6861512704,1762
1790751357.9353354,3055868,2006.535,expert4_eval,6861512704,1762
1790751358.958124,3055868,2007.558,expert4_eval,6861512704,1762
1790751359.982626,3055868,2008.582,expert4_eval,6861512704,1762
1790751361.00702,3055868,2009.606,expert4_eval,6861512704,1762
1790751362.0289178,3055868,2010.628,expert4_eval,6861512704,1762
1790751363.05124,3055868,2011.651,expert4_eval,6861512704,1762
1790751364.0761275,3055868,2012.676,expert4_eval,6861512704,1762
1790751365.098398,3055868,2013.698,expert4_eval,6861512704,1762
1790751366.122436,3055868,2014.722,expert4_eval,6861512704,1762
1790751367.179509,3055868,2015.779,expert4_eval,6861512704,1762
1790751368.207313,3055868,2016.807,expert4_eval,6861512704,1762
1790751369.233716,3055868,2017.833,expert4_eval,6861512704,1762
1790751370.2606103,3055868,2018.86,expert4_eval,6861512704,1762
1790751371.2923868,3055868,2019.892,expert4_eval,6861512704,1762
1790751372.3168852,3055868,2020.916,expert4_eval,6861512704,1762
1790751373.3428326,3055868,2021.942,expert4_eval,6861512704,1762
1790751374.3673174,3055868,2022.967,expert4_eval,6861512704,1762
1790751375.3902295,3055868,2023.99,expert4_eval,6861512704,1762
1790751376.466221,3055868,2025.066,starting,6443511808,862
1790751377.4864342,3055868,2026.086,expert5_fit,6443511808,700
1790751378.5066886,3055868,2027.106,expert5_fit,6443511808,1366
1790751379.5285423,3055868,2028.128,expert5_fit,6443511808,1366
1790751380.5526533,3055868,2029.152,expert5_fit,6443511808,1366
1790751381.5736904,3055868,2030.173,starting,6443511808,1462
1790751382.5975652,3055868,2031.197,starting,6443511808,1462
1790751383.6175678,3055868,2032.217,starting,6443511808,1462
1790751384.63979,3055868,2033.239,starting,6443511808,1462
1790751385.6634674,3055868,2034.263,starting,6443511808,1462
1790751386.6862051,3055868,2035.286,starting,6443511808,1462
1790751387.7110193,3055868,2036.31,starting,6443511808,1462
1790751388.7355852,3055868,2037.335,starting,6443511808,1462
1790751389.7604523,3055868,2038.36,expert5_route,6536138752,1602
1790751390.7816436,3055868,2039.381,expert5_route,6536138752,1702
1790751391.807159,3055868,2040.407,expert5_route,6536138752,1722
1790751392.8274074,3055868,2041.427,expert5_route,6536138752,1762
1790751393.849992,3055868,2042.449,expert5_route,6536138752,1782
1790751394.8754544,3055868,2043.475,expert5_route,6536138752,1782
1790751395.9034061,3055868,2044.503,expert5_route,6536138752,1782
1790751396.9275372,3055868,2045.527,expert5_route,6536138752,1782
1790751397.9498267,3055868,2046.549,expert5_route,6536138752,1802
1790751398.9745193,3055868,2047.574,expert5_route,6536138752,1802
1790751400.0015762,3055868,2048.601,expert5_route,6536138752,1802
1790751401.0252113,3055868,2049.625,expert5_route,6536138752,1802
1790751402.0539794,3055868,2050.653,expert5_route,6536138752,1802
1790751403.078632,3055868,2051.678,expert5_route,6536138752,1802
1790751404.1029298,3055868,2052.702,expert5_route,6536138752,1802
1790751405.1272118,3055868,2053.727,expert5_route,6536138752,1802
1790751406.1521013,3055868,2054.751,expert5_route,6536138752,1802
1790751407.1731265,3055868,2055.773,expert5_route,6536138752,1802
1790751408.1969237,3055868,2056.796,expert5_route,6536138752,1802
1790751409.2243018,3055868,2057.824,expert5_route,6536138752,1802
1790751410.2472205,3055868,2058.847,expert5_route,6536138752,1802
1790751411.2696848,3055868,2059.869,expert5_route,6536138752,1802
1790751412.2966971,3055868,2060.896,expert5_route,6536138752,1802
1790751413.3229623,3055868,2061.922,expert5_route,6536138752,1802
1790751414.351448,3055868,2062.951,expert5_route,6536138752,1802
1790751415.3746924,3055868,2063.974,expert5_route,6536138752,1802
1790751416.396683,3055868,2064.996,expert5_route,6536138752,1802
1790751417.4191995,3055868,2066.019,expert5_route,6536138752,1802
1790751418.4452567,3055868,2067.045,expert5_route,6536138752,1802
1790751419.4726255,3055868,2068.072,expert5_route,6536138752,1802
1790751420.4976265,3055868,2069.097,expert5_route,6536138752,1802
1790751421.5200179,3055868,2070.119,expert5_route,6536138752,1802
1790751422.549317,3055868,2071.149,expert5_route,6536138752,1802
1790751423.593862,3055868,2072.193,expert5_route,6536138752,1802
1790751424.6165497,3055868,2073.216,expert5_route,6536138752,1802
1790751425.639414,3055868,2074.239,expert5_route,6536138752,1802
1790751426.664332,3055868,2075.264,expert5_route,6536138752,1802
1790751427.6865072,3055868,2076.286,expert5_route,6536138752,1802
1790751428.711805,3055868,2077.311,expert5_cal,6496972800,1802
1790751429.7319007,3055868,2078.331,expert5_cal,6496972800,1802
1790751430.7509835,3055868,2079.35,expert5_cal,6496972800,1802
1790751431.7729912,3055868,2080.372,expert5_cal,6496972800,1802
1790751432.797286,3055868,2081.397,expert5_cal,6496972800,1802
1790751433.8171883,3055868,2082.417,expert5_cal,6496972800,1802
1790751434.8410692,3055868,2083.44,expert5_cal,6496972800,1802
1790751435.866195,3055868,2084.466,expert5_cal,6496972800,1802
1790751436.8920755,3055868,2085.491,expert5_cal,6496972800,1802
1790751437.9199317,3055868,2086.519,expert5_cal,6496972800,1802
1790751438.944111,3055868,2087.543,expert5_cal,6496972800,1802
1790751439.9643564,3055868,2088.564,expert5_cal,6496972800,1802
1790751440.9867373,3055868,2089.586,expert5_cal,6496972800,1802
1790751442.0139298,3055868,2090.613,expert5_cal,6496972800,1802
1790751443.034763,3055868,2091.634,expert5_cal,6496972800,1802
1790751444.0545812,3055868,2092.654,expert5_cal,6496972800,1802
1790751445.076306,3055868,2093.676,expert5_cal,6496972800,1802
1790751446.1016815,3055868,2094.701,expert5_cal,6496972800,1802
1790751447.1264956,3055868,2095.726,expert5_cal,6496972800,1802
1790751448.1511865,3055868,2096.751,expert5_cal,6496972800,1802
1790751449.1730077,3055868,2097.772,expert5_cal,6496972800,1802
1790751450.194659,3055868,2098.794,expert5_cal,6496972800,1802
1790751451.2211916,3055868,2099.821,expert5_cal,6496972800,1802
1790751452.2486908,3055868,2100.848,expert5_eval,7275319296,1802
1790751453.2711833,3055868,2101.871,expert5_eval,6861512704,1802
1790751454.295797,3055868,2102.895,expert5_eval,6861512704,1802
1790751455.3174188,3055868,2103.917,expert5_eval,6861512704,1802
1790751456.3447537,3055868,2104.944,expert5_eval,6861512704,1802
1790751457.3678708,3055868,2105.967,expert5_eval,6861512704,1802
1790751458.393034,3055868,2106.992,expert5_eval,6861512704,1802
1790751459.4367208,3055868,2108.036,expert5_eval,6861512704,1802
1790751460.4610293,3055868,2109.06,expert5_eval,6861512704,1802
1790751461.4821029,3055868,2110.081,expert5_eval,6861512704,1802
1790751462.504541,3055868,2111.104,expert5_eval,6861512704,1802
1790751463.5261652,3055868,2112.126,expert5_eval,6861512704,1802
1790751464.550124,3055868,2113.15,expert5_eval,6861512704,1802
1790751465.5745618,3055868,2114.174,expert5_eval,6861512704,1802
1790751466.59733,3055868,2115.197,expert5_eval,6861512704,1802
1790751467.65297,3055868,2116.252,expert5_eval,6861512704,1802
1790751468.6771376,3055868,2117.277,expert5_eval,6861512704,1802
1790751469.7017984,3055868,2118.301,expert5_eval,6861512704,1802
1790751470.7276773,3055868,2119.327,expert5_eval,6861512704,1802
1790751471.7497737,3055868,2120.349,expert5_eval,6861512704,1802
1790751472.7749653,3055868,2121.374,expert5_eval,6861512704,1802
1790751473.7998405,3055868,2122.399,expert5_eval,6861512704,1802
1790751474.8214014,3055868,2123.421,expert5_eval,6861512704,1802
1790751475.881057,3055868,2124.48,expert5_eval,6861512704,1802
1790751476.904265,3055868,2125.504,expert5_eval,6861512704,1802
1790751477.9311955,3055868,2126.531,expert5_eval,6861512704,1802
1790751478.959146,3055868,2127.559,expert5_eval,6861512704,1802
1790751479.9828618,3055868,2128.582,expert5_eval,6861512704,1802
1790751481.0067947,3055868,2129.606,expert5_eval,6861512704,1802
1790751482.033152,3055868,2130.633,expert5_eval,6861512704,1802
1790751483.0567548,3055868,2131.656,expert5_eval,6861512704,1802
1790751484.115531,3055868,2132.715,expert5_eval,6861512704,1802
1790751485.140487,3055868,2133.74,expert5_eval,6861512704,1802
1790751486.169422,3055868,2134.769,expert5_eval,6861512704,1802
1790751487.1910915,3055868,2135.79,expert5_eval,6861512704,1802
1790751488.2107618,3055868,2136.81,expert5_eval,6861512704,1802
1790751489.2318025,3055868,2137.831,expert5_eval,6861512704,1802
1790751490.2534432,3055868,2138.853,expert5_eval,6861512704,1802
1790751491.27689,3055868,2139.876,expert5_eval,6861512704,1802
1790751492.3050272,3055868,2140.904,expert5_eval,6861512704,1802
1790751493.3305893,3055868,2141.93,expert5_eval,6861512704,1802
1790751494.352169,3055868,2142.952,expert5_eval,6861512704,1802
1790751495.373586,3055868,2143.973,expert5_eval,6861512704,1802
1790751496.3958447,3055868,2144.995,expert5_eval,6861512704,1802
1790751497.419974,3055868,2146.019,expert5_eval,6861512704,1802
1790751498.4439316,3055868,2147.043,expert5_eval,6861512704,1802
1790751499.475638,3055868,2148.075,expert5_eval,6861512704,1802
1790751500.5017004,3055868,2149.101,expert5_eval,6861512704,1802
1790751501.531484,3055868,2150.131,expert5_eval,6861512704,1802
1790751502.5544624,3055868,2151.154,expert5_eval,6861512704,1802
1790751503.5768747,3055868,2152.176,expert5_eval,6861512704,1802
1790751504.5989294,3055868,2153.198,expert5_eval,6861512704,1802
1790751505.623281,3055868,2154.223,expert5_eval,6861512704,1802
1790751506.645815,3055868,2155.245,expert5_eval,6861512704,1802
1790751507.6660397,3055868,2156.265,expert5_eval,6861512704,1802
1790751508.6874046,3055868,2157.287,expert5_eval,6861512704,1802
1790751509.7089493,3055868,2158.308,expert5_eval,6861512704,1802
1790751510.7364802,3055868,2159.336,expert5_eval,6861512704,1802
1790751511.7577581,3055868,2160.357,expert5_eval,6861512704,1802
1790751512.7811062,3055868,2161.38,expert5_eval,6861512704,1802
1790751513.800375,3055868,2162.4,expert5_eval,6861512704,1802
1790751514.8234558,3055868,2163.423,expert5_eval,6861512704,1802
1790751515.8427658,3055868,2164.442,expert5_eval,6861512704,1802
1790751516.86459,3055868,2165.464,expert5_eval,6861512704,1802
1790751517.8840497,3055868,2166.483,expert5_eval,6861512704,1802
1790751518.905486,3055868,2167.505,expert5_eval,6861512704,1802
1790751519.96819,3055868,2168.568,expert5_eval,6861512704,1802
1790751520.9890723,3055868,2169.588,expert5_eval,6861512704,1802
1790751522.0120072,3055868,2170.611,expert5_eval,6861512704,1802
1790751523.0368702,3055868,2171.636,expert5_eval,6861512704,1802
1790751524.0609303,3055868,2172.66,expert5_eval,6861512704,1802
1790751525.0799181,3055868,2173.679,expert5_eval,6861512704,1802
1790751526.1024976,3055868,2174.702,expert5_eval,6861512704,1802
1790751527.1252885,3055868,2175.725,expert5_eval,6861512704,1802
1790751528.147139,3055868,2176.747,expert5_eval,6861512704,1802
1790751529.1710474,3055868,2177.77,expert5_eval,6861512704,1802
1790751530.1907723,3055868,2178.79,expert5_eval,6861512704,1802
1790751531.2144287,3055868,2179.814,expert5_eval,6861512704,1802
1790751532.2394285,3055868,2180.839,expert5_eval,6861512704,1802
1790751533.264651,3055868,2181.864,expert5_eval,6861512704,1802
1790751534.2914119,3055868,2182.891,expert5_eval,6861512704,1802
1790751535.3171642,3055868,2183.917,expert5_eval,6861512704,1802
1790751536.341475,3055868,2184.941,expert5_eval,6861512704,1802
1790751537.3663905,3055868,2185.966,expert5_eval,6861512704,1802
1790751538.3888497,3055868,2186.988,expert5_eval,6861512704,1802
1790751539.4162407,3055868,2188.016,expert5_eval,6861512704,1802
1790751540.4413126,3055868,2189.041,expert5_eval,6861512704,1802
1790751541.461534,3055868,2190.061,expert5_eval,6861512704,1802
1790751542.482569,3055868,2191.082,expert5_eval,6861512704,1802
1790751543.5047412,3055868,2192.104,expert5_eval,6861512704,1802
1790751544.5303736,3055868,2193.13,expert5_eval,6861512704,1802
1790751545.556483,3055868,2194.156,expert5_eval,6861512704,1802
1790751546.5779858,3055868,2195.177,expert5_eval,6861512704,1802
1790751547.6061985,3055868,2196.206,expert5_eval,6861512704,1802
1790751548.6277273,3055868,2197.227,expert5_eval,6861512704,1802
1790751549.6499186,3055868,2198.249,expert5_eval,6861512704,1802
1790751550.6764255,3055868,2199.276,expert5_eval,6861512704,1802
1790751551.7032468,3055868,2200.303,expert5_eval,6861512704,1802
1790751552.726205,3055868,2201.326,expert5_eval,6861512704,1802
1790751553.7518978,3055868,2202.351,expert5_eval,6861512704,1802
1790751554.7770264,3055868,2203.376,expert5_eval,6861512704,1802
1790751555.8014786,3055868,2204.401,expert5_eval,6861512704,1802
1790751556.8260024,3055868,2205.425,expert5_eval,6861512704,1802
1790751557.8491347,3055868,2206.449,expert5_eval,6861512704,1802
1790751558.9082675,3055868,2207.508,expert5_eval,6861512704,1802
1790751559.9371808,3055868,2208.537,expert5_eval,6861512704,1802
1790751560.9682426,3055868,2209.568,expert5_eval,6861512704,1802
1790751561.9884436,3055868,2210.588,expert5_eval,6861512704,1802
1790751563.0132265,3055868,2211.613,expert5_eval,6861512704,1802
1790751564.0386405,3055868,2212.638,expert5_eval,6861512704,1802
1790751565.063199,3055868,2213.663,expert5_eval,6861512704,1802
1790751566.0862718,3055868,2214.686,expert5_eval,6861512704,1802
1790751567.1099885,3055868,2215.709,expert5_eval,6861512704,1802
1790751568.1290414,3055868,2216.728,expert5_eval,6861512704,1802
1790751569.150134,3055868,2217.75,expert6_fit,6443511808,646
1790751570.1729255,3055868,2218.772,expert6_fit,6443511808,1346
1790751571.197291,3055868,2219.797,expert6_fit,6443511808,1346
1790751572.2312984,3055868,2220.831,starting,6443511808,1442
1790751573.254012,3055868,2221.853,starting,6443511808,1442
1790751574.2786813,3055868,2222.878,starting,6443511808,1442
1790751575.3025343,3055868,2223.902,starting,6443511808,1442
1790751576.3257017,3055868,2224.925,starting,6443511808,1442
1790751577.346382,3055868,2225.946,starting,6443511808,1442
1790751578.3709435,3055868,2226.97,starting,6443511808,1442
1790751579.3925776,3055868,2227.992,starting,6443511808,1442
1790751580.4145653,3055868,2229.014,expert6_route,6536138752,1582
1790751581.4385934,3055868,2230.038,expert6_route,6536138752,1682
1790751582.4579196,3055868,2231.057,expert6_route,6536138752,1702
1790751583.477943,3055868,2232.077,expert6_route,6536138752,1742
1790751584.5005288,3055868,2233.1,expert6_route,6536138752,1762
1790751585.525864,3055868,2234.125,expert6_route,6536138752,1762
1790751586.5486977,3055868,2235.148,expert6_route,6536138752,1762
1790751587.572577,3055868,2236.172,expert6_route,6536138752,1782
1790751588.5998387,3055868,2237.199,expert6_route,6536138752,1782
1790751589.6229897,3055868,2238.222,expert6_route,6536138752,1782
1790751590.6442428,3055868,2239.244,expert6_route,6536138752,1782
1790751591.6637197,3055868,2240.263,expert6_route,6536138752,1782
1790751592.6858382,3055868,2241.285,expert6_route,6536138752,1782
1790751593.7084827,3055868,2242.308,expert6_route,6536138752,1782
1790751594.7283695,3055868,2243.328,expert6_route,6536138752,1782
1790751595.75072,3055868,2244.35,expert6_route,6536138752,1782
1790751596.7762084,3055868,2245.376,expert6_route,6536138752,1782
1790751597.797928,3055868,2246.397,expert6_route,6536138752,1782
1790751598.8230195,3055868,2247.422,expert6_route,6536138752,1782
1790751599.8457751,3055868,2248.445,expert6_route,6536138752,1782
1790751600.8708966,3055868,2249.47,expert6_route,6536138752,1782
1790751601.898281,3055868,2250.498,expert6_route,6536138752,1782
1790751602.918013,3055868,2251.517,expert6_route,6536138752,1782
1790751603.9405043,3055868,2252.54,expert6_route,6536138752,1782
1790751604.9649022,3055868,2253.564,expert6_route,6536138752,1782
1790751605.9881632,3055868,2254.588,expert6_route,6536138752,1782
1790751607.0184522,3055868,2255.618,expert6_route,6536138752,1782
1790751608.037538,3055868,2256.637,expert6_route,6536138752,1782
1790751609.059532,3055868,2257.659,expert6_route,6536138752,1782
1790751610.0828738,3055868,2258.682,expert6_route,6536138752,1782
1790751611.1051054,3055868,2259.704,expert6_route,6536138752,1782
1790751612.1300483,3055868,2260.729,expert6_route,6536138752,1782
1790751613.156092,3055868,2261.755,expert6_route,6536138752,1782
1790751614.1835113,3055868,2262.783,expert6_route,6536138752,1782
1790751615.2076693,3055868,2263.807,expert6_route,6536138752,1782
1790751616.233781,3055868,2264.833,expert6_cal,6496972800,1782
1790751617.2565157,3055868,2265.856,expert6_cal,6496972800,1782
1790751618.2824087,3055868,2266.882,expert6_cal,6496972800,1782
1790751619.3037174,3055868,2267.903,expert6_cal,6496972800,1782
1790751620.3271258,3055868,2268.927,expert6_cal,6496972800,1782
1790751621.3460658,3055868,2269.945,expert6_cal,6496972800,1782
1790751622.367841,3055868,2270.967,expert6_cal,6496972800,1782
1790751623.3920894,3055868,2271.991,expert6_cal,6496972800,1782
1790751624.416991,3055868,2273.016,expert6_cal,6496972800,1782
1790751625.461865,3055868,2274.061,expert6_cal,6496972800,1782
1790751626.4886792,3055868,2275.088,expert6_cal,6496972800,1782
1790751627.5115137,3055868,2276.111,expert6_cal,6496972800,1782
1790751628.5316453,3055868,2277.131,expert6_cal,6496972800,1782
1790751629.5533757,3055868,2278.153,expert6_cal,6496972800,1782
1790751630.574757,3055868,2279.174,expert6_cal,6496972800,1782
1790751631.6009061,3055868,2280.2,expert6_cal,6496972800,1782
1790751632.6601658,3055868,2281.26,expert6_cal,6496972800,1782
1790751633.6836655,3055868,2282.283,expert6_cal,6496972800,1782
1790751634.7064137,3055868,2283.306,expert6_cal,6496972800,1782
1790751635.731346,3055868,2284.331,expert6_cal,6496972800,1782
1790751636.7559805,3055868,2285.355,expert6_cal,6496972800,1782
1790751637.7837985,3055868,2286.383,expert6_eval,7279513600,1782
1790751638.809338,3055868,2287.409,expert6_eval,6861512704,1782
1790751639.8341289,3055868,2288.434,expert6_eval,6861512704,1782
1790751640.8621533,3055868,2289.462,expert6_eval,6861512704,1782
1790751641.887165,3055868,2290.487,expert6_eval,6861512704,1782
1790751642.9108365,3055868,2291.51,expert6_eval,6861512704,1782
1790751643.9343383,3055868,2292.534,expert6_eval,6861512704,1782
1790751644.9555914,3055868,2293.555,expert6_eval,6861512704,1782
1790751645.976825,3055868,2294.576,expert6_eval,6861512704,1782
1790751646.9969504,3055868,2295.596,expert6_eval,6861512704,1782
1790751648.016839,3055868,2296.616,expert6_eval,6861512704,1782
1790751649.0359666,3055868,2297.635,expert6_eval,6861512704,1782
1790751650.0560186,3055868,2298.655,expert6_eval,6861512704,1782
1790751651.0810752,3055868,2299.68,expert6_eval,6861512704,1782
1790751652.101673,3055868,2300.701,expert6_eval,6861512704,1782
1790751653.12362,3055868,2301.723,expert6_eval,6861512704,1782
1790751654.146014,3055868,2302.745,expert6_eval,6861512704,1782
1790751655.170227,3055868,2303.77,expert6_eval,6861512704,1782
1790751656.1973991,3055868,2304.797,expert6_eval,6861512704,1782
1790751657.2193754,3055868,2305.819,expert6_eval,6861512704,1782
1790751658.243192,3055868,2306.843,expert6_eval,6861512704,1782
1790751659.2651234,3055868,2307.865,expert6_eval,6861512704,1782
1790751660.28832,3055868,2308.888,expert6_eval,6861512704,1782
1790751661.308029,3055868,2309.907,expert6_eval,6861512704,1782
1790751662.3302996,3055868,2310.93,expert6_eval,6861512704,1782
1790751663.3538642,3055868,2311.953,expert6_eval,6861512704,1782
1790751664.3756351,3055868,2312.975,expert6_eval,6861512704,1782
1790751665.398156,3055868,2313.998,expert6_eval,6861512704,1782
1790751666.4226828,3055868,2315.022,expert6_eval,6861512704,1782
1790751667.4481795,3055868,2316.048,expert6_eval,6861512704,1782
1790751668.4733303,3055868,2317.073,expert6_eval,6861512704,1782
1790751669.4988356,3055868,2318.098,expert6_eval,6861512704,1782
1790751670.5205216,3055868,2319.12,expert6_eval,6861512704,1782
1790751671.5461664,3055868,2320.146,expert6_eval,6861512704,1782
1790751672.5764203,3055868,2321.176,expert6_eval,6861512704,1782
1790751673.600084,3055868,2322.199,expert6_eval,6861512704,1782
1790751674.6224108,3055868,2323.222,expert6_eval,6861512704,1782
1790751675.6471503,3055868,2324.247,expert6_eval,6861512704,1782
1790751676.6695354,3055868,2325.269,expert6_eval,6861512704,1782
1790751677.69591,3055868,2326.295,expert6_eval,6861512704,1782
1790751678.7183778,3055868,2327.318,expert6_eval,6861512704,1782
1790751679.7389657,3055868,2328.338,expert6_eval,6861512704,1782
1790751680.7597895,3055868,2329.359,expert6_eval,6861512704,1782
1790751681.7873065,3055868,2330.387,expert6_eval,6861512704,1782
1790751682.8154893,3055868,2331.415,expert6_eval,6861512704,1782
1790751683.836259,3055868,2332.436,expert6_eval,6861512704,1782
1790751684.8564758,3055868,2333.456,expert6_eval,6861512704,1782
1790751685.8768919,3055868,2334.476,expert6_eval,6861512704,1782
1790751686.8984733,3055868,2335.498,expert6_eval,6861512704,1782
1790751687.9199984,3055868,2336.519,expert6_eval,6861512704,1782
1790751688.9461758,3055868,2337.546,expert6_eval,6861512704,1782
1790751689.970168,3055868,2338.57,expert6_eval,6861512704,1782
1790751690.99542,3055868,2339.595,expert6_eval,6861512704,1782
1790751692.0238574,3055868,2340.623,expert6_eval,6861512704,1782
1790751693.0452688,3055868,2341.645,expert6_eval,6861512704,1782
1790751694.0678139,3055868,2342.667,expert6_eval,6861512704,1782
1790751695.0904024,3055868,2343.69,expert6_eval,6861512704,1782
1790751696.1158981,3055868,2344.715,expert6_eval,6861512704,1782
1790751697.1379106,3055868,2345.737,expert6_eval,6861512704,1782
1790751698.167014,3055868,2346.766,expert6_eval,6861512704,1782
1790751699.191254,3055868,2347.791,expert6_eval,6861512704,1782
1790751700.212236,3055868,2348.812,expert6_eval,6861512704,1782
1790751701.2357957,3055868,2349.835,expert6_eval,6861512704,1782
1790751702.2590332,3055868,2350.858,expert6_eval,6861512704,1782
1790751703.2827644,3055868,2351.882,expert6_eval,6861512704,1782
1790751704.3051016,3055868,2352.904,expert6_eval,6861512704,1782
1790751705.3279583,3055868,2353.927,expert6_eval,6861512704,1782
1790751706.3504398,3055868,2354.95,expert6_eval,6861512704,1782
1790751707.370992,3055868,2355.97,expert6_eval,6861512704,1782
1790751708.3932445,3055868,2356.993,expert6_eval,6861512704,1782
1790751709.413178,3055868,2358.013,expert6_eval,6861512704,1782
1790751710.4351132,3055868,2359.034,expert6_eval,6861512704,1782
1790751711.463771,3055868,2360.063,expert6_eval,6861512704,1782
1790751712.484253,3055868,2361.084,expert6_eval,6861512704,1782
1790751713.5066786,3055868,2362.106,expert6_eval,6861512704,1782
1790751714.5326445,3055868,2363.132,expert6_eval,6861512704,1782
1790751715.5569475,3055868,2364.156,expert6_eval,6861512704,1782
1790751716.5793948,3055868,2365.179,expert6_eval,6861512704,1782
1790751717.6010404,3055868,2366.2,expert6_eval,6861512704,1782
1790751718.6220355,3055868,2367.221,expert6_eval,6861512704,1782
1790751719.6480026,3055868,2368.247,expert6_eval,6861512704,1782
1790751720.6832554,3055868,2369.283,expert6_eval,6861512704,1782
1790751721.7054963,3055868,2370.305,expert6_eval,6861512704,1782
1790751722.7386718,3055868,2371.338,expert6_eval,6861512704,1782
1790751723.7609084,3055868,2372.36,expert6_eval,6861512704,1782
1790751724.7866397,3055868,2373.386,expert6_eval,6861512704,1782
1790751725.809312,3055868,2374.409,expert6_eval,6861512704,1782
1790751726.8334672,3055868,2375.433,expert6_eval,6861512704,1782
1790751727.8569283,3055868,2376.456,expert6_eval,6861512704,1782
1790751728.8818576,3055868,2377.481,expert6_eval,6861512704,1782
1790751729.9051368,3055868,2378.505,expert6_eval,6861512704,1782
1790751730.927098,3055868,2379.526,expert6_eval,6861512704,1782
1790751731.9516268,3055868,2380.551,expert6_eval,6861512704,1782
1790751732.9736156,3055868,2381.573,expert6_eval,6861512704,1782
1790751734.0301154,3055868,2382.629,expert6_eval,6861512704,1782
1790751735.0574358,3055868,2383.657,expert6_eval,6861512704,1782
1790751736.084422,3055868,2384.684,expert6_eval,6861512704,1782
1790751737.1099126,3055868,2385.709,expert6_eval,6861512704,1782
1790751738.1359909,3055868,2386.735,expert6_eval,6861512704,1782
1790751739.158706,3055868,2387.758,expert6_eval,6861512704,1782
1790751740.1784706,3055868,2388.778,expert6_eval,6861512704,1782
1790751741.1993952,3055868,2389.799,expert6_eval,6861512704,1782
1790751742.219145,3055868,2390.819,expert6_eval,6861512704,1782
1790751743.2414613,3055868,2391.841,expert6_eval,6861512704,1782
1790751744.2616289,3055868,2392.861,expert6_eval,6861512704,1782
1790751745.2813792,3055868,2393.881,expert6_eval,6861512704,1782
1790751746.3017242,3055868,2394.901,expert6_eval,6861512704,1782
1790751747.322974,3055868,2395.922,expert6_eval,6861512704,1782
1790751748.3438768,3055868,2396.943,expert6_eval,6861512704,1782
1790751749.3648753,3055868,2397.964,expert6_eval,6861512704,1782
1790751750.3878126,3055868,2398.987,expert6_eval,6861512704,1782
1790751751.418522,3055868,2400.018,expert6_eval,6861512704,1782
1790751752.4427776,3055868,2401.042,expert6_eval,6861512704,1782
1790751753.4646122,3055868,2402.064,expert6_eval,6861512704,1782
1790751754.4904027,3055868,2403.09,expert6_eval,6861512704,1782
1790751755.513827,3055868,2404.113,expert6_eval,6861512704,1782
1790751756.537847,3055868,2405.137,expert6_eval,6861512704,1782
1790751757.5588455,3055868,2406.158,expert6_eval,6861512704,1782
1790751758.5832236,3055868,2407.183,fit_scorer,6473232384,590
1790751759.6083395,3055868,2408.208,fit_scorer,7084032000,590
1790751760.6425707,3055868,2409.242,fit_scorer,7065223168,590
1790751761.670666,3055868,2410.27,fit_scorer,7065223168,590
1790751762.705269,3055868,2411.305,fit_scorer,7065251840,590
1790751763.7399547,3055868,2412.339,fit_scorer,7065268224,590
1790751764.7718968,3055868,2413.371,fit_scorer,7065268224,590
1790751765.8448782,3055868,2414.444,fit_scorer,7065268224,590
1790751766.877145,3055868,2415.477,fit_scorer,7065268224,590
1790751767.9247441,3055868,2416.524,fit_verifier,6633873408,590
1790751768.963896,3055868,2417.563,fit_verifier,7202193408,590
1790751769.9916964,3055868,2418.591,fit_verifier,7202127872,590
1790751771.017727,3055868,2419.617,fit_verifier,7332564992,590
1790751772.0450208,3055868,2420.644,fit_verifier,7332564992,590
1790751773.0772176,3055868,2421.677,fit_verifier,7332564992,590
1790751774.1100507,3055868,2422.709,fit_verifier,7332564992,590
1790751775.140966,3055868,2423.74,fit_verifier,7332564992,590
1790751776.1723516,3055868,2424.772,fit_verifier,7332564992,590
1790751777.200398,3055868,2425.8,fit_verifier,7332564992,590
1790751778.2291188,3055868,2426.828,fit_verifier,7332564992,590
1790751779.2557092,3055868,2427.855,fit_verifier,7332564992,590
1790751780.281892,3055868,2428.881,fit_verifier,7332564992,590
1790751781.3077602,3055868,2429.907,fit_verifier,7332564992,590
1790751782.3335392,3055868,2430.933,fit_verifier,7332564992,590
1790751783.362626,3055868,2431.962,fit_verifier,7332564992,590
1790751784.3951287,3055868,2432.995,fit_verifier,7332564992,590
1790751785.4249268,3055868,2434.024,fit_verifier,7332564992,590
1790751786.459967,3055868,2435.059,fit_verifier,7332564992,590
1790751787.4880302,3055868,2436.087,fit_verifier,7332564992,590
1790751788.5147367,3055868,2437.114,fit_verifier,7332564992,590
1790751789.5412903,3055868,2438.141,fit_verifier,7332564992,590
1790751790.56802,3055868,2439.167,fit_verifier,7332564992,590
1790751791.5949926,3055868,2440.194,fit_verifier,7332564992,590
1790751792.6153433,3055868,2441.215,fit_verifier,7332564992,590
1790751793.639284,3055868,2442.239,fit_verifier,7332564992,590
1790751794.6670938,3055868,2443.266,fit_verifier,7332564992,590
1790751795.6954525,3055868,2444.295,fit_verifier,7332564992,590
1790751796.723239,3055868,2445.323,fit_verifier,7332564992,590
1790751797.7527094,3055868,2446.352,fit_verifier,7332564992,590
1790751798.7811878,3055868,2447.381,fit_verifier,7332564992,590
1790751799.8095477,3055868,2448.409,fit_verifier,7332564992,590
1790751800.8374152,3055868,2449.437,fit_verifier,7332564992,590
1790751801.8668258,3055868,2450.466,fit_verifier,7332564992,590
1790751802.8958251,3055868,2451.495,fit_verifier,7332564992,590
1790751803.9242225,3055868,2452.524,fit_verifier,7332564992,590
1790751804.9525707,3055868,2453.552,fit_verifier,7332564992,590
1790751805.9810393,3055868,2454.58,fit_verifier,7332564992,590
1790751807.0125623,3055868,2455.612,fit_verifier,7332564992,590
1790751808.0408392,3055868,2456.64,fit_verifier,7332564992,590
1790751809.0683925,3055868,2457.668,fit_verifier,7332564992,590
1790751810.0952847,3055868,2458.695,fit_verifier,7332564992,590
1790751811.1223073,3055868,2459.722,fit_verifier,7332564992,590
1790751812.1527119,3055868,2460.752,policy_calibration,6753787904,590
1790751813.1775093,3055868,2461.777,test_policy_scoring,7135653888,590
1790751814.2027164,3055868,2462.802,test_policy_scoring,7136702464,590
1790751815.2264433,3055868,2463.826,test_policy_scoring,7136702464,590
1790751816.2524936,3055868,2464.852,test_policy_scoring,7136702464,590
1790751817.2816758,3055868,2465.881,test_policy_scoring,7136702464,590
1790751818.308619,3055868,2466.908,test_policy_scoring,7636496384,590
1790751819.3339238,3055868,2467.933,starting,6592679936,590
1790751820.3580675,3055868,2468.957,starting,7287914496,590
