model,class,window,validation_FPR_target,threshold,positives,negatives,TP,FP,recall,FPR
global_raw,benign,full_test,0.001,0.9776881337165833,2652203,390270,1593472,307,0.6008107222561773,0.0007866348937914777
global_raw,benign,time_quartile_1,0.001,0.9776881337165833,420631,339986,238016,0,0.5658546326828028,0.0
global_raw,benign,time_quartile_2,0.001,0.9776881337165833,752591,8028,458183,305,0.6088074398976336,0.0379920279023418
global_raw,benign,time_quartile_3,0.001,0.9776881337165833,759904,714,450660,2,0.5930485956120773,0.0028011204481792717
global_raw,benign,time_quartile_4,0.001,0.9776881337165833,719077,41542,446613,0,0.6210920388219898,0.0
global_raw,benign,full_test,0.01,0.8738133907318115,2652203,390270,2365993,2824,0.8920859376148809,0.007236016091423886
global_raw,benign,time_quartile_1,0.01,0.8738133907318115,420631,339986,379135,6,0.9013482125663587,1.764778549704988e-05
global_raw,benign,time_quartile_2,0.01,0.8738133907318115,752591,8028,670965,2589,0.8915400263888353,0.32249626307922274
global_raw,benign,time_quartile_3,0.01,0.8738133907318115,759904,714,675753,229,0.8892610119172948,0.32072829131652664
global_raw,benign,time_quartile_4,0.01,0.8738133907318115,719077,41542,640140,0,0.8902245517517595,0.0
global_raw,bot,full_test,0.001,0.0046463110484182835,41542,3000931,41422,1688,0.9971113571806846,0.0005624921066162468
global_raw,bot,time_quartile_1,0.001,0.0046463110484182835,0,760617,0,940,,0.001235838799290576
global_raw,bot,time_quartile_2,0.001,0.0046463110484182835,0,760619,0,246,,0.00032342079280165233
global_raw,bot,time_quartile_3,0.001,0.0046463110484182835,0,760618,0,214,,0.0002813501652603541
global_raw,bot,time_quartile_4,0.001,0.0046463110484182835,41542,719077,41422,288,0.9971113571806846,0.00040051343597417247
global_raw,bot,full_test,0.01,0.0037123849615454674,41542,3000931,41422,40596,0.9971113571806846,0.013527801872152342
global_raw,bot,time_quartile_1,0.01,0.0037123849615454674,0,760617,0,39709,,0.0522063009372654
global_raw,bot,time_quartile_2,0.01,0.0037123849615454674,0,760619,0,292,,0.0003838978516182215
global_raw,bot,time_quartile_3,0.01,0.0037123849615454674,0,760618,0,263,,0.0003457714647825847
global_raw,bot,time_quartile_4,0.01,0.0037123849615454674,41542,719077,41422,332,0.9971113571806846,0.0004617029886924488
global_raw,brute_force,full_test,0.001,0.0005240934551693499,37696,3004777,37696,1914,1.0,0.0006369857064267997
global_raw,brute_force,time_quartile_1,0.001,0.0005240934551693499,37696,722921,37696,1291,1.0,0.0017858106210775452
global_raw,brute_force,time_quartile_2,0.001,0.0005240934551693499,0,760619,0,204,,0.00026820260866478485
global_raw,brute_force,time_quartile_3,0.001,0.0005240934551693499,0,760618,0,127,,0.00016696949059843443
global_raw,brute_force,time_quartile_4,0.001,0.0005240934551693499,0,760619,0,292,,0.0003838978516182215
global_raw,brute_force,full_test,0.01,0.0003425356699153781,37696,3004777,37696,32535,1.0,0.010827758599057434
global_raw,brute_force,time_quartile_1,0.01,0.0003425356699153781,37696,722921,37696,14154,1.0,0.019578902812340492
global_raw,brute_force,time_quartile_2,0.01,0.0003425356699153781,0,760619,0,248,,0.00032605023014150317
global_raw,brute_force,time_quartile_3,0.01,0.0003425356699153781,0,760618,0,211,,0.0002774060040651155
global_raw,brute_force,time_quartile_4,0.01,0.0003425356699153781,0,760619,0,17922,,0.023562388002403307
global_raw,ddos,full_test,0.001,0.01448453776538372,262680,2779793,262679,4843,0.9999961930866453,0.001742216057094899
global_raw,ddos,time_quartile_1,0.001,0.01448453776538372,262680,497937,262679,370,0.9999961930866453,0.0007430658898615689
global_raw,ddos,time_quartile_2,0.001,0.01448453776538372,0,760619,0,99,,0.00013015714832261617
global_raw,ddos,time_quartile_3,0.001,0.01448453776538372,0,760618,0,43,,5.653297713175339e-05
global_raw,ddos,time_quartile_4,0.001,0.01448453776538372,0,760619,0,4331,,0.005694046559446977
global_raw,ddos,full_test,0.01,0.00194461306091398,262680,2779793,262680,52447,1.0,0.018867232200383267
global_raw,ddos,time_quartile_1,0.01,0.00194461306091398,262680,497937,262680,4025,1.0,0.00808335190998058
global_raw,ddos,time_quartile_2,0.01,0.00194461306091398,0,760619,0,3082,,0.004051962940710132
global_raw,ddos,time_quartile_3,0.01,0.00194461306091398,0,760618,0,3000,,0.003944161195238609
global_raw,ddos,time_quartile_4,0.01,0.00194461306091398,0,760619,0,42340,,0.055665188484642115
global_raw,dos,full_test,0.001,0.006128109525889158,39483,3002990,39479,10375,0.9998986905756908,0.0034548899596735256
global_raw,dos,time_quartile_1,0.001,0.006128109525889158,39483,721134,39479,9879,0.9998986905756908,0.013699257003552737
global_raw,dos,time_quartile_2,0.001,0.006128109525889158,0,760619,0,144,,0.0001893194884692599
global_raw,dos,time_quartile_3,0.001,0.006128109525889158,0,760618,0,134,,0.0001761725333873245
global_raw,dos,time_quartile_4,0.001,0.006128109525889158,0,760619,0,218,,0.0002866086700437407
global_raw,dos,full_test,0.01,0.004133608192205429,39483,3002990,39479,45432,0.9998986905756908,0.01512892150823013
global_raw,dos,time_quartile_1,0.01,0.004133608192205429,39483,721134,39479,44819,0.9998986905756908,0.06215072372125014
global_raw,dos,time_quartile_2,0.01,0.004133608192205429,0,760619,0,173,,0.00022744632989709696
global_raw,dos,time_quartile_3,0.01,0.004133608192205429,0,760618,0,160,,0.00021035526374605913
global_raw,dos,time_quartile_4,0.01,0.004133608192205429,0,760619,0,280,,0.0003681212275791165
global_raw,infiltration,full_test,0.001,0.9816744923591614,8742,3033731,889,74,0.10169297643559826,2.4392406577906873e-05
global_raw,infiltration,time_quartile_1,0.001,0.9816744923591614,0,760617,0,57,,7.493916123357748e-05
global_raw,infiltration,time_quartile_2,0.001,0.9816744923591614,8028,752591,889,16,0.11073741903338316,2.125988750862022e-05
global_raw,infiltration,time_quartile_3,0.001,0.9816744923591614,714,759904,0,1,0.0,1.3159556996673263e-06
global_raw,infiltration,time_quartile_4,0.001,0.9816744923591614,0,760619,0,0,,0.0
global_raw,infiltration,full_test,0.01,0.3530050218105316,8742,3033731,2932,13263,0.33539235872797984,0.004371844438415931
global_raw,infiltration,time_quartile_1,0.01,0.3530050218105316,0,760617,0,1829,,0.0024046267701090035
global_raw,infiltration,time_quartile_2,0.01,0.3530050218105316,8028,752591,2838,3780,0.35351270553064273,0.005022648423911527
global_raw,infiltration,time_quartile_3,0.01,0.3530050218105316,714,759904,94,4526,0.13165266106442577,0.00595601549669432
global_raw,infiltration,time_quartile_4,0.01,0.3530050218105316,0,760619,0,3128,,0.004112439999526702
global_raw,web_attacks,full_test,0.001,0.5287265777587891,127,3042346,114,543,0.8976377952755905,0.00017848068562878778
global_raw,web_attacks,time_quartile_1,0.001,0.5287265777587891,127,760490,114,227,0.8976377952755905,0.00029849176189036017
global_raw,web_attacks,time_quartile_2,0.001,0.5287265777587891,0,760619,0,214,,0.000281349795364039
global_raw,web_attacks,time_quartile_3,0.001,0.5287265777587891,0,760618,0,61,,8.019794430318504e-05
global_raw,web_attacks,time_quartile_4,0.001,0.5287265777587891,0,760619,0,41,,5.390346546694206e-05
global_raw,web_attacks,full_test,0.01,0.07265030592679977,127,3042346,124,52435,0.9763779527559056,0.017235054789954858
global_raw,web_attacks,time_quartile_1,0.01,0.07265030592679977,127,760490,124,47948,0.9763779527559056,0.06304882378466516
global_raw,web_attacks,time_quartile_2,0.01,0.07265030592679977,0,760619,0,829,,0.00108990177736817
global_raw,web_attacks,time_quartile_3,0.01,0.07265030592679977,0,760618,0,458,,0.0006021419424730943
global_raw,web_attacks,time_quartile_4,0.01,0.07265030592679977,0,760619,0,3200,,0.004207099743761331
global_calibrated,benign,full_test,0.001,0.952997088432312,2652203,390270,1590250,303,0.5995958831205606,0.0007763855792143901
global_calibrated,benign,time_quartile_1,0.001,0.952997088432312,420631,339986,237520,0,0.564675451880627,0.0
global_calibrated,benign,time_quartile_2,0.001,0.952997088432312,752591,8028,457362,301,0.6077165419198476,0.037493771798704535
global_calibrated,benign,time_quartile_3,0.001,0.952997088432312,759904,714,449574,2,0.5916194677222386,0.0028011204481792717
global_calibrated,benign,time_quartile_4,0.001,0.952997088432312,719077,41542,445794,0,0.6199530787384383,0.0
global_calibrated,benign,full_test,0.01,0.8238118886947632,2652203,390270,2365953,2820,0.8920708558130731,0.0072257667768467985
global_calibrated,benign,time_quartile_1,0.01,0.8238118886947632,420631,339986,379120,2,0.9013125518566154,5.8825951656832925e-06
global_calibrated,benign,time_quartile_2,0.01,0.8238118886947632,752591,8028,670950,2589,0.891520095244296,0.32249626307922274
global_calibrated,benign,time_quartile_3,0.01,0.8238118886947632,759904,714,675820,229,0.8893491809491725,0.32072829131652664
global_calibrated,benign,time_quartile_4,0.01,0.8238118886947632,719077,41542,640063,0,0.8901174700345026,0.0
global_calibrated,bot,full_test,0.001,0.010936453007161617,41542,3000931,41422,1160,0.9971113571806846,0.00038654670833817905
global_calibrated,bot,time_quartile_1,0.001,0.010936453007161617,0,760617,0,327,,0.00042991413549789187
global_calibrated,bot,time_quartile_2,0.001,0.010936453007161617,0,760619,0,276,,0.0003628623528994148
global_calibrated,bot,time_quartile_3,0.001,0.010936453007161617,0,760618,0,245,,0.00032210649761115303
global_calibrated,bot,time_quartile_4,0.001,0.010936453007161617,41542,719077,41422,312,0.9971113571806846,0.00043388955563868683
global_calibrated,bot,full_test,0.01,0.009295987896621227,41542,3000931,41422,35079,0.9971113571806846,0.011689372398099123
global_calibrated,bot,time_quartile_1,0.01,0.009295987896621227,0,760617,0,34114,,0.044850430637232666
global_calibrated,bot,time_quartile_2,0.01,0.009295987896621227,0,760619,0,308,,0.0004049333503370281
global_calibrated,bot,time_quartile_3,0.01,0.009295987896621227,0,760618,0,294,,0.00038652779713338367
global_calibrated,bot,time_quartile_4,0.01,0.009295987896621227,41542,719077,41422,363,0.9971113571806846,0.0005048138099257799
global_calibrated,brute_force,full_test,0.001,0.0022420675959438086,37696,3004777,37696,1761,1.0,0.0005860667863205822
global_calibrated,brute_force,time_quartile_1,0.001,0.0022420675959438086,37696,722921,37696,1172,1.0,0.0016212006567799249
global_calibrated,brute_force,time_quartile_2,0.001,0.0022420675959438086,0,760619,0,193,,0.0002537407032956053
global_calibrated,brute_force,time_quartile_3,0.001,0.0022420675959438086,0,760618,0,114,,0.00014987812541906713
global_calibrated,brute_force,time_quartile_4,0.001,0.0022420675959438086,0,760619,0,282,,0.0003707506649189673
global_calibrated,brute_force,full_test,0.01,0.001607638318091631,37696,3004777,37696,30874,1.0,0.010274972152675556
global_calibrated,brute_force,time_quartile_1,0.01,0.001607638318091631,37696,722921,37696,13362,1.0,0.018483347419704227
global_calibrated,brute_force,time_quartile_2,0.01,0.001607638318091631,0,760619,0,234,,0.0003076441687625473
global_calibrated,brute_force,time_quartile_3,0.01,0.001607638318091631,0,760618,0,201,,0.0002642588000809868
global_calibrated,brute_force,time_quartile_4,0.01,0.001607638318091631,0,760619,0,17077,,0.022451450726316328
global_calibrated,ddos,full_test,0.001,0.03203766047954559,262680,2779793,262667,4791,0.9999505101263895,0.0017235096282349081
global_calibrated,ddos,time_quartile_1,0.001,0.03203766047954559,262680,497937,262667,366,0.9999505101263895,0.0007350327451063086
global_calibrated,ddos,time_quartile_2,0.001,0.03203766047954559,0,760619,0,83,,0.00010912164960380953
global_calibrated,ddos,time_quartile_3,0.001,0.03203766047954559,0,760618,0,30,,3.944161195238609e-05
global_calibrated,ddos,time_quartile_4,0.001,0.03203766047954559,0,760619,0,4312,,0.0056690669047183935
global_calibrated,ddos,full_test,0.01,0.006490269210189581,262680,2779793,262680,52605,1.0,0.018924070964996313
global_calibrated,ddos,time_quartile_1,0.01,0.006490269210189581,262680,497937,262680,4344,1.0,0.008723995204212581
global_calibrated,ddos,time_quartile_2,0.01,0.006490269210189581,0,760619,0,3068,,0.004033556879331176
global_calibrated,ddos,time_quartile_3,0.01,0.006490269210189581,0,760618,0,2993,,0.003934958152449718
global_calibrated,ddos,time_quartile_4,0.01,0.006490269210189581,0,760619,0,42200,,0.055481127870852555
global_calibrated,dos,full_test,0.001,0.013561860658228397,39483,3002990,39479,9526,0.9998986905756908,0.0031721717355036147
global_calibrated,dos,time_quartile_1,0.001,0.013561860658228397,39483,721134,39479,8996,0.9998986905756908,0.012474796639736859
global_calibrated,dos,time_quartile_2,0.001,0.013561860658228397,0,760619,0,153,,0.00020115195649858864
global_calibrated,dos,time_quartile_3,0.001,0.013561860658228397,0,760618,0,143,,0.00018800501697304034
global_calibrated,dos,time_quartile_4,0.001,0.013561860658228397,0,760619,0,234,,0.0003076441687625473
global_calibrated,dos,full_test,0.01,0.010582337155938148,39483,3002990,39479,35965,0.9998986905756908,0.011976396857798395
global_calibrated,dos,time_quartile_1,0.01,0.010582337155938148,39483,721134,39479,35334,0.9998986905756908,0.04899782842023812
global_calibrated,dos,time_quartile_2,0.01,0.010582337155938148,0,760619,0,180,,0.00023664936058657489
global_calibrated,dos,time_quartile_3,0.01,0.010582337155938148,0,760618,0,166,,0.00021824358613653635
global_calibrated,dos,time_quartile_4,0.01,0.010582337155938148,0,760619,0,285,,0.00037469482092874356
global_calibrated,infiltration,full_test,0.001,0.9597398042678833,8742,3033731,882,72,0.10089224433768017,2.3733152346071554e-05
global_calibrated,infiltration,time_quartile_1,0.001,0.9597398042678833,0,760617,0,55,,7.230971697976774e-05
global_calibrated,infiltration,time_quartile_2,0.001,0.9597398042678833,8028,752591,882,16,0.10986547085201794,2.125988750862022e-05
global_calibrated,infiltration,time_quartile_3,0.001,0.9597398042678833,714,759904,0,1,0.0,1.3159556996673263e-06
global_calibrated,infiltration,time_quartile_4,0.001,0.9597398042678833,0,760619,0,0,,0.0
global_calibrated,infiltration,full_test,0.01,0.3808668553829193,8742,3033731,2932,13234,0.33539235872797984,0.004362285252054319
global_calibrated,infiltration,time_quartile_1,0.01,0.3808668553829193,0,760617,0,1826,,0.002400682603728289
global_calibrated,infiltration,time_quartile_2,0.01,0.3808668553829193,8028,752591,2838,3776,0.35351270553064273,0.005017333452034372
global_calibrated,infiltration,time_quartile_3,0.01,0.3808668553829193,714,759904,94,4517,0.13165266106442577,0.005944171895397313
global_calibrated,infiltration,time_quartile_4,0.01,0.3808668553829193,0,760619,0,3115,,0.004095348656817671
global_calibrated,web_attacks,full_test,0.001,0.5011137127876282,127,3042346,113,452,0.889763779527559,0.00014856955783464472
global_calibrated,web_attacks,time_quartile_1,0.001,0.5011137127876282,127,760490,113,135,0.889763779527559,0.00017751712711541244
global_calibrated,web_attacks,time_quartile_2,0.001,0.5011137127876282,0,760619,0,214,,0.000281349795364039
global_calibrated,web_attacks,time_quartile_3,0.001,0.5011137127876282,0,760618,0,62,,8.151266470159791e-05
global_calibrated,web_attacks,time_quartile_4,0.001,0.5011137127876282,0,760619,0,41,,5.390346546694206e-05
global_calibrated,web_attacks,full_test,0.01,0.10382979363203049,127,3042346,124,48585,0.9763779527559056,0.01596958399866419
global_calibrated,web_attacks,time_quartile_1,0.01,0.10382979363203049,127,760490,124,44019,0.9763779527559056,0.05788241791476548
global_calibrated,web_attacks,time_quartile_2,0.01,0.10382979363203049,0,760619,0,861,,0.001131972774805783
global_calibrated,web_attacks,time_quartile_3,0.01,0.10382979363203049,0,760618,0,486,,0.0006389541136286546
global_calibrated,web_attacks,time_quartile_4,0.01,0.10382979363203049,0,760619,0,3219,,0.004232079398489914
designed_e1_raw,benign,full_test,0.001,0.9915509819984436,2652203,390270,893435,330,0.336865239953352,0.0008455684526097317
designed_e1_raw,benign,time_quartile_1,0.001,0.9915509819984436,420631,339986,140336,21,0.33363209083495987,6.176724923967457e-05
designed_e1_raw,benign,time_quartile_2,0.001,0.9915509819984436,752591,8028,255631,301,0.33966789398225594,0.037493771798704535
designed_e1_raw,benign,time_quartile_3,0.001,0.9915509819984436,759904,714,250402,8,0.32951793910809785,0.011204481792717087
designed_e1_raw,benign,time_quartile_4,0.001,0.9915509819984436,719077,41542,247066,0,0.3435876825430378,0.0
designed_e1_raw,benign,full_test,0.01,0.9841831922531128,2652203,390270,1889841,2600,0.7125551852554273,0.006662054475106977
designed_e1_raw,benign,time_quartile_1,0.01,0.9841831922531128,420631,339986,303979,37,0.7226737924689336,0.00010882801056514092
designed_e1_raw,benign,time_quartile_2,0.01,0.9841831922531128,752591,8028,525124,2320,0.6977548230047927,0.28898854010961633
designed_e1_raw,benign,time_quartile_3,0.01,0.9841831922531128,759904,714,548069,243,0.7212345243609719,0.3403361344537815
designed_e1_raw,benign,time_quartile_4,0.01,0.9841831922531128,719077,41542,512669,0,0.7129542455119549,0.0
designed_e1_raw,bot,full_test,0.001,0.13403022289276123,41542,3000931,41418,43,0.9970150690867075,1.432888660219112e-05
designed_e1_raw,bot,time_quartile_1,0.001,0.13403022289276123,0,760617,0,4,,5.258888507619472e-06
designed_e1_raw,bot,time_quartile_2,0.001,0.13403022289276123,0,760619,0,14,,1.8406061378955825e-05
designed_e1_raw,bot,time_quartile_3,0.001,0.13403022289276123,0,760618,0,1,,1.3147203984128695e-06
designed_e1_raw,bot,time_quartile_4,0.001,0.13403022289276123,41542,719077,41418,24,0.9970150690867075,3.337611966451437e-05
designed_e1_raw,bot,full_test,0.01,0.011888772249221802,41542,3000931,41422,1337,0.9971113571806846,0.00044552840435184947
designed_e1_raw,bot,time_quartile_1,0.01,0.011888772249221802,0,760617,0,251,,0.0003299952538531219
designed_e1_raw,bot,time_quartile_2,0.01,0.011888772249221802,0,760619,0,391,,0.0005140549999408377
designed_e1_raw,bot,time_quartile_3,0.01,0.011888772249221802,0,760618,0,218,,0.00028660904685400555
designed_e1_raw,bot,time_quartile_4,0.01,0.011888772249221802,41542,719077,41422,477,0.9971113571806846,0.0006633503783322231
designed_e1_raw,brute_force,full_test,0.001,0.00624461192637682,37696,3004777,37676,30,0.9994694397283531,9.984101981611281e-06
designed_e1_raw,brute_force,time_quartile_1,0.001,0.00624461192637682,37696,722921,37676,1,0.9994694397283531,1.3832770109043726e-06
designed_e1_raw,brute_force,time_quartile_2,0.001,0.00624461192637682,0,760619,0,9,,1.1832468029328744e-05
designed_e1_raw,brute_force,time_quartile_3,0.001,0.00624461192637682,0,760618,0,9,,1.1832483585715827e-05
designed_e1_raw,brute_force,time_quartile_4,0.001,0.00624461192637682,0,760619,0,11,,1.4461905369179576e-05
designed_e1_raw,brute_force,full_test,0.01,0.0002764370001386851,37696,3004777,37696,25433,1.0,0.008464188856610657
designed_e1_raw,brute_force,time_quartile_1,0.01,0.0002764370001386851,37696,722921,37696,166,1.0,0.00022962398381012587
designed_e1_raw,brute_force,time_quartile_2,0.01,0.0002764370001386851,0,760619,0,147,,0.00019326364447903616
designed_e1_raw,brute_force,time_quartile_3,0.01,0.0002764370001386851,0,760618,0,51,,6.705074031905635e-05
designed_e1_raw,brute_force,time_quartile_4,0.01,0.0002764370001386851,0,760619,0,25069,,0.032958682336360255
designed_e1_raw,ddos,full_test,0.001,0.010353059507906437,262680,2779793,262101,97,0.9977957971676564,3.4894684604213334e-05
designed_e1_raw,ddos,time_quartile_1,0.001,0.010353059507906437,262680,497937,262101,3,0.9977957971676564,6.024858566445153e-06
designed_e1_raw,ddos,time_quartile_2,0.001,0.010353059507906437,0,760619,0,32,,4.2070997437613314e-05
designed_e1_raw,ddos,time_quartile_3,0.001,0.010353059507906437,0,760618,0,12,,1.5776644780954434e-05
designed_e1_raw,ddos,time_quartile_4,0.001,0.010353059507906437,0,760619,0,50,,6.57359334962708e-05
designed_e1_raw,ddos,full_test,0.01,0.0010509395506232977,262680,2779793,262482,21885,0.9992462311557789,0.007872888376940298
designed_e1_raw,ddos,time_quartile_1,0.01,0.0010509395506232977,262680,497937,262482,129,0.9992462311557789,0.0002590689183571416
designed_e1_raw,ddos,time_quartile_2,0.01,0.0010509395506232977,0,760619,0,211,,0.0002774056393542628
designed_e1_raw,ddos,time_quartile_3,0.01,0.0010509395506232977,0,760618,0,72,,9.465986868572661e-05
designed_e1_raw,ddos,time_quartile_4,0.01,0.0010509395506232977,0,760619,0,21473,,0.02823095399930846
designed_e1_raw,dos,full_test,0.001,0.002489785198122263,39483,3002990,39393,4434,0.997720537953043,0.0014765283933679432
designed_e1_raw,dos,time_quartile_1,0.001,0.002489785198122263,39483,721134,39393,3684,0.997720537953043,0.005108620589238616
designed_e1_raw,dos,time_quartile_2,0.001,0.002489785198122263,0,760619,0,231,,0.0003037000127527711
designed_e1_raw,dos,time_quartile_3,0.001,0.002489785198122263,0,760618,0,334,,0.0004391166130698984
designed_e1_raw,dos,time_quartile_4,0.001,0.002489785198122263,0,760619,0,185,,0.00024322295393620197
designed_e1_raw,dos,full_test,0.01,0.0011065604630857706,39483,3002990,39483,13987,1.0,0.004657691167802756
designed_e1_raw,dos,time_quartile_1,0.01,0.0011065604630857706,39483,721134,39483,12235,1.0,0.016966333580166793
designed_e1_raw,dos,time_quartile_2,0.01,0.0011065604630857706,0,760619,0,502,,0.0006599887723025588
designed_e1_raw,dos,time_quartile_3,0.01,0.0011065604630857706,0,760618,0,651,,0.0008558829793667781
designed_e1_raw,dos,time_quartile_4,0.01,0.0011065604630857706,0,760619,0,599,,0.0007875164832853242
designed_e1_raw,infiltration,full_test,0.001,0.943415641784668,8742,3033731,998,78,0.11416151910318005,2.5710915041577516e-05
designed_e1_raw,infiltration,time_quartile_1,0.001,0.943415641784668,0,760617,0,62,,8.151277186810181e-05
designed_e1_raw,infiltration,time_quartile_2,0.001,0.943415641784668,8028,752591,998,14,0.12431489785749876,1.8602401570042693e-05
designed_e1_raw,infiltration,time_quartile_3,0.001,0.943415641784668,714,759904,0,2,0.0,2.6319113993346527e-06
designed_e1_raw,infiltration,time_quartile_4,0.001,0.943415641784668,0,760619,0,0,,0.0
designed_e1_raw,infiltration,full_test,0.01,0.24052387475967407,8742,3033731,1214,513,0.13886982383893845,0.00016909871046575983
designed_e1_raw,infiltration,time_quartile_1,0.01,0.24052387475967407,0,760617,0,102,,0.00013410165694429654
designed_e1_raw,infiltration,time_quartile_2,0.01,0.24052387475967407,8028,752591,1214,64,0.1512207274539113,8.503955003448088e-05
designed_e1_raw,infiltration,time_quartile_3,0.01,0.24052387475967407,714,759904,0,119,0.0,0.00015659872826041184
designed_e1_raw,infiltration,time_quartile_4,0.01,0.24052387475967407,0,760619,0,228,,0.00029975585674299487
designed_e1_raw,web_attacks,full_test,0.001,0.05125250667333603,127,3042346,69,1934,0.5433070866141733,0.0006356936390535462
designed_e1_raw,web_attacks,time_quartile_1,0.001,0.05125250667333603,127,760490,69,1607,0.5433070866141733,0.002113111283514576
designed_e1_raw,web_attacks,time_quartile_2,0.001,0.05125250667333603,0,760619,0,220,,0.00028923810738359153
designed_e1_raw,web_attacks,time_quartile_3,0.001,0.05125250667333603,0,760618,0,64,,8.414210549842364e-05
designed_e1_raw,web_attacks,time_quartile_4,0.001,0.05125250667333603,0,760619,0,43,,5.6532902806792886e-05
designed_e1_raw,web_attacks,full_test,0.01,0.012629351578652859,127,3042346,89,37326,0.7007874015748031,0.012268821494991037
designed_e1_raw,web_attacks,time_quartile_1,0.01,0.012629351578652859,127,760490,89,32914,0.7007874015748031,0.04327999053241989
designed_e1_raw,web_attacks,time_quartile_2,0.01,0.012629351578652859,0,760619,0,1615,,0.002123270651929547
designed_e1_raw,web_attacks,time_quartile_3,0.01,0.012629351578652859,0,760618,0,1359,,0.0017867050214430897
designed_e1_raw,web_attacks,time_quartile_4,0.01,0.012629351578652859,0,760619,0,1438,,0.0018905654473527482
designed_e1_calibrated,benign,full_test,0.001,0.9774601459503174,2652203,390270,888247,315,0.3349091302588829,0.0008071335229456531
designed_e1_calibrated,benign,time_quartile_1,0.001,0.9774601459503174,420631,339986,139348,8,0.3312832387532065,2.353038066273317e-05
designed_e1_calibrated,benign,time_quartile_2,0.001,0.9774601459503174,752591,8028,254131,299,0.3376747795283228,0.0372446437468859
designed_e1_calibrated,benign,time_quartile_3,0.001,0.9774601459503174,759904,714,248459,8,0.3269610371836443,0.011204481792717087
designed_e1_calibrated,benign,time_quartile_4,0.001,0.9774601459503174,719077,41542,246309,0,0.3425349441019529,0.0
designed_e1_calibrated,benign,full_test,0.01,0.9639208912849426,2652203,390270,1869902,2598,0.705037284099294,0.006656929817818433
designed_e1_calibrated,benign,time_quartile_1,0.01,0.9639208912849426,420631,339986,300535,33,0.7144860935118905,9.706282023377433e-05
designed_e1_calibrated,benign,time_quartile_2,0.01,0.9639208912849426,752591,8028,519936,2320,0.6908613044801226,0.28898854010961633
designed_e1_calibrated,benign,time_quartile_3,0.01,0.9639208912849426,759904,714,542044,245,0.7133058912704763,0.3431372549019608
designed_e1_calibrated,benign,time_quartile_4,0.01,0.9639208912849426,719077,41542,507387,0,0.7056087178424564,0.0
designed_e1_calibrated,bot,full_test,0.001,0.1593126505613327,41542,3000931,41418,70,0.9970150690867075,2.332609446868322e-05
designed_e1_calibrated,bot,time_quartile_1,0.001,0.1593126505613327,0,760617,0,7,,9.203054888334076e-06
designed_e1_calibrated,bot,time_quartile_2,0.001,0.1593126505613327,0,760619,0,20,,2.629437339850832e-05
designed_e1_calibrated,bot,time_quartile_3,0.001,0.1593126505613327,0,760618,0,3,,3.9441611952386086e-06
designed_e1_calibrated,bot,time_quartile_4,0.001,0.1593126505613327,41542,719077,41418,40,0.9970150690867075,5.562686610752395e-05
designed_e1_calibrated,bot,full_test,0.01,0.026151707395911217,41542,3000931,41422,1518,0.9971113571806846,0.0005058430200494447
designed_e1_calibrated,bot,time_quartile_1,0.01,0.026151707395911217,0,760617,0,350,,0.0004601527444167038
designed_e1_calibrated,bot,time_quartile_2,0.01,0.026151707395911217,0,760619,0,415,,0.0005456082480190476
designed_e1_calibrated,bot,time_quartile_3,0.01,0.026151707395911217,0,760618,0,252,,0.00033130954040004314
designed_e1_calibrated,bot,time_quartile_4,0.01,0.026151707395911217,41542,719077,41422,501,0.9971113571806846,0.0006967264979967374
designed_e1_calibrated,brute_force,full_test,0.001,0.013811741955578327,37696,3004777,37676,35,0.9994694397283531,1.1648118978546495e-05
designed_e1_calibrated,brute_force,time_quartile_1,0.001,0.013811741955578327,37696,722921,37676,2,0.9994694397283531,2.7665540218087452e-06
designed_e1_calibrated,brute_force,time_quartile_2,0.001,0.013811741955578327,0,760619,0,10,,1.314718669925416e-05
designed_e1_calibrated,brute_force,time_quartile_3,0.001,0.013811741955578327,0,760618,0,9,,1.1832483585715827e-05
designed_e1_calibrated,brute_force,time_quartile_4,0.001,0.013811741955578327,0,760619,0,14,,1.8406061378955825e-05
designed_e1_calibrated,brute_force,full_test,0.01,0.0013310383073985577,37696,3004777,37696,25430,1.0,0.008463190446412496
designed_e1_calibrated,brute_force,time_quartile_1,0.01,0.0013310383073985577,37696,722921,37696,165,1.0,0.0002282407067992215
designed_e1_calibrated,brute_force,time_quartile_2,0.01,0.0013310383073985577,0,760619,0,143,,0.0001880047697993345
designed_e1_calibrated,brute_force,time_quartile_3,0.01,0.0013310383073985577,0,760618,0,48,,6.310657912381774e-05
designed_e1_calibrated,brute_force,time_quartile_4,0.01,0.0013310383073985577,0,760619,0,25074,,0.032965255929709884
designed_e1_calibrated,ddos,full_test,0.001,0.02056102082133293,262680,2779793,262174,107,0.9980737018425461,3.849207476959615e-05
designed_e1_calibrated,ddos,time_quartile_1,0.001,0.02056102082133293,262680,497937,262174,3,0.9980737018425461,6.024858566445153e-06
designed_e1_calibrated,ddos,time_quartile_2,0.001,0.02056102082133293,0,760619,0,37,,4.8644590787240395e-05
designed_e1_calibrated,ddos,time_quartile_3,0.001,0.02056102082133293,0,760618,0,12,,1.5776644780954434e-05
designed_e1_calibrated,ddos,time_quartile_4,0.001,0.02056102082133293,0,760619,0,55,,7.230952684589788e-05
designed_e1_calibrated,ddos,full_test,0.01,0.0038077416829764843,262680,2779793,262492,24422,0.9992843002893255,0.008785546261897918
designed_e1_calibrated,ddos,time_quartile_1,0.01,0.0038077416829764843,262680,497937,262492,129,0.9992843002893255,0.0002590689183571416
designed_e1_calibrated,ddos,time_quartile_2,0.01,0.0038077416829764843,0,760619,0,211,,0.0002774056393542628
designed_e1_calibrated,ddos,time_quartile_3,0.01,0.0038077416829764843,0,760618,0,73,,9.597458908413947e-05
designed_e1_calibrated,ddos,time_quartile_4,0.01,0.0038077416829764843,0,760619,0,24009,,0.03156508054623931
designed_e1_calibrated,dos,full_test,0.001,0.006647926289588213,39483,3002990,39393,4671,0.997720537953043,0.001555449735097353
designed_e1_calibrated,dos,time_quartile_1,0.001,0.006647926289588213,39483,721134,39393,3853,0.997720537953043,0.0053429737053030365
designed_e1_calibrated,dos,time_quartile_2,0.001,0.006647926289588213,0,760619,0,254,,0.0003339385421610557
designed_e1_calibrated,dos,time_quartile_3,0.001,0.006647926289588213,0,760618,0,353,,0.00046409630063974297
designed_e1_calibrated,dos,time_quartile_4,0.001,0.006647926289588213,0,760619,0,211,,0.0002774056393542628
designed_e1_calibrated,dos,full_test,0.01,0.0038409875705838203,39483,3002990,39483,13594,1.0,0.004526821601137533
designed_e1_calibrated,dos,time_quartile_1,0.01,0.0038409875705838203,39483,721134,39483,11798,1.0,0.01636034356998838
designed_e1_calibrated,dos,time_quartile_2,0.01,0.0038409875705838203,0,760619,0,503,,0.0006613034909724843
designed_e1_calibrated,dos,time_quartile_3,0.01,0.0038409875705838203,0,760618,0,666,,0.0008756037853429711
designed_e1_calibrated,dos,time_quartile_4,0.01,0.0038409875705838203,0,760619,0,627,,0.0008243286060432358
designed_e1_calibrated,infiltration,full_test,0.001,0.9040379524230957,8742,3033731,996,78,0.11393273850377487,2.5710915041577516e-05
designed_e1_calibrated,infiltration,time_quartile_1,0.001,0.9040379524230957,0,760617,0,62,,8.151277186810181e-05
designed_e1_calibrated,infiltration,time_quartile_2,0.001,0.9040379524230957,8028,752591,996,14,0.12406576980568013,1.8602401570042693e-05
designed_e1_calibrated,infiltration,time_quartile_3,0.001,0.9040379524230957,714,759904,0,2,0.0,2.6319113993346527e-06
designed_e1_calibrated,infiltration,time_quartile_4,0.001,0.9040379524230957,0,760619,0,0,,0.0
designed_e1_calibrated,infiltration,full_test,0.01,0.26194435358047485,8742,3033731,1225,752,0.1401281171356669,0.00024787959117008066
designed_e1_calibrated,infiltration,time_quartile_1,0.01,0.26194435358047485,0,760617,0,129,,0.00016959915437072797
designed_e1_calibrated,infiltration,time_quartile_2,0.01,0.26194435358047485,8028,752591,1225,124,0.1525909317389138,0.0001647641281918067
designed_e1_calibrated,infiltration,time_quartile_3,0.01,0.26194435358047485,714,759904,0,197,0.0,0.0002592432728344633
designed_e1_calibrated,infiltration,time_quartile_4,0.01,0.26194435358047485,0,760619,0,302,,0.00039704503831747566
designed_e1_calibrated,web_attacks,full_test,0.001,0.08459029346704483,127,3042346,73,1504,0.5748031496062992,0.0004943553428834196
designed_e1_calibrated,web_attacks,time_quartile_1,0.001,0.08459029346704483,127,760490,73,1163,0.5748031496062992,0.0015292771765572197
designed_e1_calibrated,web_attacks,time_quartile_2,0.001,0.08459029346704483,0,760619,0,228,,0.00029975585674299487
designed_e1_calibrated,web_attacks,time_quartile_3,0.001,0.08459029346704483,0,760618,0,63,,8.282738510001078e-05
designed_e1_calibrated,web_attacks,time_quartile_4,0.001,0.08459029346704483,0,760619,0,50,,6.57359334962708e-05
designed_e1_calibrated,web_attacks,full_test,0.01,0.02588994987308979,127,3042346,89,41901,0.7007874015748031,0.013772595227498779
designed_e1_calibrated,web_attacks,time_quartile_1,0.01,0.02588994987308979,127,760490,89,36560,0.7007874015748031,0.04807426790621836
designed_e1_calibrated,web_attacks,time_quartile_2,0.01,0.02588994987308979,0,760619,0,2024,,0.002660990587929042
designed_e1_calibrated,web_attacks,time_quartile_3,0.01,0.02588994987308979,0,760618,0,1676,,0.0022034713877399693
designed_e1_calibrated,web_attacks,time_quartile_4,0.01,0.02588994987308979,0,760619,0,1641,,0.0021574533373476075
designed_e2_raw,benign,full_test,0.001,0.8490668535232544,2652203,390270,1602356,392,0.6041603904376852,0.0010044328285545904
designed_e2_raw,benign,time_quartile_1,0.001,0.8490668535232544,420631,339986,238245,1,0.5663990528515492,2.9412975828416463e-06
designed_e2_raw,benign,time_quartile_2,0.001,0.8490668535232544,752591,8028,462558,310,0.6146206903882719,0.03861484803188839
designed_e2_raw,benign,time_quartile_3,0.001,0.8490668535232544,759904,714,447938,12,0.5894665641975828,0.01680672268907563
designed_e2_raw,benign,time_quartile_4,0.001,0.8490668535232544,719077,41542,453615,69,0.6308295217341119,0.0016609696211063501
designed_e2_raw,benign,full_test,0.01,0.37720903754234314,2652203,390270,2325338,2906,0.8767571713024983,0.007446127040254183
designed_e2_raw,benign,time_quartile_1,0.01,0.37720903754234314,420631,339986,370942,7,0.8818703329046124,2.0589083079891523e-05
designed_e2_raw,benign,time_quartile_2,0.01,0.37720903754234314,752591,8028,658002,2565,0.8743155312779451,0.3195067264573991
designed_e2_raw,benign,time_quartile_3,0.01,0.37720903754234314,759904,714,663885,214,0.873643249673643,0.29971988795518206
designed_e2_raw,benign,time_quartile_4,0.01,0.37720903754234314,719077,41542,632509,120,0.8796123363700966,0.002888642819315392
designed_e2_raw,bot,full_test,0.001,0.042575158178806305,41542,3000931,41422,1201,0.9971113571806846,0.0004002091350984078
designed_e2_raw,bot,time_quartile_1,0.001,0.042575158178806305,0,760617,0,231,,0.0003037008113150245
designed_e2_raw,bot,time_quartile_2,0.001,0.042575158178806305,0,760619,0,336,,0.0004417454730949398
designed_e2_raw,bot,time_quartile_3,0.001,0.042575158178806305,0,760618,0,414,,0.000544294244942928
designed_e2_raw,bot,time_quartile_4,0.001,0.042575158178806305,41542,719077,41422,220,0.9971113571806846,0.00030594776359138174
designed_e2_raw,bot,full_test,0.01,0.009298338554799557,41542,3000931,41422,3807,0.9971113571806846,0.0012686063091753858
designed_e2_raw,bot,time_quartile_1,0.01,0.009298338554799557,0,760617,0,778,,0.0010228538147319874
designed_e2_raw,bot,time_quartile_2,0.01,0.009298338554799557,0,760619,0,1035,,0.0013607338233728055
designed_e2_raw,bot,time_quartile_3,0.01,0.009298338554799557,0,760618,0,1229,,0.0016157913696494166
designed_e2_raw,bot,time_quartile_4,0.01,0.009298338554799557,41542,719077,41422,765,0.9971113571806846,0.0010638638143063955
designed_e2_raw,brute_force,full_test,0.001,0.00271425349637866,37696,3004777,37696,1459,1.0,0.0004855601597056953
designed_e2_raw,brute_force,time_quartile_1,0.001,0.00271425349637866,37696,722921,37696,799,1.0,0.0011052383317125937
designed_e2_raw,brute_force,time_quartile_2,0.001,0.00271425349637866,0,760619,0,203,,0.00026688788999485943
designed_e2_raw,brute_force,time_quartile_3,0.001,0.00271425349637866,0,760618,0,218,,0.00028660904685400555
designed_e2_raw,brute_force,time_quartile_4,0.001,0.00271425349637866,0,760619,0,239,,0.0003142177621121744
designed_e2_raw,brute_force,full_test,0.01,0.0016228272579610348,37696,3004777,37696,27603,1.0,0.009186372233280539
designed_e2_raw,brute_force,time_quartile_1,0.01,0.0016228272579610348,37696,722921,37696,22728,1.0,0.031439119903834585
designed_e2_raw,brute_force,time_quartile_2,0.01,0.0016228272579610348,0,760619,0,606,,0.000796719513974802
designed_e2_raw,brute_force,time_quartile_3,0.01,0.0016228272579610348,0,760618,0,941,,0.0012371518949065101
designed_e2_raw,brute_force,time_quartile_4,0.01,0.0016228272579610348,0,760619,0,3328,,0.004375383733511784
designed_e2_raw,ddos,full_test,0.001,0.02883111499249935,262680,2779793,262680,2465,1.0,0.0008867566757668646
designed_e2_raw,ddos,time_quartile_1,0.001,0.02883111499249935,262680,497937,262680,2018,1.0,0.004052721529028773
designed_e2_raw,ddos,time_quartile_2,0.001,0.02883111499249935,0,760619,0,153,,0.00020115195649858864
designed_e2_raw,ddos,time_quartile_3,0.001,0.02883111499249935,0,760618,0,154,,0.00020246694135558191
designed_e2_raw,ddos,time_quartile_4,0.001,0.02883111499249935,0,760619,0,140,,0.00018406061378955824
designed_e2_raw,ddos,full_test,0.01,0.004519171081483364,262680,2779793,262680,31077,1.0,0.011179609416960183
designed_e2_raw,ddos,time_quartile_1,0.01,0.004519171081483364,262680,497937,262680,24677,1.0,0.04955847828138901
designed_e2_raw,ddos,time_quartile_2,0.01,0.004519171081483364,0,760619,0,2146,,0.0028213862656599428
designed_e2_raw,ddos,time_quartile_3,0.01,0.004519171081483364,0,760618,0,2432,,0.0031974000089400986
designed_e2_raw,ddos,time_quartile_4,0.01,0.004519171081483364,0,760619,0,1822,,0.002395417416604108
designed_e2_raw,dos,full_test,0.001,0.09697381407022476,39483,3002990,39479,2394,0.9998986905756908,0.0007972054518996068
designed_e2_raw,dos,time_quartile_1,0.001,0.09697381407022476,39483,721134,39479,621,0.9998986905756908,0.0008611436986745876
designed_e2_raw,dos,time_quartile_2,0.001,0.09697381407022476,0,760619,0,748,,0.0009834095651042112
designed_e2_raw,dos,time_quartile_3,0.001,0.09697381407022476,0,760618,0,569,,0.0007480759066969228
designed_e2_raw,dos,time_quartile_4,0.001,0.09697381407022476,0,760619,0,456,,0.0005995117134859897
designed_e2_raw,dos,full_test,0.01,0.014113047160208225,39483,3002990,39483,34552,1.0,0.011505865820399003
designed_e2_raw,dos,time_quartile_1,0.01,0.014113047160208225,39483,721134,39483,23756,1.0,0.032942559912582124
designed_e2_raw,dos,time_quartile_2,0.01,0.014113047160208225,0,760619,0,2824,,0.0037127655238693748
designed_e2_raw,dos,time_quartile_3,0.01,0.014113047160208225,0,760618,0,2732,,0.0035918161284639594
designed_e2_raw,dos,time_quartile_4,0.01,0.014113047160208225,0,760619,0,5240,,0.00688912583040918
designed_e2_raw,infiltration,full_test,0.001,0.9940563440322876,8742,3033731,513,34,0.05868222374742622,1.1207321941200456e-05
designed_e2_raw,infiltration,time_quartile_1,0.001,0.9940563440322876,0,760617,0,3,,3.944166380714604e-06
designed_e2_raw,infiltration,time_quartile_2,0.001,0.9940563440322876,8028,752591,513,7,0.06390134529147982,9.301200785021347e-06
designed_e2_raw,infiltration,time_quartile_3,0.001,0.9940563440322876,714,759904,0,15,0.0,1.9739335495009895e-05
designed_e2_raw,infiltration,time_quartile_4,0.001,0.9940563440322876,0,760619,0,9,,1.1832468029328744e-05
designed_e2_raw,infiltration,full_test,0.01,0.8385874032974243,8742,3033731,2806,14639,0.32097918096545414,0.004825411349918631
designed_e2_raw,infiltration,time_quartile_1,0.01,0.8385874032974243,0,760617,0,2617,,0.0034406278061100398
designed_e2_raw,infiltration,time_quartile_2,0.01,0.8385874032974243,8028,752591,2699,4006,0.33619830592924765,0.005322944334970788
designed_e2_raw,infiltration,time_quartile_3,0.01,0.8385874032974243,714,759904,107,4761,0.14985994397759103,0.006265265086116141
designed_e2_raw,infiltration,time_quartile_4,0.01,0.8385874032974243,0,760619,0,3255,,0.004279409270607229
designed_e2_raw,web_attacks,full_test,0.001,0.897196352481842,127,3042346,78,328,0.6141732283464567,0.00010781153754372449
designed_e2_raw,web_attacks,time_quartile_1,0.001,0.897196352481842,127,760490,78,105,0.6141732283464567,0.00013806887664532077
designed_e2_raw,web_attacks,time_quartile_2,0.001,0.897196352481842,0,760619,0,188,,0.0002471671099459782
designed_e2_raw,web_attacks,time_quartile_3,0.001,0.897196352481842,0,760618,0,21,,2.760912836667026e-05
designed_e2_raw,web_attacks,time_quartile_4,0.001,0.897196352481842,0,760619,0,14,,1.8406061378955825e-05
designed_e2_raw,web_attacks,full_test,0.01,0.1948523372411728,127,3042346,125,18533,0.984251968503937,0.006091680564932457
designed_e2_raw,web_attacks,time_quartile_1,0.01,0.1948523372411728,127,760490,125,10862,0.984251968503937,0.01428289655353785
designed_e2_raw,web_attacks,time_quartile_2,0.01,0.1948523372411728,0,760619,0,2596,,0.00341300966712638
designed_e2_raw,web_attacks,time_quartile_3,0.01,0.1948523372411728,0,760618,0,2793,,0.0036720140727671447
designed_e2_raw,web_attacks,time_quartile_4,0.01,0.1948523372411728,0,760619,0,2282,,0.003000188004769799
designed_e2_calibrated,benign,full_test,0.001,0.8490667939186096,2652203,390270,1602356,392,0.6041603904376852,0.0010044328285545904
designed_e2_calibrated,benign,time_quartile_1,0.001,0.8490667939186096,420631,339986,238245,1,0.5663990528515492,2.9412975828416463e-06
designed_e2_calibrated,benign,time_quartile_2,0.001,0.8490667939186096,752591,8028,462558,310,0.6146206903882719,0.03861484803188839
designed_e2_calibrated,benign,time_quartile_3,0.001,0.8490667939186096,759904,714,447938,12,0.5894665641975828,0.01680672268907563
designed_e2_calibrated,benign,time_quartile_4,0.001,0.8490667939186096,719077,41542,453615,69,0.6308295217341119,0.0016609696211063501
designed_e2_calibrated,benign,full_test,0.01,0.37720903754234314,2652203,390270,2325338,2906,0.8767571713024983,0.007446127040254183
designed_e2_calibrated,benign,time_quartile_1,0.01,0.37720903754234314,420631,339986,370942,7,0.8818703329046124,2.0589083079891523e-05
designed_e2_calibrated,benign,time_quartile_2,0.01,0.37720903754234314,752591,8028,658002,2565,0.8743155312779451,0.3195067264573991
designed_e2_calibrated,benign,time_quartile_3,0.01,0.37720903754234314,759904,714,663885,214,0.873643249673643,0.29971988795518206
designed_e2_calibrated,benign,time_quartile_4,0.01,0.37720903754234314,719077,41542,632509,120,0.8796123363700966,0.002888642819315392
designed_e2_calibrated,bot,full_test,0.001,0.042575158178806305,41542,3000931,41422,1201,0.9971113571806846,0.0004002091350984078
designed_e2_calibrated,bot,time_quartile_1,0.001,0.042575158178806305,0,760617,0,231,,0.0003037008113150245
designed_e2_calibrated,bot,time_quartile_2,0.001,0.042575158178806305,0,760619,0,336,,0.0004417454730949398
designed_e2_calibrated,bot,time_quartile_3,0.001,0.042575158178806305,0,760618,0,414,,0.000544294244942928
designed_e2_calibrated,bot,time_quartile_4,0.001,0.042575158178806305,41542,719077,41422,220,0.9971113571806846,0.00030594776359138174
designed_e2_calibrated,bot,full_test,0.01,0.009298340417444706,41542,3000931,41422,3807,0.9971113571806846,0.0012686063091753858
designed_e2_calibrated,bot,time_quartile_1,0.01,0.009298340417444706,0,760617,0,778,,0.0010228538147319874
designed_e2_calibrated,bot,time_quartile_2,0.01,0.009298340417444706,0,760619,0,1035,,0.0013607338233728055
designed_e2_calibrated,bot,time_quartile_3,0.01,0.009298340417444706,0,760618,0,1229,,0.0016157913696494166
designed_e2_calibrated,bot,time_quartile_4,0.01,0.009298340417444706,41542,719077,41422,765,0.9971113571806846,0.0010638638143063955
designed_e2_calibrated,brute_force,full_test,0.001,0.00271425349637866,37696,3004777,37696,1459,1.0,0.0004855601597056953
designed_e2_calibrated,brute_force,time_quartile_1,0.001,0.00271425349637866,37696,722921,37696,799,1.0,0.0011052383317125937
designed_e2_calibrated,brute_force,time_quartile_2,0.001,0.00271425349637866,0,760619,0,203,,0.00026688788999485943
designed_e2_calibrated,brute_force,time_quartile_3,0.001,0.00271425349637866,0,760618,0,218,,0.00028660904685400555
designed_e2_calibrated,brute_force,time_quartile_4,0.001,0.00271425349637866,0,760619,0,239,,0.0003142177621121744
designed_e2_calibrated,brute_force,full_test,0.01,0.0016228273743763566,37696,3004777,37696,27603,1.0,0.009186372233280539
designed_e2_calibrated,brute_force,time_quartile_1,0.01,0.0016228273743763566,37696,722921,37696,22728,1.0,0.031439119903834585
designed_e2_calibrated,brute_force,time_quartile_2,0.01,0.0016228273743763566,0,760619,0,606,,0.000796719513974802
designed_e2_calibrated,brute_force,time_quartile_3,0.01,0.0016228273743763566,0,760618,0,941,,0.0012371518949065101
designed_e2_calibrated,brute_force,time_quartile_4,0.01,0.0016228273743763566,0,760619,0,3328,,0.004375383733511784
designed_e2_calibrated,ddos,full_test,0.001,0.028831111267209053,262680,2779793,262680,2466,1.0,0.0008871164147834029
designed_e2_calibrated,ddos,time_quartile_1,0.001,0.028831111267209053,262680,497937,262680,2019,1.0,0.004054729815217588
designed_e2_calibrated,ddos,time_quartile_2,0.001,0.028831111267209053,0,760619,0,153,,0.00020115195649858864
designed_e2_calibrated,ddos,time_quartile_3,0.001,0.028831111267209053,0,760618,0,154,,0.00020246694135558191
designed_e2_calibrated,ddos,time_quartile_4,0.001,0.028831111267209053,0,760619,0,140,,0.00018406061378955824
designed_e2_calibrated,ddos,full_test,0.01,0.004519172012805939,262680,2779793,262680,31077,1.0,0.011179609416960183
designed_e2_calibrated,ddos,time_quartile_1,0.01,0.004519172012805939,262680,497937,262680,24677,1.0,0.04955847828138901
designed_e2_calibrated,ddos,time_quartile_2,0.01,0.004519172012805939,0,760619,0,2146,,0.0028213862656599428
designed_e2_calibrated,ddos,time_quartile_3,0.01,0.004519172012805939,0,760618,0,2432,,0.0031974000089400986
designed_e2_calibrated,ddos,time_quartile_4,0.01,0.004519172012805939,0,760619,0,1822,,0.002395417416604108
designed_e2_calibrated,dos,full_test,0.001,0.09697382152080536,39483,3002990,39479,2394,0.9998986905756908,0.0007972054518996068
designed_e2_calibrated,dos,time_quartile_1,0.001,0.09697382152080536,39483,721134,39479,621,0.9998986905756908,0.0008611436986745876
designed_e2_calibrated,dos,time_quartile_2,0.001,0.09697382152080536,0,760619,0,748,,0.0009834095651042112
designed_e2_calibrated,dos,time_quartile_3,0.001,0.09697382152080536,0,760618,0,569,,0.0007480759066969228
designed_e2_calibrated,dos,time_quartile_4,0.001,0.09697382152080536,0,760619,0,456,,0.0005995117134859897
designed_e2_calibrated,dos,full_test,0.01,0.014113049954175949,39483,3002990,39483,34552,1.0,0.011505865820399003
designed_e2_calibrated,dos,time_quartile_1,0.01,0.014113049954175949,39483,721134,39483,23756,1.0,0.032942559912582124
designed_e2_calibrated,dos,time_quartile_2,0.01,0.014113049954175949,0,760619,0,2824,,0.0037127655238693748
designed_e2_calibrated,dos,time_quartile_3,0.01,0.014113049954175949,0,760618,0,2732,,0.0035918161284639594
designed_e2_calibrated,dos,time_quartile_4,0.01,0.014113049954175949,0,760619,0,5240,,0.00688912583040918
designed_e2_calibrated,infiltration,full_test,0.001,0.9940563440322876,8742,3033731,513,34,0.05868222374742622,1.1207321941200456e-05
designed_e2_calibrated,infiltration,time_quartile_1,0.001,0.9940563440322876,0,760617,0,3,,3.944166380714604e-06
designed_e2_calibrated,infiltration,time_quartile_2,0.001,0.9940563440322876,8028,752591,513,7,0.06390134529147982,9.301200785021347e-06
designed_e2_calibrated,infiltration,time_quartile_3,0.001,0.9940563440322876,714,759904,0,15,0.0,1.9739335495009895e-05
designed_e2_calibrated,infiltration,time_quartile_4,0.001,0.9940563440322876,0,760619,0,9,,1.1832468029328744e-05
designed_e2_calibrated,infiltration,full_test,0.01,0.8385874032974243,8742,3033731,2806,14639,0.32097918096545414,0.004825411349918631
designed_e2_calibrated,infiltration,time_quartile_1,0.01,0.8385874032974243,0,760617,0,2617,,0.0034406278061100398
designed_e2_calibrated,infiltration,time_quartile_2,0.01,0.8385874032974243,8028,752591,2699,4006,0.33619830592924765,0.005322944334970788
designed_e2_calibrated,infiltration,time_quartile_3,0.01,0.8385874032974243,714,759904,107,4761,0.14985994397759103,0.006265265086116141
designed_e2_calibrated,infiltration,time_quartile_4,0.01,0.8385874032974243,0,760619,0,3255,,0.004279409270607229
designed_e2_calibrated,web_attacks,full_test,0.001,0.897196352481842,127,3042346,78,328,0.6141732283464567,0.00010781153754372449
designed_e2_calibrated,web_attacks,time_quartile_1,0.001,0.897196352481842,127,760490,78,105,0.6141732283464567,0.00013806887664532077
designed_e2_calibrated,web_attacks,time_quartile_2,0.001,0.897196352481842,0,760619,0,188,,0.0002471671099459782
designed_e2_calibrated,web_attacks,time_quartile_3,0.001,0.897196352481842,0,760618,0,21,,2.760912836667026e-05
designed_e2_calibrated,web_attacks,time_quartile_4,0.001,0.897196352481842,0,760619,0,14,,1.8406061378955825e-05
designed_e2_calibrated,web_attacks,full_test,0.01,0.19485235214233398,127,3042346,125,18533,0.984251968503937,0.006091680564932457
designed_e2_calibrated,web_attacks,time_quartile_1,0.01,0.19485235214233398,127,760490,125,10862,0.984251968503937,0.01428289655353785
designed_e2_calibrated,web_attacks,time_quartile_2,0.01,0.19485235214233398,0,760619,0,2596,,0.00341300966712638
designed_e2_calibrated,web_attacks,time_quartile_3,0.01,0.19485235214233398,0,760618,0,2793,,0.0036720140727671447
designed_e2_calibrated,web_attacks,time_quartile_4,0.01,0.19485235214233398,0,760619,0,2282,,0.003000188004769799
designed_e3_raw,benign,full_test,0.001,0.6034685373306274,2652203,390270,1610682,370,0.6072996674839747,0.0009480615983806083
designed_e3_raw,benign,time_quartile_1,0.001,0.6034685373306274,420631,339986,238427,1,0.5668317361297669,2.9412975828416463e-06
designed_e3_raw,benign,time_quartile_2,0.001,0.6034685373306274,752591,8028,463488,247,0.6158564213497105,0.030767314399601394
designed_e3_raw,benign,time_quartile_3,0.001,0.6034685373306274,759904,714,452290,2,0.595193603402535,0.0028011204481792717
designed_e3_raw,benign,time_quartile_4,0.001,0.6034685373306274,719077,41542,456477,120,0.6348096240041052,0.002888642819315392
designed_e3_raw,benign,full_test,0.01,0.17507202923297882,2652203,390270,2331042,3221,0.8789078362402878,0.008253260563199836
designed_e3_raw,benign,time_quartile_1,0.01,0.17507202923297882,420631,339986,368810,69,0.8768017573597762,0.0002029495332160736
designed_e3_raw,benign,time_quartile_2,0.01,0.17507202923297882,752591,8028,660068,2842,0.8770607142524958,0.35401096163428003
designed_e3_raw,benign,time_quartile_3,0.01,0.17507202923297882,759904,714,662838,190,0.8722654440560913,0.2661064425770308
designed_e3_raw,benign,time_quartile_4,0.01,0.17507202923297882,719077,41542,639326,120,0.8890925450264714,0.002888642819315392
designed_e3_raw,bot,full_test,0.001,0.06403794139623642,41542,3000931,41422,426,0.9971113571806846,0.00014195594633798644
designed_e3_raw,bot,time_quartile_1,0.001,0.06403794139623642,0,760617,0,83,,0.00010912193653310404
designed_e3_raw,bot,time_quartile_2,0.001,0.06403794139623642,0,760619,0,95,,0.00012489827364291453
designed_e3_raw,bot,time_quartile_3,0.001,0.06403794139623642,0,760618,0,167,,0.0002195583065349492
designed_e3_raw,bot,time_quartile_4,0.001,0.06403794139623642,41542,719077,41422,81,0.9971113571806846,0.000112644403867736
designed_e3_raw,bot,full_test,0.01,0.015995630994439125,41542,3000931,41422,8618,0.9971113571806846,0.0028717754590158852
designed_e3_raw,bot,time_quartile_1,0.01,0.015995630994439125,0,760617,0,7790,,0.010241685368588922
designed_e3_raw,bot,time_quartile_2,0.01,0.015995630994439125,0,760619,0,205,,0.00026951732733471027
designed_e3_raw,bot,time_quartile_3,0.01,0.015995630994439125,0,760618,0,372,,0.0004890759882095875
designed_e3_raw,bot,time_quartile_4,0.01,0.015995630994439125,41542,719077,41422,251,0.9971113571806846,0.0003490585848247128
designed_e3_raw,brute_force,full_test,0.001,0.004383949097245932,37696,3004777,37694,2262,0.9999469439728353,0.0007528012894134906
designed_e3_raw,brute_force,time_quartile_1,0.001,0.004383949097245932,37696,722921,37694,1588,0.9999469439728353,0.002196643893316144
designed_e3_raw,brute_force,time_quartile_2,0.001,0.004383949097245932,0,760619,0,138,,0.0001814311764497074
designed_e3_raw,brute_force,time_quartile_3,0.001,0.004383949097245932,0,760618,0,291,,0.00038258363593814506
designed_e3_raw,brute_force,time_quartile_4,0.001,0.004383949097245932,0,760619,0,245,,0.0003221060741317269
designed_e3_raw,brute_force,full_test,0.01,0.002252211095765233,37696,3004777,37696,21001,1.0,0.006989204190527284
designed_e3_raw,brute_force,time_quartile_1,0.01,0.002252211095765233,37696,722921,37696,17359,1.0,0.024012305632289007
designed_e3_raw,brute_force,time_quartile_2,0.01,0.002252211095765233,0,760619,0,209,,0.00027477620201441194
designed_e3_raw,brute_force,time_quartile_3,0.01,0.002252211095765233,0,760618,0,403,,0.0005298323205603864
designed_e3_raw,brute_force,time_quartile_4,0.01,0.002252211095765233,0,760619,0,3030,,0.00398359756987401
designed_e3_raw,ddos,full_test,0.001,0.05022518336772919,262680,2779793,262680,2351,1.0,0.0008457464278815005
designed_e3_raw,ddos,time_quartile_1,0.001,0.05022518336772919,262680,497937,262680,1993,1.0,0.004002514374308396
designed_e3_raw,ddos,time_quartile_2,0.001,0.05022518336772919,0,760619,0,94,,0.0001235835549729891
designed_e3_raw,ddos,time_quartile_3,0.001,0.05022518336772919,0,760618,0,180,,0.0002366496717143165
designed_e3_raw,ddos,time_quartile_4,0.001,0.05022518336772919,0,760619,0,84,,0.00011043636827373495
designed_e3_raw,ddos,full_test,0.01,0.012252041138708591,262680,2779793,262680,27987,1.0,0.010068015855856894
designed_e3_raw,ddos,time_quartile_1,0.01,0.012252041138708591,262680,497937,262680,23326,1.0,0.04684528364029988
designed_e3_raw,ddos,time_quartile_2,0.01,0.012252041138708591,0,760619,0,573,,0.0007533337978672634
designed_e3_raw,ddos,time_quartile_3,0.01,0.012252041138708591,0,760618,0,819,,0.0010767560063001402
designed_e3_raw,ddos,time_quartile_4,0.01,0.012252041138708591,0,760619,0,3269,,0.004297815331986185
designed_e3_raw,dos,full_test,0.001,0.05172286927700043,39483,3002990,39483,5295,1.0,0.0017632426348406088
designed_e3_raw,dos,time_quartile_1,0.001,0.05172286927700043,39483,721134,39483,608,1.0,0.0008431165359004013
designed_e3_raw,dos,time_quartile_2,0.001,0.05172286927700043,0,760619,0,681,,0.0008953234142192083
designed_e3_raw,dos,time_quartile_3,0.001,0.05172286927700043,0,760618,0,660,,0.0008677154629524939
designed_e3_raw,dos,time_quartile_4,0.001,0.05172286927700043,0,760619,0,3346,,0.004399048669570442
designed_e3_raw,dos,full_test,0.01,0.010359065607190132,39483,3002990,39483,26169,1.0,0.008714314732982793
designed_e3_raw,dos,time_quartile_1,0.01,0.010359065607190132,39483,721134,39483,17053,1.0,0.023647477445245958
designed_e3_raw,dos,time_quartile_2,0.01,0.010359065607190132,0,760619,0,2107,,0.0027701122375328514
designed_e3_raw,dos,time_quartile_3,0.01,0.010359065607190132,0,760618,0,2256,,0.002966009218819434
designed_e3_raw,dos,time_quartile_4,0.01,0.010359065607190132,0,760619,0,4753,,0.0062488578381555025
designed_e3_raw,infiltration,full_test,0.001,0.9684900641441345,8742,3033731,891,234,0.10192175703500343,7.713274512473255e-05
designed_e3_raw,infiltration,time_quartile_1,0.001,0.9684900641441345,0,760617,0,27,,3.5497497426431435e-05
designed_e3_raw,infiltration,time_quartile_2,0.001,0.9684900641441345,8028,752591,891,83,0.1109865470852018,0.00011028566645096739
designed_e3_raw,infiltration,time_quartile_3,0.001,0.9684900641441345,714,759904,0,101,0.0,0.00013291152566639996
designed_e3_raw,infiltration,time_quartile_4,0.001,0.9684900641441345,0,760619,0,23,,3.023852940828457e-05
designed_e3_raw,infiltration,full_test,0.01,0.9099948406219482,8742,3033731,1401,11786,0.1602608098833219,0.0038849851882055463
designed_e3_raw,infiltration,time_quartile_1,0.01,0.9099948406219482,0,760617,0,1954,,0.002568967035972112
designed_e3_raw,infiltration,time_quartile_2,0.01,0.9099948406219482,8028,752591,1325,3429,0.16504733432984553,0.004556259641691171
designed_e3_raw,infiltration,time_quartile_3,0.01,0.9099948406219482,714,759904,76,3719,0.10644257703081232,0.004894039247062787
designed_e3_raw,infiltration,time_quartile_4,0.01,0.9099948406219482,0,760619,0,2684,,0.0035287049100798168
designed_e3_raw,web_attacks,full_test,0.001,0.7171292304992676,127,3042346,107,449,0.84251968503937,0.00014758347669857407
designed_e3_raw,web_attacks,time_quartile_1,0.001,0.7171292304992676,127,760490,107,145,0.84251968503937,0.00019066654393877632
designed_e3_raw,web_attacks,time_quartile_2,0.001,0.7171292304992676,0,760619,0,197,,0.00025899957797530693
designed_e3_raw,web_attacks,time_quartile_3,0.001,0.7171292304992676,0,760618,0,61,,8.019794430318504e-05
designed_e3_raw,web_attacks,time_quartile_4,0.001,0.7171292304992676,0,760619,0,46,,6.047705881656914e-05
designed_e3_raw,web_attacks,full_test,0.01,0.26671940088272095,127,3042346,124,15622,0.9763779527559056,0.005134853169231902
designed_e3_raw,web_attacks,time_quartile_1,0.01,0.26671940088272095,127,760490,124,11348,0.9763779527559056,0.014921958211153335
designed_e3_raw,web_attacks,time_quartile_2,0.01,0.26671940088272095,0,760619,0,1577,,0.002073311342472381
designed_e3_raw,web_attacks,time_quartile_3,0.01,0.26671940088272095,0,760618,0,1299,,0.0017078217975383175
designed_e3_raw,web_attacks,time_quartile_4,0.01,0.26671940088272095,0,760619,0,1398,,0.0018379767005557315
designed_e3_calibrated,benign,full_test,0.001,0.6034685373306274,2652203,390270,1610682,370,0.6072996674839747,0.0009480615983806083
designed_e3_calibrated,benign,time_quartile_1,0.001,0.6034685373306274,420631,339986,238427,1,0.5668317361297669,2.9412975828416463e-06
designed_e3_calibrated,benign,time_quartile_2,0.001,0.6034685373306274,752591,8028,463488,247,0.6158564213497105,0.030767314399601394
designed_e3_calibrated,benign,time_quartile_3,0.001,0.6034685373306274,759904,714,452290,2,0.595193603402535,0.0028011204481792717
designed_e3_calibrated,benign,time_quartile_4,0.001,0.6034685373306274,719077,41542,456477,120,0.6348096240041052,0.002888642819315392
designed_e3_calibrated,benign,full_test,0.01,0.17507204413414001,2652203,390270,2331041,3221,0.8789074591952426,0.008253260563199836
designed_e3_calibrated,benign,time_quartile_1,0.01,0.17507204413414001,420631,339986,368810,69,0.8768017573597762,0.0002029495332160736
designed_e3_calibrated,benign,time_quartile_2,0.01,0.17507204413414001,752591,8028,660068,2842,0.8770607142524958,0.35401096163428003
designed_e3_calibrated,benign,time_quartile_3,0.01,0.17507204413414001,759904,714,662837,190,0.8722641281003917,0.2661064425770308
designed_e3_calibrated,benign,time_quartile_4,0.01,0.17507204413414001,719077,41542,639326,120,0.8890925450264714,0.002888642819315392
designed_e3_calibrated,bot,full_test,0.001,0.06403794139623642,41542,3000931,41422,426,0.9971113571806846,0.00014195594633798644
designed_e3_calibrated,bot,time_quartile_1,0.001,0.06403794139623642,0,760617,0,83,,0.00010912193653310404
designed_e3_calibrated,bot,time_quartile_2,0.001,0.06403794139623642,0,760619,0,95,,0.00012489827364291453
designed_e3_calibrated,bot,time_quartile_3,0.001,0.06403794139623642,0,760618,0,167,,0.0002195583065349492
designed_e3_calibrated,bot,time_quartile_4,0.001,0.06403794139623642,41542,719077,41422,81,0.9971113571806846,0.000112644403867736
designed_e3_calibrated,bot,full_test,0.01,0.015995627269148827,41542,3000931,41422,8618,0.9971113571806846,0.0028717754590158852
designed_e3_calibrated,bot,time_quartile_1,0.01,0.015995627269148827,0,760617,0,7790,,0.010241685368588922
designed_e3_calibrated,bot,time_quartile_2,0.01,0.015995627269148827,0,760619,0,205,,0.00026951732733471027
designed_e3_calibrated,bot,time_quartile_3,0.01,0.015995627269148827,0,760618,0,372,,0.0004890759882095875
designed_e3_calibrated,bot,time_quartile_4,0.01,0.015995627269148827,41542,719077,41422,251,0.9971113571806846,0.0003490585848247128
designed_e3_calibrated,brute_force,full_test,0.001,0.004383949562907219,37696,3004777,37694,2262,0.9999469439728353,0.0007528012894134906
designed_e3_calibrated,brute_force,time_quartile_1,0.001,0.004383949562907219,37696,722921,37694,1588,0.9999469439728353,0.002196643893316144
designed_e3_calibrated,brute_force,time_quartile_2,0.001,0.004383949562907219,0,760619,0,138,,0.0001814311764497074
designed_e3_calibrated,brute_force,time_quartile_3,0.001,0.004383949562907219,0,760618,0,291,,0.00038258363593814506
designed_e3_calibrated,brute_force,time_quartile_4,0.001,0.004383949562907219,0,760619,0,245,,0.0003221060741317269
designed_e3_calibrated,brute_force,full_test,0.01,0.002252211095765233,37696,3004777,37696,21001,1.0,0.006989204190527284
designed_e3_calibrated,brute_force,time_quartile_1,0.01,0.002252211095765233,37696,722921,37696,17359,1.0,0.024012305632289007
designed_e3_calibrated,brute_force,time_quartile_2,0.01,0.002252211095765233,0,760619,0,209,,0.00027477620201441194
designed_e3_calibrated,brute_force,time_quartile_3,0.01,0.002252211095765233,0,760618,0,403,,0.0005298323205603864
designed_e3_calibrated,brute_force,time_quartile_4,0.01,0.002252211095765233,0,760619,0,3030,,0.00398359756987401
designed_e3_calibrated,ddos,full_test,0.001,0.05022517591714859,262680,2779793,262680,2351,1.0,0.0008457464278815005
designed_e3_calibrated,ddos,time_quartile_1,0.001,0.05022517591714859,262680,497937,262680,1993,1.0,0.004002514374308396
designed_e3_calibrated,ddos,time_quartile_2,0.001,0.05022517591714859,0,760619,0,94,,0.0001235835549729891
designed_e3_calibrated,ddos,time_quartile_3,0.001,0.05022517591714859,0,760618,0,180,,0.0002366496717143165
designed_e3_calibrated,ddos,time_quartile_4,0.001,0.05022517591714859,0,760619,0,84,,0.00011043636827373495
designed_e3_calibrated,ddos,full_test,0.01,0.012252040207386017,262680,2779793,262680,27987,1.0,0.010068015855856894
designed_e3_calibrated,ddos,time_quartile_1,0.01,0.012252040207386017,262680,497937,262680,23326,1.0,0.04684528364029988
designed_e3_calibrated,ddos,time_quartile_2,0.01,0.012252040207386017,0,760619,0,573,,0.0007533337978672634
designed_e3_calibrated,ddos,time_quartile_3,0.01,0.012252040207386017,0,760618,0,819,,0.0010767560063001402
designed_e3_calibrated,ddos,time_quartile_4,0.01,0.012252040207386017,0,760619,0,3269,,0.004297815331986185
designed_e3_calibrated,dos,full_test,0.001,0.051722873002290726,39483,3002990,39483,5295,1.0,0.0017632426348406088
designed_e3_calibrated,dos,time_quartile_1,0.001,0.051722873002290726,39483,721134,39483,608,1.0,0.0008431165359004013
designed_e3_calibrated,dos,time_quartile_2,0.001,0.051722873002290726,0,760619,0,681,,0.0008953234142192083
designed_e3_calibrated,dos,time_quartile_3,0.001,0.051722873002290726,0,760618,0,660,,0.0008677154629524939
designed_e3_calibrated,dos,time_quartile_4,0.001,0.051722873002290726,0,760619,0,3346,,0.004399048669570442
designed_e3_calibrated,dos,full_test,0.01,0.010359064675867558,39483,3002990,39483,26169,1.0,0.008714314732982793
designed_e3_calibrated,dos,time_quartile_1,0.01,0.010359064675867558,39483,721134,39483,17053,1.0,0.023647477445245958
designed_e3_calibrated,dos,time_quartile_2,0.01,0.010359064675867558,0,760619,0,2107,,0.0027701122375328514
designed_e3_calibrated,dos,time_quartile_3,0.01,0.010359064675867558,0,760618,0,2256,,0.002966009218819434
designed_e3_calibrated,dos,time_quartile_4,0.01,0.010359064675867558,0,760619,0,4753,,0.0062488578381555025
designed_e3_calibrated,infiltration,full_test,0.001,0.9684900045394897,8742,3033731,891,234,0.10192175703500343,7.713274512473255e-05
designed_e3_calibrated,infiltration,time_quartile_1,0.001,0.9684900045394897,0,760617,0,27,,3.5497497426431435e-05
designed_e3_calibrated,infiltration,time_quartile_2,0.001,0.9684900045394897,8028,752591,891,83,0.1109865470852018,0.00011028566645096739
designed_e3_calibrated,infiltration,time_quartile_3,0.001,0.9684900045394897,714,759904,0,101,0.0,0.00013291152566639996
designed_e3_calibrated,infiltration,time_quartile_4,0.001,0.9684900045394897,0,760619,0,23,,3.023852940828457e-05
designed_e3_calibrated,infiltration,full_test,0.01,0.9099948406219482,8742,3033731,1401,11786,0.1602608098833219,0.0038849851882055463
designed_e3_calibrated,infiltration,time_quartile_1,0.01,0.9099948406219482,0,760617,0,1954,,0.002568967035972112
designed_e3_calibrated,infiltration,time_quartile_2,0.01,0.9099948406219482,8028,752591,1325,3429,0.16504733432984553,0.004556259641691171
designed_e3_calibrated,infiltration,time_quartile_3,0.01,0.9099948406219482,714,759904,76,3719,0.10644257703081232,0.004894039247062787
designed_e3_calibrated,infiltration,time_quartile_4,0.01,0.9099948406219482,0,760619,0,2684,,0.0035287049100798168
designed_e3_calibrated,web_attacks,full_test,0.001,0.7171292304992676,127,3042346,107,449,0.84251968503937,0.00014758347669857407
designed_e3_calibrated,web_attacks,time_quartile_1,0.001,0.7171292304992676,127,760490,107,145,0.84251968503937,0.00019066654393877632
designed_e3_calibrated,web_attacks,time_quartile_2,0.001,0.7171292304992676,0,760619,0,197,,0.00025899957797530693
designed_e3_calibrated,web_attacks,time_quartile_3,0.001,0.7171292304992676,0,760618,0,61,,8.019794430318504e-05
designed_e3_calibrated,web_attacks,time_quartile_4,0.001,0.7171292304992676,0,760619,0,46,,6.047705881656914e-05
designed_e3_calibrated,web_attacks,full_test,0.01,0.26671937108039856,127,3042346,124,15622,0.9763779527559056,0.005134853169231902
designed_e3_calibrated,web_attacks,time_quartile_1,0.01,0.26671937108039856,127,760490,124,11348,0.9763779527559056,0.014921958211153335
designed_e3_calibrated,web_attacks,time_quartile_2,0.01,0.26671937108039856,0,760619,0,1577,,0.002073311342472381
designed_e3_calibrated,web_attacks,time_quartile_3,0.01,0.26671937108039856,0,760618,0,1299,,0.0017078217975383175
designed_e3_calibrated,web_attacks,time_quartile_4,0.01,0.26671937108039856,0,760619,0,1398,,0.0018379767005557315
designed_e4_raw,benign,full_test,0.001,0.8330650329589844,2652203,390270,1562858,316,0.5892678652425927,0.0008096958515899249
designed_e4_raw,benign,time_quartile_1,0.001,0.8330650329589844,420631,339986,234001,2,0.5563094493748677,5.8825951656832925e-06
designed_e4_raw,benign,time_quartile_2,0.001,0.8330650329589844,752591,8028,451139,304,0.5994477744219636,0.037867463876432486
designed_e4_raw,benign,time_quartile_3,0.001,0.8330650329589844,759904,714,436251,10,0.5740869899355708,0.014005602240896359
designed_e4_raw,benign,time_quartile_4,0.001,0.8330650329589844,719077,41542,441467,0,0.6139356424972569,0.0
designed_e4_raw,benign,full_test,0.01,0.4095931947231293,2652203,390270,2308076,3218,0.8702486197323508,0.00824557357726702
designed_e4_raw,benign,time_quartile_1,0.01,0.4095931947231293,420631,339986,353743,3,0.8409817631130373,8.82389274852494e-06
designed_e4_raw,benign,time_quartile_2,0.01,0.4095931947231293,752591,8028,657372,2914,0.8734784232072932,0.36297957149975085
designed_e4_raw,benign,time_quartile_3,0.01,0.4095931947231293,759904,714,658667,181,0.8667765928327789,0.2535014005602241
designed_e4_raw,benign,time_quartile_4,0.01,0.4095931947231293,719077,41542,638294,120,0.8876573718808973,0.002888642819315392
designed_e4_raw,bot,full_test,0.001,0.13521921634674072,41542,3000931,41422,741,0.9971113571806846,0.0002469233714470609
designed_e4_raw,bot,time_quartile_1,0.001,0.13521921634674072,0,760617,0,144,,0.000189319986274301
designed_e4_raw,bot,time_quartile_2,0.001,0.13521921634674072,0,760619,0,215,,0.00028266451403396444
designed_e4_raw,bot,time_quartile_3,0.001,0.13521921634674072,0,760618,0,242,,0.0003181623364159144
designed_e4_raw,bot,time_quartile_4,0.001,0.13521921634674072,41542,719077,41422,140,0.9971113571806846,0.00019469403137633383
designed_e4_raw,bot,full_test,0.01,0.009291485883295536,41542,3000931,41422,4423,0.9971113571806846,0.0014738759404997982
designed_e4_raw,bot,time_quartile_1,0.01,0.009291485883295536,0,760617,0,1035,,0.0013607374013465384
designed_e4_raw,bot,time_quartile_2,0.01,0.009291485883295536,0,760619,0,1154,,0.00151718534509393
designed_e4_raw,bot,time_quartile_3,0.01,0.009291485883295536,0,760618,0,1235,,0.001623679692039894
designed_e4_raw,bot,time_quartile_4,0.01,0.009291485883295536,41542,719077,41422,999,0.9971113571806846,0.0013892809810354106
designed_e4_raw,brute_force,full_test,0.001,0.006030753254890442,37696,3004777,37696,629,1.0,0.00020933333821444985
designed_e4_raw,brute_force,time_quartile_1,0.001,0.006030753254890442,37696,722921,37696,104,1.0,0.00014386080913405476
designed_e4_raw,brute_force,time_quartile_2,0.001,0.006030753254890442,0,760619,0,138,,0.0001814311764497074
designed_e4_raw,brute_force,time_quartile_3,0.001,0.006030753254890442,0,760618,0,180,,0.0002366496717143165
designed_e4_raw,brute_force,time_quartile_4,0.001,0.006030753254890442,0,760619,0,207,,0.0002721467646745611
designed_e4_raw,brute_force,full_test,0.01,0.0016241971170529723,37696,3004777,37696,12120,1.0,0.004033577200570957
designed_e4_raw,brute_force,time_quartile_1,0.01,0.0016241971170529723,37696,722921,37696,7999,1.0,0.011064832810224077
designed_e4_raw,brute_force,time_quartile_2,0.01,0.0016241971170529723,0,760619,0,380,,0.0004995930945716581
designed_e4_raw,brute_force,time_quartile_3,0.01,0.0016241971170529723,0,760618,0,533,,0.0007007459723540595
designed_e4_raw,brute_force,time_quartile_4,0.01,0.0016241971170529723,0,760619,0,3208,,0.004217617493120734
designed_e4_raw,ddos,full_test,0.001,0.01872955821454525,262680,2779793,262680,2105,1.0,0.0007572506298130832
designed_e4_raw,ddos,time_quartile_1,0.001,0.01872955821454525,262680,497937,262680,964,1.0,0.001935987886017709
designed_e4_raw,ddos,time_quartile_2,0.001,0.01872955821454525,0,760619,0,357,,0.0004693545651633735
designed_e4_raw,ddos,time_quartile_3,0.001,0.01872955821454525,0,760618,0,464,,0.0006100302648635715
designed_e4_raw,ddos,time_quartile_4,0.001,0.01872955821454525,0,760619,0,320,,0.0004207099743761331
designed_e4_raw,ddos,full_test,0.01,0.006222189869731665,262680,2779793,262680,27559,1.0,0.009914047556778507
designed_e4_raw,ddos,time_quartile_1,0.01,0.006222189869731665,262680,497937,262680,21629,1.0,0.04343722197788073
designed_e4_raw,ddos,time_quartile_2,0.01,0.006222189869731665,0,760619,0,1030,,0.0013541602300231785
designed_e4_raw,ddos,time_quartile_3,0.01,0.006222189869731665,0,760618,0,1235,,0.001623679692039894
designed_e4_raw,ddos,time_quartile_4,0.01,0.006222189869731665,0,760619,0,3665,,0.00481844392527665
designed_e4_raw,dos,full_test,0.001,0.029894664883613586,39483,3002990,39483,4219,1.0,0.001404933083360251
designed_e4_raw,dos,time_quartile_1,0.001,0.029894664883613586,39483,721134,39483,498,1.0,0.0006905790047342103
designed_e4_raw,dos,time_quartile_2,0.001,0.029894664883613586,0,760619,0,282,,0.0003707506649189673
designed_e4_raw,dos,time_quartile_3,0.001,0.029894664883613586,0,760618,0,460,,0.00060477138326992
designed_e4_raw,dos,time_quartile_4,0.001,0.029894664883613586,0,760619,0,2979,,0.003916546917707814
designed_e4_raw,dos,full_test,0.01,0.004654482007026672,39483,3002990,39483,25517,1.0,0.008497197792866442
designed_e4_raw,dos,time_quartile_1,0.01,0.004654482007026672,39483,721134,39483,17928,1.0,0.02486084417043157
designed_e4_raw,dos,time_quartile_2,0.01,0.004654482007026672,0,760619,0,1590,,0.0020904026851814115
designed_e4_raw,dos,time_quartile_3,0.01,0.004654482007026672,0,760618,0,1565,,0.002057537423516141
designed_e4_raw,dos,time_quartile_4,0.01,0.004654482007026672,0,760619,0,4434,,0.005829462582449294
designed_e4_raw,infiltration,full_test,0.001,0.971461832523346,8742,3033731,978,30,0.11187371310912834,9.888813477529815e-06
designed_e4_raw,infiltration,time_quartile_1,0.001,0.971461832523346,0,760617,0,8,,1.0517777015238944e-05
designed_e4_raw,infiltration,time_quartile_2,0.001,0.971461832523346,8028,752591,978,11,0.1218236173393124,1.4616172662176401e-05
designed_e4_raw,infiltration,time_quartile_3,0.001,0.971461832523346,714,759904,0,4,0.0,5.263822798669305e-06
designed_e4_raw,infiltration,time_quartile_4,0.001,0.971461832523346,0,760619,0,7,,9.203030689477913e-06
designed_e4_raw,infiltration,full_test,0.01,0.7639138698577881,8742,3033731,1515,12411,0.1733013040494166,0.004091002135654084
designed_e4_raw,infiltration,time_quartile_1,0.01,0.7639138698577881,0,760617,0,2230,,0.0029318303429978557
designed_e4_raw,infiltration,time_quartile_2,0.01,0.7639138698577881,8028,752591,1441,3667,0.17949676133532635,0.004872500468381897
designed_e4_raw,infiltration,time_quartile_3,0.01,0.7639138698577881,714,759904,74,3896,0.10364145658263306,0.005126963405903903
designed_e4_raw,infiltration,time_quartile_4,0.01,0.7639138698577881,0,760619,0,2618,,0.003441933477864739
designed_e4_raw,web_attacks,full_test,0.001,0.8650095462799072,127,3042346,111,390,0.8740157480314961,0.0001281905476891846
designed_e4_raw,web_attacks,time_quartile_1,0.001,0.8650095462799072,127,760490,111,115,0.8740157480314961,0.00015121829346868466
designed_e4_raw,web_attacks,time_quartile_2,0.001,0.8650095462799072,0,760619,0,202,,0.000265573171324934
designed_e4_raw,web_attacks,time_quartile_3,0.001,0.8650095462799072,0,760618,0,34,,4.4700493546037564e-05
designed_e4_raw,web_attacks,time_quartile_4,0.001,0.8650095462799072,0,760619,0,39,,5.127402812709122e-05
designed_e4_raw,web_attacks,full_test,0.01,0.183702290058136,127,3042346,125,11245,0.984251968503937,0.0036961607917048223
designed_e4_raw,web_attacks,time_quartile_1,0.01,0.183702290058136,127,760490,125,2989,0.984251968503937,0.003930360688503465
designed_e4_raw,web_attacks,time_quartile_2,0.01,0.183702290058136,0,760619,0,2925,,0.003845552109531842
designed_e4_raw,web_attacks,time_quartile_3,0.01,0.183702290058136,0,760618,0,2793,,0.0036720140727671447
designed_e4_raw,web_attacks,time_quartile_4,0.01,0.183702290058136,0,760619,0,2538,,0.003336755984270706
designed_e4_calibrated,benign,full_test,0.001,0.7824545502662659,2652203,390270,1558519,315,0.5876318667914937,0.0008071335229456531
designed_e4_calibrated,benign,time_quartile_1,0.001,0.7824545502662659,420631,339986,233177,1,0.5543504877196402,2.9412975828416463e-06
designed_e4_calibrated,benign,time_quartile_2,0.001,0.7824545502662659,752591,8028,450216,304,0.59822134466131,0.037867463876432486
designed_e4_calibrated,benign,time_quartile_3,0.001,0.7824545502662659,759904,714,434639,10,0.5719656693477071,0.014005602240896359
designed_e4_calibrated,benign,time_quartile_4,0.001,0.7824545502662659,719077,41542,440487,0,0.6125727842776225,0.0
designed_e4_calibrated,benign,full_test,0.01,0.4259974956512451,2652203,390270,2302377,3223,0.8680998400197873,0.00825838522048838
designed_e4_calibrated,benign,time_quartile_1,0.01,0.4259974956512451,420631,339986,346672,2,0.8241713045400838,5.8825951656832925e-06
designed_e4_calibrated,benign,time_quartile_2,0.01,0.4259974956512451,752591,8028,657912,2920,0.8741959444107091,0.3637269556552068
designed_e4_calibrated,benign,time_quartile_3,0.01,0.4259974956512451,759904,714,659036,181,0.8672621804859562,0.2535014005602241
designed_e4_calibrated,benign,time_quartile_4,0.01,0.4259974956512451,719077,41542,638757,120,0.888301252856092,0.002888642819315392
designed_e4_calibrated,bot,full_test,0.001,0.16772647202014923,41542,3000931,41422,707,0.9971113571806846,0.00023559355413370052
designed_e4_calibrated,bot,time_quartile_1,0.001,0.16772647202014923,0,760617,0,135,,0.0001774874871321572
designed_e4_calibrated,bot,time_quartile_2,0.001,0.16772647202014923,0,760619,0,201,,0.0002642584526550086
designed_e4_calibrated,bot,time_quartile_3,0.001,0.16772647202014923,0,760618,0,233,,0.0003063298528301986
designed_e4_calibrated,bot,time_quartile_4,0.001,0.16772647202014923,41542,719077,41422,138,0.9971113571806846,0.00019191268807095763
designed_e4_calibrated,bot,full_test,0.01,0.01997346803545952,41542,3000931,41422,4279,0.9971113571806846,0.001425890831878507
designed_e4_calibrated,bot,time_quartile_1,0.01,0.01997346803545952,0,760617,0,748,,0.0009834121509248413
designed_e4_calibrated,bot,time_quartile_2,0.01,0.01997346803545952,0,760619,0,1207,,0.0015868654345999771
designed_e4_calibrated,bot,time_quartile_3,0.01,0.01997346803545952,0,760618,0,1294,,0.0017012481955462533
designed_e4_calibrated,bot,time_quartile_4,0.01,0.01997346803545952,41542,719077,41422,1030,0.9971113571806846,0.0014323918022687418
designed_e4_calibrated,brute_force,full_test,0.001,0.012866811826825142,37696,3004777,37696,672,1.0,0.0002236438843880927
designed_e4_calibrated,brute_force,time_quartile_1,0.001,0.012866811826825142,37696,722921,37696,122,1.0,0.00016875979533033345
designed_e4_calibrated,brute_force,time_quartile_2,0.001,0.012866811826825142,0,760619,0,139,,0.00018274589511963282
designed_e4_calibrated,brute_force,time_quartile_3,0.001,0.012866811826825142,0,760618,0,185,,0.00024322327370638087
designed_e4_calibrated,brute_force,time_quartile_4,0.001,0.012866811826825142,0,760619,0,226,,0.00029712641940314404
designed_e4_calibrated,brute_force,full_test,0.01,0.004721558187156916,37696,3004777,37696,12242,1.0,0.0040741792152961765
designed_e4_calibrated,brute_force,time_quartile_1,0.01,0.004721558187156916,37696,722921,37696,8112,1.0,0.011221143112456271
designed_e4_calibrated,brute_force,time_quartile_2,0.01,0.004721558187156916,0,760619,0,381,,0.0005009078132415835
designed_e4_calibrated,brute_force,time_quartile_3,0.01,0.004721558187156916,0,760618,0,535,,0.0007033754131508853
designed_e4_calibrated,brute_force,time_quartile_4,0.01,0.004721558187156916,0,760619,0,3214,,0.004225505805140287
designed_e4_calibrated,ddos,full_test,0.001,0.036982279270887375,262680,2779793,262680,1487,1.0,0.000534931917592425
designed_e4_calibrated,ddos,time_quartile_1,0.001,0.036982279270887375,262680,497937,262680,471,1.0,0.000945902794931889
designed_e4_calibrated,ddos,time_quartile_2,0.001,0.036982279270887375,0,760619,0,319,,0.0004193952557062077
designed_e4_calibrated,ddos,time_quartile_3,0.001,0.036982279270887375,0,760618,0,413,,0.0005429795245445151
designed_e4_calibrated,ddos,time_quartile_4,0.001,0.036982279270887375,0,760619,0,284,,0.00037338010225881815
designed_e4_calibrated,ddos,full_test,0.01,0.013299820013344288,262680,2779793,262680,28419,1.0,0.01022342311100143
designed_e4_calibrated,ddos,time_quartile_1,0.01,0.013299820013344288,262680,497937,262680,22217,1.0,0.04461809425690399
designed_e4_calibrated,ddos,time_quartile_2,0.01,0.013299820013344288,0,760619,0,1132,,0.001488261534355571
designed_e4_calibrated,ddos,time_quartile_3,0.01,0.013299820013344288,0,760618,0,1310,,0.001722283721920859
designed_e4_calibrated,ddos,time_quartile_4,0.01,0.013299820013344288,0,760619,0,3760,,0.004943342198919564
designed_e4_calibrated,dos,full_test,0.001,0.05055767670273781,39483,3002990,39483,4182,1.0,0.00139261203001009
designed_e4_calibrated,dos,time_quartile_1,0.001,0.05055767670273781,39483,721134,39483,516,1.0,0.0007155396916523143
designed_e4_calibrated,dos,time_quartile_2,0.001,0.05055767670273781,0,760619,0,264,,0.00034708572886030985
designed_e4_calibrated,dos,time_quartile_3,0.001,0.05055767670273781,0,760618,0,436,,0.0005732180937080111
designed_e4_calibrated,dos,time_quartile_4,0.001,0.05055767670273781,0,760619,0,2966,,0.003899455574998784
designed_e4_calibrated,dos,full_test,0.01,0.010962935164570808,39483,3002990,39483,29187,1.0,0.009719313084625656
designed_e4_calibrated,dos,time_quartile_1,0.01,0.010962935164570808,39483,721134,39483,21567,1.0,0.029907063042374928
designed_e4_calibrated,dos,time_quartile_2,0.01,0.010962935164570808,0,760619,0,1595,,0.0020969762785310385
designed_e4_calibrated,dos,time_quartile_3,0.01,0.010962935164570808,0,760618,0,1586,,0.002085146551882811
designed_e4_calibrated,dos,time_quartile_4,0.01,0.010962935164570808,0,760619,0,4439,,0.005836036175798922
designed_e4_calibrated,infiltration,full_test,0.001,0.942192018032074,8742,3033731,952,24,0.10889956531686112,7.91105078202385e-06
designed_e4_calibrated,infiltration,time_quartile_1,0.001,0.942192018032074,0,760617,0,7,,9.203054888334076e-06
designed_e4_calibrated,infiltration,time_quartile_2,0.001,0.942192018032074,8028,752591,952,5,0.11858495266567015,6.6437148464438185e-06
designed_e4_calibrated,infiltration,time_quartile_3,0.001,0.942192018032074,714,759904,0,5,0.0,6.579778498336632e-06
designed_e4_calibrated,infiltration,time_quartile_4,0.001,0.942192018032074,0,760619,0,7,,9.203030689477913e-06
designed_e4_calibrated,infiltration,full_test,0.01,0.7179816365242004,8742,3033731,1513,12423,0.17307252345001145,0.004094957661045096
designed_e4_calibrated,infiltration,time_quartile_1,0.01,0.7179816365242004,0,760617,0,2221,,0.002919997843855712
designed_e4_calibrated,infiltration,time_quartile_2,0.01,0.7179816365242004,8028,752591,1439,3669,0.17924763328350773,0.004875157954320474
designed_e4_calibrated,infiltration,time_quartile_3,0.01,0.7179816365242004,714,759904,74,3911,0.10364145658263306,0.005146702741398913
designed_e4_calibrated,infiltration,time_quartile_4,0.01,0.7179816365242004,0,760619,0,2622,,0.0034471923525444407
designed_e4_calibrated,web_attacks,full_test,0.001,0.7950398921966553,127,3042346,111,386,0.8740157480314961,0.0001268757728410904
designed_e4_calibrated,web_attacks,time_quartile_1,0.001,0.7950398921966553,127,760490,111,115,0.8740157480314961,0.00015121829346868466
designed_e4_calibrated,web_attacks,time_quartile_2,0.001,0.7950398921966553,0,760619,0,200,,0.0002629437339850832
designed_e4_calibrated,web_attacks,time_quartile_3,0.001,0.7950398921966553,0,760618,0,33,,4.33857731476247e-05
designed_e4_calibrated,web_attacks,time_quartile_4,0.001,0.7950398921966553,0,760619,0,38,,4.9959309457165805e-05
designed_e4_calibrated,web_attacks,full_test,0.01,0.20106977224349976,127,3042346,125,11611,0.984251968503937,0.0038164626903054418
designed_e4_calibrated,web_attacks,time_quartile_1,0.01,0.20106977224349976,127,760490,125,3057,0.984251968503937,0.00401977672290234
designed_e4_calibrated,web_attacks,time_quartile_2,0.01,0.20106977224349976,0,760619,0,3017,,0.00396650622716498
designed_e4_calibrated,web_attacks,time_quartile_3,0.01,0.20106977224349976,0,760618,0,2899,,0.0038113744349989086
designed_e4_calibrated,web_attacks,time_quartile_4,0.01,0.20106977224349976,0,760619,0,2638,,0.0034682278512632473
matched_random_e1_raw,benign,full_test,0.001,0.9855154752731323,2652203,390270,1584748,294,0.5975213812819004,0.0007533246214159428
matched_random_e1_raw,benign,time_quartile_1,0.001,0.9855154752731323,420631,339986,237192,1,0.5638956710275752,2.9412975828416463e-06
matched_random_e1_raw,benign,time_quartile_2,0.001,0.9855154752731323,752591,8028,455316,281,0.6049979338046828,0.03500249128051819
matched_random_e1_raw,benign,time_quartile_3,0.001,0.9855154752731323,759904,714,449560,12,0.5916010443424432,0.01680672268907563
matched_random_e1_raw,benign,time_quartile_4,0.001,0.9855154752731323,719077,41542,442680,0,0.6156225272119675,0.0
matched_random_e1_raw,benign,full_test,0.01,0.9430713653564453,2652203,390270,2313047,3012,0.8721229106520126,0.007717733876547006
matched_random_e1_raw,benign,time_quartile_1,0.01,0.9430713653564453,420631,339986,373619,27,0.8882345809034522,7.941503473672445e-05
matched_random_e1_raw,benign,time_quartile_2,0.01,0.9430713653564453,752591,8028,658034,2777,0.8743580510529624,0.34591429995017436
matched_random_e1_raw,benign,time_quartile_3,0.01,0.9430713653564453,759904,714,661692,208,0.8707573588242725,0.2913165266106443
matched_random_e1_raw,benign,time_quartile_4,0.01,0.9430713653564453,719077,41542,619702,0,0.8618020045141201,0.0
matched_random_e1_raw,bot,full_test,0.001,0.03732436150312424,41542,3000931,41422,296,0.9971113571806846,9.86360566104319e-05
matched_random_e1_raw,bot,time_quartile_1,0.001,0.03732436150312424,0,760617,0,49,,6.442138421833853e-05
matched_random_e1_raw,bot,time_quartile_2,0.001,0.03732436150312424,0,760619,0,106,,0.0001393601790120941
matched_random_e1_raw,bot,time_quartile_3,0.001,0.03732436150312424,0,760618,0,69,,9.0715707490488e-05
matched_random_e1_raw,bot,time_quartile_4,0.001,0.03732436150312424,41542,719077,41422,72,0.9971113571806846,0.00010012835899354312
matched_random_e1_raw,bot,full_test,0.01,0.012414999306201935,41542,3000931,41422,4322,0.9971113571806846,0.001440219718480698
matched_random_e1_raw,bot,time_quartile_1,0.01,0.012414999306201935,0,760617,0,3621,,0.0047606088215225275
matched_random_e1_raw,bot,time_quartile_2,0.01,0.012414999306201935,0,760619,0,253,,0.00033262382349113026
matched_random_e1_raw,bot,time_quartile_3,0.01,0.012414999306201935,0,760618,0,141,,0.00018537557617621462
matched_random_e1_raw,bot,time_quartile_4,0.01,0.012414999306201935,41542,719077,41422,307,0.9971113571806846,0.00042693619737524635
matched_random_e1_raw,brute_force,full_test,0.001,0.0002836009953171015,37696,3004777,37696,7734,1.0,0.0025739014908593883
matched_random_e1_raw,brute_force,time_quartile_1,0.001,0.0002836009953171015,37696,722921,37696,7042,1.0,0.009741036710788593
matched_random_e1_raw,brute_force,time_quartile_2,0.001,0.0002836009953171015,0,760619,0,176,,0.00023139048590687321
matched_random_e1_raw,brute_force,time_quartile_3,0.001,0.0002836009953171015,0,760618,0,92,,0.000120954276653984
matched_random_e1_raw,brute_force,time_quartile_4,0.001,0.0002836009953171015,0,760619,0,424,,0.0005574407160483764
matched_random_e1_raw,brute_force,full_test,0.01,0.000171187988598831,37696,3004777,37696,27722,1.0,0.009225975837807598
matched_random_e1_raw,brute_force,time_quartile_1,0.01,0.000171187988598831,37696,722921,37696,24119,1.0,0.033363258226002564
matched_random_e1_raw,brute_force,time_quartile_2,0.01,0.000171187988598831,0,760619,0,258,,0.00033919741684075734
matched_random_e1_raw,brute_force,time_quartile_3,0.01,0.000171187988598831,0,760618,0,179,,0.00023533495131590365
matched_random_e1_raw,brute_force,time_quartile_4,0.01,0.000171187988598831,0,760619,0,3166,,0.004162399308983867
matched_random_e1_raw,ddos,full_test,0.001,0.0009990026010200381,262680,2779793,262680,4128,1.0,0.0014850026602700273
matched_random_e1_raw,ddos,time_quartile_1,0.001,0.0009990026010200381,262680,497937,262680,673,1.0,0.0013515766050725294
matched_random_e1_raw,ddos,time_quartile_2,0.001,0.0009990026010200381,0,760619,0,248,,0.00032605023014150317
matched_random_e1_raw,ddos,time_quartile_3,0.001,0.0009990026010200381,0,760618,0,133,,0.00017485781298891165
matched_random_e1_raw,ddos,time_quartile_4,0.001,0.0009990026010200381,0,760619,0,3074,,0.004041445191350729
matched_random_e1_raw,ddos,full_test,0.01,0.0005416650674305856,262680,2779793,262680,5036,1.0,0.0018116456872867871
matched_random_e1_raw,ddos,time_quartile_1,0.01,0.0005416650674305856,262680,497937,262680,748,1.0,0.001502198069233658
matched_random_e1_raw,ddos,time_quartile_2,0.01,0.0005416650674305856,0,760619,0,346,,0.0004548926597941939
matched_random_e1_raw,ddos,time_quartile_3,0.01,0.0005416650674305856,0,760618,0,174,,0.0002287613493238393
matched_random_e1_raw,ddos,time_quartile_4,0.01,0.0005416650674305856,0,760619,0,3768,,0.004953859948278967
matched_random_e1_raw,dos,full_test,0.001,0.003740105777978897,39483,3002990,39479,12203,0.9998986905756908,0.0040636165954598584
matched_random_e1_raw,dos,time_quartile_1,0.001,0.003740105777978897,39483,721134,39479,11558,0.9998986905756908,0.016027534411080326
matched_random_e1_raw,dos,time_quartile_2,0.001,0.003740105777978897,0,760619,0,240,,0.00031553248078209983
matched_random_e1_raw,dos,time_quartile_3,0.001,0.003740105777978897,0,760618,0,243,,0.0003194770568143273
matched_random_e1_raw,dos,time_quartile_4,0.001,0.003740105777978897,0,760619,0,162,,0.0002129844245279174
matched_random_e1_raw,dos,full_test,0.01,0.0019317477708682418,39483,3002990,39479,55914,0.9998986905756908,0.018619442622186556
matched_random_e1_raw,dos,time_quartile_1,0.01,0.0019317477708682418,39483,721134,39479,52318,0.9998986905756908,0.07254962323229802
matched_random_e1_raw,dos,time_quartile_2,0.01,0.0019317477708682418,0,760619,0,322,,0.00042333941171598396
matched_random_e1_raw,dos,time_quartile_3,0.01,0.0019317477708682418,0,760618,0,335,,0.0004404313334683113
matched_random_e1_raw,dos,time_quartile_4,0.01,0.0019317477708682418,0,760619,0,2939,,0.0038639581709107975
matched_random_e1_raw,infiltration,full_test,0.001,0.9962515234947205,8742,3033731,656,20,0.0750400366048959,6.592542318353209e-06
matched_random_e1_raw,infiltration,time_quartile_1,0.001,0.9962515234947205,0,760617,0,15,,1.972083190357302e-05
matched_random_e1_raw,infiltration,time_quartile_2,0.001,0.9962515234947205,8028,752591,656,5,0.0817140009965122,6.6437148464438185e-06
matched_random_e1_raw,infiltration,time_quartile_3,0.001,0.9962515234947205,714,759904,0,0,0.0,0.0
matched_random_e1_raw,infiltration,time_quartile_4,0.001,0.9962515234947205,0,760619,0,0,,0.0
matched_random_e1_raw,infiltration,full_test,0.01,0.20913709700107574,8742,3033731,2179,11127,0.2492564630519332,0.003667760918815808
matched_random_e1_raw,infiltration,time_quartile_1,0.01,0.20913709700107574,0,760617,0,1539,,0.002023357353306592
matched_random_e1_raw,infiltration,time_quartile_2,0.01,0.20913709700107574,8028,752591,2115,3449,0.26345291479820626,0.0045828345010769465
matched_random_e1_raw,infiltration,time_quartile_3,0.01,0.20913709700107574,714,759904,64,3612,0.0896358543417367,0.004753231987198383
matched_random_e1_raw,infiltration,time_quartile_4,0.01,0.20913709700107574,0,760619,0,2527,,0.0033222940789015263
matched_random_e1_raw,web_attacks,full_test,0.001,0.2942753732204437,127,3042346,76,352,0.5984251968503937,0.00011570018663228968
matched_random_e1_raw,web_attacks,time_quartile_1,0.001,0.2942753732204437,127,760490,76,103,0.5984251968503937,0.000135438993280648
matched_random_e1_raw,web_attacks,time_quartile_2,0.001,0.2942753732204437,0,760619,0,174,,0.00022876104856702238
matched_random_e1_raw,web_attacks,time_quartile_3,0.001,0.2942753732204437,0,760618,0,40,,5.258881593651478e-05
matched_random_e1_raw,web_attacks,time_quartile_4,0.001,0.2942753732204437,0,760619,0,35,,4.601515344738956e-05
matched_random_e1_raw,web_attacks,full_test,0.01,0.03416857868432999,127,3042346,124,31194,0.9763779527559056,0.010253271652862626
matched_random_e1_raw,web_attacks,time_quartile_1,0.01,0.03416857868432999,127,760490,124,26151,0.9763779527559056,0.034387039934778894
matched_random_e1_raw,web_attacks,time_quartile_2,0.01,0.03416857868432999,0,760619,0,996,,0.0013094597952457143
matched_random_e1_raw,web_attacks,time_quartile_3,0.01,0.03416857868432999,0,760618,0,604,,0.0007940911206413732
matched_random_e1_raw,web_attacks,time_quartile_4,0.01,0.03416857868432999,0,760619,0,3443,,0.004526576380553207
matched_random_e1_calibrated,benign,full_test,0.001,0.9659081101417542,2652203,390270,1551736,294,0.5850743702499394,0.0007533246214159428
matched_random_e1_calibrated,benign,time_quartile_1,0.001,0.9659081101417542,420631,339986,230463,1,0.5478982766367672,2.9412975828416463e-06
matched_random_e1_calibrated,benign,time_quartile_2,0.001,0.9659081101417542,752591,8028,446368,281,0.5931083417154869,0.03500249128051819
matched_random_e1_calibrated,benign,time_quartile_3,0.001,0.9659081101417542,759904,714,440429,12,0.5795850528487809,0.01680672268907563
matched_random_e1_calibrated,benign,time_quartile_4,0.001,0.9659081101417542,719077,41542,434476,0,0.6042134569733144,0.0
matched_random_e1_calibrated,benign,full_test,0.01,0.902884304523468,2652203,390270,2317713,3011,0.8738822028328902,0.007715171547902734
matched_random_e1_calibrated,benign,time_quartile_1,0.01,0.902884304523468,420631,339986,374388,21,0.8900627866229546,6.176724923967457e-05
matched_random_e1_calibrated,benign,time_quartile_2,0.01,0.902884304523468,752591,8028,659298,2780,0.8760375821661434,0.34628799202790234
matched_random_e1_calibrated,benign,time_quartile_3,0.01,0.902884304523468,759904,714,663129,210,0.8726483871646945,0.29411764705882354
matched_random_e1_calibrated,benign,time_quartile_4,0.01,0.902884304523468,719077,41542,620898,0,0.8634652478107352,0.0
matched_random_e1_calibrated,bot,full_test,0.001,0.06120968610048294,41542,3000931,41422,330,0.9971113571806846,0.00010996587392379232
matched_random_e1_calibrated,bot,time_quartile_1,0.001,0.06120968610048294,0,760617,0,54,,7.099499485286287e-05
matched_random_e1_calibrated,bot,time_quartile_2,0.001,0.06120968610048294,0,760619,0,120,,0.00015776624039104991
matched_random_e1_calibrated,bot,time_quartile_3,0.001,0.06120968610048294,0,760618,0,79,,0.00010386291147461669
matched_random_e1_calibrated,bot,time_quartile_4,0.001,0.06120968610048294,41542,719077,41422,77,0.9971113571806846,0.00010708171725698361
matched_random_e1_calibrated,bot,full_test,0.01,0.028008850291371346,41542,3000931,41422,5297,0.9971113571806846,0.0017651188914373573
matched_random_e1_calibrated,bot,time_quartile_1,0.01,0.028008850291371346,0,760617,0,4613,,0.006064813171412156
matched_random_e1_calibrated,bot,time_quartile_2,0.01,0.028008850291371346,0,760619,0,249,,0.0003273649488114286
matched_random_e1_calibrated,bot,time_quartile_3,0.01,0.028008850291371346,0,760618,0,141,,0.00018537557617621462
matched_random_e1_calibrated,bot,time_quartile_4,0.01,0.028008850291371346,41542,719077,41422,294,0.9971113571806846,0.00040885746589030105
matched_random_e1_calibrated,brute_force,full_test,0.001,0.0012315065832808614,37696,3004777,37696,7651,1.0,0.0025462788087102636
matched_random_e1_calibrated,brute_force,time_quartile_1,0.001,0.0012315065832808614,37696,722921,37696,6942,1.0,0.009602709009698155
matched_random_e1_calibrated,brute_force,time_quartile_2,0.001,0.0012315065832808614,0,760619,0,182,,0.00023927879792642572
matched_random_e1_calibrated,brute_force,time_quartile_3,0.001,0.0012315065832808614,0,760618,0,102,,0.0001341014806381127
matched_random_e1_calibrated,brute_force,time_quartile_4,0.001,0.0012315065832808614,0,760619,0,425,,0.0005587554347183018
matched_random_e1_calibrated,brute_force,full_test,0.01,0.0008686889195814729,37696,3004777,37696,25863,1.0,0.008607294318347085
matched_random_e1_calibrated,brute_force,time_quartile_1,0.01,0.0008686889195814729,37696,722921,37696,22228,1.0,0.030747481398382397
matched_random_e1_calibrated,brute_force,time_quartile_2,0.01,0.0008686889195814729,0,760619,0,259,,0.00034051213551068276
matched_random_e1_calibrated,brute_force,time_quartile_3,0.01,0.0008686889195814729,0,760618,0,184,,0.000241908553307968
matched_random_e1_calibrated,brute_force,time_quartile_4,0.01,0.0008686889195814729,0,760619,0,3192,,0.0041965819944019276
matched_random_e1_calibrated,ddos,full_test,0.001,0.0034191813319921494,262680,2779793,262680,4175,1.0,0.0015019103940473266
matched_random_e1_calibrated,ddos,time_quartile_1,0.001,0.0034191813319921494,262680,497937,262680,677,1.0,0.0013596097498277894
matched_random_e1_calibrated,ddos,time_quartile_2,0.001,0.0034191813319921494,0,760619,0,253,,0.00033262382349113026
matched_random_e1_calibrated,ddos,time_quartile_3,0.001,0.0034191813319921494,0,760618,0,139,,0.00018274613537938887
matched_random_e1_calibrated,ddos,time_quartile_4,0.001,0.0034191813319921494,0,760619,0,3106,,0.004083516188788342
matched_random_e1_calibrated,ddos,full_test,0.01,0.002310654381290078,262680,2779793,262680,5095,1.0,0.0018328702892625459
matched_random_e1_calibrated,ddos,time_quartile_1,0.01,0.002310654381290078,262680,497937,262680,739,1.0,0.0014841234935343225
matched_random_e1_calibrated,ddos,time_quartile_2,0.01,0.002310654381290078,0,760619,0,335,,0.0004404307544250144
matched_random_e1_calibrated,ddos,time_quartile_3,0.01,0.002310654381290078,0,760618,0,168,,0.00022087302693336207
matched_random_e1_calibrated,ddos,time_quartile_4,0.01,0.002310654381290078,0,760619,0,3853,,0.005065611035222628
matched_random_e1_calibrated,dos,full_test,0.001,0.00983384158462286,39483,3002990,39479,12105,0.9998986905756908,0.004030982454154027
matched_random_e1_calibrated,dos,time_quartile_1,0.001,0.00983384158462286,39483,721134,39479,11433,0.9998986905756908,0.01585419630748238
matched_random_e1_calibrated,dos,time_quartile_2,0.001,0.00983384158462286,0,760619,0,246,,0.00032342079280165233
matched_random_e1_calibrated,dos,time_quartile_3,0.001,0.00983384158462286,0,760618,0,256,,0.0003365684219936946
matched_random_e1_calibrated,dos,time_quartile_4,0.001,0.00983384158462286,0,760619,0,170,,0.0002235021738873207
matched_random_e1_calibrated,dos,full_test,0.01,0.006155093666166067,39483,3002990,39479,55591,0.9998986905756908,0.018511883156454068
matched_random_e1_calibrated,dos,time_quartile_1,0.01,0.006155093666166067,39483,721134,39479,52005,0.9998986905756908,0.07211558462088877
matched_random_e1_calibrated,dos,time_quartile_2,0.01,0.006155093666166067,0,760619,0,318,,0.0004180805370362823
matched_random_e1_calibrated,dos,time_quartile_3,0.01,0.006155093666166067,0,760618,0,341,,0.00044831965585878853
matched_random_e1_calibrated,dos,time_quartile_4,0.01,0.006155093666166067,0,760619,0,2927,,0.0038481815468716925
matched_random_e1_calibrated,infiltration,full_test,0.001,0.9877981543540955,8742,3033731,652,18,0.07458247540608556,5.9332880865178884e-06
matched_random_e1_calibrated,infiltration,time_quartile_1,0.001,0.9877981543540955,0,760617,0,13,,1.7091387649763285e-05
matched_random_e1_calibrated,infiltration,time_quartile_2,0.001,0.9877981543540955,8028,752591,652,5,0.08121574489287493,6.6437148464438185e-06
matched_random_e1_calibrated,infiltration,time_quartile_3,0.001,0.9877981543540955,714,759904,0,0,0.0,0.0
matched_random_e1_calibrated,infiltration,time_quartile_4,0.001,0.9877981543540955,0,760619,0,0,,0.0
matched_random_e1_calibrated,infiltration,full_test,0.01,0.2559751570224762,8742,3033731,2195,11220,0.2510867078471746,0.0036984162405961506
matched_random_e1_calibrated,infiltration,time_quartile_1,0.01,0.2559751570224762,0,760617,0,1548,,0.002035189852448736
matched_random_e1_calibrated,infiltration,time_quartile_2,0.01,0.2559751570224762,8028,752591,2131,3474,0.26544593921275533,0.004616053075309165
matched_random_e1_calibrated,infiltration,time_quartile_3,0.01,0.2559751570224762,714,759904,64,3647,0.0896358543417367,0.004799290436686739
matched_random_e1_calibrated,infiltration,time_quartile_4,0.01,0.2559751570224762,0,760619,0,2551,,0.0033538473269797363
matched_random_e1_calibrated,web_attacks,full_test,0.001,0.32069632411003113,127,3042346,76,357,0.5984251968503937,0.00011734365519240744
matched_random_e1_calibrated,web_attacks,time_quartile_1,0.001,0.32069632411003113,127,760490,76,103,0.5984251968503937,0.000135438993280648
matched_random_e1_calibrated,web_attacks,time_quartile_2,0.001,0.32069632411003113,0,760619,0,180,,0.00023664936058657489
matched_random_e1_calibrated,web_attacks,time_quartile_3,0.001,0.32069632411003113,0,760618,0,40,,5.258881593651478e-05
matched_random_e1_calibrated,web_attacks,time_quartile_4,0.001,0.32069632411003113,0,760619,0,34,,4.470043477746414e-05
matched_random_e1_calibrated,web_attacks,full_test,0.01,0.05800376459956169,127,3042346,124,31433,0.9763779527559056,0.010331829450036255
matched_random_e1_calibrated,web_attacks,time_quartile_1,0.01,0.05800376459956169,127,760490,124,26224,0.9763779527559056,0.03448303067758945
matched_random_e1_calibrated,web_attacks,time_quartile_2,0.01,0.05800376459956169,0,760619,0,1054,,0.0013857134781013886
matched_random_e1_calibrated,web_attacks,time_quartile_3,0.01,0.05800376459956169,0,760618,0,665,,0.0008742890649445583
matched_random_e1_calibrated,web_attacks,time_quartile_4,0.01,0.05800376459956169,0,760619,0,3490,,0.004588368158039702
matched_random_e2_raw,benign,full_test,0.001,0.8426032066345215,2652203,390270,1633493,407,0.6159004420099065,0.0010428677582186691
matched_random_e2_raw,benign,time_quartile_1,0.001,0.8426032066345215,420631,339986,244034,1,0.5801617094317822,2.9412975828416463e-06
matched_random_e2_raw,benign,time_quartile_2,0.001,0.8426032066345215,752591,8028,470183,317,0.6247523555290988,0.039486796213253614
matched_random_e2_raw,benign,time_quartile_3,0.001,0.8426032066345215,759904,714,458773,16,0.6037249442034783,0.022408963585434174
matched_random_e2_raw,benign,time_quartile_4,0.001,0.8426032066345215,719077,41542,460503,73,0.6404084680778276,0.0017572577150835298
matched_random_e2_raw,benign,full_test,0.01,0.3789914846420288,2652203,390270,2318715,2883,0.8742600019681751,0.007387193481435929
matched_random_e2_raw,benign,time_quartile_1,0.01,0.3789914846420288,420631,339986,369845,7,0.8792623463320582,2.0589083079891523e-05
matched_random_e2_raw,benign,time_quartile_2,0.01,0.3789914846420288,752591,8028,656106,2533,0.8717962346081737,0.31552067762830094
matched_random_e2_raw,benign,time_quartile_3,0.01,0.3789914846420288,759904,714,661745,223,0.8708271044763549,0.3123249299719888
matched_random_e2_raw,benign,time_quartile_4,0.01,0.3789914846420288,719077,41542,631019,120,0.8775402356075914,0.002888642819315392
matched_random_e2_raw,bot,full_test,0.001,0.042129047214984894,41542,3000931,41422,1100,0.9971113571806846,0.0003665529130793077
matched_random_e2_raw,bot,time_quartile_1,0.001,0.042129047214984894,0,760617,0,224,,0.00029449775642669045
matched_random_e2_raw,bot,time_quartile_2,0.001,0.042129047214984894,0,760619,0,307,,0.0004036186316671027
matched_random_e2_raw,bot,time_quartile_3,0.001,0.042129047214984894,0,760618,0,371,,0.00048776126781117457
matched_random_e2_raw,bot,time_quartile_4,0.001,0.042129047214984894,41542,719077,41422,198,0.9971113571806846,0.0002753529872322436
matched_random_e2_raw,bot,full_test,0.01,0.005162858869880438,41542,3000931,41422,5951,0.9971113571806846,0.001983051259759055
matched_random_e2_raw,bot,time_quartile_1,0.01,0.005162858869880438,0,760617,0,1524,,0.002003636521403019
matched_random_e2_raw,bot,time_quartile_2,0.01,0.005162858869880438,0,760619,0,1416,,0.001861641636614389
matched_random_e2_raw,bot,time_quartile_3,0.01,0.005162858869880438,0,760618,0,1925,,0.002530836766944774
matched_random_e2_raw,bot,time_quartile_4,0.01,0.005162858869880438,41542,719077,41422,1086,0.9971113571806846,0.0015102694148192753
matched_random_e2_raw,brute_force,full_test,0.001,0.0028143608942627907,37696,3004777,37696,1402,1.0,0.0004665903659406339
matched_random_e2_raw,brute_force,time_quartile_1,0.001,0.0028143608942627907,37696,722921,37696,742,1.0,0.0010263915420910446
matched_random_e2_raw,brute_force,time_quartile_2,0.001,0.0028143608942627907,0,760619,0,197,,0.00025899957797530693
matched_random_e2_raw,brute_force,time_quartile_3,0.001,0.0028143608942627907,0,760618,0,231,,0.00030370041203337287
matched_random_e2_raw,brute_force,time_quartile_4,0.001,0.0028143608942627907,0,760619,0,232,,0.0003050147314226965
matched_random_e2_raw,brute_force,full_test,0.01,0.0018444127636030316,37696,3004777,37696,27249,1.0,0.009068559829897526
matched_random_e2_raw,brute_force,time_quartile_1,0.01,0.0018444127636030316,37696,722921,37696,22724,1.0,0.03143358679579097
matched_random_e2_raw,brute_force,time_quartile_2,0.01,0.0018444127636030316,0,760619,0,526,,0.0006915420203807689
matched_random_e2_raw,brute_force,time_quartile_3,0.01,0.0018444127636030316,0,760618,0,740,,0.0009728930948255235
matched_random_e2_raw,brute_force,time_quartile_4,0.01,0.0018444127636030316,0,760619,0,3259,,0.004284668145286931
matched_random_e2_raw,ddos,full_test,0.001,0.027292322367429733,262680,2779793,262680,2752,1.0,0.0009900017735133516
matched_random_e2_raw,ddos,time_quartile_1,0.001,0.027292322367429733,262680,497937,262680,2279,1.0,0.004576884224309501
matched_random_e2_raw,ddos,time_quartile_2,0.001,0.027292322367429733,0,760619,0,156,,0.0002050961125083649
matched_random_e2_raw,ddos,time_quartile_3,0.001,0.027292322367429733,0,760618,0,164,,0.0002156141453397106
matched_random_e2_raw,ddos,time_quartile_4,0.001,0.027292322367429733,0,760619,0,153,,0.00020115195649858864
matched_random_e2_raw,ddos,full_test,0.01,0.004002910107374191,262680,2779793,262680,33646,1.0,0.01210377895044703
matched_random_e2_raw,ddos,time_quartile_1,0.01,0.004002910107374191,262680,497937,262680,24653,1.0,0.04951027941285745
matched_random_e2_raw,ddos,time_quartile_2,0.01,0.004002910107374191,0,760619,0,2109,,0.0027727416748727024
matched_random_e2_raw,ddos,time_quartile_3,0.01,0.004002910107374191,0,760618,0,2400,,0.003155328956190887
matched_random_e2_raw,ddos,time_quartile_4,0.01,0.004002910107374191,0,760619,0,4484,,0.005895198515945566
matched_random_e2_raw,dos,full_test,0.001,0.08263790607452393,39483,3002990,39479,2465,0.9998986905756908,0.00082084855427424
matched_random_e2_raw,dos,time_quartile_1,0.001,0.08263790607452393,39483,721134,39479,548,0.9998986905756908,0.000759914246173388
matched_random_e2_raw,dos,time_quartile_2,0.001,0.08263790607452393,0,760619,0,718,,0.0009439680050064487
matched_random_e2_raw,dos,time_quartile_3,0.001,0.08263790607452393,0,760618,0,677,,0.0008900657097255126
matched_random_e2_raw,dos,time_quartile_4,0.001,0.08263790607452393,0,760619,0,522,,0.0006862831457010672
matched_random_e2_raw,dos,full_test,0.01,0.016394922509789467,39483,3002990,39483,34259,1.0,0.011408296397923403
matched_random_e2_raw,dos,time_quartile_1,0.01,0.016394922509789467,39483,721134,39483,23140,1.0,0.032088349738051455
matched_random_e2_raw,dos,time_quartile_2,0.01,0.016394922509789467,0,760619,0,2995,,0.003937582416426621
matched_random_e2_raw,dos,time_quartile_3,0.01,0.016394922509789467,0,760618,0,2768,,0.003639146062806823
matched_random_e2_raw,dos,time_quartile_4,0.01,0.016394922509789467,0,760619,0,5356,,0.007041633196120528
matched_random_e2_raw,infiltration,full_test,0.001,0.9952321648597717,8742,3033731,673,37,0.07698467169983986,1.2196203288953437e-05
matched_random_e2_raw,infiltration,time_quartile_1,0.001,0.9952321648597717,0,760617,0,3,,3.944166380714604e-06
matched_random_e2_raw,infiltration,time_quartile_2,0.001,0.9952321648597717,8028,752591,673,8,0.0838315894369706,1.062994375431011e-05
matched_random_e2_raw,infiltration,time_quartile_3,0.001,0.9952321648597717,714,759904,0,16,0.0,2.105529119467722e-05
matched_random_e2_raw,infiltration,time_quartile_4,0.001,0.9952321648597717,0,760619,0,10,,1.314718669925416e-05
matched_random_e2_raw,infiltration,full_test,0.01,0.8415800333023071,8742,3033731,2839,14943,0.32475406085563946,0.004925617993157601
matched_random_e2_raw,infiltration,time_quartile_1,0.01,0.8415800333023071,0,760617,0,2674,,0.003515566967343617
matched_random_e2_raw,infiltration,time_quartile_2,0.01,0.8415800333023071,8028,752591,2732,4137,0.3403089187842551,0.005497009663947615
matched_random_e2_raw,infiltration,time_quartile_3,0.01,0.8415800333023071,714,759904,107,4816,0.14985994397759103,0.006337642649597844
matched_random_e2_raw,infiltration,time_quartile_4,0.01,0.8415800333023071,0,760619,0,3316,,0.00435960710947268
matched_random_e2_raw,web_attacks,full_test,0.001,0.9071086049079895,127,3042346,78,317,0.6141732283464567,0.00010419590671146543
matched_random_e2_raw,web_attacks,time_quartile_1,0.001,0.9071086049079895,127,760490,78,99,0.6141732283464567,0.00013017922655130245
matched_random_e2_raw,web_attacks,time_quartile_2,0.001,0.9071086049079895,0,760619,0,184,,0.00024190823526627656
matched_random_e2_raw,web_attacks,time_quartile_3,0.001,0.9071086049079895,0,760618,0,20,,2.629440796825739e-05
matched_random_e2_raw,web_attacks,time_quartile_4,0.001,0.9071086049079895,0,760619,0,14,,1.8406061378955825e-05
matched_random_e2_raw,web_attacks,full_test,0.01,0.18739068508148193,127,3042346,125,20230,0.984251968503937,0.006649473794236422
matched_random_e2_raw,web_attacks,time_quartile_1,0.01,0.18739068508148193,127,760490,125,12056,0.984251968503937,0.0158529369222475
matched_random_e2_raw,web_attacks,time_quartile_2,0.01,0.18739068508148193,0,760619,0,2774,,0.003647029590373104
matched_random_e2_raw,web_attacks,time_quartile_3,0.01,0.18739068508148193,0,760618,0,2915,,0.003832409961373515
matched_random_e2_raw,web_attacks,time_quartile_4,0.01,0.18739068508148193,0,760619,0,2485,,0.003267075894764659
matched_random_e2_calibrated,benign,full_test,0.001,0.7924388647079468,2652203,390270,1630252,364,0.6146784390184311,0.0009326876265149768
matched_random_e2_calibrated,benign,time_quartile_1,0.001,0.7924388647079468,420631,339986,243534,1,0.5789730191070083,2.9412975828416463e-06
matched_random_e2_calibrated,benign,time_quartile_2,0.001,0.7924388647079468,752591,8028,469252,317,0.623515295824691,0.039486796213253614
matched_random_e2_calibrated,benign,time_quartile_3,0.001,0.7924388647079468,759904,714,457729,16,0.6023510864530256,0.022408963585434174
matched_random_e2_calibrated,benign,time_quartile_4,0.001,0.7924388647079468,719077,41542,459737,30,0.6393432135918685,0.000722160704828848
matched_random_e2_calibrated,benign,full_test,0.01,0.40165817737579346,2652203,390270,2313391,2846,0.8722526141475596,0.007292387321597868
matched_random_e2_calibrated,benign,time_quartile_1,0.01,0.40165817737579346,420631,339986,364911,2,0.8675323502071888,5.8825951656832925e-06
matched_random_e2_calibrated,benign,time_quartile_2,0.01,0.40165817737579346,752591,8028,655948,2501,0.871586293219026,0.3115346287992028
matched_random_e2_calibrated,benign,time_quartile_3,0.01,0.40165817737579346,759904,714,661596,223,0.8706310270771045,0.3123249299719888
matched_random_e2_calibrated,benign,time_quartile_4,0.01,0.40165817737579346,719077,41542,630936,120,0.8774248098604183,0.002888642819315392
matched_random_e2_calibrated,bot,full_test,0.001,0.06654119491577148,41542,3000931,41422,1101,0.9971113571806846,0.00036688614300028893
matched_random_e2_calibrated,bot,time_quartile_1,0.001,0.06654119491577148,0,760617,0,226,,0.00029712720068050016
matched_random_e2_calibrated,bot,time_quartile_2,0.001,0.06654119491577148,0,760619,0,308,,0.0004049333503370281
matched_random_e2_calibrated,bot,time_quartile_3,0.001,0.06654119491577148,0,760618,0,371,,0.00048776126781117457
matched_random_e2_calibrated,bot,time_quartile_4,0.001,0.06654119491577148,41542,719077,41422,196,0.9971113571806846,0.0002725716439268674
matched_random_e2_calibrated,bot,full_test,0.01,0.012211376801133156,41542,3000931,41422,5907,0.9971113571806846,0.0019683891432358824
matched_random_e2_calibrated,bot,time_quartile_1,0.01,0.012211376801133156,0,760617,0,1471,,0.0019339562486770608
matched_random_e2_calibrated,bot,time_quartile_2,0.01,0.012211376801133156,0,760619,0,1504,,0.001977336879567826
matched_random_e2_calibrated,bot,time_quartile_3,0.01,0.012211376801133156,0,760618,0,1856,,0.002440121059454286
matched_random_e2_calibrated,bot,time_quartile_4,0.01,0.012211376801133156,41542,719077,41422,1076,0.9971113571806846,0.0014963626982923942
matched_random_e2_calibrated,brute_force,full_test,0.001,0.007264442276209593,37696,3004777,37696,1196,1.0,0.00039803286566690306
matched_random_e2_calibrated,brute_force,time_quartile_1,0.001,0.007264442276209593,37696,722921,37696,504,1.0,0.0006971716134958039
matched_random_e2_calibrated,brute_force,time_quartile_2,0.001,0.007264442276209593,0,760619,0,197,,0.00025899957797530693
matched_random_e2_calibrated,brute_force,time_quartile_3,0.001,0.007264442276209593,0,760618,0,235,,0.0003089592936270243
matched_random_e2_calibrated,brute_force,time_quartile_4,0.001,0.007264442276209593,0,760619,0,260,,0.0003418268541806082
matched_random_e2_calibrated,brute_force,full_test,0.01,0.005261783488094807,37696,3004777,37696,27204,1.0,0.00905358367692511
matched_random_e2_calibrated,brute_force,time_quartile_1,0.01,0.005261783488094807,37696,722921,37696,22596,1.0,0.03125652733839521
matched_random_e2_calibrated,brute_force,time_quartile_2,0.01,0.005261783488094807,0,760619,0,616,,0.0008098667006740562
matched_random_e2_calibrated,brute_force,time_quartile_3,0.01,0.005261783488094807,0,760618,0,733,,0.0009636900520366334
matched_random_e2_calibrated,brute_force,time_quartile_4,0.01,0.005261783488094807,0,760619,0,3259,,0.004284668145286931
matched_random_e2_calibrated,ddos,full_test,0.001,0.04261988028883934,262680,2779793,262680,2725,1.0,0.000980288820066818
matched_random_e2_calibrated,ddos,time_quartile_1,0.001,0.04261988028883934,262680,497937,262680,2237,1.0,0.004492536204379269
matched_random_e2_calibrated,ddos,time_quartile_2,0.001,0.04261988028883934,0,760619,0,160,,0.00021035498718806656
matched_random_e2_calibrated,ddos,time_quartile_3,0.001,0.04261988028883934,0,760618,0,174,,0.0002287613493238393
matched_random_e2_calibrated,ddos,time_quartile_4,0.001,0.04261988028883934,0,760619,0,154,,0.00020246667516851406
matched_random_e2_calibrated,ddos,full_test,0.01,0.009896100498735905,262680,2779793,262680,33655,1.0,0.012107016601595874
matched_random_e2_calibrated,ddos,time_quartile_1,0.01,0.009896100498735905,262680,497937,262680,24659,1.0,0.04952232912999034
matched_random_e2_calibrated,ddos,time_quartile_2,0.01,0.009896100498735905,0,760619,0,2103,,0.0027648533628531497
matched_random_e2_calibrated,ddos,time_quartile_3,0.01,0.009896100498735905,0,760618,0,2400,,0.003155328956190887
matched_random_e2_calibrated,ddos,time_quartile_4,0.01,0.009896100498735905,0,760619,0,4493,,0.005907030983974894
matched_random_e2_calibrated,dos,full_test,0.001,0.12153696268796921,39483,3002990,39479,2132,0.9998986905756908,0.0007099590741227909
matched_random_e2_calibrated,dos,time_quartile_1,0.001,0.12153696268796921,39483,721134,39479,493,0.9998986905756908,0.0006836454805902925
matched_random_e2_calibrated,dos,time_quartile_2,0.001,0.12153696268796921,0,760619,0,614,,0.0008072372633342054
matched_random_e2_calibrated,dos,time_quartile_3,0.001,0.12153696268796921,0,760618,0,579,,0.0007612231106810515
matched_random_e2_calibrated,dos,time_quartile_4,0.001,0.12153696268796921,0,760619,0,446,,0.0005863645267867356
matched_random_e2_calibrated,dos,full_test,0.01,0.03117060661315918,39483,3002990,39483,33672,1.0,0.011212824551530309
matched_random_e2_calibrated,dos,time_quartile_1,0.01,0.03117060661315918,39483,721134,39483,22598,1.0,0.03133675572085077
matched_random_e2_calibrated,dos,time_quartile_2,0.01,0.03117060661315918,0,760619,0,2989,,0.003929694104407068
matched_random_e2_calibrated,dos,time_quartile_3,0.01,0.03117060661315918,0,760618,0,2717,,0.0035720953224877665
matched_random_e2_calibrated,dos,time_quartile_4,0.01,0.03117060661315918,0,760619,0,5368,,0.0070574098201596335
matched_random_e2_calibrated,infiltration,full_test,0.001,0.9857813715934753,8742,3033731,654,37,0.07481125600549074,1.2196203288953437e-05
matched_random_e2_calibrated,infiltration,time_quartile_1,0.001,0.9857813715934753,0,760617,0,3,,3.944166380714604e-06
matched_random_e2_calibrated,infiltration,time_quartile_2,0.001,0.9857813715934753,8028,752591,654,8,0.08146487294469357,1.062994375431011e-05
matched_random_e2_calibrated,infiltration,time_quartile_3,0.001,0.9857813715934753,714,759904,0,16,0.0,2.105529119467722e-05
matched_random_e2_calibrated,infiltration,time_quartile_4,0.001,0.9857813715934753,0,760619,0,10,,1.314718669925416e-05
matched_random_e2_calibrated,infiltration,full_test,0.01,0.7904843091964722,8742,3033731,2837,15004,0.3245252802562343,0.004945725247228578
matched_random_e2_calibrated,infiltration,time_quartile_1,0.01,0.7904843091964722,0,760617,0,2686,,0.0035313436328664755
matched_random_e2_calibrated,infiltration,time_quartile_2,0.01,0.7904843091964722,8028,752591,2730,4159,0.3400597907324365,0.005526242009271968
matched_random_e2_calibrated,infiltration,time_quartile_3,0.01,0.7904843091964722,714,759904,107,4832,0.14985994397759103,0.006358697940792521
matched_random_e2_calibrated,infiltration,time_quartile_4,0.01,0.7904843091964722,0,760619,0,3327,,0.004374069014841859
matched_random_e2_calibrated,web_attacks,full_test,0.001,0.8418148159980774,127,3042346,78,323,0.6141732283464567,0.00010616806898360673
matched_random_e2_calibrated,web_attacks,time_quartile_1,0.001,0.8418148159980774,127,760490,78,103,0.6141732283464567,0.000135438993280648
matched_random_e2_calibrated,web_attacks,time_quartile_2,0.001,0.8418148159980774,0,760619,0,186,,0.0002445376726061274
matched_random_e2_calibrated,web_attacks,time_quartile_3,0.001,0.8418148159980774,0,760618,0,20,,2.629440796825739e-05
matched_random_e2_calibrated,web_attacks,time_quartile_4,0.001,0.8418148159980774,0,760619,0,14,,1.8406061378955825e-05
matched_random_e2_calibrated,web_attacks,full_test,0.01,0.202288419008255,127,3042346,125,21875,0.984251968503937,0.007190174950515162
matched_random_e2_calibrated,web_attacks,time_quartile_1,0.01,0.202288419008255,127,760490,125,13321,0.984251968503937,0.01751633815040303
matched_random_e2_calibrated,web_attacks,time_quartile_2,0.01,0.202288419008255,0,760619,0,2941,,0.0038665876082506485
matched_random_e2_calibrated,web_attacks,time_quartile_3,0.01,0.202288419008255,0,760618,0,3013,,0.003961252560417976
matched_random_e2_calibrated,web_attacks,time_quartile_4,0.01,0.202288419008255,0,760619,0,2600,,0.0034182685418060817
matched_random_e3_raw,benign,full_test,0.001,0.6303772330284119,2652203,390270,1592309,405,0.600372218868616,0.0010377431009301252
matched_random_e3_raw,benign,time_quartile_1,0.001,0.6303772330284119,420631,339986,235869,1,0.5607503964282233,2.9412975828416463e-06
matched_random_e3_raw,benign,time_quartile_2,0.001,0.6303772330284119,752591,8028,459424,280,0.610456409922521,0.03487792725460887
matched_random_e3_raw,benign,time_quartile_3,0.001,0.6303772330284119,759904,714,445468,4,0.5862161536194046,0.0056022408963585435
matched_random_e3_raw,benign,time_quartile_4,0.001,0.6303772330284119,719077,41542,451548,120,0.6279550034280056,0.002888642819315392
matched_random_e3_raw,benign,full_test,0.01,0.2513565123081207,2652203,390270,2148089,3506,0.8099263140868176,0.008983524226817332
matched_random_e3_raw,benign,time_quartile_1,0.01,0.2513565123081207,420631,339986,339903,8,0.8080788149232938,2.353038066273317e-05
matched_random_e3_raw,benign,time_quartile_2,0.01,0.2513565123081207,752591,8028,607504,3254,0.8072166688148011,0.40533134030891876
matched_random_e3_raw,benign,time_quartile_3,0.01,0.2513565123081207,759904,714,607465,119,0.7993970290984125,0.16666666666666666
matched_random_e3_raw,benign,time_quartile_4,0.01,0.2513565123081207,719077,41542,593217,125,0.8249700657926758,0.003009002936786866
matched_random_e3_raw,bot,full_test,0.001,0.08085733652114868,41542,3000931,41422,371,0.9971113571806846,0.00012362830068402106
matched_random_e3_raw,bot,time_quartile_1,0.001,0.08085733652114868,0,760617,0,78,,0.00010254832589857971
matched_random_e3_raw,bot,time_quartile_2,0.001,0.08085733652114868,0,760619,0,88,,0.00011569524295343661
matched_random_e3_raw,bot,time_quartile_3,0.001,0.08085733652114868,0,760618,0,134,,0.0001761725333873245
matched_random_e3_raw,bot,time_quartile_4,0.001,0.08085733652114868,41542,719077,41422,71,0.9971113571806846,9.873768734085501e-05
matched_random_e3_raw,bot,full_test,0.01,0.00703593110665679,41542,3000931,41422,26510,0.9971113571806846,0.008833925205211316
matched_random_e3_raw,bot,time_quartile_1,0.01,0.00703593110665679,0,760617,0,22294,,0.029310415097217126
matched_random_e3_raw,bot,time_quartile_2,0.01,0.00703593110665679,0,760619,0,456,,0.0005995117134859897
matched_random_e3_raw,bot,time_quartile_3,0.01,0.00703593110665679,0,760618,0,714,,0.0009387103644667888
matched_random_e3_raw,bot,time_quartile_4,0.01,0.00703593110665679,41542,719077,41422,3046,0.9971113571806846,0.004235985854087949
matched_random_e3_raw,brute_force,full_test,0.001,0.0025573649909347296,37696,3004777,37694,5227,0.9999469439728353,0.0017395633685960722
matched_random_e3_raw,brute_force,time_quartile_1,0.001,0.0025573649909347296,37696,722921,37694,1815,0.9999469439728353,0.0025106477747914363
matched_random_e3_raw,brute_force,time_quartile_2,0.001,0.0025573649909347296,0,760619,0,152,,0.00019983723782866322
matched_random_e3_raw,brute_force,time_quartile_3,0.001,0.0025573649909347296,0,760618,0,351,,0.0004614668598429172
matched_random_e3_raw,brute_force,time_quartile_4,0.001,0.0025573649909347296,0,760619,0,2909,,0.003824516610813035
matched_random_e3_raw,brute_force,full_test,0.01,0.000993759953416884,37696,3004777,37696,26765,1.0,0.008907482984594197
matched_random_e3_raw,brute_force,time_quartile_1,0.01,0.000993759953416884,37696,722921,37696,22460,1.0,0.03106840166491221
matched_random_e3_raw,brute_force,time_quartile_2,0.01,0.000993759953416884,0,760619,0,324,,0.0004259688490558348
matched_random_e3_raw,brute_force,time_quartile_3,0.01,0.000993759953416884,0,760618,0,741,,0.0009742078152239364
matched_random_e3_raw,brute_force,time_quartile_4,0.01,0.000993759953416884,0,760619,0,3240,,0.004259688490558348
matched_random_e3_raw,ddos,full_test,0.001,0.04826867952942848,262680,2779793,262680,2284,1.0,0.0008216439137734357
matched_random_e3_raw,ddos,time_quartile_1,0.001,0.04826867952942848,262680,497937,262680,2097,1.0,0.0042113761379451616
matched_random_e3_raw,ddos,time_quartile_2,0.001,0.04826867952942848,0,760619,0,47,,6.179177748649456e-05
matched_random_e3_raw,ddos,time_quartile_3,0.001,0.04826867952942848,0,760618,0,96,,0.00012621315824763547
matched_random_e3_raw,ddos,time_quartile_4,0.001,0.04826867952942848,0,760619,0,44,,5.7847621476718304e-05
matched_random_e3_raw,ddos,full_test,0.01,0.005025829188525677,262680,2779793,262680,29114,1.0,0.010473441727495536
matched_random_e3_raw,ddos,time_quartile_1,0.01,0.005025829188525677,262680,497937,262680,23655,1.0,0.04750600979642003
matched_random_e3_raw,ddos,time_quartile_2,0.01,0.005025829188525677,0,760619,0,791,,0.001039942467911004
matched_random_e3_raw,ddos,time_quartile_3,0.01,0.005025829188525677,0,760618,0,1128,,0.001483004609409717
matched_random_e3_raw,ddos,time_quartile_4,0.01,0.005025829188525677,0,760619,0,3540,,0.004654104091535972
matched_random_e3_raw,dos,full_test,0.001,0.025300202891230583,39483,3002990,39479,5395,0.9998986905756908,0.0017965427790302333
matched_random_e3_raw,dos,time_quartile_1,0.001,0.025300202891230583,39483,721134,39479,1018,0.9998986905756908,0.0014116655157016588
matched_random_e3_raw,dos,time_quartile_2,0.001,0.025300202891230583,0,760619,0,628,,0.0008256433247131612
matched_random_e3_raw,dos,time_quartile_3,0.001,0.025300202891230583,0,760618,0,643,,0.0008453652161794751
matched_random_e3_raw,dos,time_quartile_4,0.001,0.025300202891230583,0,760619,0,3106,,0.004083516188788342
matched_random_e3_raw,dos,full_test,0.01,0.005229019094258547,39483,3002990,39483,34536,1.0,0.011500537797328663
matched_random_e3_raw,dos,time_quartile_1,0.01,0.005229019094258547,39483,721134,39483,26315,1.0,0.036491137569439246
matched_random_e3_raw,dos,time_quartile_2,0.01,0.005229019094258547,0,760619,0,1723,,0.002265260268281492
matched_random_e3_raw,dos,time_quartile_3,0.01,0.005229019094258547,0,760618,0,2230,,0.002931826488460699
matched_random_e3_raw,dos,time_quartile_4,0.01,0.005229019094258547,0,760619,0,4268,,0.0056112192832416755
matched_random_e3_raw,infiltration,full_test,0.001,0.9797753095626831,8742,3033731,755,314,0.08636467627545184,0.00010350291439814539
matched_random_e3_raw,infiltration,time_quartile_1,0.001,0.9797753095626831,0,760617,0,21,,2.7609164665002228e-05
matched_random_e3_raw,infiltration,time_quartile_2,0.001,0.9797753095626831,8028,752591,755,116,0.09404583956153463,0.0001541341844374966
matched_random_e3_raw,infiltration,time_quartile_3,0.001,0.9797753095626831,714,759904,0,120,0.0,0.00015791468396007916
matched_random_e3_raw,infiltration,time_quartile_4,0.001,0.9797753095626831,0,760619,0,57,,7.493896418574872e-05
matched_random_e3_raw,infiltration,full_test,0.01,0.8975566029548645,8742,3033731,1348,11352,0.1541981239990849,0.0037419270198972817
matched_random_e3_raw,infiltration,time_quartile_1,0.01,0.8975566029548645,0,760617,0,1830,,0.0024059414922359083
matched_random_e3_raw,infiltration,time_quartile_2,0.01,0.8975566029548645,8028,752591,1288,3196,0.1604384653712008,0.004246662529846889
matched_random_e3_raw,infiltration,time_quartile_3,0.01,0.8975566029548645,714,759904,60,3592,0.08403361344537816,0.004726912873205037
matched_random_e3_raw,infiltration,time_quartile_4,0.01,0.8975566029548645,0,760619,0,2734,,0.0035944408435760874
matched_random_e3_raw,web_attacks,full_test,0.001,0.737247109413147,127,3042346,105,476,0.8267716535433071,0.00015645820692320993
matched_random_e3_raw,web_attacks,time_quartile_1,0.001,0.737247109413147,127,760490,105,155,0.8267716535433071,0.0002038159607621402
matched_random_e3_raw,web_attacks,time_quartile_2,0.001,0.737247109413147,0,760619,0,204,,0.00026820260866478485
matched_random_e3_raw,web_attacks,time_quartile_3,0.001,0.737247109413147,0,760618,0,55,,7.230962191270783e-05
matched_random_e3_raw,web_attacks,time_quartile_4,0.001,0.737247109413147,0,760619,0,62,,8.151255753537579e-05
matched_random_e3_raw,web_attacks,full_test,0.01,0.15986621379852295,127,3042346,126,29686,0.9921259842519685,0.009757601535131112
matched_random_e3_raw,web_attacks,time_quartile_1,0.01,0.15986621379852295,127,760490,126,17172,0.9921259842519685,0.022580178569080463
matched_random_e3_raw,web_attacks,time_quartile_2,0.01,0.15986621379852295,0,760619,0,3277,,0.004308333081345588
matched_random_e3_raw,web_attacks,time_quartile_3,0.01,0.15986621379852295,0,760618,0,3425,,0.004502917364564078
matched_random_e3_raw,web_attacks,time_quartile_4,0.01,0.15986621379852295,0,760619,0,5812,,0.007641144909606518
matched_random_e3_calibrated,benign,full_test,0.001,0.6303771734237671,2652203,390270,1592309,405,0.600372218868616,0.0010377431009301252
matched_random_e3_calibrated,benign,time_quartile_1,0.001,0.6303771734237671,420631,339986,235869,1,0.5607503964282233,2.9412975828416463e-06
matched_random_e3_calibrated,benign,time_quartile_2,0.001,0.6303771734237671,752591,8028,459424,280,0.610456409922521,0.03487792725460887
matched_random_e3_calibrated,benign,time_quartile_3,0.001,0.6303771734237671,759904,714,445468,4,0.5862161536194046,0.0056022408963585435
matched_random_e3_calibrated,benign,time_quartile_4,0.001,0.6303771734237671,719077,41542,451548,120,0.6279550034280056,0.002888642819315392
matched_random_e3_calibrated,benign,full_test,0.01,0.2513565123081207,2652203,390270,2148089,3506,0.8099263140868176,0.008983524226817332
matched_random_e3_calibrated,benign,time_quartile_1,0.01,0.2513565123081207,420631,339986,339903,8,0.8080788149232938,2.353038066273317e-05
matched_random_e3_calibrated,benign,time_quartile_2,0.01,0.2513565123081207,752591,8028,607504,3254,0.8072166688148011,0.40533134030891876
matched_random_e3_calibrated,benign,time_quartile_3,0.01,0.2513565123081207,759904,714,607465,119,0.7993970290984125,0.16666666666666666
matched_random_e3_calibrated,benign,time_quartile_4,0.01,0.2513565123081207,719077,41542,593217,125,0.8249700657926758,0.003009002936786866
matched_random_e3_calibrated,bot,full_test,0.001,0.08085733652114868,41542,3000931,41422,371,0.9971113571806846,0.00012362830068402106
matched_random_e3_calibrated,bot,time_quartile_1,0.001,0.08085733652114868,0,760617,0,78,,0.00010254832589857971
matched_random_e3_calibrated,bot,time_quartile_2,0.001,0.08085733652114868,0,760619,0,88,,0.00011569524295343661
matched_random_e3_calibrated,bot,time_quartile_3,0.001,0.08085733652114868,0,760618,0,134,,0.0001761725333873245
matched_random_e3_calibrated,bot,time_quartile_4,0.001,0.08085733652114868,41542,719077,41422,71,0.9971113571806846,9.873768734085501e-05
matched_random_e3_calibrated,bot,full_test,0.01,0.007035932503640652,41542,3000931,41422,26510,0.9971113571806846,0.008833925205211316
matched_random_e3_calibrated,bot,time_quartile_1,0.01,0.007035932503640652,0,760617,0,22294,,0.029310415097217126
matched_random_e3_calibrated,bot,time_quartile_2,0.01,0.007035932503640652,0,760619,0,456,,0.0005995117134859897
matched_random_e3_calibrated,bot,time_quartile_3,0.01,0.007035932503640652,0,760618,0,714,,0.0009387103644667888
matched_random_e3_calibrated,bot,time_quartile_4,0.01,0.007035932503640652,41542,719077,41422,3046,0.9971113571806846,0.004235985854087949
matched_random_e3_calibrated,brute_force,full_test,0.001,0.0025573656894266605,37696,3004777,37694,5227,0.9999469439728353,0.0017395633685960722
matched_random_e3_calibrated,brute_force,time_quartile_1,0.001,0.0025573656894266605,37696,722921,37694,1815,0.9999469439728353,0.0025106477747914363
matched_random_e3_calibrated,brute_force,time_quartile_2,0.001,0.0025573656894266605,0,760619,0,152,,0.00019983723782866322
matched_random_e3_calibrated,brute_force,time_quartile_3,0.001,0.0025573656894266605,0,760618,0,351,,0.0004614668598429172
matched_random_e3_calibrated,brute_force,time_quartile_4,0.001,0.0025573656894266605,0,760619,0,2909,,0.003824516610813035
matched_random_e3_calibrated,brute_force,full_test,0.01,0.0009937600698322058,37696,3004777,37696,26765,1.0,0.008907482984594197
matched_random_e3_calibrated,brute_force,time_quartile_1,0.01,0.0009937600698322058,37696,722921,37696,22460,1.0,0.03106840166491221
matched_random_e3_calibrated,brute_force,time_quartile_2,0.01,0.0009937600698322058,0,760619,0,324,,0.0004259688490558348
matched_random_e3_calibrated,brute_force,time_quartile_3,0.01,0.0009937600698322058,0,760618,0,741,,0.0009742078152239364
matched_random_e3_calibrated,brute_force,time_quartile_4,0.01,0.0009937600698322058,0,760619,0,3240,,0.004259688490558348
matched_random_e3_calibrated,ddos,full_test,0.001,0.048268675804138184,262680,2779793,262680,2284,1.0,0.0008216439137734357
matched_random_e3_calibrated,ddos,time_quartile_1,0.001,0.048268675804138184,262680,497937,262680,2097,1.0,0.0042113761379451616
matched_random_e3_calibrated,ddos,time_quartile_2,0.001,0.048268675804138184,0,760619,0,47,,6.179177748649456e-05
matched_random_e3_calibrated,ddos,time_quartile_3,0.001,0.048268675804138184,0,760618,0,96,,0.00012621315824763547
matched_random_e3_calibrated,ddos,time_quartile_4,0.001,0.048268675804138184,0,760619,0,44,,5.7847621476718304e-05
matched_random_e3_calibrated,ddos,full_test,0.01,0.005025829188525677,262680,2779793,262680,29114,1.0,0.010473441727495536
matched_random_e3_calibrated,ddos,time_quartile_1,0.01,0.005025829188525677,262680,497937,262680,23655,1.0,0.04750600979642003
matched_random_e3_calibrated,ddos,time_quartile_2,0.01,0.005025829188525677,0,760619,0,791,,0.001039942467911004
matched_random_e3_calibrated,ddos,time_quartile_3,0.01,0.005025829188525677,0,760618,0,1128,,0.001483004609409717
matched_random_e3_calibrated,ddos,time_quartile_4,0.01,0.005025829188525677,0,760619,0,3540,,0.004654104091535972
matched_random_e3_calibrated,dos,full_test,0.001,0.025300202891230583,39483,3002990,39479,5395,0.9998986905756908,0.0017965427790302333
matched_random_e3_calibrated,dos,time_quartile_1,0.001,0.025300202891230583,39483,721134,39479,1018,0.9998986905756908,0.0014116655157016588
matched_random_e3_calibrated,dos,time_quartile_2,0.001,0.025300202891230583,0,760619,0,628,,0.0008256433247131612
matched_random_e3_calibrated,dos,time_quartile_3,0.001,0.025300202891230583,0,760618,0,643,,0.0008453652161794751
matched_random_e3_calibrated,dos,time_quartile_4,0.001,0.025300202891230583,0,760619,0,3106,,0.004083516188788342
matched_random_e3_calibrated,dos,full_test,0.01,0.005229019094258547,39483,3002990,39483,34536,1.0,0.011500537797328663
matched_random_e3_calibrated,dos,time_quartile_1,0.01,0.005229019094258547,39483,721134,39483,26315,1.0,0.036491137569439246
matched_random_e3_calibrated,dos,time_quartile_2,0.01,0.005229019094258547,0,760619,0,1723,,0.002265260268281492
matched_random_e3_calibrated,dos,time_quartile_3,0.01,0.005229019094258547,0,760618,0,2230,,0.002931826488460699
matched_random_e3_calibrated,dos,time_quartile_4,0.01,0.005229019094258547,0,760619,0,4268,,0.0056112192832416755
matched_random_e3_calibrated,infiltration,full_test,0.001,0.9797753095626831,8742,3033731,755,314,0.08636467627545184,0.00010350291439814539
matched_random_e3_calibrated,infiltration,time_quartile_1,0.001,0.9797753095626831,0,760617,0,21,,2.7609164665002228e-05
matched_random_e3_calibrated,infiltration,time_quartile_2,0.001,0.9797753095626831,8028,752591,755,116,0.09404583956153463,0.0001541341844374966
matched_random_e3_calibrated,infiltration,time_quartile_3,0.001,0.9797753095626831,714,759904,0,120,0.0,0.00015791468396007916
matched_random_e3_calibrated,infiltration,time_quartile_4,0.001,0.9797753095626831,0,760619,0,57,,7.493896418574872e-05
matched_random_e3_calibrated,infiltration,full_test,0.01,0.8975566029548645,8742,3033731,1348,11352,0.1541981239990849,0.0037419270198972817
matched_random_e3_calibrated,infiltration,time_quartile_1,0.01,0.8975566029548645,0,760617,0,1830,,0.0024059414922359083
matched_random_e3_calibrated,infiltration,time_quartile_2,0.01,0.8975566029548645,8028,752591,1288,3196,0.1604384653712008,0.004246662529846889
matched_random_e3_calibrated,infiltration,time_quartile_3,0.01,0.8975566029548645,714,759904,60,3592,0.08403361344537816,0.004726912873205037
matched_random_e3_calibrated,infiltration,time_quartile_4,0.01,0.8975566029548645,0,760619,0,2734,,0.0035944408435760874
matched_random_e3_calibrated,web_attacks,full_test,0.001,0.737247109413147,127,3042346,105,476,0.8267716535433071,0.00015645820692320993
matched_random_e3_calibrated,web_attacks,time_quartile_1,0.001,0.737247109413147,127,760490,105,155,0.8267716535433071,0.0002038159607621402
matched_random_e3_calibrated,web_attacks,time_quartile_2,0.001,0.737247109413147,0,760619,0,204,,0.00026820260866478485
matched_random_e3_calibrated,web_attacks,time_quartile_3,0.001,0.737247109413147,0,760618,0,55,,7.230962191270783e-05
matched_random_e3_calibrated,web_attacks,time_quartile_4,0.001,0.737247109413147,0,760619,0,62,,8.151255753537579e-05
matched_random_e3_calibrated,web_attacks,full_test,0.01,0.15986621379852295,127,3042346,126,29686,0.9921259842519685,0.009757601535131112
matched_random_e3_calibrated,web_attacks,time_quartile_1,0.01,0.15986621379852295,127,760490,126,17172,0.9921259842519685,0.022580178569080463
matched_random_e3_calibrated,web_attacks,time_quartile_2,0.01,0.15986621379852295,0,760619,0,3277,,0.004308333081345588
matched_random_e3_calibrated,web_attacks,time_quartile_3,0.01,0.15986621379852295,0,760618,0,3425,,0.004502917364564078
matched_random_e3_calibrated,web_attacks,time_quartile_4,0.01,0.15986621379852295,0,760619,0,5812,,0.007641144909606518
matched_random_e4_raw,benign,full_test,0.001,0.798236072063446,2652203,390270,1601144,304,0.6037034118429094,0.0007789479078586619
matched_random_e4_raw,benign,time_quartile_1,0.001,0.798236072063446,420631,339986,239915,2,0.5703692785362943,5.8825951656832925e-06
matched_random_e4_raw,benign,time_quartile_2,0.001,0.798236072063446,752591,8028,460694,284,0.6121439134935177,0.03537618335824614
matched_random_e4_raw,benign,time_quartile_3,0.001,0.798236072063446,759904,714,450551,18,0.5929051564408135,0.025210084033613446
matched_random_e4_raw,benign,time_quartile_4,0.001,0.798236072063446,719077,41542,449984,0,0.6257799929632014,0.0
matched_random_e4_raw,benign,full_test,0.01,0.3965015709400177,2652203,390270,2299689,3159,0.8670863429383044,0.008094396187254977
matched_random_e4_raw,benign,time_quartile_1,0.01,0.3965015709400177,420631,339986,361956,3,0.8605071903877746,8.82389274852494e-06
matched_random_e4_raw,benign,time_quartile_2,0.01,0.3965015709400177,752591,8028,651921,2881,0.8662354452817002,0.3588689586447434
matched_random_e4_raw,benign,time_quartile_3,0.01,0.3965015709400177,759904,714,653585,155,0.8600889059670696,0.21708683473389356
matched_random_e4_raw,benign,time_quartile_4,0.01,0.3965015709400177,719077,41542,632227,120,0.8792201669640386,0.002888642819315392
matched_random_e4_raw,bot,full_test,0.001,0.09054355323314667,41542,3000931,41422,769,0.9971113571806846,0.0002562538092345342
matched_random_e4_raw,bot,time_quartile_1,0.001,0.09054355323314667,0,760617,0,131,,0.0001722285986245377
matched_random_e4_raw,bot,time_quartile_2,0.001,0.09054355323314667,0,760619,0,211,,0.0002774056393542628
matched_random_e4_raw,bot,time_quartile_3,0.001,0.09054355323314667,0,760618,0,285,,0.00037469531354766784
matched_random_e4_raw,bot,time_quartile_4,0.001,0.09054355323314667,41542,719077,41422,142,0.9971113571806846,0.00019747537468171002
matched_random_e4_raw,bot,full_test,0.01,0.010776371695101261,41542,3000931,41422,18898,0.9971113571806846,0.006297379046702507
matched_random_e4_raw,bot,time_quartile_1,0.01,0.010776371695101261,0,760617,0,14249,,0.018733475586267465
matched_random_e4_raw,bot,time_quartile_2,0.01,0.010776371695101261,0,760619,0,646,,0.0008493082607718188
matched_random_e4_raw,bot,time_quartile_3,0.01,0.010776371695101261,0,760618,0,776,,0.0010202230291683867
matched_random_e4_raw,bot,time_quartile_4,0.01,0.010776371695101261,41542,719077,41422,3227,0.9971113571806846,0.004487697423224495
matched_random_e4_raw,brute_force,full_test,0.001,0.003014465793967247,37696,3004777,37696,4258,1.0,0.0014170768745900278
matched_random_e4_raw,brute_force,time_quartile_1,0.001,0.003014465793967247,37696,722921,37696,1045,1.0,0.0014455244763950693
matched_random_e4_raw,brute_force,time_quartile_2,0.001,0.003014465793967247,0,760619,0,141,,0.00018537533245948366
matched_random_e4_raw,brute_force,time_quartile_3,0.001,0.003014465793967247,0,760618,0,215,,0.00028266488565876694
matched_random_e4_raw,brute_force,time_quartile_4,0.001,0.003014465793967247,0,760619,0,2857,,0.0037561512399769134
matched_random_e4_raw,brute_force,full_test,0.01,0.0015990349929779768,37696,3004777,37696,18321,1.0,0.006097291080170009
matched_random_e4_raw,brute_force,time_quartile_1,0.01,0.0015990349929779768,37696,722921,37696,14626,1.0,0.020231809561487353
matched_random_e4_raw,brute_force,time_quartile_2,0.01,0.0015990349929779768,0,760619,0,255,,0.0003352532608309811
matched_random_e4_raw,brute_force,time_quartile_3,0.01,0.0015990349929779768,0,760618,0,385,,0.0005061673533889548
matched_random_e4_raw,brute_force,time_quartile_4,0.01,0.0015990349929779768,0,760619,0,3055,,0.004016465536622146
matched_random_e4_raw,ddos,full_test,0.001,0.022356895729899406,262680,2779793,262680,2121,1.0,0.0007630064540776957
matched_random_e4_raw,ddos,time_quartile_1,0.001,0.022356895729899406,262680,497937,262680,1579,1.0,0.0031710838921389655
matched_random_e4_raw,ddos,time_quartile_2,0.001,0.022356895729899406,0,760619,0,166,,0.00021824329920761907
matched_random_e4_raw,ddos,time_quartile_3,0.001,0.022356895729899406,0,760618,0,213,,0.0002800354448619412
matched_random_e4_raw,ddos,time_quartile_4,0.001,0.022356895729899406,0,760619,0,163,,0.00021429914319784281
matched_random_e4_raw,ddos,full_test,0.01,0.004902975633740425,262680,2779793,262680,29170,1.0,0.01049358711242168
matched_random_e4_raw,ddos,time_quartile_1,0.01,0.004902975633740425,262680,497937,262680,23461,1.0,0.047116402275789906
matched_random_e4_raw,ddos,time_quartile_2,0.01,0.004902975633740425,0,760619,0,854,,0.0011227697441163053
matched_random_e4_raw,ddos,time_quartile_3,0.01,0.004902975633740425,0,760618,0,1247,,0.0016394563368208484
matched_random_e4_raw,ddos,time_quartile_4,0.01,0.004902975633740425,0,760619,0,3608,,0.004743504961090901
matched_random_e4_raw,dos,full_test,0.001,0.020330125465989113,39483,3002990,39483,5518,1.0,0.0018375019563834712
matched_random_e4_raw,dos,time_quartile_1,0.001,0.020330125465989113,39483,721134,39483,908,1.0,0.0012591279845354678
matched_random_e4_raw,dos,time_quartile_2,0.001,0.020330125465989113,0,760619,0,639,,0.0008401052300823408
matched_random_e4_raw,dos,time_quartile_3,0.001,0.020330125465989113,0,760618,0,592,,0.0007783144758604188
matched_random_e4_raw,dos,time_quartile_4,0.001,0.020330125465989113,0,760619,0,3379,,0.00444243438567798
matched_random_e4_raw,dos,full_test,0.01,0.00386257516220212,39483,3002990,39483,34815,1.0,0.011593445199617714
matched_random_e4_raw,dos,time_quartile_1,0.01,0.00386257516220212,39483,721134,39483,25898,1.0,0.035912881655836504
matched_random_e4_raw,dos,time_quartile_2,0.01,0.00386257516220212,0,760619,0,2087,,0.002743817864134343
matched_random_e4_raw,dos,time_quartile_3,0.01,0.00386257516220212,0,760618,0,2210,,0.002905532080492442
matched_random_e4_raw,dos,time_quartile_4,0.01,0.00386257516220212,0,760619,0,4620,,0.006074000255055422
matched_random_e4_raw,infiltration,full_test,0.001,0.9680118560791016,8742,3033731,875,24,0.10009151223976206,7.91105078202385e-06
matched_random_e4_raw,infiltration,time_quartile_1,0.001,0.9680118560791016,0,760617,0,4,,5.258888507619472e-06
matched_random_e4_raw,infiltration,time_quartile_2,0.001,0.9680118560791016,8028,752591,875,8,0.10899352267065271,1.062994375431011e-05
matched_random_e4_raw,infiltration,time_quartile_3,0.001,0.9680118560791016,714,759904,0,12,0.0,1.5791468396007915e-05
matched_random_e4_raw,infiltration,time_quartile_4,0.001,0.9680118560791016,0,760619,0,0,,0.0
matched_random_e4_raw,infiltration,full_test,0.01,0.7841801643371582,8742,3033731,1504,14497,0.17204301075268819,0.004778604299458324
matched_random_e4_raw,infiltration,time_quartile_1,0.01,0.7841801643371582,0,760617,0,2663,,0.0035011050239476637
matched_random_e4_raw,infiltration,time_quartile_2,0.01,0.7841801643371582,8028,752591,1427,4221,0.1777528649725959,0.005608624073367872
matched_random_e4_raw,infiltration,time_quartile_3,0.01,0.7841801643371582,714,759904,77,4480,0.10784313725490197,0.0058954815345096225
matched_random_e4_raw,infiltration,time_quartile_4,0.01,0.7841801643371582,0,760619,0,3133,,0.004119013592876328
matched_random_e4_raw,web_attacks,full_test,0.001,0.8407309055328369,127,3042346,108,366,0.8503937007874016,0.0001203018986006194
matched_random_e4_raw,web_attacks,time_quartile_1,0.001,0.8407309055328369,127,760490,108,111,0.8503937007874016,0.00014595852673933912
matched_random_e4_raw,web_attacks,time_quartile_2,0.001,0.8407309055328369,0,760619,0,193,,0.0002537407032956053
matched_random_e4_raw,web_attacks,time_quartile_3,0.001,0.8407309055328369,0,760618,0,30,,3.944161195238609e-05
matched_random_e4_raw,web_attacks,time_quartile_4,0.001,0.8407309055328369,0,760619,0,32,,4.2070997437613314e-05
matched_random_e4_raw,web_attacks,full_test,0.01,0.13114255666732788,127,3042346,125,19785,0.984251968503937,0.0065032050923859415
matched_random_e4_raw,web_attacks,time_quartile_1,0.01,0.13114255666732788,127,760490,125,5213,0.984251968503937,0.006854790990019593
matched_random_e4_raw,web_attacks,time_quartile_2,0.01,0.13114255666732788,0,760619,0,4197,,0.005517874257676971
matched_random_e4_raw,web_attacks,time_quartile_3,0.01,0.13114255666732788,0,760618,0,4252,,0.005590191134051521
matched_random_e4_raw,web_attacks,time_quartile_4,0.01,0.13114255666732788,0,760619,0,6123,,0.008050022415953323
matched_random_e4_calibrated,benign,full_test,0.001,0.7491328120231628,2652203,390270,1597920,301,0.6024878186172024,0.0007712609219258462
matched_random_e4_calibrated,benign,time_quartile_1,0.001,0.7491328120231628,420631,339986,239294,1,0.568892925152925,2.9412975828416463e-06
matched_random_e4_calibrated,benign,time_quartile_2,0.001,0.7491328120231628,752591,8028,459929,282,0.6111274251220118,0.035127055306427506
matched_random_e4_calibrated,benign,time_quartile_3,0.001,0.7491328120231628,759904,714,449499,18,0.5915207710447635,0.025210084033613446
matched_random_e4_calibrated,benign,time_quartile_4,0.001,0.7491328120231628,719077,41542,449198,0,0.6246869250441885,0.0
matched_random_e4_calibrated,benign,full_test,0.01,0.41581085324287415,2652203,390270,2293567,3163,0.8647780731716237,0.008104645501832064
matched_random_e4_calibrated,benign,time_quartile_1,0.01,0.41581085324287415,420631,339986,355536,2,0.8452444066176767,5.8825951656832925e-06
matched_random_e4_calibrated,benign,time_quartile_2,0.01,0.41581085324287415,752591,8028,652052,2882,0.866409510610677,0.3589935226706527
matched_random_e4_calibrated,benign,time_quartile_3,0.01,0.41581085324287415,759904,714,653534,159,0.8600217922263865,0.22268907563025211
matched_random_e4_calibrated,benign,time_quartile_4,0.01,0.41581085324287415,719077,41542,632445,120,0.8795233333843246,0.002888642819315392
matched_random_e4_calibrated,bot,full_test,0.001,0.11713069677352905,41542,3000931,41422,781,0.9971113571806846,0.00026025256828630846
matched_random_e4_calibrated,bot,time_quartile_1,0.001,0.11713069677352905,0,760617,0,134,,0.0001761727650052523
matched_random_e4_calibrated,bot,time_quartile_2,0.001,0.11713069677352905,0,760619,0,216,,0.00028397923270388986
matched_random_e4_calibrated,bot,time_quartile_3,0.001,0.11713069677352905,0,760618,0,288,,0.00037863947474290645
matched_random_e4_calibrated,bot,time_quartile_4,0.001,0.11713069677352905,41542,719077,41422,143,0.9971113571806846,0.0001988660463343981
matched_random_e4_calibrated,bot,full_test,0.01,0.02122604474425316,41542,3000931,41422,19260,0.9971113571806846,0.006418008278097697
matched_random_e4_calibrated,bot,time_quartile_1,0.01,0.02122604474425316,0,760617,0,14560,,0.01914235416773488
matched_random_e4_calibrated,bot,time_quartile_2,0.01,0.02122604474425316,0,760619,0,664,,0.0008729731968304763
matched_random_e4_calibrated,bot,time_quartile_3,0.01,0.02122604474425316,0,760618,0,793,,0.0010425732759414056
matched_random_e4_calibrated,bot,time_quartile_4,0.01,0.02122604474425316,41542,719077,41422,3243,0.9971113571806846,0.004509948169667505
matched_random_e4_calibrated,brute_force,full_test,0.001,0.007537856698036194,37696,3004777,37696,4326,1.0,0.0014397075057483468
matched_random_e4_calibrated,brute_force,time_quartile_1,0.001,0.007537856698036194,37696,722921,37696,1093,1.0,0.0015119217729184793
matched_random_e4_calibrated,brute_force,time_quartile_2,0.001,0.007537856698036194,0,760619,0,135,,0.00017748702043993115
matched_random_e4_calibrated,brute_force,time_quartile_3,0.001,0.007537856698036194,0,760618,0,221,,0.00029055320804924415
matched_random_e4_calibrated,brute_force,time_quartile_4,0.001,0.007537856698036194,0,760619,0,2877,,0.003782445613375422
matched_random_e4_calibrated,brute_force,full_test,0.01,0.004617846570909023,37696,3004777,37696,18614,1.0,0.006194802476190413
matched_random_e4_calibrated,brute_force,time_quartile_1,0.01,0.004617846570909023,37696,722921,37696,14897,1.0,0.02060667763144244
matched_random_e4_calibrated,brute_force,time_quartile_2,0.01,0.004617846570909023,0,760619,0,263,,0.00034577101019038443
matched_random_e4_calibrated,brute_force,time_quartile_3,0.01,0.004617846570909023,0,760618,0,389,,0.0005114262349826062
matched_random_e4_calibrated,brute_force,time_quartile_4,0.01,0.004617846570909023,0,760619,0,3065,,0.0040296127233214
matched_random_e4_calibrated,ddos,full_test,0.001,0.0376070961356163,262680,2779793,262680,2112,1.0,0.0007597688029288512
matched_random_e4_calibrated,ddos,time_quartile_1,0.001,0.0376070961356163,262680,497937,262680,1579,1.0,0.0031710838921389655
matched_random_e4_calibrated,ddos,time_quartile_2,0.001,0.0376070961356163,0,760619,0,166,,0.00021824329920761907
matched_random_e4_calibrated,ddos,time_quartile_3,0.001,0.0376070961356163,0,760618,0,206,,0.0002708324020730511
matched_random_e4_calibrated,ddos,time_quartile_4,0.001,0.0376070961356163,0,760619,0,161,,0.00021166970585799198
matched_random_e4_calibrated,ddos,full_test,0.01,0.011183155700564384,262680,2779793,262680,29311,1.0,0.010544310313753578
matched_random_e4_calibrated,ddos,time_quartile_1,0.01,0.011183155700564384,262680,497937,262680,23523,1.0,0.04724091601949644
matched_random_e4_calibrated,ddos,time_quartile_2,0.01,0.011183155700564384,0,760619,0,878,,0.0011543229921945153
matched_random_e4_calibrated,ddos,time_quartile_3,0.01,0.011183155700564384,0,760618,0,1271,,0.0016710096263827573
matched_random_e4_calibrated,ddos,time_quartile_4,0.01,0.011183155700564384,0,760619,0,3639,,0.0047842612398585884
matched_random_e4_calibrated,dos,full_test,0.001,0.03691622242331505,39483,3002990,39483,5651,1.0,0.0018817911481556716
matched_random_e4_calibrated,dos,time_quartile_1,0.001,0.03691622242331505,39483,721134,39483,1020,1.0,0.001414438925359226
matched_random_e4_calibrated,dos,time_quartile_2,0.001,0.03691622242331505,0,760619,0,656,,0.0008624554474710729
matched_random_e4_calibrated,dos,time_quartile_3,0.001,0.03691622242331505,0,760618,0,588,,0.0007730555942667673
matched_random_e4_calibrated,dos,time_quartile_4,0.001,0.03691622242331505,0,760619,0,3387,,0.004452952135037384
matched_random_e4_calibrated,dos,full_test,0.01,0.00983234029263258,39483,3002990,39483,35582,1.0,0.011848857305552133
matched_random_e4_calibrated,dos,time_quartile_1,0.01,0.00983234029263258,39483,721134,39483,26613,1.0,0.036904375608416744
matched_random_e4_calibrated,dos,time_quartile_2,0.01,0.00983234029263258,0,760619,0,2087,,0.002743817864134343
matched_random_e4_calibrated,dos,time_quartile_3,0.01,0.00983234029263258,0,760618,0,2210,,0.002905532080492442
matched_random_e4_calibrated,dos,time_quartile_4,0.01,0.00983234029263258,0,760619,0,4672,,0.006142365625891544
matched_random_e4_calibrated,infiltration,full_test,0.001,0.9365972876548767,8742,3033731,818,20,0.09357126515671471,6.592542318353209e-06
matched_random_e4_calibrated,infiltration,time_quartile_1,0.001,0.9365972876548767,0,760617,0,2,,2.629444253809736e-06
matched_random_e4_calibrated,infiltration,time_quartile_2,0.001,0.9365972876548767,8028,752591,818,5,0.10189337319382162,6.6437148464438185e-06
matched_random_e4_calibrated,infiltration,time_quartile_3,0.001,0.9365972876548767,714,759904,0,13,0.0,1.710742409567524e-05
matched_random_e4_calibrated,infiltration,time_quartile_4,0.001,0.9365972876548767,0,760619,0,0,,0.0
matched_random_e4_calibrated,infiltration,full_test,0.01,0.7365142703056335,8742,3033731,1506,14591,0.17227179135209333,0.004809589248354584
matched_random_e4_calibrated,infiltration,time_quartile_1,0.01,0.7365142703056335,0,760617,0,2683,,0.003527399466485761
matched_random_e4_calibrated,infiltration,time_quartile_2,0.01,0.7365142703056335,8028,752591,1429,4250,0.17800199302441455,0.005647157619477246
matched_random_e4_calibrated,infiltration,time_quartile_3,0.01,0.7365142703056335,714,759904,77,4488,0.10784313725490197,0.005906009180106961
matched_random_e4_calibrated,infiltration,time_quartile_4,0.01,0.7365142703056335,0,760619,0,3170,,0.004167658183663569
matched_random_e4_calibrated,web_attacks,full_test,0.001,0.7670480012893677,127,3042346,108,362,0.8503937007874016,0.00011898712375252519
matched_random_e4_calibrated,web_attacks,time_quartile_1,0.001,0.7670480012893677,127,760490,108,110,0.8503937007874016,0.00014464358505700273
matched_random_e4_calibrated,web_attacks,time_quartile_2,0.001,0.7670480012893677,0,760619,0,191,,0.0002511112659557545
matched_random_e4_calibrated,web_attacks,time_quartile_3,0.001,0.7670480012893677,0,760618,0,29,,3.812689155397322e-05
matched_random_e4_calibrated,web_attacks,time_quartile_4,0.001,0.7670480012893677,0,760619,0,32,,4.2070997437613314e-05
matched_random_e4_calibrated,web_attacks,full_test,0.01,0.15852592885494232,127,3042346,125,20149,0.984251968503937,0.006622849603562514
matched_random_e4_calibrated,web_attacks,time_quartile_1,0.01,0.15852592885494232,127,760490,125,5450,0.984251968503937,0.007166432168733317
matched_random_e4_calibrated,web_attacks,time_quartile_2,0.01,0.15852592885494232,0,760619,0,4247,,0.0055836101911732414
matched_random_e4_calibrated,web_attacks,time_quartile_3,0.01,0.15852592885494232,0,760618,0,4285,,0.005633576907199146
matched_random_e4_calibrated,web_attacks,time_quartile_4,0.01,0.15852592885494232,0,760619,0,6167,,0.008107870037430041
