dataset,baseline_macro_f1,dce_macro_f1,delta
cifar100tasks,0.15143899950846623,0.16137919823032504,0.009940198721858806
