epoch,pid,elapsed_seconds,phase,rss_bytes,gpu_used_mib
1790682907.275396,1873667,0.099,input_loading,551944192,0
1790682908.2970207,1873667,1.121,input_loading,717746176,0
1790682909.3203294,1873667,2.144,input_loading,717746176,0
1790682910.3454936,1873667,3.17,input_loading,717746176,0
1790682911.3687522,1873667,4.193,input_loading,717746176,0
1790682912.3944077,1873667,5.218,input_loading,717746176,0
1790682913.4195416,1873667,6.244,input_loading,717746176,0
1790682914.4437191,1873667,7.268,input_loading,2108657664,0
1790682915.4653795,1873667,8.289,input_loading,6394085376,0
1790682916.4882584,1873667,9.312,input_loading,10720956416,0
1790682917.6699474,1873667,10.494,input_loading,14744690688,0
1790682919.2608037,1873667,12.085,input_loading,19135897600,0
1790682920.4226215,1873667,13.247,input_loading,22252859392,0
1790682921.6172817,1873667,14.441,input_loading,25169600512,0
1790682923.8618612,1873667,16.686,input_loading,23158972416,0
1790682938.1138232,1873667,30.938,input_loading,23601799168,0
1790682939.5561292,1873667,32.38,input_loading,23971418112,0
1790682941.6303325,1873667,34.454,input_loading,24037289984,0
1790682942.6758049,1873667,35.5,input_loading,24262135808,0
1790682944.0738792,1873667,36.898,input_loading,23342526464,0
1790682945.8349624,1873667,38.659,input_loading,1540743168,0
1790682946.8784227,1873667,39.702,model_load,1648209920,12
1790682947.90084,1873667,40.725,fit,2122973184,904
1790682948.9257352,1873667,41.75,fit,2124812288,904
1790682949.951996,1873667,42.776,fit,2185789440,908
1790682950.9804277,1873667,43.804,fit,2185789440,908
1790682952.0078883,1873667,44.832,fit,2197749760,908
1790682953.0332227,1873667,45.857,fit,2204950528,908
1790682954.057551,1873667,46.882,fit,2207383552,908
1790682955.0822194,1873667,47.906,fit,2212184064,908
1790682956.1067398,1873667,48.931,fit,2216181760,908
1790682957.1374085,1873667,49.961,fit,2223382528,908
1790682958.1608462,1873667,50.985,fit,2225782784,908
1790682959.1857812,1873667,52.01,fit,2235383808,908
1790682960.2079277,1873667,53.032,fit,2235383808,908
1790682961.2271318,1873667,54.051,fit,2244182016,908
1790682962.2508752,1873667,55.075,fit,2244182016,908
1790682963.2734156,1873667,56.097,fit,2253787136,908
1790682964.2934792,1873667,57.118,fit,2253787136,908
1790682965.3162012,1873667,58.14,fit,2265788416,908
1790682966.3378866,1873667,59.162,fit,2265788416,908
1790682967.3630111,1873667,60.187,fit,2277785600,908
1790682968.388933,1873667,61.213,fit,2277785600,908
1790682969.4131908,1873667,62.237,fit,2289786880,908
1790682970.4392316,1873667,63.263,fit,2289786880,908
1790682971.4663112,1873667,64.29,fit,2301788160,908
1790682972.4925668,1873667,65.317,fit,2301788160,908
1790682973.5210721,1873667,66.345,fit,2313789440,908
1790682974.5493364,1873667,67.373,fit,2313789440,908
1790682975.583665,1873667,68.408,fit,2325790720,908
1790682976.6123836,1873667,69.436,fit,2333790208,908
1790682977.6384928,1873667,70.463,fit,2337792000,908
1790682978.6613164,1873667,71.485,fit,2345791488,908
1790682979.6846886,1873667,72.509,fit,2349789184,908
1790682980.7093134,1873667,73.533,fit,2357792768,908
1790682981.730452,1873667,74.554,fit,2361794560,908
1790682982.75312,1873667,75.577,fit,2372194304,908
1790682983.7764845,1873667,76.601,fit,2373795840,908
1790682984.8005898,1873667,77.625,fit,2385797120,908
1790682985.8233318,1873667,78.647,fit,2385797120,908
1790682986.847554,1873667,79.672,fit,2397794304,908
1790682987.8711703,1873667,80.695,fit,2397794304,908
1790682988.8968742,1873667,81.721,fit,2409799680,908
1790682989.920992,1873667,82.745,fit,2409799680,908
1790682990.943516,1873667,83.768,fit,2421800960,908
1790682991.9688098,1873667,84.793,fit,2421800960,908
1790682992.9924045,1873667,85.816,fit,2433798144,908
1790682994.0166183,1873667,86.841,fit,2433798144,908
1790682995.0387018,1873667,87.863,fit,2445799424,908
1790682996.0651126,1873667,88.889,fit,2445799424,908
1790682997.0889287,1873667,89.913,fit,2457804800,908
1790682998.1147792,1873667,90.939,fit,2457804800,908
1790682999.1425755,1873667,91.967,fit,2469801984,908
1790683000.1669147,1873667,92.991,fit,2469801984,908
1790683001.1875615,1873667,94.012,fit,2481803264,908
1790683002.2083538,1873667,95.032,fit,2481803264,908
1790683003.2342858,1873667,96.058,fit,2491404288,908
1790683004.2598348,1873667,97.084,fit,2499403776,908
1790683005.2857697,1873667,98.11,fit,2503405568,908
1790683006.3093123,1873667,99.133,fit,2511405056,908
1790683007.330802,1873667,100.155,fit,2515402752,908
1790683008.3604536,1873667,101.184,fit,2523402240,908
1790683009.3834274,1873667,102.207,fit,2527404032,908
1790683010.4085019,1873667,103.233,fit,2535403520,908
1790683011.43099,1873667,104.255,fit,2539405312,908
1790683012.4550416,1873667,105.279,fit,2549002240,908
1790683013.4810734,1873667,106.305,fit,2549002240,908
1790683014.5081398,1873667,107.332,fit,2561003520,908
1790683015.531075,1873667,108.355,fit,2561003520,908
1790683016.5578685,1873667,109.382,fit,2570604544,908
1790683017.5837276,1873667,110.408,fit,2570604544,908
1790683018.60725,1873667,111.431,fit,2582605824,908
1790683019.6343534,1873667,112.458,fit,2582605824,908
1790683020.6611366,1873667,113.485,fit,2594603008,908
1790683021.6861408,1873667,114.51,fit,2594603008,908
1790683022.707915,1873667,115.532,fit,2606604288,908
1790683023.733609,1873667,116.558,fit,2606604288,908
1790683024.754682,1873667,117.579,fit,2618609664,908
1790683025.7803764,1873667,118.604,fit,2618609664,908
1790683026.8031335,1873667,119.627,fit,2630606848,908
1790683027.8299258,1873667,120.654,fit,2630606848,908
1790683028.8612833,1873667,121.685,fit,2642616320,908
1790683029.8872588,1873667,122.711,fit,2642616320,908
1790683030.9121826,1873667,123.736,fit,2654617600,908
1790683031.9338872,1873667,124.758,fit,2654617600,908
1790683032.9585557,1873667,125.783,fit,2666614784,908
1790683033.9832819,1873667,126.807,fit,2672218112,908
1790683035.0059836,1873667,127.83,fit,2676215808,908
1790683036.0319414,1873667,128.856,fit,2688217088,908
1790683037.0540345,1873667,129.878,fit,2688217088,908
1790683038.075596,1873667,130.9,fit,2700218368,908
1790683039.0999625,1873667,131.924,fit,2700218368,908
1790683040.1208022,1873667,132.945,fit,2712215552,908
1790683041.1419609,1873667,133.966,fit,2712215552,908
1790683042.1624496,1873667,134.986,fit,2724216832,908
1790683043.185891,1873667,136.01,fit,2724216832,908
1790683044.216783,1873667,137.041,fit,2736218112,908
1790683045.2396626,1873667,138.064,fit,2736218112,908
1790683046.2616944,1873667,139.086,predict,2745819136,908
1790683047.284002,1873667,140.108,predict,2745819136,908
1790683048.3100202,1873667,141.134,predict,2745819136,908
1790683049.3370001,1873667,142.161,predict,2745819136,908
1790683050.3614411,1873667,143.185,predict,2745819136,908
1790683051.385022,1873667,144.209,predict,2745819136,908
1790683052.4113328,1873667,145.235,predict,2745819136,908
1790683053.4356303,1873667,146.26,predict,2745819136,908
1790683054.460643,1873667,147.285,predict,2745819136,908
1790683055.4868822,1873667,148.311,predict,2745819136,908
1790683056.5116425,1873667,149.336,predict,2745819136,908
1790683057.5344005,1873667,150.358,predict,2745819136,908
1790683058.5578043,1873667,151.382,predict,2745819136,908
1790683059.5822756,1873667,152.406,predict,2745819136,908
1790683060.605307,1873667,153.429,predict,2745819136,908
1790683061.6300204,1873667,154.454,predict,2745819136,908
1790683062.6517954,1873667,155.476,predict,2745819136,908
1790683063.6711528,1873667,156.495,predict,2745819136,908
1790683064.69148,1873667,157.516,predict,2745819136,908
1790683065.7150218,1873667,158.539,predict,2745819136,908
1790683066.7387018,1873667,159.563,predict,2745819136,908
1790683067.7619061,1873667,160.586,predict,2745819136,908
1790683068.7837393,1873667,161.608,predict,2745819136,908
1790683069.810148,1873667,162.634,predict,2745819136,908
1790683070.8347616,1873667,163.659,predict,2745819136,908
1790683071.8601031,1873667,164.684,predict,2745819136,908
1790683072.8834777,1873667,165.708,predict,2745819136,908
1790683073.9082487,1873667,166.732,predict,2745819136,908
1790683074.9347548,1873667,167.759,predict,2747080704,908
1790683075.9568877,1873667,168.781,predict,2749145088,908
1790683076.9788313,1873667,169.803,predict,2751209472,908
1790683077.9997404,1873667,170.824,predict,2753044480,908
1790683079.0208108,1873667,171.845,predict,2755108864,908
1790683080.0441906,1873667,172.868,predict,2757173248,908
1790683081.0722284,1873667,173.896,predict,2759008256,908
1790683082.09582,1873667,174.92,predict,2761076736,908
1790683083.1201148,1873667,175.944,predict,2762911744,908
1790683084.14262,1873667,176.967,predict,2764746752,908
1790683085.1650248,1873667,177.989,predict,2766811136,908
1790683086.187814,1873667,179.012,predict,2768646144,908
1790683087.2129247,1873667,180.037,predict,2770710528,908
1790683088.23551,1873667,181.06,predict,2772545536,908
1790683089.261872,1873667,182.086,predict,2774609920,908
1790683090.2848783,1873667,183.109,predict,2776449024,908
1790683091.3082762,1873667,184.132,predict,3033395200,908
1790683092.3275173,1873667,185.152,predict,3033395200,908
1790683093.347576,1873667,186.172,predict,3033395200,908
1790683094.3672318,1873667,187.191,predict,3033395200,908
1790683095.389575,1873667,188.214,predict,3033395200,908
1790683096.4105551,1873667,189.235,predict,3033395200,908
1790683097.4327564,1873667,190.257,predict,3033395200,908
1790683098.4587383,1873667,191.283,predict,3033395200,908
1790683099.4820755,1873667,192.306,predict,3033395200,908
1790683100.5026069,1873667,193.327,predict,3033395200,908
1790683101.5247648,1873667,194.349,predict,3033395200,908
1790683102.5471468,1873667,195.371,predict,3033395200,908
1790683103.5718265,1873667,196.396,predict,3033395200,908
1790683104.5961568,1873667,197.42,predict,3033395200,908
1790683105.6181953,1873667,198.442,predict,3033395200,908
1790683106.6404574,1873667,199.464,predict,3033395200,908
1790683107.6627214,1873667,200.487,predict,3033395200,908
1790683108.6878457,1873667,201.512,predict,3033395200,908
1790683109.707786,1873667,202.532,predict,3033395200,908
1790683110.7286952,1873667,203.553,predict,3033395200,908
1790683111.7512956,1873667,204.575,predict,3033395200,908
1790683112.776183,1873667,205.6,predict,3033395200,908
1790683113.797601,1873667,206.622,predict,3033395200,908
1790683114.819633,1873667,207.644,predict,3033395200,908
1790683115.8457952,1873667,208.67,predict,3033395200,908
1790683116.8693073,1873667,209.693,predict,3033395200,908
1790683117.896092,1873667,210.72,predict,3033395200,908
1790683118.9171414,1873667,211.741,predict,3033395200,908
1790683119.9422321,1873667,212.766,predict,3033395200,908
1790683120.9650874,1873667,213.789,predict,3033395200,908
1790683121.9853363,1873667,214.809,predict,3033395200,908
1790683123.006541,1873667,215.831,predict,3033395200,908
1790683124.0321293,1873667,216.856,predict,3033395200,908
1790683125.053092,1873667,217.877,predict,3033395200,908
1790683126.0755644,1873667,218.9,predict,3033395200,908
1790683127.101154,1873667,219.925,predict,3033395200,908
1790683128.1225667,1873667,220.947,predict,3033395200,908
1790683129.1443055,1873667,221.968,predict,3033395200,908
1790683130.164058,1873667,222.988,predict,3033395200,908
1790683131.1870306,1873667,224.011,predict,3033395200,908
1790683132.2119973,1873667,225.036,predict,3033395200,908
1790683133.2355473,1873667,226.06,predict,3033395200,908
1790683134.2593567,1873667,227.083,predict,3033395200,908
1790683135.2824824,1873667,228.107,predict,3033395200,908
1790683136.3029363,1873667,229.127,predict,3033395200,908
1790683137.324784,1873667,230.149,predict,3034542080,908
1790683138.3459544,1873667,231.17,predict,3034771456,908
1790683139.3671455,1873667,232.191,predict,3034771456,908
1790683140.3881705,1873667,233.212,predict,3034771456,908
1790683141.4140744,1873667,234.238,predict,3034771456,908
1790683142.4383683,1873667,235.262,predict,3034771456,908
1790683143.4629278,1873667,236.287,predict,3034771456,908
1790683144.4839811,1873667,237.308,predict,3034771456,908
1790683145.506086,1873667,238.33,predict,3034771456,908
1790683146.5320613,1873667,239.356,predict,3034771456,908
1790683147.557017,1873667,240.381,predict,3034771456,908
1790683148.5820618,1873667,241.406,predict,3034771456,908
1790683149.6052408,1873667,242.429,predict,3034771456,908
1790683150.629699,1873667,243.454,predict,3034771456,908
1790683151.6528835,1873667,244.477,predict,3034771456,908
1790683152.6777954,1873667,245.502,predict,3034771456,908
1790683153.7012012,1873667,246.525,predict,3034771456,908
1790683154.7215395,1873667,247.546,predict,3034771456,908
1790683155.7421353,1873667,248.566,predict,3034771456,908
1790683156.7650588,1873667,249.589,predict,3034771456,908
1790683157.7903738,1873667,250.614,predict,3034771456,908
1790683158.8099585,1873667,251.634,predict,3034771456,908
1790683159.8331733,1873667,252.657,predict,3034771456,908
1790683160.854674,1873667,253.679,predict,3034771456,908
1790683161.875048,1873667,254.699,predict,3034771456,908
1790683162.8968906,1873667,255.721,predict,3034771456,908
1790683163.9192033,1873667,256.743,predict,3034771456,908
1790683164.941305,1873667,257.765,predict,3034771456,908
1790683165.9660118,1873667,258.79,predict,3034771456,908
1790683166.9914558,1873667,259.815,predict,3034771456,908
1790683168.0161889,1873667,260.84,predict,3034771456,908
1790683169.041078,1873667,261.865,predict,3034771456,908
1790683170.0660903,1873667,262.89,predict,3034771456,908
1790683171.0895774,1873667,263.914,predict,3034771456,908
1790683172.1113024,1873667,264.935,predict,3034771456,908
1790683173.1316204,1873667,265.956,predict,3034771456,908
1790683174.153708,1873667,266.978,predict,3034771456,908
1790683175.1760058,1873667,268.0,predict,3034771456,908
1790683176.1991916,1873667,269.023,predict,3034771456,908
1790683177.2247818,1873667,270.049,predict,3034771456,908
1790683178.2490416,1873667,271.073,predict,3034771456,908
1790683179.2717657,1873667,272.096,predict,3034771456,908
1790683180.2970564,1873667,273.121,predict,3034771456,908
1790683181.3178973,1873667,274.142,predict,3034771456,908
1790683182.341952,1873667,275.166,predict,3035000832,908
1790683183.366074,1873667,276.19,predict,3035230208,908
1790683184.391474,1873667,277.215,predict,3035230208,908
1790683185.4125223,1873667,278.237,predict,3035230208,908
1790683186.4327312,1873667,279.257,predict,3035230208,908
1790683187.454173,1873667,280.278,predict,3035230208,908
1790683188.47307,1873667,281.297,predict,3035230208,908
1790683189.4943461,1873667,282.318,predict,3035230208,908
1790683190.5163279,1873667,283.34,predict,3035230208,908
1790683191.5404532,1873667,284.364,predict,3035230208,908
1790683192.5650501,1873667,285.389,predict,3035230208,908
1790683193.588393,1873667,286.412,predict,3035230208,908
1790683194.6116204,1873667,287.436,predict,3035230208,908
1790683195.630669,1873667,288.455,predict,3035230208,908
1790683196.6518211,1873667,289.476,predict,3035230208,908
1790683197.674024,1873667,290.498,predict,3035230208,908
1790683198.6978393,1873667,291.522,predict,3035230208,908
1790683199.719102,1873667,292.543,predict,3035230208,908
1790683200.7379782,1873667,293.562,predict,3035230208,908
1790683201.7597718,1873667,294.584,predict,3035230208,908
1790683202.7853734,1873667,295.609,predict,3035230208,908
1790683203.81147,1873667,296.635,predict,3035230208,908
1790683204.837955,1873667,297.662,predict,3035230208,908
1790683205.8602602,1873667,298.684,predict,3035230208,908
1790683206.8869686,1873667,299.711,predict,3035230208,908
1790683207.9149754,1873667,300.739,predict,3035230208,908
1790683208.9419312,1873667,301.766,predict,3035230208,908
1790683209.9705193,1873667,302.795,predict,3035230208,908
1790683210.9923005,1873667,303.816,predict,3035230208,908
1790683212.0134583,1873667,304.837,predict,3035230208,908
1790683213.0333915,1873667,305.857,predict,3035230208,908
1790683214.0538924,1873667,306.878,predict,3035230208,908
1790683215.0739155,1873667,307.898,predict,3035230208,908
1790683216.0938828,1873667,308.918,predict,3035230208,908
1790683217.113824,1873667,309.938,predict,3035230208,908
1790683218.1361008,1873667,310.96,predict,3035230208,908
1790683219.160901,1873667,311.985,predict,3035230208,908
1790683220.1811419,1873667,313.005,predict,3035230208,908
1790683221.2043602,1873667,314.028,predict,3035230208,908
1790683222.2295442,1873667,315.054,predict,3035230208,908
1790683223.2496195,1873667,316.074,predict,3035230208,908
1790683224.2703958,1873667,317.094,predict,3035230208,908
1790683225.291465,1873667,318.115,predict,3035230208,908
1790683226.3180296,1873667,319.142,predict,3035230208,908
1790683227.3435082,1873667,320.168,predict,3035230208,908
1790683228.3651023,1873667,321.189,predict,3035230208,908
1790683229.3874724,1873667,322.211,predict,3035230208,908
1790683230.4142103,1873667,323.238,predict,3035459584,908
1790683231.439372,1873667,324.263,predict,3035459584,908
1790683232.465542,1873667,325.29,predict,3035459584,908
1790683233.4917336,1873667,326.316,predict,3035459584,908
1790683234.5171192,1873667,327.341,predict,3035459584,908
1790683235.5431163,1873667,328.367,predict,3035459584,908
1790683236.5684927,1873667,329.393,predict,3035459584,908
1790683237.5943863,1873667,330.418,predict,3035459584,908
1790683238.6179812,1873667,331.442,predict,3035459584,908
1790683239.6400905,1873667,332.464,predict,3035459584,908
1790683240.6629739,1873667,333.487,predict,3035459584,908
1790683241.6847045,1873667,334.509,predict,3035459584,908
1790683242.7067485,1873667,335.531,predict,3035459584,908
1790683243.733067,1873667,336.557,predict,3035459584,908
1790683244.7596743,1873667,337.584,predict,3035459584,908
1790683245.7829616,1873667,338.607,predict,3035459584,908
1790683246.8069315,1873667,339.631,predict,3035459584,908
1790683247.8321412,1873667,340.656,predict,3035459584,908
1790683248.8577917,1873667,341.682,predict,3035459584,908
1790683249.882541,1873667,342.707,predict,3035459584,908
1790683250.9070225,1873667,343.731,predict,3035459584,908
1790683251.932517,1873667,344.757,predict,3035459584,908
1790683252.9525115,1873667,345.777,predict,3035459584,908
1790683253.9750302,1873667,346.799,predict,3035459584,908
1790683255.0019765,1873667,347.826,predict,3035459584,908
1790683256.028816,1873667,348.853,predict,3035459584,908
1790683257.0556815,1873667,349.88,predict,3035459584,908
1790683258.0822856,1873667,350.906,predict,3035459584,908
1790683259.104785,1873667,351.929,predict,3035459584,908
1790683260.1275957,1873667,352.952,predict,3035459584,908
1790683261.1519904,1873667,353.976,predict,3035459584,908
1790683262.1729736,1873667,354.997,predict,3035459584,908
1790683263.1949036,1873667,356.019,predict,3035459584,908
1790683264.2156863,1873667,357.04,predict,3035459584,908
1790683265.2361403,1873667,358.06,predict,3035459584,908
1790683266.2572453,1873667,359.081,predict,3035459584,908
1790683267.2790155,1873667,360.103,predict,3035459584,908
1790683268.3042552,1873667,361.128,predict,3035459584,908
1790683269.3300729,1873667,362.154,predict,3035459584,908
1790683270.35436,1873667,363.178,predict,3035459584,908
1790683271.3783555,1873667,364.202,predict,3035459584,908
1790683272.4018319,1873667,365.226,predict,3035459584,908
1790683273.4244003,1873667,366.248,predict,3035459584,908
1790683274.4461904,1873667,367.27,predict,3035459584,908
1790683275.4679658,1873667,368.292,predict,3035459584,908
1790683276.4905736,1873667,369.315,predict,3035459584,908
1790683277.5123167,1873667,370.336,predict,3035459584,908
1790683278.5331335,1873667,371.357,predict,3035459584,908
1790683279.5533218,1873667,372.377,predict,3035459584,908
1790683280.574964,1873667,373.399,predict,3035459584,908
1790683281.6012623,1873667,374.425,predict,3035459584,908
1790683282.627917,1873667,375.452,predict,3035459584,908
1790683283.6564426,1873667,376.48,predict,3035459584,908
1790683284.6865714,1873667,377.511,predict,3035459584,908
1790683285.7100008,1873667,378.534,predict,3035459584,908
1790683286.737666,1873667,379.562,predict,3035459584,908
1790683287.7660148,1873667,380.59,predict,3035459584,908
1790683288.7905939,1873667,381.615,predict,3035459584,908
1790683289.8130636,1873667,382.637,predict,3035459584,908
1790683290.8367023,1873667,383.661,predict,3035459584,908
1790683291.8644912,1873667,384.689,predict,3035459584,908
1790683292.8891656,1873667,385.713,predict,3035459584,908
1790683293.9119833,1873667,386.736,predict,3035459584,908
1790683294.9373798,1873667,387.761,predict,3035459584,908
1790683295.9592428,1873667,388.783,predict,3035459584,908
1790683296.987817,1873667,389.812,predict,3035459584,908
1790683298.0142817,1873667,390.838,predict,3035459584,908
1790683299.0392067,1873667,391.863,predict,3035459584,908
1790683300.0622387,1873667,392.886,predict,3035459584,908
1790683301.0859594,1873667,393.91,predict,3035459584,908
1790683302.115115,1873667,394.939,predict,3035459584,908
1790683303.1432238,1873667,395.967,predict,3035459584,908
1790683304.1739442,1873667,396.998,predict,3035459584,908
1790683305.201367,1873667,398.025,predict,3035459584,908
1790683306.23004,1873667,399.054,predict,3035459584,908
1790683307.2577965,1873667,400.082,predict,3035459584,908
1790683308.291344,1873667,401.115,predict,3035459584,908
1790683309.3161883,1873667,402.14,predict,3035459584,908
1790683310.338104,1873667,403.162,predict,3035459584,908
1790683311.364054,1873667,404.188,predict,3035459584,908
1790683312.3884485,1873667,405.212,predict,3035459584,908
1790683313.412947,1873667,406.237,predict,3035459584,908
1790683314.4354715,1873667,407.259,predict,3035459584,908
1790683315.4579904,1873667,408.282,predict,3035459584,908
1790683316.483525,1873667,409.308,predict,3035459584,908
1790683317.5039582,1873667,410.328,predict,3035459584,908
1790683318.524804,1873667,411.349,predict,3035459584,908
1790683319.5472856,1873667,412.371,predict,3035459584,908
1790683320.573596,1873667,413.398,predict,3035459584,908
1790683321.5961437,1873667,414.42,predict,3035459584,908
1790683322.6205611,1873667,415.445,predict,3035459584,908
1790683323.6416786,1873667,416.466,predict,3035459584,908
1790683324.6629858,1873667,417.487,predict,3035459584,908
1790683325.6835487,1873667,418.508,predict,3035459584,908
1790683326.704563,1873667,419.529,predict,3035459584,908
1790683327.724929,1873667,420.549,predict,3035459584,908
1790683328.7465162,1873667,421.571,predict,3035459584,908
1790683329.7690957,1873667,422.593,predict,3035459584,908
1790683330.7973511,1873667,423.621,predict,3035459584,908
1790683331.8227975,1873667,424.647,predict,3035459584,908
1790683332.8430552,1873667,425.667,predict,3035459584,908
1790683333.8652928,1873667,426.689,predict,3035459584,908
1790683334.8861058,1873667,427.71,predict,3035459584,908
1790683335.9083319,1873667,428.732,predict,3035459584,908
1790683336.9309323,1873667,429.755,predict,3035459584,908
1790683337.9548233,1873667,430.779,predict,3035459584,908
1790683338.9757676,1873667,431.8,predict,3035459584,908
1790683339.9969392,1873667,432.821,predict,3035459584,908
1790683341.0205123,1873667,433.845,predict,3035459584,908
1790683342.0432446,1873667,434.867,predict,3035459584,908
1790683343.0674555,1873667,435.891,predict,3035459584,908
1790683344.0916815,1873667,436.916,predict,3035459584,908
1790683345.1154354,1873667,437.939,predict,3035459584,908
1790683346.139824,1873667,438.964,predict,3035459584,908
1790683347.1648312,1873667,439.989,predict,3035459584,908
1790683348.1867015,1873667,441.011,predict,3035459584,908
1790683349.2126393,1873667,442.037,predict,3035459584,908
1790683350.2356014,1873667,443.06,predict,3035459584,908
1790683351.2591636,1873667,444.083,predict,3035459584,908
1790683352.2831788,1873667,445.107,predict,3035459584,908
1790683353.3054762,1873667,446.13,predict,3035459584,908
1790683354.3274798,1873667,447.152,predict,3035459584,908
1790683355.351612,1873667,448.176,predict,3035459584,908
1790683356.3774285,1873667,449.201,predict,3035459584,908
1790683357.4010043,1873667,450.225,predict,3035459584,908
1790683358.4204416,1873667,451.244,predict,3035459584,908
1790683359.44159,1873667,452.266,predict,3035459584,908
1790683360.4636593,1873667,453.288,predict,3035459584,908
1790683361.48498,1873667,454.309,predict,3035459584,908
1790683362.50586,1873667,455.33,predict,3035459584,908
1790683363.5286858,1873667,456.353,predict,3035459584,908
1790683364.5500193,1873667,457.374,predict,3035459584,908
1790683365.5697024,1873667,458.394,predict,3035459584,908
1790683366.593114,1873667,459.417,predict,3035459584,908
1790683367.613655,1873667,460.438,predict,3035459584,908
1790683368.6339636,1873667,461.458,predict,3035459584,908
1790683369.6597242,1873667,462.484,predict,3123773440,908
1790683370.6803634,1873667,463.504,predict,3035459584,908
1790683371.7032566,1873667,464.527,predict,3035459584,908
1790683372.724221,1873667,465.548,predict,3035459584,908
1790683373.74688,1873667,466.571,predict,3035459584,908
1790683374.7676537,1873667,467.592,predict,3035459584,908
1790683375.789919,1873667,468.614,predict,3035459584,908
1790683376.8113203,1873667,469.635,predict,3035459584,908
1790683377.8338912,1873667,470.658,predict,3035459584,908
1790683378.8606243,1873667,471.685,predict,3035459584,908
1790683379.884507,1873667,472.709,predict,3035459584,908
1790683380.9060824,1873667,473.73,predict,3035459584,908
1790683381.9262671,1873667,474.75,predict,3035459584,908
1790683382.953405,1873667,475.777,predict,3035459584,908
1790683383.9782624,1873667,476.802,predict,3035459584,908
1790683385.0006042,1873667,477.825,predict,3035459584,908
1790683386.0235717,1873667,478.848,predict,3035459584,908
1790683387.0460584,1873667,479.87,predict,3035459584,908
1790683388.0710254,1873667,480.895,predict,3035459584,908
1790683389.092457,1873667,481.916,predict,3035459584,908
1790683390.113775,1873667,482.938,predict,3035459584,908
1790683391.1363952,1873667,483.96,predict,3035459584,908
1790683392.1582632,1873667,484.982,predict,3035459584,908
1790683393.1818411,1873667,486.006,predict,3035459584,908
1790683394.2033284,1873667,487.027,predict,3035459584,908
1790683395.2293437,1873667,488.053,predict,3035459584,908
1790683396.2539656,1873667,489.078,predict,3035459584,908
1790683397.2802722,1873667,490.104,predict,3035459584,908
1790683398.3071163,1873667,491.131,predict,3035459584,908
1790683399.3328614,1873667,492.157,predict,3035459584,908
1790683400.355145,1873667,493.179,predict,3035459584,908
1790683401.377103,1873667,494.201,predict,3035459584,908
1790683402.402602,1873667,495.227,predict,3035459584,908
1790683403.424078,1873667,496.248,predict,3035459584,908
1790683404.4449768,1873667,497.269,predict,3035459584,908
1790683405.4649901,1873667,498.289,predict,3035459584,908
1790683406.4869685,1873667,499.311,predict,3035459584,908
1790683407.5087488,1873667,500.333,predict,3035459584,908
1790683408.5325284,1873667,501.357,predict,3035459584,908
1790683409.5596547,1873667,502.384,predict,3035459584,908
1790683410.5852294,1873667,503.409,predict,3035459584,908
1790683411.608668,1873667,504.433,predict,3035459584,908
1790683412.6293795,1873667,505.453,predict,3035459584,908
1790683413.6518636,1873667,506.476,predict,3035459584,908
1790683414.6770353,1873667,507.501,predict,3035459584,908
1790683415.6992123,1873667,508.523,predict,3035459584,908
1790683416.7237504,1873667,509.548,predict,3187994624,908
1790683417.7429643,1873667,510.567,predict,3035459584,908
1790683418.764724,1873667,511.589,predict,3035459584,908
1790683419.7899225,1873667,512.614,predict,3035459584,908
1790683420.8142173,1873667,513.638,predict,3035459584,908
1790683421.8363054,1873667,514.66,predict,3035459584,908
1790683422.8623722,1873667,515.686,predict,3035459584,908
1790683423.8881886,1873667,516.712,predict,3035459584,908
1790683424.9159493,1873667,517.74,predict,3035459584,908
1790683425.9388344,1873667,518.763,predict,3035459584,908
1790683426.9658027,1873667,519.79,predict,3035459584,908
1790683427.9938538,1873667,520.818,predict,3035459584,908
1790683429.022293,1873667,521.846,predict,3035459584,908
1790683430.0482554,1873667,522.872,predict,3035459584,908
1790683431.0696084,1873667,523.894,predict,3035459584,908
1790683432.0912194,1873667,524.915,predict,3035459584,908
1790683433.1184797,1873667,525.943,predict,3035459584,908
1790683434.143354,1873667,526.967,predict,3035459584,908
1790683435.1660845,1873667,527.99,predict,3035459584,908
1790683436.1886601,1873667,529.013,predict,3035459584,908
1790683437.2129526,1873667,530.037,predict,3035459584,908
1790683438.2338228,1873667,531.058,predict,3035459584,908
1790683439.2555375,1873667,532.08,predict,3035459584,908
1790683440.27815,1873667,533.102,predict,3035459584,908
1790683441.2989233,1873667,534.123,predict,3035459584,908
1790683442.3193135,1873667,535.143,predict,3035459584,908
1790683443.3418918,1873667,536.166,predict,3035459584,908
1790683444.368821,1873667,537.193,predict,3035459584,908
1790683445.392156,1873667,538.216,predict,3035459584,908
1790683446.4171193,1873667,539.241,predict,3035459584,908
1790683447.4422622,1873667,540.266,predict,3035459584,908
1790683448.4706771,1873667,541.295,predict,3035459584,908
1790683449.4948378,1873667,542.319,predict,3035459584,908
1790683450.517005,1873667,543.341,predict,3035459584,908
1790683451.5418963,1873667,544.366,predict,3035459584,908
1790683452.5651248,1873667,545.389,predict,3035459584,908
1790683453.5880241,1873667,546.412,predict,3035459584,908
1790683454.613034,1873667,547.437,predict,3035459584,908
1790683455.634619,1873667,548.459,predict,3035459584,908
1790683456.6550205,1873667,549.479,predict,3035459584,908
1790683457.6802814,1873667,550.504,predict,3035459584,908
1790683458.7055087,1873667,551.53,predict,3035459584,908
1790683459.7298994,1873667,552.554,predict,3035459584,908
1790683460.7543354,1873667,553.578,predict,3035459584,908
1790683461.774792,1873667,554.599,predict,3023286272,908
1790683462.7962046,1873667,555.62,predict,3023286272,908
1790683463.8157961,1873667,556.64,predict,3023286272,908
1790683464.8353374,1873667,557.659,predict,3023286272,908
1790683465.8569057,1873667,558.681,predict,3023286272,908
1790683466.8790324,1873667,559.703,predict,3023286272,908
1790683467.90259,1873667,560.727,predict,3023286272,908
1790683468.9245539,1873667,561.749,predict,3023286272,908
1790683469.9452236,1873667,562.769,predict,3023286272,908
1790683470.9664388,1873667,563.79,predict,3023286272,908
1790683471.9914827,1873667,564.816,predict,3023286272,908
1790683473.018543,1873667,565.843,predict,3023286272,908
1790683474.040981,1873667,566.865,predict,3023286272,908
1790683475.063539,1873667,567.888,predict,3023286272,908
1790683476.0858905,1873667,568.91,predict,3023286272,908
1790683477.1083195,1873667,569.932,predict,3023286272,908
1790683478.1288037,1873667,570.953,predict,3023286272,908
1790683479.1508994,1873667,571.975,predict,3023286272,908
1790683480.173963,1873667,572.998,predict,3023286272,908
1790683481.1957333,1873667,574.02,predict,3023286272,908
1790683482.217344,1873667,575.041,predict,3023286272,908
1790683483.2368786,1873667,576.061,predict,3023286272,908
1790683484.2578096,1873667,577.082,predict,3023286272,908
1790683485.2803717,1873667,578.104,predict,3023286272,908
1790683486.3044052,1873667,579.128,predict,3023286272,908
1790683487.3256752,1873667,580.15,predict,3023286272,908
1790683488.3487477,1873667,581.173,predict,3023286272,908
1790683489.375454,1873667,582.199,predict,3023286272,908
1790683490.401603,1873667,583.226,predict,3023286272,908
1790683491.4247255,1873667,584.249,predict,3023286272,908
1790683492.4471865,1873667,585.271,predict,3023286272,908
1790683493.4717736,1873667,586.296,predict,3023286272,908
1790683494.495859,1873667,587.32,predict,3023286272,908
1790683495.5190382,1873667,588.343,predict,3023286272,908
1790683496.5398073,1873667,589.364,predict,3023286272,908
1790683497.561921,1873667,590.386,predict,3023286272,908
1790683498.5855503,1873667,591.41,predict,3023286272,908
1790683499.6095583,1873667,592.434,predict,3023286272,908
1790683500.6358151,1873667,593.46,predict,3023286272,908
1790683501.6576078,1873667,594.482,predict,3023286272,908
1790683502.6809993,1873667,595.505,predict,3023286272,908
1790683503.7046516,1873667,596.529,predict,3023286272,908
1790683504.7291548,1873667,597.553,predict,3023286272,908
1790683505.7531228,1873667,598.577,predict,3023286272,908
1790683506.7767594,1873667,599.601,predict,3023286272,908
1790683507.8017063,1873667,600.626,predict,3011117056,908
1790683508.8281167,1873667,601.652,predict,3011117056,908
1790683509.853713,1873667,602.678,predict,3011117056,908
1790683510.8776805,1873667,603.702,predict,3011117056,908
1790683511.9020402,1873667,604.726,predict,3011117056,908
1790683512.925413,1873667,605.749,predict,3011117056,908
1790683513.94784,1873667,606.772,predict,3011117056,908
1790683514.9678066,1873667,607.792,predict,3011117056,908
1790683515.9893203,1873667,608.813,predict,3011117056,908
1790683517.0131474,1873667,609.837,predict,3011117056,908
1790683518.0360458,1873667,610.86,predict,3011117056,908
1790683519.0606961,1873667,611.885,predict,3011117056,908
1790683520.0804482,1873667,612.904,predict,3011117056,908
1790683521.102665,1873667,613.927,predict,3011117056,908
1790683522.1265237,1873667,614.951,predict,3011117056,908
1790683523.1501057,1873667,615.974,predict,3011117056,908
1790683524.1760402,1873667,617.0,predict,3011117056,908
1790683525.197921,1873667,618.022,predict,3011117056,908
1790683526.2212436,1873667,619.045,predict,3011117056,908
1790683527.2426794,1873667,620.067,predict,3011117056,908
1790683528.262957,1873667,621.087,predict,3011117056,908
1790683529.2852333,1873667,622.109,predict,3011117056,908
1790683530.3122542,1873667,623.136,predict,3011117056,908
1790683531.3346865,1873667,624.159,predict,3011117056,908
1790683532.3579557,1873667,625.182,predict,3011117056,908
1790683533.3797824,1873667,626.204,predict,3011117056,908
1790683534.4051697,1873667,627.229,predict,3011117056,908
1790683535.4258914,1873667,628.25,predict,3011117056,908
1790683536.4470344,1873667,629.271,predict,3011117056,908
1790683537.4735,1873667,630.298,predict,3011117056,908
1790683538.495785,1873667,631.32,predict,3011117056,908
1790683539.5219514,1873667,632.346,predict,3011117056,908
1790683540.5478756,1873667,633.372,predict,3011117056,908
1790683541.573394,1873667,634.397,predict,3011117056,908
1790683542.5935123,1873667,635.418,predict,3011117056,908
1790683543.6145208,1873667,636.439,predict,3011117056,908
1790683544.6369495,1873667,637.461,predict,3011117056,908
1790683545.6628697,1873667,638.487,predict,3011117056,908
1790683546.688445,1873667,639.512,predict,3011117056,908
1790683547.7131908,1873667,640.537,predict,3011117056,908
1790683548.7380857,1873667,641.562,predict,3011117056,908
1790683549.7587097,1873667,642.583,predict,3011117056,908
1790683550.7822523,1873667,643.606,predict,3011117056,908
1790683551.8085814,1873667,644.633,predict,3011117056,908
1790683552.831602,1873667,645.656,predict,3023286272,908
1790683553.854497,1873667,646.679,predict,3023286272,908
1790683554.8792808,1873667,647.703,predict,3023286272,908
1790683555.9042394,1873667,648.728,predict,3023286272,908
1790683556.9273574,1873667,649.751,predict,3023286272,908
1790683557.9491098,1873667,650.773,predict,3023286272,908
1790683558.9690044,1873667,651.793,predict,3023286272,908
1790683559.9890027,1873667,652.813,predict,3023286272,908
1790683561.00889,1873667,653.833,predict,3023286272,908
1790683562.0311813,1873667,654.855,predict,3023286272,908
1790683563.053325,1873667,655.877,predict,3023286272,908
1790683564.0755455,1873667,656.9,predict,3023286272,908
1790683565.0999978,1873667,657.924,predict,3023286272,908
1790683566.1245391,1873667,658.949,predict,3023286272,908
1790683567.1478057,1873667,659.972,predict,3023286272,908
1790683568.1714733,1873667,660.995,predict,3023286272,908
1790683569.1940498,1873667,662.018,predict,3023286272,908
1790683570.2162569,1873667,663.04,predict,3023286272,908
1790683571.242332,1873667,664.066,predict,3023286272,908
1790683572.2649765,1873667,665.089,predict,3023286272,908
1790683573.2903824,1873667,666.114,predict,3023286272,908
1790683574.3111503,1873667,667.135,predict,3023286272,908
1790683575.3341637,1873667,668.158,predict,3023286272,908
1790683576.3581822,1873667,669.182,predict,3023286272,908
1790683577.3799787,1873667,670.204,predict,3023286272,908
1790683578.4063215,1873667,671.23,predict,3023286272,908
1790683579.4296865,1873667,672.254,predict,3023286272,908
1790683580.451902,1873667,673.276,predict,3023286272,908
1790683581.4749675,1873667,674.299,predict,3023286272,908
1790683582.4992864,1873667,675.323,predict,3023286272,908
1790683583.525003,1873667,676.349,predict,3023286272,908
1790683584.5506268,1873667,677.375,predict,3023286272,908
1790683585.5753238,1873667,678.399,predict,3023286272,908
1790683586.6005676,1873667,679.425,predict,3023286272,908
1790683587.6229732,1873667,680.447,predict,3023286272,908
1790683588.644056,1873667,681.468,predict,3023286272,908
1790683589.663298,1873667,682.487,predict,3023286272,908
1790683590.6852443,1873667,683.509,predict,3023286272,908
1790683591.7078588,1873667,684.532,predict,3023286272,908
1790683592.7334852,1873667,685.558,predict,3023286272,908
1790683593.7550678,1873667,686.579,predict,3023286272,908
1790683594.7749689,1873667,687.599,predict,3023286272,908
1790683595.7966213,1873667,688.621,predict,3023286272,908
1790683596.8200421,1873667,689.644,predict,3023286272,908
1790683597.842464,1873667,690.666,predict,3023286272,908
1790683598.8644848,1873667,691.689,predict,3023286272,908
1790683599.8867128,1873667,692.711,predict,3023286272,908
1790683600.9064524,1873667,693.73,predict,3023286272,908
1790683601.9289024,1873667,694.753,predict,3023286272,908
1790683602.951361,1873667,695.775,predict,3023286272,908
1790683603.9732864,1873667,696.797,predict,3023286272,908
1790683604.9995377,1873667,697.824,predict,3023286272,908
1790683606.0197804,1873667,698.844,predict,3023286272,908
1790683607.0409155,1873667,699.865,predict,3023286272,908
1790683608.0629892,1873667,700.887,predict,3023286272,908
1790683609.087892,1873667,701.912,predict,3023286272,908
1790683610.111153,1873667,702.935,predict,3023286272,908
1790683611.1343062,1873667,703.958,predict,3023286272,908
1790683612.1543384,1873667,704.978,predict,3023286272,908
1790683613.176533,1873667,706.001,predict,3023286272,908
1790683614.1974776,1873667,707.022,predict,3023286272,908
1790683615.2177732,1873667,708.042,predict,3023286272,908
1790683616.2389877,1873667,709.063,predict,3023286272,908
1790683617.2616217,1873667,710.086,predict,3023286272,908
1790683618.2875526,1873667,711.112,predict,3023286272,908
1790683619.3133733,1873667,712.137,predict,3023286272,908
1790683620.3381577,1873667,713.162,predict,3023286272,908
1790683621.3608563,1873667,714.185,predict,3023286272,908
1790683622.38148,1873667,715.206,predict,3023286272,908
1790683623.4016774,1873667,716.226,predict,3023286272,908
1790683624.4218988,1873667,717.246,predict,3023286272,908
1790683625.4439726,1873667,718.268,predict,3023286272,908
1790683626.4671886,1873667,719.291,predict,3023286272,908
1790683627.4896135,1873667,720.314,predict,3023286272,908
1790683628.5108528,1873667,721.335,predict,3023286272,908
1790683629.5357223,1873667,722.36,predict,3023286272,908
1790683630.5543823,1873667,723.378,predict,3023286272,908
1790683631.5755942,1873667,724.4,predict,3023286272,908
1790683632.6004882,1873667,725.425,predict,3023286272,908
1790683633.620224,1873667,726.444,predict,3023286272,908
1790683634.6396818,1873667,727.464,predict,3023286272,908
1790683635.65932,1873667,728.483,predict,3023286272,908
1790683636.6798997,1873667,729.504,predict,3023286272,908
1790683637.7011962,1873667,730.525,predict,3023286272,908
1790683638.7265272,1873667,731.551,predict,3023286272,908
1790683639.749988,1873667,732.574,predict,3023286272,908
1790683640.7742703,1873667,733.598,predict,3023286272,908
1790683641.7981136,1873667,734.622,predict,3023286272,908
1790683642.8234727,1873667,735.647,predict,3023286272,908
1790683643.8519385,1873667,736.676,predict,3023286272,908
1790683644.8893633,1873667,737.713,predict,3129610240,908
1790683645.9144888,1873667,738.739,predict,3023286272,908
1790683646.9405642,1873667,739.765,predict,3023286272,908
1790683647.9600203,1873667,740.784,predict,3023286272,908
1790683648.9830875,1873667,741.807,predict,3023286272,908
1790683650.0085115,1873667,742.833,predict,3023286272,908
1790683651.03083,1873667,743.855,predict,3023286272,908
1790683652.0514896,1873667,744.876,predict,3023286272,908
1790683653.073892,1873667,745.898,predict,3023286272,908
1790683654.0979638,1873667,746.922,predict,3023286272,908
1790683655.121857,1873667,747.946,predict,3023286272,908
1790683656.1462126,1873667,748.97,predict,3023286272,908
1790683657.171628,1873667,749.996,predict,3023286272,908
1790683658.1955738,1873667,751.02,predict,3023286272,908
1790683659.215028,1873667,752.039,predict,3023286272,908
1790683660.2370043,1873667,753.061,predict,3023286272,908
1790683661.258795,1873667,754.083,predict,3023286272,908
1790683662.2815578,1873667,755.106,predict,3023286272,908
1790683663.3031862,1873667,756.127,predict,3023286272,908
1790683664.328956,1873667,757.153,predict,3023286272,908
1790683665.3523123,1873667,758.176,predict,3023286272,908
1790683666.373941,1873667,759.198,predict,3023286272,908
1790683667.3946128,1873667,760.219,predict,3023286272,908
1790683668.417049,1873667,761.241,predict,3023286272,908
1790683669.4405324,1873667,762.265,predict,3023286272,908
1790683670.4623744,1873667,763.286,predict,3023286272,908
1790683671.4849355,1873667,764.309,predict,3023286272,908
1790683672.5088167,1873667,765.333,predict,3023286272,908
1790683673.5319862,1873667,766.356,predict,3023286272,908
1790683674.5535305,1873667,767.378,predict,3023286272,908
1790683675.5737717,1873667,768.398,predict,3023286272,908
1790683676.5955682,1873667,769.42,predict,3023286272,908
1790683677.6165063,1873667,770.441,predict,3023286272,908
1790683678.6377387,1873667,771.462,predict,3023286272,908
1790683679.6580193,1873667,772.482,predict,3023286272,908
1790683680.679471,1873667,773.503,predict,3023286272,908
1790683681.699052,1873667,774.523,predict,3023286272,908
1790683682.72027,1873667,775.544,predict,3023286272,908
1790683683.7442238,1873667,776.568,predict,3023286272,908
1790683684.7699895,1873667,777.594,predict,3023286272,908
1790683685.7952745,1873667,778.619,predict,3023286272,908
1790683686.818208,1873667,779.642,predict,3023286272,908
1790683687.843928,1873667,780.668,predict,3023286272,908
1790683688.8691216,1873667,781.693,predict,3023286272,908
1790683689.8929543,1873667,782.717,predict,3023286272,908
1790683690.9172337,1873667,783.741,predict,3023286272,908
1790683691.9398458,1873667,784.764,predict,3011117056,908
1790683692.963169,1873667,785.787,predict,3011117056,908
1790683693.9890223,1873667,786.813,predict,3011117056,908
1790683695.0128095,1873667,787.837,predict,3011117056,908
1790683696.0378456,1873667,788.862,predict,3011117056,908
1790683697.0571268,1873667,789.881,predict,3011117056,908
1790683698.077454,1873667,790.901,predict,3011117056,908
1790683699.0985832,1873667,791.923,predict,3011117056,908
1790683700.1206813,1873667,792.945,predict,3011117056,908
1790683701.143997,1873667,793.968,predict,3011117056,908
1790683702.1669085,1873667,794.991,predict,3011117056,908
1790683703.1901913,1873667,796.014,predict,3011117056,908
1790683704.215262,1873667,797.039,predict,3011117056,908
1790683705.2366245,1873667,798.061,predict,3011117056,908
1790683706.2576592,1873667,799.082,predict,3011117056,908
1790683707.2815547,1873667,800.106,predict,3011117056,908
1790683708.305182,1873667,801.129,predict,3011117056,908
1790683709.3288703,1873667,802.153,predict,3011117056,908
1790683710.3506231,1873667,803.175,predict,3011117056,908
1790683711.3722684,1873667,804.196,predict,3011117056,908
1790683712.3922439,1873667,805.216,predict,3011117056,908
1790683713.416097,1873667,806.24,predict,3011117056,908
1790683714.439651,1873667,807.264,predict,3011117056,908
1790683715.4632387,1873667,808.287,predict,3011117056,908
1790683716.4849396,1873667,809.309,predict,3011117056,908
1790683717.5079846,1873667,810.332,predict,3011117056,908
1790683718.5280404,1873667,811.352,predict,3011117056,908
1790683719.5478225,1873667,812.372,predict,3011117056,908
1790683720.5672572,1873667,813.391,predict,3011117056,908
1790683721.5872245,1873667,814.411,predict,3011117056,908
1790683722.6090348,1873667,815.433,predict,3011117056,908
1790683723.6313603,1873667,816.455,predict,3011117056,908
1790683724.6512358,1873667,817.475,predict,3011117056,908
1790683725.6719596,1873667,818.496,predict,3011117056,908
1790683726.6931508,1873667,819.517,predict,3011117056,908
1790683727.7174284,1873667,820.541,predict,3011117056,908
1790683728.7430005,1873667,821.567,predict,3011117056,908
1790683729.764253,1873667,822.588,predict,3011117056,908
1790683730.7867935,1873667,823.611,predict,3011117056,908
1790683731.8088877,1873667,824.633,predict,3011117056,908
1790683732.8343563,1873667,825.658,predict,3011117056,908
1790683733.8599496,1873667,826.684,predict,3011117056,908
1790683734.8837688,1873667,827.708,predict,3011117056,908
1790683735.9053426,1873667,828.729,predict,3011117056,908
1790683736.9286318,1873667,829.753,predict,3011117056,908
1790683737.953732,1873667,830.778,predict,3011117056,908
1790683738.9772165,1873667,831.801,predict,3011117056,908
1790683739.997857,1873667,832.822,predict,3011117056,908
1790683741.0192003,1873667,833.843,predict,3011117056,908
1790683742.04059,1873667,834.865,predict,3011117056,908
1790683743.0625756,1873667,835.887,predict,3011117056,908
1790683744.084273,1873667,836.908,predict,3011117056,908
1790683745.1047888,1873667,837.929,predict,3011117056,908
1790683746.127384,1873667,838.951,predict,3011117056,908
1790683747.1510854,1873667,839.975,predict,3011117056,908
1790683748.176273,1873667,841.0,predict,3011117056,908
1790683749.2007139,1873667,842.025,predict,3011117056,908
1790683750.2226255,1873667,843.047,predict,3011117056,908
1790683751.2442496,1873667,844.068,predict,3011117056,908
1790683752.2656808,1873667,845.09,predict,3011117056,908
1790683753.2883823,1873667,846.112,predict,3011117056,908
1790683754.3086371,1873667,847.133,predict,3011117056,908
1790683755.3307142,1873667,848.155,predict,3011117056,908
1790683756.353342,1873667,849.177,predict,3011117056,908
1790683757.3731043,1873667,850.197,predict,3011117056,908
1790683758.3916893,1873667,851.216,predict,3011117056,908
1790683759.4137254,1873667,852.238,predict,3011117056,908
1790683760.434186,1873667,853.258,predict,3011117056,908
1790683761.4546316,1873667,854.279,predict,3011117056,908
1790683762.475921,1873667,855.3,predict,3011117056,908
1790683763.4988034,1873667,856.323,predict,3011117056,908
1790683764.5234947,1873667,857.348,predict,3011117056,908
1790683765.5443099,1873667,858.368,predict,3011117056,908
1790683766.5645936,1873667,859.389,predict,3011117056,908
1790683767.5873551,1873667,860.411,predict,3011117056,908
1790683768.6103146,1873667,861.434,predict,3011117056,908
1790683769.631657,1873667,862.456,predict,3011117056,908
1790683770.656956,1873667,863.481,predict,3011117056,908
1790683771.677743,1873667,864.502,predict,3011117056,908
1790683772.7005262,1873667,865.525,predict,3011117056,908
1790683773.722221,1873667,866.546,predict,3011117056,908
1790683774.746593,1873667,867.571,predict,3011117056,908
1790683775.768723,1873667,868.593,predict,3011117056,908
1790683776.7907643,1873667,869.615,predict,3011117056,908
1790683777.8144855,1873667,870.639,predict,3011117056,908
1790683778.8364694,1873667,871.66,predict,3011117056,908
1790683779.8613312,1873667,872.685,predict,3011117056,908
1790683780.8826447,1873667,873.707,predict,3011117056,908
1790683781.9047477,1873667,874.729,predict,3011117056,908
1790683782.9280345,1873667,875.752,predict,3011117056,908
1790683783.9531538,1873667,876.777,predict,3011117056,908
1790683784.9786072,1873667,877.803,predict,3011117056,908
1790683786.0044546,1873667,878.828,predict,3011117056,908
1790683787.02979,1873667,879.854,predict,3011117056,908
1790683788.0564766,1873667,880.881,predict,3011117056,908
1790683789.0830624,1873667,881.907,predict,3011117056,908
1790683790.1051438,1873667,882.929,predict,3011117056,908
1790683791.1300843,1873667,883.954,predict,3011117056,908
1790683792.152822,1873667,884.977,predict,3011117056,908
1790683793.1752045,1873667,885.999,predict,3011117056,908
1790683794.1961684,1873667,887.02,predict,3011117056,908
1790683795.2172472,1873667,888.041,predict,3011117056,908
1790683796.2398925,1873667,889.064,predict,3011117056,908
1790683797.2616837,1873667,890.086,predict,3011117056,908
1790683798.2818909,1873667,891.106,predict,3011117056,908
1790683799.3033657,1873667,892.127,predict,3011117056,908
1790683800.326765,1873667,893.151,predict,3011117056,908
1790683801.3505893,1873667,894.175,predict,3011117056,908
1790683802.375374,1873667,895.199,predict,3011117056,908
1790683803.400084,1873667,896.224,predict,3011117056,908
1790683804.4275625,1873667,897.252,predict,3011117056,908
1790683805.450822,1873667,898.275,predict,3011117056,908
1790683806.4729245,1873667,899.297,predict,3011117056,908
1790683807.494891,1873667,900.319,predict,3011117056,908
1790683808.5197845,1873667,901.344,predict,3011117056,908
1790683809.5423841,1873667,902.366,predict,3011117056,908
1790683810.5642688,1873667,903.388,predict,3011117056,908
1790683811.5899365,1873667,904.414,predict,3011117056,908
1790683812.6125724,1873667,905.437,predict,3011117056,908
1790683813.6363769,1873667,906.46,predict,3011117056,908
1790683814.658952,1873667,907.483,predict,3011117056,908
1790683815.6819897,1873667,908.506,predict,3011117056,908
1790683816.7017457,1873667,909.526,predict,3011117056,908
1790683817.7229743,1873667,910.547,predict,3011117056,908
1790683818.745416,1873667,911.569,predict,3011117056,908
1790683819.7677343,1873667,912.592,predict,3011117056,908
1790683820.7937233,1873667,913.618,predict,3011117056,908
1790683821.8183422,1873667,914.642,predict,3011117056,908
1790683822.8428483,1873667,915.667,predict,3011117056,908
1790683823.8646219,1873667,916.689,predict,3011117056,908
1790683824.888159,1873667,917.712,predict,3011117056,908
1790683825.913167,1873667,918.737,predict,3011117056,908
1790683826.9387505,1873667,919.763,predict,3011117056,908
1790683827.9615505,1873667,920.786,predict,3011117056,908
1790683828.9882433,1873667,921.812,predict,3011117056,908
1790683830.0161698,1873667,922.84,predict,3011117056,908
1790683831.040956,1873667,923.865,predict,3011117056,908
1790683832.0657449,1873667,924.89,predict,3023286272,908
1790683833.0899074,1873667,925.914,predict,3023286272,908
1790683834.113051,1873667,926.937,predict,3023286272,908
1790683835.1341639,1873667,927.958,predict,3023286272,908
1790683836.1544576,1873667,928.978,predict,3023286272,908
1790683837.1777813,1873667,930.002,predict,3023286272,908
1790683838.2043824,1873667,931.028,predict,3023286272,908
1790683839.2270944,1873667,932.051,predict,3023286272,908
1790683840.2511296,1873667,933.075,predict,3023286272,908
1790683841.2760243,1873667,934.1,predict,3023286272,908
1790683842.2992065,1873667,935.123,predict,3023286272,908
1790683843.3212862,1873667,936.145,predict,3023286272,908
1790683844.3428829,1873667,937.167,predict,3023286272,908
1790683845.3636296,1873667,938.188,predict,3023286272,908
1790683846.385701,1873667,939.21,predict,3023286272,908
1790683847.4075248,1873667,940.232,predict,3023286272,908
1790683848.4303415,1873667,941.254,predict,3023286272,908
1790683849.4533863,1873667,942.277,predict,3023286272,908
1790683850.4786575,1873667,943.303,predict,3023286272,908
1790683851.501953,1873667,944.326,predict,3023286272,908
1790683852.5229108,1873667,945.347,predict,3023286272,908
1790683853.5464365,1873667,946.37,predict,3023286272,908
1790683854.567954,1873667,947.392,predict,3023286272,908
1790683855.5901623,1873667,948.414,predict,3023286272,908
1790683856.6165657,1873667,949.441,predict,3023286272,908
1790683857.6405368,1873667,950.465,predict,3023286272,908
1790683858.6626532,1873667,951.487,predict,3023286272,908
1790683859.6868553,1873667,952.511,predict,3023286272,908
1790683860.7083595,1873667,953.532,predict,3023286272,908
1790683861.7298331,1873667,954.554,predict,3023286272,908
1790683862.7599146,1873667,955.584,predict,3023286272,908
1790683863.7865055,1873667,956.611,predict,3023286272,908
1790683864.8147297,1873667,957.639,predict,3023286272,908
1790683865.8450325,1873667,958.669,predict,3023286272,908
1790683866.8739102,1873667,959.698,predict,3023286272,908
1790683867.8958044,1873667,960.72,predict,3023286272,908
1790683868.9176009,1873667,961.742,predict,3023286272,908
1790683869.9455492,1873667,962.77,predict,3023286272,908
1790683870.973986,1873667,963.798,predict,3023286272,908
1790683871.9983811,1873667,964.822,predict,3023286272,908
1790683873.0213678,1873667,965.845,predict,3023286272,908
1790683874.0511858,1873667,966.875,predict,3023286272,908
1790683875.0771132,1873667,967.901,predict,3023286272,908
1790683876.106403,1873667,968.93,predict,3023286272,908
1790683877.1281295,1873667,969.952,predict,3011117056,908
1790683878.148017,1873667,970.972,predict,3011117056,908
1790683879.1698434,1873667,971.994,predict,3011117056,908
1790683880.1927426,1873667,973.017,predict,3011117056,908
1790683881.2152715,1873667,974.039,predict,3011117056,908
1790683882.2408547,1873667,975.065,predict,3011117056,908
1790683883.2648165,1873667,976.089,predict,3011117056,908
1790683884.2892923,1873667,977.113,predict,3011117056,908
1790683885.3182504,1873667,978.142,predict,3011117056,908
1790683886.344119,1873667,979.168,predict,3011117056,908
1790683887.3688707,1873667,980.193,predict,3011117056,908
1790683888.3908415,1873667,981.215,predict,3011117056,908
1790683889.413784,1873667,982.238,predict,3011117056,908
1790683890.4388714,1873667,983.263,predict,3011117056,908
1790683891.4629893,1873667,984.287,predict,3011117056,908
1790683892.484186,1873667,985.308,predict,3011117056,908
1790683893.5055664,1873667,986.33,predict,3011117056,908
1790683894.526556,1873667,987.351,predict,3011117056,908
1790683895.5471585,1873667,988.371,predict,3011117056,908
1790683896.5693007,1873667,989.393,predict,3011117056,908
1790683897.5918264,1873667,990.416,predict,3011117056,908
1790683898.6166008,1873667,991.441,predict,3011117056,908
1790683899.6381927,1873667,992.462,predict,3011117056,908
1790683900.662195,1873667,993.486,predict,3011117056,908
1790683901.6851575,1873667,994.509,predict,3011117056,908
1790683902.7096791,1873667,995.534,predict,3011117056,908
1790683903.7341511,1873667,996.558,predict,3011117056,908
1790683904.7571485,1873667,997.581,predict,3011117056,908
1790683905.7831163,1873667,998.607,predict,3011117056,908
1790683906.8080804,1873667,999.632,predict,3011117056,908
1790683907.8279052,1873667,1000.652,predict,3011117056,908
1790683908.8506072,1873667,1001.675,predict,3011117056,908
1790683909.8738284,1873667,1002.698,predict,3011117056,908
1790683910.895723,1873667,1003.72,predict,3011117056,908
1790683911.917606,1873667,1004.742,predict,3011117056,908
1790683912.9377835,1873667,1005.762,predict,3011117056,908
1790683913.9577131,1873667,1006.782,predict,3011117056,908
1790683914.9788427,1873667,1007.803,predict,3011117056,908
1790683916.0020595,1873667,1008.826,predict,3011117056,908
1790683917.0251527,1873667,1009.849,predict,3011117056,908
1790683918.0470583,1873667,1010.871,predict,3011117056,908
1790683919.0740125,1873667,1011.898,predict,3011117056,908
1790683920.0965087,1873667,1012.921,predict,3011117056,908
1790683921.1197517,1873667,1013.944,predict,3011117056,908
1790683922.1467102,1873667,1014.971,predict,3023286272,908
1790683923.1685107,1873667,1015.993,predict,3023286272,908
1790683924.1911414,1873667,1017.015,predict,3023286272,908
1790683925.2132063,1873667,1018.037,predict,3023286272,908
1790683926.238218,1873667,1019.062,predict,3023286272,908
1790683927.2634692,1873667,1020.087,predict,3023286272,908
1790683928.2862139,1873667,1021.11,predict,3023286272,908
1790683929.3089406,1873667,1022.133,predict,3023286272,908
1790683930.3349905,1873667,1023.159,predict,3023286272,908
1790683931.3619215,1873667,1024.186,predict,3023286272,908
1790683932.389104,1873667,1025.213,predict,3023286272,908
1790683933.4143367,1873667,1026.238,predict,3023286272,908
1790683934.440813,1873667,1027.265,predict,3023286272,908
1790683935.4663215,1873667,1028.29,predict,3023286272,908
1790683936.491671,1873667,1029.316,predict,3023286272,908
1790683937.5170631,1873667,1030.341,predict,3023286272,908
1790683938.5433357,1873667,1031.367,predict,3023286272,908
1790683939.5669758,1873667,1032.391,predict,3023286272,908
1790683940.5915108,1873667,1033.416,predict,3023286272,908
1790683941.612809,1873667,1034.437,predict,3023286272,908
1790683942.6346912,1873667,1035.459,predict,3023286272,908
1790683943.6619349,1873667,1036.486,predict,3023286272,908
1790683944.6885908,1873667,1037.513,predict,3023286272,908
1790683945.7110207,1873667,1038.535,predict,3023286272,908
1790683946.7367358,1873667,1039.561,predict,3023286272,908
1790683947.75677,1873667,1040.581,predict,3023286272,908
1790683948.7768714,1873667,1041.601,predict,3023286272,908
1790683949.7978113,1873667,1042.622,predict,3023286272,908
1790683950.8217735,1873667,1043.646,predict,3023286272,908
1790683951.8500717,1873667,1044.674,predict,3023286272,908
1790683952.8715613,1873667,1045.696,predict,3023286272,908
1790683953.8955088,1873667,1046.72,predict,3023286272,908
1790683954.920034,1873667,1047.744,predict,3023286272,908
1790683955.9407437,1873667,1048.765,predict,3023286272,908
1790683956.961276,1873667,1049.785,predict,3023286272,908
1790683957.985205,1873667,1050.809,predict,3023286272,908
1790683959.0109873,1873667,1051.835,predict,3023286272,908
1790683960.0381198,1873667,1052.862,predict,3023286272,908
1790683961.0648332,1873667,1053.889,predict,3023286272,908
1790683962.0930123,1873667,1054.917,predict,3023286272,908
1790683963.1179807,1873667,1055.942,predict,3023286272,908
1790683964.1439185,1873667,1056.968,predict,3023286272,908
1790683965.16852,1873667,1057.993,predict,3023286272,908
1790683966.1887078,1873667,1059.013,predict,3023286272,908
1790683967.210432,1873667,1060.034,predict,3023286272,908
1790683968.2316935,1873667,1061.056,predict,3011117056,908
1790683969.2565224,1873667,1062.081,predict,3011117056,908
1790683970.2808614,1873667,1063.105,predict,3011117056,908
1790683971.302597,1873667,1064.127,predict,3011117056,908
1790683972.3280518,1873667,1065.152,predict,3011117056,908
1790683973.3525565,1873667,1066.177,predict,3011117056,908
1790683974.373636,1873667,1067.198,predict,3011117056,908
1790683975.3973503,1873667,1068.221,predict,3011117056,908
1790683976.4216173,1873667,1069.246,predict,3011117056,908
1790683977.4445403,1873667,1070.269,predict,3011117056,908
1790683978.46645,1873667,1071.29,predict,3011117056,908
1790683979.4883935,1873667,1072.312,predict,3011117056,908
1790683980.5104463,1873667,1073.334,predict,3011117056,908
1790683981.5355613,1873667,1074.36,predict,3011117056,908
1790683982.5563414,1873667,1075.38,predict,3011117056,908
1790683983.577562,1873667,1076.402,predict,3011117056,908
1790683984.5983417,1873667,1077.422,predict,3011117056,908
1790683985.6204817,1873667,1078.445,predict,3011117056,908
1790683986.6422644,1873667,1079.466,predict,3011117056,908
1790683987.6631026,1873667,1080.487,predict,3011117056,908
1790683988.686105,1873667,1081.51,predict,3011117056,908
1790683989.7110207,1873667,1082.535,predict,3011117056,908
1790683990.734617,1873667,1083.559,predict,3011117056,908
1790683991.7531846,1873667,1084.577,predict,3011117056,908
1790683992.7753553,1873667,1085.599,predict,3011117056,908
1790683993.7995176,1873667,1086.624,predict,3011117056,908
1790683994.8275251,1873667,1087.652,predict,3011117056,908
1790683995.853156,1873667,1088.677,predict,3011117056,908
1790683996.8740819,1873667,1089.698,predict,3011117056,908
1790683997.8973453,1873667,1090.721,predict,3011117056,908
1790683998.9229424,1873667,1091.747,predict,3011117056,908
1790683999.9499884,1873667,1092.774,predict,3011117056,908
1790684000.976626,1873667,1093.801,predict,3011117056,908
1790684001.9988441,1873667,1094.823,predict,3011117056,908
1790684003.0179203,1873667,1095.842,predict,3011117056,908
1790684004.040486,1873667,1096.865,predict,3011117056,908
1790684005.062959,1873667,1097.887,predict,3011117056,908
1790684006.0904565,1873667,1098.914,predict,3011117056,908
1790684007.112808,1873667,1099.937,predict,3011117056,908
1790684008.1376407,1873667,1100.962,predict,3011117056,908
1790684009.1581674,1873667,1101.982,predict,3011117056,908
1790684010.181022,1873667,1103.005,predict,3011117056,908
1790684011.2069,1873667,1104.031,predict,3011117056,908
1790684012.2305307,1873667,1105.055,predict,3011117056,908
1790684013.255164,1873667,1106.079,predict,3011117056,908
1790684014.28051,1873667,1107.105,predict,3011117056,908
1790684015.3123052,1873667,1108.136,predict,3011117056,908
1790684016.3412473,1873667,1109.165,predict,3011117056,908
1790684017.3622901,1873667,1110.186,predict,3011117056,908
1790684018.3883648,1873667,1111.212,predict,3011117056,908
1790684019.4126985,1873667,1112.237,predict,3011117056,908
1790684020.4409525,1873667,1113.265,predict,3011117056,908
1790684021.46822,1873667,1114.292,predict,3011117056,908
1790684022.4976935,1873667,1115.322,predict,3011117056,908
1790684023.5229695,1873667,1116.347,predict,3011117056,908
1790684024.5436387,1873667,1117.368,predict,3011117056,908
1790684025.5662253,1873667,1118.39,predict,3011117056,908
1790684026.593147,1873667,1119.417,predict,3011117056,908
1790684027.6191275,1873667,1120.443,predict,3011117056,908
1790684028.639205,1873667,1121.463,predict,3011117056,908
1790684029.663859,1873667,1122.488,predict,3011117056,908
1790684030.691735,1873667,1123.516,predict,3011117056,908
1790684031.7186668,1873667,1124.543,predict,3011117056,908
1790684032.7427948,1873667,1125.567,predict,3011117056,908
1790684033.7649298,1873667,1126.589,predict,3011117056,908
1790684034.7908716,1873667,1127.615,predict,3011117056,908
1790684035.8162298,1873667,1128.64,predict,3011117056,908
1790684036.8421843,1873667,1129.666,predict,3011117056,908
1790684037.8668067,1873667,1130.691,predict,3011117056,908
1790684038.8918095,1873667,1131.716,predict,3011117056,908
1790684039.9126437,1873667,1132.737,predict,3011117056,908
1790684040.9336522,1873667,1133.758,predict,3011117056,908
1790684041.9558964,1873667,1134.78,predict,3011117056,908
1790684042.9783235,1873667,1135.802,predict,3011117056,908
1790684044.0048382,1873667,1136.829,predict,3011117056,908
1790684045.029662,1873667,1137.854,predict,3011117056,908
1790684046.050435,1873667,1138.874,predict,3011117056,908
1790684047.074537,1873667,1139.899,predict,3011117056,908
1790684048.097099,1873667,1140.921,predict,3011117056,908
1790684049.1172924,1873667,1141.941,predict,3011117056,908
1790684050.1377394,1873667,1142.962,predict,3011117056,908
1790684051.1592824,1873667,1143.983,predict,3011117056,908
1790684052.179677,1873667,1145.004,predict,3011117056,908
1790684053.2012687,1873667,1146.025,predict,3011117056,908
1790684054.223785,1873667,1147.048,predict,3011117056,908
1790684055.2480433,1873667,1148.072,predict,3011117056,908
1790684056.2726314,1873667,1149.097,predict,3011117056,908
1790684057.2974024,1873667,1150.121,predict,3011117056,908
1790684058.3232806,1873667,1151.147,predict,3011117056,908
1790684059.3511953,1873667,1152.175,predict,3219787776,908
1790684060.3746598,1873667,1153.199,predict,3023286272,908
1790684061.3964314,1873667,1154.22,predict,3023286272,908
1790684062.4215078,1873667,1155.246,predict,3023286272,908
1790684063.4458566,1873667,1156.27,predict,3023286272,908
1790684064.4709437,1873667,1157.295,predict,3023286272,908
1790684065.4953232,1873667,1158.319,predict,3023286272,908
1790684066.516714,1873667,1159.341,predict,3023286272,908
1790684067.538075,1873667,1160.362,predict,3023286272,908
1790684068.563029,1873667,1161.387,predict,3023286272,908
1790684069.5900598,1873667,1162.414,predict,3023286272,908
1790684070.6117845,1873667,1163.436,predict,3023286272,908
1790684071.6377661,1873667,1164.462,predict,3023286272,908
1790684072.6615412,1873667,1165.486,predict,3023286272,908
1790684073.6852705,1873667,1166.509,predict,3023286272,908
1790684074.7130773,1873667,1167.537,predict,3023286272,908
1790684075.7372131,1873667,1168.561,predict,3023286272,908
1790684076.7642229,1873667,1169.588,predict,3023286272,908
1790684077.7910428,1873667,1170.615,predict,3023286272,908
1790684078.8113248,1873667,1171.635,predict,3023286272,908
1790684079.8318985,1873667,1172.656,predict,3023286272,908
1790684080.8554423,1873667,1173.679,predict,3023286272,908
1790684081.882895,1873667,1174.707,predict,3023286272,908
1790684082.9098291,1873667,1175.734,predict,3023286272,908
1790684083.932069,1873667,1176.756,predict,3023286272,908
1790684084.9581378,1873667,1177.782,predict,3023286272,908
1790684085.9801633,1873667,1178.804,predict,3023286272,908
1790684087.0064998,1873667,1179.831,predict,3023286272,908
1790684088.0280988,1873667,1180.852,predict,3023286272,908
1790684089.0523083,1873667,1181.876,predict,3023286272,908
1790684090.0768564,1873667,1182.901,predict,3023286272,908
1790684091.100795,1873667,1183.925,predict,3023286272,908
1790684092.1208675,1873667,1184.945,predict,3023286272,908
1790684093.140992,1873667,1185.965,predict,3023286272,908
1790684094.1610124,1873667,1186.985,predict,3023286272,908
1790684095.1836767,1873667,1188.008,predict,3023286272,908
1790684096.2085447,1873667,1189.033,predict,3023286272,908
1790684097.2353258,1873667,1190.059,predict,3023286272,908
1790684098.2622788,1873667,1191.086,predict,3023286272,908
1790684099.285028,1873667,1192.109,predict,3023286272,908
1790684100.3115685,1873667,1193.136,predict,3023286272,908
1790684101.337054,1873667,1194.161,predict,3023286272,908
1790684102.3642464,1873667,1195.188,predict,3023286272,908
1790684103.39227,1873667,1196.216,predict,3023286272,908
1790684104.417927,1873667,1197.242,predict,3023286272,908
1790684105.444927,1873667,1198.269,predict,3023286272,908
1790684106.4716377,1873667,1199.296,predict,3187187712,908
1790684107.4978282,1873667,1200.322,predict,3023286272,908
1790684108.5218883,1873667,1201.346,predict,3023286272,908
1790684109.5470395,1873667,1202.371,predict,3023286272,908
1790684110.5702367,1873667,1203.394,predict,3023286272,908
1790684111.5961878,1873667,1204.42,predict,3023286272,908
1790684112.6185277,1873667,1205.443,predict,3023286272,908
1790684113.6419039,1873667,1206.466,predict,3023286272,908
1790684114.6655877,1873667,1207.49,predict,3023286272,908
1790684115.6917527,1873667,1208.516,predict,3023286272,908
1790684116.7162814,1873667,1209.54,predict,3023286272,908
1790684117.7376688,1873667,1210.562,predict,3023286272,908
1790684118.7606928,1873667,1211.585,predict,3023286272,908
1790684119.7846103,1873667,1212.609,predict,3023286272,908
1790684120.81249,1873667,1213.637,predict,3023286272,908
1790684121.8391347,1873667,1214.663,predict,3023286272,908
1790684122.865364,1873667,1215.689,predict,3023286272,908
1790684123.890434,1873667,1216.714,predict,3023286272,908
1790684124.91689,1873667,1217.741,predict,3023286272,908
1790684125.9429507,1873667,1218.767,predict,3023286272,908
1790684126.9633932,1873667,1219.787,predict,3023286272,908
1790684127.9859045,1873667,1220.81,predict,3023286272,908
1790684129.0074456,1873667,1221.831,predict,3023286272,908
1790684130.0314293,1873667,1222.855,predict,3023286272,908
1790684131.0512545,1873667,1223.875,predict,3023286272,908
1790684132.0716524,1873667,1224.896,predict,3023286272,908
1790684133.0917244,1873667,1225.916,predict,3023286272,908
1790684134.1134152,1873667,1226.937,predict,3023286272,908
1790684135.1364248,1873667,1227.96,predict,3023286272,908
1790684136.162595,1873667,1228.987,predict,3023286272,908
1790684137.1883142,1873667,1230.012,predict,3023286272,908
1790684138.2123146,1873667,1231.036,predict,3023286272,908
1790684139.2406166,1873667,1232.065,predict,3023286272,908
1790684140.2665312,1873667,1233.091,predict,3023286272,908
1790684141.2912097,1873667,1234.115,predict,3023286272,908
1790684142.3090696,1873667,1235.133,predict,3023286272,908
1790684143.3327107,1873667,1236.157,predict,3023286272,908
1790684144.3524528,1873667,1237.176,predict,3023286272,908
1790684145.3737762,1873667,1238.198,predict,3023286272,908
1790684146.3957345,1873667,1239.22,predict,3023286272,908
1790684147.419446,1873667,1240.243,predict,3023286272,908
1790684148.4470904,1873667,1241.271,predict,3023286272,908
1790684149.4737828,1873667,1242.298,predict,3023286272,908
1790684150.4991155,1873667,1243.323,predict,3023286272,908
1790684151.5247357,1873667,1244.349,predict,3023286272,908
1790684152.54795,1873667,1245.372,predict,3011117056,908
1790684153.5751557,1873667,1246.399,predict,3011117056,908
1790684154.6037388,1873667,1247.428,predict,3011117056,908
1790684155.6283114,1873667,1248.452,predict,3011117056,908
1790684156.6523163,1873667,1249.476,predict,3011117056,908
1790684157.6767335,1873667,1250.501,predict,3011117056,908
1790684158.6995862,1873667,1251.524,predict,3011117056,908
1790684159.7233984,1873667,1252.547,predict,3011117056,908
1790684160.7464185,1873667,1253.57,predict,3011117056,908
1790684161.773376,1873667,1254.597,predict,3011117056,908
1790684162.7995408,1873667,1255.624,predict,3011117056,908
1790684163.821385,1873667,1256.645,predict,3011117056,908
1790684164.8451533,1873667,1257.669,predict,3011117056,908
1790684165.8687747,1873667,1258.693,predict,3011117056,908
1790684166.8931057,1873667,1259.717,predict,3011117056,908
1790684167.918483,1873667,1260.743,predict,3011117056,908
1790684168.9458027,1873667,1261.77,predict,3011117056,908
1790684169.9697967,1873667,1262.794,predict,3011117056,908
1790684170.9897847,1873667,1263.814,predict,3011117056,908
1790684172.0137758,1873667,1264.838,predict,3011117056,908
1790684173.035695,1873667,1265.86,predict,3011117056,908
1790684174.0582087,1873667,1266.882,predict,3011117056,908
1790684175.0788174,1873667,1267.903,predict,3011117056,908
1790684176.1014273,1873667,1268.925,predict,3011117056,908
1790684177.1264381,1873667,1269.95,predict,3011117056,908
1790684178.1459491,1873667,1270.97,predict,3011117056,908
1790684179.1691453,1873667,1271.993,predict,3011117056,908
1790684180.192643,1873667,1273.017,predict,3011117056,908
1790684181.2141051,1873667,1274.038,predict,3011117056,908
1790684182.236249,1873667,1275.06,predict,3011117056,908
1790684183.2605836,1873667,1276.085,predict,3011117056,908
1790684184.2823167,1873667,1277.106,predict,3011117056,908
1790684185.3025403,1873667,1278.127,predict,3011117056,908
1790684186.326228,1873667,1279.15,predict,3011117056,908
1790684187.3510299,1873667,1280.175,predict,3011117056,908
1790684188.3774612,1873667,1281.201,predict,3011117056,908
1790684189.4039292,1873667,1282.228,predict,3011117056,908
1790684190.4272826,1873667,1283.251,predict,3011117056,908
1790684191.4494483,1873667,1284.273,predict,3011117056,908
1790684192.4724667,1873667,1285.296,predict,3011117056,908
1790684193.4943514,1873667,1286.318,predict,3011117056,908
1790684194.5141017,1873667,1287.338,predict,3011117056,908
1790684195.5341952,1873667,1288.358,predict,3011117056,908
1790684196.5548885,1873667,1289.379,predict,3011117056,908
1790684197.576673,1873667,1290.401,predict,3011117056,908
1790684198.5994604,1873667,1291.423,predict,3023286272,908
1790684199.6226447,1873667,1292.447,predict,3023286272,908
1790684200.6465654,1873667,1293.471,predict,3023286272,908
1790684201.6707964,1873667,1294.495,predict,3023286272,908
1790684202.6940699,1873667,1295.518,predict,3023286272,908
1790684203.718348,1873667,1296.542,predict,3023286272,908
1790684204.739941,1873667,1297.564,predict,3023286272,908
1790684205.762384,1873667,1298.586,predict,3023286272,908
1790684206.783832,1873667,1299.608,predict,3023286272,908
1790684207.8045878,1873667,1300.629,predict,3023286272,908
1790684208.829528,1873667,1301.654,predict,3023286272,908
1790684209.8523169,1873667,1302.676,predict,3023286272,908
1790684210.8737032,1873667,1303.698,predict,3023286272,908
1790684211.894152,1873667,1304.718,predict,3023286272,908
1790684212.917131,1873667,1305.741,predict,3023286272,908
1790684213.938948,1873667,1306.763,predict,3023286272,908
1790684214.9628513,1873667,1307.787,predict,3023286272,908
1790684215.9837294,1873667,1308.808,predict,3023286272,908
1790684217.0067313,1873667,1309.831,predict,3023286272,908
1790684218.0321996,1873667,1310.856,predict,3023286272,908
1790684219.056413,1873667,1311.88,predict,3023286272,908
1790684220.079413,1873667,1312.903,predict,3023286272,908
1790684221.1055279,1873667,1313.93,predict,3023286272,908
1790684222.1271925,1873667,1314.951,predict,3023286272,908
1790684223.148903,1873667,1315.973,predict,3023286272,908
1790684224.173908,1873667,1316.998,predict,3023286272,908
1790684225.1970747,1873667,1318.021,predict,3023286272,908
1790684226.2185018,1873667,1319.043,predict,3023286272,908
1790684227.2379553,1873667,1320.062,predict,3023286272,908
1790684228.2592545,1873667,1321.083,predict,3023286272,908
1790684229.281285,1873667,1322.105,predict,3023286272,908
1790684230.3028436,1873667,1323.127,predict,3023286272,908
1790684231.3260062,1873667,1324.15,predict,3023286272,908
1790684232.3520389,1873667,1325.176,predict,3023286272,908
1790684233.3754478,1873667,1326.199,predict,3023286272,908
1790684234.3991435,1873667,1327.223,predict,3023286272,908
1790684235.4218714,1873667,1328.246,predict,3023286272,908
1790684236.4445262,1873667,1329.269,predict,3023286272,908
1790684237.4690022,1873667,1330.293,predict,3023286272,908
1790684238.4918458,1873667,1331.316,predict,3023286272,908
1790684239.5188313,1873667,1332.343,predict,3023286272,908
1790684240.5459409,1873667,1333.37,predict,3023286272,908
1790684241.56857,1873667,1334.393,predict,3023286272,908
1790684242.587193,1873667,1335.411,predict,3023286272,908
1790684243.6088762,1873667,1336.433,predict,3023286272,908
1790684244.632552,1873667,1337.457,predict,3132817408,908
1790684245.6552448,1873667,1338.479,predict,3011117056,908
1790684246.6780455,1873667,1339.502,predict,3011117056,908
1790684247.7033963,1873667,1340.527,predict,3011117056,908
1790684248.7226577,1873667,1341.547,predict,3011117056,908
1790684249.74499,1873667,1342.569,predict,3011117056,908
1790684250.7667987,1873667,1343.591,predict,3011117056,908
1790684251.7890751,1873667,1344.613,predict,3011117056,908
1790684252.8109102,1873667,1345.635,predict,3011117056,908
1790684253.8307502,1873667,1346.655,predict,3011117056,908
1790684254.8530195,1873667,1347.677,predict,3011117056,908
1790684255.8735316,1873667,1348.698,predict,3011117056,908
1790684256.895861,1873667,1349.72,predict,3011117056,908
1790684257.918795,1873667,1350.743,predict,3011117056,908
1790684258.9407086,1873667,1351.765,predict,3011117056,908
1790684259.963535,1873667,1352.788,predict,3011117056,908
1790684260.9853532,1873667,1353.809,predict,3011117056,908
1790684262.0106654,1873667,1354.835,predict,3011117056,908
1790684263.034138,1873667,1355.858,predict,3011117056,908
1790684264.0602582,1873667,1356.884,predict,3011117056,908
1790684265.085636,1873667,1357.91,predict,3011117056,908
1790684266.106426,1873667,1358.93,predict,3011117056,908
1790684267.1283474,1873667,1359.952,predict,3011117056,908
1790684268.1517143,1873667,1360.976,predict,3011117056,908
1790684269.1736364,1873667,1361.998,predict,3011117056,908
1790684270.1932497,1873667,1363.017,predict,3011117056,908
1790684271.21644,1873667,1364.04,predict,3011117056,908
1790684272.2413096,1873667,1365.065,predict,3011117056,908
1790684273.2654538,1873667,1366.089,predict,3011117056,908
1790684274.2871022,1873667,1367.111,predict,3011117056,908
1790684275.3117578,1873667,1368.136,predict,3011117056,908
1790684276.3351097,1873667,1369.159,predict,3011117056,908
1790684277.3556576,1873667,1370.18,predict,3011117056,908
1790684278.3768592,1873667,1371.201,predict,3011117056,908
1790684279.3987434,1873667,1372.223,predict,3011117056,908
1790684280.421752,1873667,1373.246,predict,3011117056,908
1790684281.443976,1873667,1374.268,predict,3011117056,908
1790684282.468304,1873667,1375.292,predict,3011117056,908
1790684283.4889402,1873667,1376.313,predict,3011117056,908
1790684284.51407,1873667,1377.338,predict,3011117056,908
1790684285.5406501,1873667,1378.365,predict,3011117056,908
1790684286.5654392,1873667,1379.389,predict,3011117056,908
1790684287.5874546,1873667,1380.411,predict,3011117056,908
1790684288.6112585,1873667,1381.435,predict,3011117056,908
1790684289.6350553,1873667,1382.459,predict,3011117056,908
1790684290.658334,1873667,1383.482,predict,3011117056,908
1790684291.6827583,1873667,1384.507,predict,3023286272,908
1790684292.7031376,1873667,1385.527,predict,3023286272,908
1790684293.723854,1873667,1386.548,predict,3023286272,908
1790684294.7465935,1873667,1387.571,predict,3023286272,908
1790684295.7692006,1873667,1388.593,predict,3023286272,908
1790684296.7899985,1873667,1389.614,predict,3023286272,908
1790684297.8103616,1873667,1390.634,predict,3023286272,908
1790684298.8323274,1873667,1391.656,predict,3023286272,908
1790684299.855591,1873667,1392.68,predict,3023286272,908
1790684300.8805232,1873667,1393.705,predict,3023286272,908
1790684301.9072866,1873667,1394.731,predict,3023286272,908
1790684302.9332154,1873667,1395.757,predict,3023286272,908
1790684303.9567766,1873667,1396.781,predict,3023286272,908
1790684304.9781466,1873667,1397.802,predict,3023286272,908
1790684305.9991302,1873667,1398.823,predict,3023286272,908
1790684307.0202725,1873667,1399.844,predict,3023286272,908
1790684308.0393918,1873667,1400.863,predict,3023286272,908
1790684309.066172,1873667,1401.89,predict,3023286272,908
1790684310.0914516,1873667,1402.915,predict,3023286272,908
1790684311.1141853,1873667,1403.938,predict,3023286272,908
1790684312.141685,1873667,1404.966,predict,3023286272,908
1790684313.1657305,1873667,1405.99,predict,3023286272,908
1790684314.1884782,1873667,1407.013,predict,3023286272,908
1790684315.211433,1873667,1408.035,predict,3023286272,908
1790684316.2355,1873667,1409.06,predict,3023286272,908
1790684317.2621348,1873667,1410.086,predict,3023286272,908
1790684318.2822573,1873667,1411.106,predict,3023286272,908
1790684319.3055015,1873667,1412.13,predict,3023286272,908
1790684320.3282554,1873667,1413.152,predict,3023286272,908
1790684321.3533168,1873667,1414.177,predict,3023286272,908
1790684322.374498,1873667,1415.199,predict,3023286272,908
1790684323.3970823,1873667,1416.221,predict,3023286272,908
1790684324.4222355,1873667,1417.246,predict,3023286272,908
1790684325.4444118,1873667,1418.268,predict,3023286272,908
1790684326.4681985,1873667,1419.292,predict,3023286272,908
1790684327.4872205,1873667,1420.311,predict,3023286272,908
1790684328.509439,1873667,1421.333,predict,3023286272,908
1790684329.533723,1873667,1422.358,predict,3023286272,908
1790684330.5540736,1873667,1423.378,predict,3023286272,908
1790684331.5751157,1873667,1424.399,predict,3023286272,908
1790684332.5975127,1873667,1425.422,predict,3023286272,908
1790684333.6202657,1873667,1426.444,predict,3023286272,908
1790684334.646397,1873667,1427.47,predict,3023286272,908
1790684335.671366,1873667,1428.495,predict,3023286272,908
1790684336.6938763,1873667,1429.518,predict,3023286272,908
1790684337.7140057,1873667,1430.538,predict,3023286272,908
1790684338.735666,1873667,1431.56,predict,3205840896,908
1790684339.7583697,1873667,1432.582,predict,3035459584,908
1790684340.7802596,1873667,1433.604,predict,3035459584,908
1790684341.8030183,1873667,1434.627,predict,3035459584,908
1790684342.8297567,1873667,1435.654,predict,3035459584,908
1790684343.8549116,1873667,1436.679,predict,3035459584,908
1790684344.8747504,1873667,1437.699,predict,3035459584,908
1790684345.8978128,1873667,1438.722,predict,3035459584,908
1790684346.9217238,1873667,1439.746,predict,3035459584,908
1790684347.946298,1873667,1440.77,predict,3035459584,908
1790684348.9690473,1873667,1441.793,predict,3035459584,908
1790684349.9954338,1873667,1442.819,predict,3035459584,908
1790684351.0183709,1873667,1443.842,predict,3035459584,908
1790684352.0433095,1873667,1444.867,predict,3035459584,908
1790684353.0697098,1873667,1445.894,predict,3035459584,908
1790684354.091107,1873667,1446.915,predict,3035459584,908
1790684355.112519,1873667,1447.937,predict,3035459584,908
1790684356.1342032,1873667,1448.958,predict,3035459584,908
1790684357.1563861,1873667,1449.98,predict,3035459584,908
1790684358.1790235,1873667,1451.003,predict,3035459584,908
1790684359.2020829,1873667,1452.026,predict,3035459584,908
1790684360.2238548,1873667,1453.048,predict,3035459584,908
1790684361.245597,1873667,1454.07,predict,3035459584,908
1790684362.2686546,1873667,1455.093,predict,3035459584,908
1790684363.2914479,1873667,1456.115,predict,3035459584,908
1790684364.3139343,1873667,1457.138,predict,3035459584,908
1790684365.3383942,1873667,1458.162,predict,3035459584,908
1790684366.3599231,1873667,1459.184,predict,3035459584,908
1790684367.3811462,1873667,1460.205,predict,3035459584,908
1790684368.4011815,1873667,1461.225,predict,3035459584,908
1790684369.4230807,1873667,1462.247,predict,3035459584,908
1790684370.447112,1873667,1463.271,predict,3035459584,908
1790684371.4695055,1873667,1464.294,predict,3035459584,908
1790684372.490246,1873667,1465.314,predict,3035459584,908
1790684373.5115337,1873667,1466.336,predict,3035459584,908
1790684374.533554,1873667,1467.358,predict,3035459584,908
1790684375.5566409,1873667,1468.381,predict,3035459584,908
1790684376.5819938,1873667,1469.406,predict,3035459584,908
1790684377.6066096,1873667,1470.431,predict,3035459584,908
1790684378.6313984,1873667,1471.455,predict,3035459584,908
1790684379.653274,1873667,1472.477,predict,3035459584,908
1790684380.6764693,1873667,1473.5,predict,3035459584,908
1790684381.7022011,1873667,1474.526,predict,3035459584,908
1790684382.7282207,1873667,1475.552,predict,3035459584,908
1790684383.7543056,1873667,1476.578,predict,3035459584,908
1790684384.7753408,1873667,1477.599,predict,3035459584,908
1790684385.7967956,1873667,1478.621,predict,3242344448,908
1790684386.8170428,1873667,1479.641,predict,3023286272,908
1790684387.8392558,1873667,1480.663,predict,3023286272,908
1790684388.8604228,1873667,1481.684,predict,3023286272,908
1790684389.8813083,1873667,1482.705,predict,3023286272,908
1790684390.9036179,1873667,1483.728,predict,3023286272,908
1790684391.925123,1873667,1484.749,predict,3023286272,908
1790684392.9477687,1873667,1485.772,predict,3023286272,908
1790684393.9722333,1873667,1486.796,predict,3023286272,908
1790684394.9983847,1873667,1487.822,predict,3023286272,908
1790684396.0211573,1873667,1488.845,predict,3023286272,908
1790684397.0451915,1873667,1489.869,predict,3023286272,908
1790684398.0657065,1873667,1490.89,predict,3023286272,908
1790684399.0868685,1873667,1491.911,predict,3023286272,908
1790684400.1086538,1873667,1492.933,predict,3023286272,908
1790684401.132836,1873667,1493.957,predict,3023286272,908
1790684402.1595168,1873667,1494.984,predict,3023286272,908
1790684403.185174,1873667,1496.009,predict,3023286272,908
1790684404.2120168,1873667,1497.036,predict,3023286272,908
1790684405.2408798,1873667,1498.065,predict,3023286272,908
1790684406.266415,1873667,1499.09,predict,3023286272,908
1790684407.2905335,1873667,1500.115,predict,3023286272,908
1790684408.3162112,1873667,1501.14,predict,3023286272,908
1790684409.3409264,1873667,1502.165,predict,3023286272,908
1790684410.3688262,1873667,1503.193,predict,3023286272,908
1790684411.3948932,1873667,1504.219,predict,3023286272,908
1790684412.4211533,1873667,1505.245,predict,3023286272,908
1790684413.4490712,1873667,1506.273,predict,3023286272,908
1790684414.4736779,1873667,1507.298,predict,3023286272,908
1790684415.502874,1873667,1508.327,predict,3023286272,908
1790684416.5331016,1873667,1509.357,predict,3023286272,908
1790684417.5612028,1873667,1510.385,predict,3023286272,908
1790684418.5932882,1873667,1511.417,predict,3023286272,908
1790684419.6228025,1873667,1512.447,predict,3023286272,908
1790684420.6471925,1873667,1513.471,predict,3023286272,908
1790684421.6718013,1873667,1514.496,predict,3023286272,908
1790684422.6967726,1873667,1515.521,predict,3023286272,908
1790684423.720057,1873667,1516.544,predict,3023286272,908
1790684424.7450142,1873667,1517.569,predict,3023286272,908
1790684425.7710602,1873667,1518.595,predict,3023286272,908
1790684426.7975903,1873667,1519.622,predict,3023286272,908
1790684427.8260963,1873667,1520.65,predict,3023286272,908
1790684428.8540714,1873667,1521.678,predict,3023286272,908
1790684429.8765922,1873667,1522.701,predict,3023286272,908
1790684430.9042478,1873667,1523.728,predict,3021832192,908
1790684431.928123,1873667,1524.752,predict,3011117056,908
1790684432.9558554,1873667,1525.78,predict,3011117056,908
1790684433.9796643,1873667,1526.804,predict,3011117056,908
1790684435.005057,1873667,1527.829,predict,3011117056,908
1790684436.029081,1873667,1528.853,predict,3011117056,908
1790684437.054031,1873667,1529.878,predict,3011117056,908
1790684438.0775874,1873667,1530.902,predict,3011117056,908
1790684439.1009636,1873667,1531.925,predict,3011117056,908
1790684440.1296284,1873667,1532.954,predict,3011117056,908
1790684441.1581779,1873667,1533.982,predict,3011117056,908
1790684442.186664,1873667,1535.011,predict,3011117056,908
1790684443.2162933,1873667,1536.04,predict,3011117056,908
1790684444.2430987,1873667,1537.067,predict,3011117056,908
1790684445.266788,1873667,1538.091,predict,3011117056,908
1790684446.2967455,1873667,1539.121,predict,3011117056,908
1790684447.3242183,1873667,1540.148,predict,3011117056,908
1790684448.3511007,1873667,1541.175,predict,3011117056,908
1790684449.3791041,1873667,1542.203,predict,3011117056,908
1790684450.4023905,1873667,1543.226,predict,3011117056,908
1790684451.4317768,1873667,1544.256,predict,3011117056,908
1790684452.4590237,1873667,1545.283,predict,3011117056,908
1790684453.4862397,1873667,1546.31,predict,3011117056,908
1790684454.509859,1873667,1547.334,predict,3011117056,908
1790684455.537036,1873667,1548.361,predict,3011117056,908
1790684456.560827,1873667,1549.385,predict,3011117056,908
1790684457.5822444,1873667,1550.406,predict,3011117056,908
1790684458.6034293,1873667,1551.427,predict,3011117056,908
1790684459.6287272,1873667,1552.453,predict,3011117056,908
1790684460.6529884,1873667,1553.477,predict,3011117056,908
1790684461.6783435,1873667,1554.502,predict,3011117056,908
1790684462.701465,1873667,1555.525,predict,3011117056,908
1790684463.7269986,1873667,1556.551,predict,3011117056,908
1790684464.7493565,1873667,1557.573,predict,3011117056,908
1790684465.7756,1873667,1558.6,predict,3011117056,908
1790684466.8017406,1873667,1559.626,predict,3011117056,908
1790684467.8278024,1873667,1560.652,predict,3011117056,908
1790684468.8494608,1873667,1561.673,predict,3011117056,908
1790684469.8728495,1873667,1562.697,predict,3011117056,908
1790684470.897193,1873667,1563.721,predict,3011117056,908
1790684471.9253092,1873667,1564.749,predict,3011117056,908
1790684472.9486854,1873667,1565.773,predict,3011117056,908
1790684473.977245,1873667,1566.801,predict,3011117056,908
1790684475.007175,1873667,1567.831,predict,3011117056,908
1790684476.0341938,1873667,1568.858,predict,3011117056,908
1790684477.0608268,1873667,1569.885,predict,3011117056,908
1790684478.0893838,1873667,1570.913,predict,3011117056,908
1790684479.1182492,1873667,1571.942,predict,3011117056,908
1790684480.1478577,1873667,1572.972,predict,3011117056,908
1790684481.175968,1873667,1574.0,predict,3011117056,908
1790684482.2012422,1873667,1575.025,predict,3011117056,908
1790684483.229223,1873667,1576.053,predict,3011117056,908
1790684484.2558243,1873667,1577.08,predict,3011117056,908
1790684485.2842586,1873667,1578.108,predict,3011117056,908
1790684486.3080401,1873667,1579.132,predict,3011117056,908
1790684487.329047,1873667,1580.153,predict,3011117056,908
1790684488.3510952,1873667,1581.175,predict,3011117056,908
1790684489.376443,1873667,1582.2,predict,3011117056,908
1790684490.4007518,1873667,1583.225,predict,3011117056,908
1790684491.4253995,1873667,1584.249,predict,3011117056,908
1790684492.454293,1873667,1585.278,predict,3011117056,908
1790684493.47955,1873667,1586.304,predict,3011117056,908
1790684494.5045416,1873667,1587.329,predict,3011117056,908
1790684495.5266316,1873667,1588.351,predict,3011117056,908
1790684496.5557292,1873667,1589.38,predict,3011117056,908
1790684497.5796528,1873667,1590.404,predict,3011117056,908
1790684498.6027772,1873667,1591.427,predict,3011117056,908
1790684499.6254327,1873667,1592.449,predict,3011117056,908
1790684500.646164,1873667,1593.47,predict,3011117056,908
1790684501.6684723,1873667,1594.492,predict,3011117056,908
1790684502.6933913,1873667,1595.517,predict,3011117056,908
1790684503.7203069,1873667,1596.544,predict,3011117056,908
1790684504.742338,1873667,1597.566,predict,3011117056,908
1790684505.763479,1873667,1598.588,predict,3011117056,908
1790684506.7843063,1873667,1599.608,predict,3011117056,908
1790684507.8071249,1873667,1600.631,predict,3011117056,908
1790684508.8315318,1873667,1601.656,predict,3011117056,908
1790684509.8519828,1873667,1602.676,predict,3011117056,908
1790684510.8726752,1873667,1603.697,predict,3011117056,908
1790684511.8955333,1873667,1604.72,predict,3011117056,908
1790684512.9199164,1873667,1605.744,predict,3011117056,908
1790684513.9455972,1873667,1606.77,predict,3011117056,908
1790684514.9707496,1873667,1607.795,predict,3011117056,908
1790684515.9955726,1873667,1608.82,predict,3011117056,908
1790684517.019076,1873667,1609.843,predict,3011117056,908
1790684518.041036,1873667,1610.865,predict,3011117056,908
1790684519.0632038,1873667,1611.887,predict,3011117056,908
1790684520.0859733,1873667,1612.91,predict,3011117056,908
1790684521.1078424,1873667,1613.932,predict,3011117056,908
1790684522.1334982,1873667,1614.958,predict,3011117056,908
1790684523.154781,1873667,1615.979,predict,3023286272,908
1790684524.1765716,1873667,1617.001,predict,3023286272,908
1790684525.2011158,1873667,1618.025,predict,3023286272,908
1790684526.221896,1873667,1619.046,predict,3023286272,908
1790684527.2419963,1873667,1620.066,predict,3023286272,908
1790684528.2656705,1873667,1621.09,predict,3023286272,908
1790684529.29182,1873667,1622.116,predict,3023286272,908
1790684530.315004,1873667,1623.139,predict,3023286272,908
1790684531.3376791,1873667,1624.162,predict,3023286272,908
1790684532.3621001,1873667,1625.186,predict,3023286272,908
1790684533.3870065,1873667,1626.211,predict,3023286272,908
1790684534.4099338,1873667,1627.234,predict,3023286272,908
1790684535.432789,1873667,1628.257,predict,3023286272,908
1790684536.4595106,1873667,1629.284,predict,3023286272,908
1790684537.4844337,1873667,1630.308,predict,3023286272,908
1790684538.511499,1873667,1631.336,predict,3023286272,908
1790684539.5379303,1873667,1632.362,predict,3023286272,908
1790684540.5628674,1873667,1633.387,predict,3023286272,908
1790684541.5872905,1873667,1634.411,predict,3023286272,908
1790684542.6072893,1873667,1635.431,predict,3023286272,908
1790684543.6291392,1873667,1636.453,predict,3023286272,908
1790684544.6509037,1873667,1637.475,predict,3023286272,908
1790684545.6700552,1873667,1638.494,predict,3023286272,908
1790684546.692164,1873667,1639.516,predict,3023286272,908
1790684547.7180295,1873667,1640.542,predict,3023286272,908
1790684548.7429256,1873667,1641.567,predict,3023286272,908
1790684549.76789,1873667,1642.592,predict,3023286272,908
1790684550.7930918,1873667,1643.617,predict,3023286272,908
1790684551.8230598,1873667,1644.647,predict,3023286272,908
1790684552.8475826,1873667,1645.672,predict,3023286272,908
1790684553.8712485,1873667,1646.695,predict,3023286272,908
1790684554.8930447,1873667,1647.717,predict,3023286272,908
1790684555.9130535,1873667,1648.737,predict,3023286272,908
1790684556.934747,1873667,1649.759,predict,3023286272,908
1790684557.9602597,1873667,1650.784,predict,3023286272,908
1790684558.9816065,1873667,1651.806,predict,3023286272,908
1790684560.0010436,1873667,1652.825,predict,3023286272,908
1790684561.0251424,1873667,1653.849,predict,3023286272,908
1790684562.049445,1873667,1654.873,predict,3023286272,908
1790684563.078442,1873667,1655.902,predict,3023286272,908
1790684564.110092,1873667,1656.934,predict,3023286272,908
1790684565.1347566,1873667,1657.959,predict,3023286272,908
1790684566.1653147,1873667,1658.989,predict,3023286272,908
1790684567.1943834,1873667,1660.018,predict,3023286272,908
1790684568.2200422,1873667,1661.044,predict,3023286272,908
1790684569.244544,1873667,1662.069,predict,3035459584,908
1790684570.269312,1873667,1663.093,predict,3035459584,908
1790684571.2954297,1873667,1664.119,predict,3035459584,908
1790684572.319943,1873667,1665.144,predict,3035459584,908
1790684573.3403714,1873667,1666.164,predict,3035459584,908
1790684574.3622274,1873667,1667.186,predict,3035459584,908
1790684575.3854887,1873667,1668.21,predict,3035459584,908
1790684576.410865,1873667,1669.235,predict,3035459584,908
1790684577.430904,1873667,1670.255,predict,3035459584,908
1790684578.4542487,1873667,1671.278,predict,3035459584,908
1790684579.4823015,1873667,1672.306,predict,3035459584,908
1790684580.5081618,1873667,1673.332,predict,3035459584,908
1790684581.5309117,1873667,1674.355,predict,3035459584,908
1790684582.5533643,1873667,1675.377,predict,3035459584,908
1790684583.579336,1873667,1676.403,predict,3035459584,908
1790684584.6031122,1873667,1677.427,predict,3035459584,908
1790684585.629107,1873667,1678.453,predict,3035459584,908
1790684586.6491122,1873667,1679.473,predict,3035459584,908
1790684587.6689792,1873667,1680.493,predict,3035459584,908
1790684588.6908126,1873667,1681.515,predict,3035459584,908
1790684589.714014,1873667,1682.538,predict,3035459584,908
1790684590.737967,1873667,1683.562,predict,3035459584,908
1790684591.763789,1873667,1684.588,predict,3035459584,908
1790684592.7876618,1873667,1685.612,predict,3035459584,908
1790684593.8105948,1873667,1686.635,predict,3035459584,908
1790684594.8326347,1873667,1687.657,predict,3035459584,908
1790684595.8546586,1873667,1688.679,predict,3035459584,908
1790684596.8782334,1873667,1689.702,predict,3035459584,908
1790684597.9056392,1873667,1690.73,predict,3035459584,908
1790684598.9318786,1873667,1691.756,predict,3035459584,908
1790684599.9568253,1873667,1692.781,predict,3035459584,908
1790684600.9815204,1873667,1693.806,predict,3035459584,908
1790684602.0080872,1873667,1694.832,predict,3035459584,908
1790684603.0315366,1873667,1695.856,predict,3035459584,908
1790684604.0564353,1873667,1696.88,predict,3035459584,908
1790684605.0834625,1873667,1697.907,predict,3035459584,908
1790684606.1089108,1873667,1698.933,predict,3035459584,908
1790684607.1349273,1873667,1699.959,predict,3035459584,908
1790684608.1610818,1873667,1700.985,predict,3035459584,908
1790684609.1863928,1873667,1702.01,predict,3035459584,908
1790684610.2125041,1873667,1703.037,predict,3035459584,908
1790684611.23507,1873667,1704.059,predict,3035459584,908
1790684612.256758,1873667,1705.081,predict,3035459584,908
1790684613.2787042,1873667,1706.103,predict,3035459584,908
1790684614.3005085,1873667,1707.125,predict,3035459584,908
1790684615.3258333,1873667,1708.15,predict,3035459584,908
1790684616.349445,1873667,1709.173,predict,3023286272,908
1790684617.373136,1873667,1710.197,predict,3023286272,908
1790684618.399908,1873667,1711.224,predict,3023286272,908
1790684619.4231777,1873667,1712.247,predict,3023286272,908
1790684620.4436948,1873667,1713.268,predict,3023286272,908
1790684621.4661314,1873667,1714.29,predict,3023286272,908
1790684622.4904308,1873667,1715.314,predict,3023286272,908
1790684623.5128653,1873667,1716.337,predict,3023286272,908
1790684624.5362663,1873667,1717.36,predict,3023286272,908
1790684625.5587554,1873667,1718.383,predict,3023286272,908
1790684626.584902,1873667,1719.409,predict,3023286272,908
1790684627.6111343,1873667,1720.435,predict,3023286272,908
1790684628.633798,1873667,1721.458,predict,3023286272,908
1790684629.6572175,1873667,1722.481,predict,3023286272,908
1790684630.6772418,1873667,1723.501,predict,3023286272,908
1790684631.7001984,1873667,1724.524,predict,3023286272,908
1790684632.7210379,1873667,1725.545,predict,3023286272,908
1790684633.7415445,1873667,1726.566,predict,3023286272,908
1790684634.7610166,1873667,1727.585,predict,3023286272,908
1790684635.783019,1873667,1728.607,predict,3023286272,908
1790684636.804273,1873667,1729.628,predict,3023286272,908
1790684637.8287244,1873667,1730.653,predict,3023286272,908
1790684638.8538198,1873667,1731.678,predict,3023286272,908
1790684639.8800638,1873667,1732.704,predict,3023286272,908
1790684640.9034772,1873667,1733.728,predict,3023286272,908
1790684641.927298,1873667,1734.751,predict,3023286272,908
1790684642.9541543,1873667,1735.778,predict,3023286272,908
1790684643.9813337,1873667,1736.805,predict,3023286272,908
1790684645.0069897,1873667,1737.831,predict,3023286272,908
1790684646.0308263,1873667,1738.855,predict,3023286272,908
1790684647.056838,1873667,1739.881,predict,3023286272,908
1790684648.0818415,1873667,1740.906,predict,3023286272,908
1790684649.1088176,1873667,1741.933,predict,3023286272,908
1790684650.1293375,1873667,1742.953,predict,3023286272,908
1790684651.1509826,1873667,1743.975,predict,3023286272,908
1790684652.1745744,1873667,1744.999,predict,3023286272,908
1790684653.1950328,1873667,1746.019,predict,3023286272,908
1790684654.2172563,1873667,1747.041,predict,3023286272,908
1790684655.2432978,1873667,1748.067,predict,3023286272,908
1790684656.26908,1873667,1749.093,predict,3023286272,908
1790684657.2960117,1873667,1750.12,predict,3023286272,908
1790684658.3222995,1873667,1751.146,predict,3023286272,908
1790684659.3494406,1873667,1752.173,predict,3023286272,908
1790684660.3720665,1873667,1753.196,predict,3023286272,908
1790684661.3944223,1873667,1754.218,predict,3023286272,908
1790684662.4189095,1873667,1755.243,predict,3035459584,908
1790684663.4413872,1873667,1756.265,predict,3035459584,908
1790684664.4689593,1873667,1757.293,predict,3035459584,908
1790684665.4966884,1873667,1758.321,predict,3035459584,908
1790684666.5205774,1873667,1759.345,predict,3035459584,908
1790684667.5444558,1873667,1760.368,predict,3035459584,908
1790684668.5662928,1873667,1761.39,predict,3035459584,908
1790684669.5883193,1873667,1762.412,predict,3035459584,908
1790684670.6130104,1873667,1763.437,predict,3035459584,908
1790684671.633286,1873667,1764.457,predict,3035459584,908
1790684672.6573815,1873667,1765.481,predict,3035459584,908
1790684673.678844,1873667,1766.503,predict,3035459584,908
1790684674.6998477,1873667,1767.524,predict,3035459584,908
1790684675.721482,1873667,1768.546,predict,3035459584,908
1790684676.7440715,1873667,1769.568,predict,3035459584,908
1790684677.7680492,1873667,1770.592,predict,3035459584,908
1790684678.7938359,1873667,1771.618,predict,3035459584,908
1790684679.818598,1873667,1772.643,predict,3035459584,908
1790684680.8459346,1873667,1773.67,predict,3035459584,908
1790684681.872251,1873667,1774.696,predict,3035459584,908
1790684682.90003,1873667,1775.724,predict,3035459584,908
1790684683.921021,1873667,1776.745,predict,3035459584,908
1790684684.9430985,1873667,1777.767,predict,3035459584,908
1790684685.969233,1873667,1778.793,predict,3035459584,908
1790684686.9956057,1873667,1779.82,predict,3035459584,908
1790684688.0205054,1873667,1780.845,predict,3035459584,908
1790684689.0447514,1873667,1781.869,predict,3035459584,908
1790684690.0705292,1873667,1782.895,predict,3035459584,908
1790684691.0955107,1873667,1783.92,predict,3035459584,908
1790684692.1185234,1873667,1784.943,predict,3035459584,908
1790684693.1427095,1873667,1785.967,predict,3035459584,908
1790684694.169078,1873667,1786.993,predict,3035459584,908
1790684695.1951847,1873667,1788.019,predict,3035459584,908
1790684696.2203197,1873667,1789.044,predict,3035459584,908
1790684697.246038,1873667,1790.07,predict,3035459584,908
1790684698.2720041,1873667,1791.096,predict,3035459584,908
1790684699.2935407,1873667,1792.118,predict,3035459584,908
1790684700.3175368,1873667,1793.142,predict,3035459584,908
1790684701.3391092,1873667,1794.163,predict,3035459584,908
1790684702.3618133,1873667,1795.186,predict,3035459584,908
1790684703.3859797,1873667,1796.21,predict,3035459584,908
1790684704.4068315,1873667,1797.231,predict,3035459584,908
1790684705.4289305,1873667,1798.253,predict,3035459584,908
1790684706.449512,1873667,1799.274,predict,3035459584,908
1790684707.4714718,1873667,1800.295,predict,3035459584,908
1790684708.4940388,1873667,1801.318,predict,3011117056,908
1790684709.5158486,1873667,1802.34,predict,3011117056,908
1790684710.541456,1873667,1803.365,predict,3011117056,908
1790684711.5658357,1873667,1804.39,predict,3011117056,908
1790684712.588625,1873667,1805.413,predict,3011117056,908
1790684713.6101754,1873667,1806.434,predict,3011117056,908
1790684714.6311395,1873667,1807.455,predict,3011117056,908
1790684715.6529875,1873667,1808.477,predict,3011117056,908
1790684716.679502,1873667,1809.504,predict,3011117056,908
1790684717.705801,1873667,1810.53,predict,3011117056,908
1790684718.7275617,1873667,1811.552,predict,3011117056,908
1790684719.7476883,1873667,1812.572,predict,3011117056,908
1790684720.7712774,1873667,1813.595,predict,3011117056,908
1790684721.79407,1873667,1814.618,predict,3011117056,908
1790684722.8196695,1873667,1815.644,predict,3011117056,908
1790684723.8414338,1873667,1816.665,predict,3011117056,908
1790684724.8673291,1873667,1817.691,predict,3011117056,908
1790684725.8940313,1873667,1818.718,predict,3011117056,908
1790684726.920636,1873667,1819.745,predict,3011117056,908
1790684727.94533,1873667,1820.769,predict,3011117056,908
1790684728.9701583,1873667,1821.794,predict,3011117056,908
1790684729.993214,1873667,1822.817,predict,3011117056,908
1790684731.0186956,1873667,1823.843,predict,3011117056,908
1790684732.0451825,1873667,1824.869,predict,3011117056,908
1790684733.067206,1873667,1825.891,predict,3011117056,908
1790684734.0921357,1873667,1826.916,predict,3011117056,908
1790684735.118388,1873667,1827.942,predict,3011117056,908
1790684736.1409109,1873667,1828.965,predict,3011117056,908
1790684737.1665444,1873667,1829.991,predict,3011117056,908
1790684738.187228,1873667,1831.011,predict,3011117056,908
1790684739.2075171,1873667,1832.032,predict,3011117056,908
1790684740.228193,1873667,1833.052,predict,3011117056,908
1790684741.2499115,1873667,1834.074,predict,3011117056,908
1790684742.2724988,1873667,1835.097,predict,3011117056,908
1790684743.2921042,1873667,1836.116,predict,3011117056,908
1790684744.3134906,1873667,1837.138,predict,3011117056,908
1790684745.338317,1873667,1838.162,predict,3011117056,908
1790684746.3639383,1873667,1839.188,predict,3011117056,908
1790684747.3836517,1873667,1840.208,predict,3011117056,908
1790684748.4052558,1873667,1841.229,predict,3011117056,908
1790684749.4287398,1873667,1842.253,predict,3011117056,908
1790684750.4508731,1873667,1843.275,predict,3011117056,908
1790684751.4721272,1873667,1844.296,predict,3011117056,908
1790684752.4934008,1873667,1845.317,predict,3011117056,908
1790684753.5135798,1873667,1846.338,predict,3011117056,908
1790684754.5352821,1873667,1847.359,predict,3011117056,908
1790684755.5582178,1873667,1848.382,predict,3011117056,908
1790684756.5819077,1873667,1849.406,predict,3011117056,908
1790684757.6090603,1873667,1850.433,predict,3011117056,908
1790684758.6314118,1873667,1851.455,predict,3011117056,908
1790684759.657578,1873667,1852.482,predict,3011117056,908
1790684760.684164,1873667,1853.508,predict,3011117056,908
1790684761.7107236,1873667,1854.535,predict,3011117056,908
1790684762.735462,1873667,1855.559,predict,3011117056,908
1790684763.75835,1873667,1856.582,predict,3011117056,908
1790684764.7831311,1873667,1857.607,predict,3011117056,908
1790684765.8041556,1873667,1858.628,predict,3011117056,908
1790684766.825995,1873667,1859.65,predict,3011117056,908
1790684767.8519893,1873667,1860.676,predict,3011117056,908
1790684768.87344,1873667,1861.697,predict,3011117056,908
1790684769.8938706,1873667,1862.718,predict,3011117056,908
1790684770.9161017,1873667,1863.74,predict,3011117056,908
1790684771.9405878,1873667,1864.765,predict,3011117056,908
1790684772.963057,1873667,1865.787,predict,3011117056,908
1790684773.9860609,1873667,1866.81,predict,3011117056,908
1790684775.00805,1873667,1867.832,predict,3011117056,908
1790684776.0302882,1873667,1868.854,predict,3011117056,908
1790684777.050562,1873667,1869.875,predict,3011117056,908
1790684778.0719132,1873667,1870.896,predict,3011117056,908
1790684779.0981333,1873667,1871.922,predict,3011117056,908
1790684780.119956,1873667,1872.944,predict,3011117056,908
1790684781.1436574,1873667,1873.968,predict,3011117056,908
1790684782.1682253,1873667,1874.992,predict,3011117056,908
1790684783.1904893,1873667,1876.015,predict,3011117056,908
1790684784.2097416,1873667,1877.034,predict,3011117056,908
1790684785.2338605,1873667,1878.058,predict,3011117056,908
1790684786.259213,1873667,1879.083,predict,3011117056,908
1790684787.2805882,1873667,1880.105,predict,3011117056,908
1790684788.3022192,1873667,1881.126,predict,3011117056,908
1790684789.3215847,1873667,1882.146,predict,3011117056,908
1790684790.34284,1873667,1883.167,predict,3011117056,908
1790684791.3681347,1873667,1884.192,predict,3011117056,908
1790684792.392238,1873667,1885.216,predict,3011117056,908
1790684793.4170027,1873667,1886.241,predict,3011117056,908
1790684794.4407265,1873667,1887.265,predict,3011117056,908
1790684795.4676716,1873667,1888.292,predict,3011117056,908
1790684796.4911828,1873667,1889.315,predict,3011117056,908
1790684797.517881,1873667,1890.342,predict,3011117056,908
1790684798.538216,1873667,1891.362,predict,3011117056,908
1790684799.5614095,1873667,1892.385,predict,3011117056,908
1790684800.5870936,1873667,1893.411,predict,3011117056,908
1790684801.609483,1873667,1894.434,predict,3011117056,908
1790684802.6353164,1873667,1895.459,predict,3011117056,908
1790684803.6608753,1873667,1896.485,predict,3011117056,908
1790684804.6839738,1873667,1897.508,predict,3011117056,908
1790684805.7088013,1873667,1898.533,predict,3011117056,908
1790684806.7323623,1873667,1899.556,predict,3011117056,908
1790684807.7594647,1873667,1900.583,predict,3011117056,908
1790684808.7835412,1873667,1901.608,predict,3011117056,908
1790684809.806415,1873667,1902.63,predict,3011117056,908
1790684810.833189,1873667,1903.657,predict,3011117056,908
1790684811.8561785,1873667,1904.68,predict,3011117056,908
1790684812.876612,1873667,1905.701,predict,3011117056,908
1790684813.896731,1873667,1906.721,predict,3011117056,908
1790684814.9186966,1873667,1907.743,predict,3011117056,908
1790684815.9438066,1873667,1908.768,predict,3011117056,908
1790684816.9671752,1873667,1909.791,predict,3011117056,908
1790684817.9904773,1873667,1910.815,predict,3011117056,908
1790684819.013023,1873667,1911.837,predict,3011117056,908
1790684820.0377553,1873667,1912.862,predict,3011117056,908
1790684821.0608995,1873667,1913.885,predict,3011117056,908
1790684822.0854313,1873667,1914.909,predict,3011117056,908
1790684823.1079066,1873667,1915.932,predict,3011117056,908
1790684824.1278775,1873667,1916.952,predict,3011117056,908
1790684825.14943,1873667,1917.973,predict,3011117056,908
1790684826.1715488,1873667,1918.996,predict,3011117056,908
1790684827.1960979,1873667,1920.02,predict,3011117056,908
1790684828.2189536,1873667,1921.043,predict,3011117056,908
1790684829.2463636,1873667,1922.07,predict,3011117056,908
1790684830.2698967,1873667,1923.094,predict,3011117056,908
1790684831.293742,1873667,1924.118,predict,3011117056,908
1790684832.317556,1873667,1925.142,predict,3011117056,908
1790684833.343172,1873667,1926.167,predict,3011117056,908
1790684834.3671176,1873667,1927.191,predict,3011117056,908
1790684835.3915598,1873667,1928.216,predict,3011117056,908
1790684836.4133291,1873667,1929.237,predict,3011117056,908
1790684837.436289,1873667,1930.26,predict,3011117056,908
1790684838.459078,1873667,1931.283,predict,3011117056,908
1790684839.4825993,1873667,1932.307,predict,3011117056,908
1790684840.5052755,1873667,1933.329,predict,3011117056,908
1790684841.527863,1873667,1934.352,predict,3011117056,908
1790684842.5518847,1873667,1935.376,predict,3011117056,908
1790684843.576445,1873667,1936.4,predict,3011117056,908
1790684844.6003408,1873667,1937.424,predict,3011117056,908
1790684845.6247451,1873667,1938.449,predict,3011117056,908
1790684846.6471198,1873667,1939.471,predict,3011117056,908
1790684847.6698139,1873667,1940.494,predict,3011117056,908
1790684848.692073,1873667,1941.516,predict,3011117056,908
1790684849.7151217,1873667,1942.539,predict,3011117056,908
1790684850.7360752,1873667,1943.56,predict,3011117056,908
1790684851.760047,1873667,1944.584,predict,3011117056,908
1790684852.7812293,1873667,1945.605,predict,3011117056,908
1790684853.8047283,1873667,1946.629,predict,3011117056,908
1790684854.82755,1873667,1947.652,predict,3011117056,908
1790684855.85042,1873667,1948.674,predict,3011117056,908
1790684856.8700647,1873667,1949.694,predict,3011117056,908
1790684857.8917425,1873667,1950.716,predict,3011117056,908
1790684858.9135506,1873667,1951.738,predict,3011117056,908
1790684859.9359562,1873667,1952.76,predict,3011117056,908
1790684860.9636285,1873667,1953.788,predict,3011117056,908
1790684861.9846995,1873667,1954.809,predict,3011117056,908
1790684863.0082498,1873667,1955.832,predict,3011117056,908
1790684864.030992,1873667,1956.855,predict,3011117056,908
1790684865.0570078,1873667,1957.881,predict,3011117056,908
1790684866.082248,1873667,1958.906,predict,3011117056,908
1790684867.105258,1873667,1959.929,predict,3011117056,908
1790684868.1261609,1873667,1960.95,predict,3011117056,908
1790684869.152485,1873667,1961.977,predict,3011117056,908
1790684870.174696,1873667,1962.999,predict,3011117056,908
1790684871.1994052,1873667,1964.023,predict,3011117056,908
1790684872.2219822,1873667,1965.046,predict,3011117056,908
1790684873.2478244,1873667,1966.072,predict,3011117056,908
1790684874.2743616,1873667,1967.098,predict,3011117056,908
1790684875.2971337,1873667,1968.121,predict,3011117056,908
1790684876.3211906,1873667,1969.145,predict,3011117056,908
1790684877.346149,1873667,1970.17,predict,3011117056,908
1790684878.3750365,1873667,1971.199,predict,3011117056,908
1790684879.4009423,1873667,1972.225,predict,3011117056,908
1790684880.4212625,1873667,1973.245,predict,3011117056,908
1790684881.445176,1873667,1974.269,predict,3011117056,908
1790684882.4732263,1873667,1975.297,predict,3011117056,908
1790684883.4959252,1873667,1976.32,predict,3011117056,908
1790684884.5218992,1873667,1977.346,predict,3011117056,908
1790684885.54663,1873667,1978.371,predict,3011117056,908
1790684886.569796,1873667,1979.394,predict,3011117056,908
1790684887.5955694,1873667,1980.42,predict,3011117056,908
1790684888.6212096,1873667,1981.445,predict,3011117056,908
1790684889.646836,1873667,1982.471,predict,3011117056,908
1790684890.676842,1873667,1983.501,predict,3242344448,908
1790684891.6996038,1873667,1984.524,predict,3023286272,908
1790684892.7237525,1873667,1985.548,predict,3023286272,908
1790684893.7457747,1873667,1986.57,predict,3023286272,908
1790684894.7694213,1873667,1987.593,predict,3023286272,908
1790684895.801604,1873667,1988.626,predict,3023286272,908
1790684896.8255024,1873667,1989.65,predict,3023286272,908
1790684897.8472168,1873667,1990.671,predict,3023286272,908
1790684898.8704402,1873667,1991.694,predict,3023286272,908
1790684899.8967612,1873667,1992.721,predict,3023286272,908
1790684900.92229,1873667,1993.746,predict,3023286272,908
1790684901.9436226,1873667,1994.768,predict,3023286272,908
1790684902.964581,1873667,1995.789,predict,3023286272,908
1790684903.987273,1873667,1996.811,predict,3023286272,908
1790684905.0121667,1873667,1997.836,predict,3023286272,908
1790684906.0332599,1873667,1998.857,predict,3023286272,908
1790684907.0551932,1873667,1999.879,predict,3023286272,908
1790684908.0802438,1873667,2000.904,predict,3023286272,908
1790684909.103988,1873667,2001.928,predict,3023286272,908
1790684910.1282032,1873667,2002.952,predict,3023286272,908
1790684911.153922,1873667,2003.978,predict,3023286272,908
1790684912.1793275,1873667,2005.003,predict,3023286272,908
1790684913.2094326,1873667,2006.033,predict,3023286272,908
1790684914.2389128,1873667,2007.063,predict,3023286272,908
1790684915.2667453,1873667,2008.091,predict,3023286272,908
1790684916.2924821,1873667,2009.117,predict,3023286272,908
1790684917.315956,1873667,2010.14,predict,3023286272,908
1790684918.3430645,1873667,2011.167,predict,3023286272,908
1790684919.3705344,1873667,2012.195,predict,3023286272,908
1790684920.3998659,1873667,2013.224,predict,3023286272,908
1790684921.4274662,1873667,2014.251,predict,3023286272,908
1790684922.4558406,1873667,2015.28,predict,3023286272,908
1790684923.4870386,1873667,2016.311,predict,3023286272,908
1790684924.5125012,1873667,2017.337,predict,3023286272,908
1790684925.5426161,1873667,2018.367,predict,3023286272,908
1790684926.5684783,1873667,2019.393,predict,3023286272,908
1790684927.5966258,1873667,2020.421,predict,3023286272,908
1790684928.626399,1873667,2021.45,predict,3023286272,908
1790684929.652719,1873667,2022.477,predict,3023286272,908
1790684930.6760747,1873667,2023.5,predict,3023286272,908
1790684931.6990225,1873667,2024.523,predict,3023286272,908
1790684932.7234583,1873667,2025.547,predict,3023286272,908
1790684933.7467425,1873667,2026.571,predict,3023286272,908
1790684934.7701027,1873667,2027.594,predict,3023286272,908
1790684935.7960696,1873667,2028.62,predict,3023286272,908
1790684936.820686,1873667,2029.645,predict,3011117056,908
1790684937.8413208,1873667,2030.665,predict,3011117056,908
1790684938.8629568,1873667,2031.687,predict,3011117056,908
1790684939.8846605,1873667,2032.709,predict,3011117056,908
1790684940.909664,1873667,2033.734,predict,3011117056,908
1790684941.9319494,1873667,2034.756,predict,3011117056,908
1790684942.9539366,1873667,2035.778,predict,3011117056,908
1790684943.9753428,1873667,2036.799,predict,3011117056,908
1790684944.9994807,1873667,2037.824,predict,3011117056,908
1790684946.0210345,1873667,2038.845,predict,3011117056,908
1790684947.0411181,1873667,2039.865,predict,3011117056,908
1790684948.0727482,1873667,2040.897,predict,3011117056,908
1790684949.0982003,1873667,2041.922,predict,3011117056,908
1790684950.1249774,1873667,2042.949,predict,3011117056,908
1790684951.1481936,1873667,2043.972,predict,3011117056,908
1790684952.1747112,1873667,2044.999,predict,3011117056,908
1790684953.1972845,1873667,2046.021,predict,3011117056,908
1790684954.2188494,1873667,2047.043,predict,3011117056,908
1790684955.2412639,1873667,2048.065,predict,3011117056,908
1790684956.2639055,1873667,2049.088,predict,3011117056,908
1790684957.2867906,1873667,2050.111,predict,3011117056,908
1790684958.3088157,1873667,2051.133,predict,3011117056,908
1790684959.3300188,1873667,2052.154,predict,3011117056,908
1790684960.352976,1873667,2053.177,predict,3011117056,908
1790684961.3748443,1873667,2054.199,predict,3011117056,908
1790684962.3993483,1873667,2055.223,predict,3011117056,908
1790684963.4237592,1873667,2056.248,predict,3011117056,908
1790684964.446393,1873667,2057.27,predict,3011117056,908
1790684965.4661756,1873667,2058.29,predict,3011117056,908
1790684966.487698,1873667,2059.312,predict,3011117056,908
1790684967.5095189,1873667,2060.334,predict,3011117056,908
1790684968.5320508,1873667,2061.356,predict,3011117056,908
1790684969.5547738,1873667,2062.379,predict,3011117056,908
1790684970.5796864,1873667,2063.404,predict,3011117056,908
1790684971.6009521,1873667,2064.425,predict,3011117056,908
1790684972.6210742,1873667,2065.445,predict,3011117056,908
1790684973.6429417,1873667,2066.467,predict,3011117056,908
1790684974.6629972,1873667,2067.487,predict,3011117056,908
1790684975.6846728,1873667,2068.509,predict,3011117056,908
1790684976.7064712,1873667,2069.53,predict,3011117056,908
1790684977.7261977,1873667,2070.55,predict,3011117056,908
1790684978.747568,1873667,2071.572,predict,3011117056,908
1790684979.7685392,1873667,2072.593,predict,3011117056,908
1790684980.7935658,1873667,2073.618,predict,3011117056,908
1790684981.817132,1873667,2074.641,predict,3011117056,908
1790684982.8432121,1873667,2075.667,predict,3011117056,908
1790684983.8678768,1873667,2076.692,predict,3023286272,908
1790684984.8917181,1873667,2077.716,predict,3023286272,908
1790684985.9145665,1873667,2078.739,predict,3023286272,908
1790684986.9389873,1873667,2079.763,predict,3023286272,908
1790684987.964685,1873667,2080.789,predict,3023286272,908
1790684988.9911366,1873667,2081.815,predict,3023286272,908
1790684990.0157967,1873667,2082.84,predict,3023286272,908
1790684991.0419006,1873667,2083.866,predict,3023286272,908
1790684992.0654263,1873667,2084.889,predict,3023286272,908
1790684993.0873306,1873667,2085.911,predict,3023286272,908
1790684994.1123872,1873667,2086.936,predict,3023286272,908
1790684995.1387124,1873667,2087.963,predict,3023286272,908
1790684996.1641538,1873667,2088.988,predict,3023286272,908
1790684997.1865823,1873667,2090.011,predict,3023286272,908
1790684998.210057,1873667,2091.034,predict,3023286272,908
1790684999.2292602,1873667,2092.053,predict,3023286272,908
1790685000.2504294,1873667,2093.074,predict,3023286272,908
1790685001.2730052,1873667,2094.097,predict,3023286272,908
1790685002.2944043,1873667,2095.118,predict,3023286272,908
1790685003.3147163,1873667,2096.139,predict,3023286272,908
1790685004.3386374,1873667,2097.163,predict,3023286272,908
1790685005.3650196,1873667,2098.189,predict,3023286272,908
1790685006.3902364,1873667,2099.214,predict,3023286272,908
1790685007.4123049,1873667,2100.236,predict,3023286272,908
1790685008.4377716,1873667,2101.262,predict,3023286272,908
1790685009.4630046,1873667,2102.287,predict,3023286272,908
1790685010.4876275,1873667,2103.312,predict,3023286272,908
1790685011.5106463,1873667,2104.335,predict,3023286272,908
1790685012.5315642,1873667,2105.356,predict,3023286272,908
1790685013.5508208,1873667,2106.375,predict,3023286272,908
1790685014.5713942,1873667,2107.395,predict,3023286272,908
1790685015.5909302,1873667,2108.415,predict,3023286272,908
1790685016.6139061,1873667,2109.438,predict,3023286272,908
1790685017.6404324,1873667,2110.464,predict,3023286272,908
1790685018.6667333,1873667,2111.491,predict,3023286272,908
1790685019.688521,1873667,2112.513,predict,3023286272,908
1790685020.712341,1873667,2113.536,predict,3023286272,908
1790685021.735043,1873667,2114.559,predict,3023286272,908
1790685022.7577298,1873667,2115.582,predict,3023286272,908
1790685023.7811892,1873667,2116.605,predict,3023286272,908
1790685024.8020399,1873667,2117.626,predict,3023286272,908
1790685025.8250408,1873667,2118.649,predict,3023286272,908
1790685026.8457282,1873667,2119.67,predict,3023286272,908
1790685027.864716,1873667,2120.689,predict,3023286272,908
1790685028.8848135,1873667,2121.709,predict,3023286272,908
1790685029.9071958,1873667,2122.731,predict,3023286272,908
1790685030.9326582,1873667,2123.757,predict,3023286272,908
1790685031.9568403,1873667,2124.781,predict,3023286272,908
1790685032.9842277,1873667,2125.808,predict,3023286272,908
1790685034.0093918,1873667,2126.833,predict,3023286272,908
1790685035.0374916,1873667,2127.862,predict,3023286272,908
1790685036.0631013,1873667,2128.887,predict,3023286272,908
1790685037.0879421,1873667,2129.912,predict,3023286272,908
1790685038.1080244,1873667,2130.932,predict,3023286272,908
1790685039.1290908,1873667,2131.953,predict,3023286272,908
1790685040.1531608,1873667,2132.977,predict,3023286272,908
1790685041.17585,1873667,2134.0,predict,3023286272,908
1790685042.1999407,1873667,2135.024,predict,3023286272,908
1790685043.2214408,1873667,2136.045,predict,3023286272,908
1790685044.243825,1873667,2137.068,predict,3023286272,908
1790685045.2646325,1873667,2138.089,predict,3023286272,908
1790685046.284875,1873667,2139.109,predict,3023286272,908
1790685047.3070438,1873667,2140.131,predict,3023286272,908
1790685048.3270345,1873667,2141.151,predict,3023286272,908
1790685049.3503408,1873667,2142.174,predict,3023286272,908
1790685050.3726609,1873667,2143.197,predict,3023286272,908
1790685051.3940587,1873667,2144.218,predict,3023286272,908
1790685052.4148135,1873667,2145.239,predict,3023286272,908
1790685053.4369876,1873667,2146.261,predict,3023286272,908
1790685054.4627466,1873667,2147.287,predict,3023286272,908
1790685055.4867315,1873667,2148.311,predict,3023286272,908
1790685056.5096972,1873667,2149.334,predict,3023286272,908
1790685057.5331755,1873667,2150.357,predict,3023286272,908
1790685058.5571191,1873667,2151.381,predict,3023286272,908
1790685059.5817077,1873667,2152.406,predict,3023286272,908
1790685060.6051366,1873667,2153.429,predict,3023286272,908
1790685061.626267,1873667,2154.45,predict,3023286272,908
1790685062.6475039,1873667,2155.472,predict,3023286272,908
1790685063.6676993,1873667,2156.492,predict,3023286272,908
1790685064.6905787,1873667,2157.515,predict,3023286272,908
1790685065.7140212,1873667,2158.538,predict,3023286272,908
1790685066.7413292,1873667,2159.565,predict,3023286272,908
1790685067.7642167,1873667,2160.588,predict,3023286272,908
1790685068.7894742,1873667,2161.613,predict,3023286272,908
1790685069.8127165,1873667,2162.637,predict,3023286272,908
1790685070.8341272,1873667,2163.658,predict,3023286272,908
1790685071.8548281,1873667,2164.679,predict,3023286272,908
1790685072.8757799,1873667,2165.7,predict,3023286272,908
1790685073.8962803,1873667,2166.72,predict,3023286272,908
1790685074.920249,1873667,2167.744,predict,3023286272,908
1790685075.946483,1873667,2168.771,predict,3035459584,908
1790685076.971382,1873667,2169.795,predict,3035459584,908
1790685077.9941247,1873667,2170.818,predict,3035459584,908
1790685079.0181205,1873667,2171.842,predict,3035459584,908
1790685080.04416,1873667,2172.868,predict,3035459584,908
1790685081.0698197,1873667,2173.894,predict,3035459584,908
1790685082.0958,1873667,2174.92,predict,3035459584,908
1790685083.1207602,1873667,2175.945,predict,3035459584,908
1790685084.1456623,1873667,2176.97,predict,3035459584,908
1790685085.1684265,1873667,2177.992,predict,3035459584,908
1790685086.1950731,1873667,2179.019,predict,3035459584,908
1790685087.2204933,1873667,2180.045,predict,3035459584,908
1790685088.2438242,1873667,2181.068,predict,3035459584,908
1790685089.26422,1873667,2182.088,predict,3035459584,908
1790685090.2860823,1873667,2183.11,predict,3035459584,908
1790685091.310503,1873667,2184.135,predict,3035459584,908
1790685092.3356276,1873667,2185.16,predict,3035459584,908
1790685093.3579586,1873667,2186.182,predict,3035459584,908
1790685094.3835425,1873667,2187.208,predict,3035459584,908
1790685095.4090352,1873667,2188.233,predict,3035459584,908
1790685096.434437,1873667,2189.258,predict,3035459584,908
1790685097.4608114,1873667,2190.285,predict,3035459584,908
1790685098.4884717,1873667,2191.312,predict,3035459584,908
1790685099.5117419,1873667,2192.336,predict,3035459584,908
1790685100.534715,1873667,2193.359,predict,3035459584,908
1790685101.5573413,1873667,2194.381,predict,3035459584,908
1790685102.580109,1873667,2195.404,predict,3035459584,908
1790685103.6065066,1873667,2196.431,predict,3035459584,908
1790685104.6305428,1873667,2197.455,predict,3035459584,908
1790685105.6536977,1873667,2198.478,predict,3035459584,908
1790685106.6743662,1873667,2199.498,predict,3035459584,908
1790685107.697283,1873667,2200.521,predict,3035459584,908
1790685108.724406,1873667,2201.548,predict,3035459584,908
1790685109.7472634,1873667,2202.571,predict,3035459584,908
1790685110.7708154,1873667,2203.595,predict,3035459584,908
1790685111.7971697,1873667,2204.621,predict,3035459584,908
1790685112.8197703,1873667,2205.644,predict,3035459584,908
1790685113.8436165,1873667,2206.668,predict,3035459584,908
1790685114.8662024,1873667,2207.69,predict,3035459584,908
1790685115.890386,1873667,2208.714,predict,3035459584,908
1790685116.9158552,1873667,2209.74,predict,3035459584,908
1790685117.939825,1873667,2210.764,predict,3035459584,908
1790685118.9611597,1873667,2211.785,predict,3035459584,908
1790685119.9809344,1873667,2212.805,predict,3035459584,908
1790685121.0055487,1873667,2213.83,predict,3035459584,908
1790685122.026337,1873667,2214.85,predict,2998947840,908
1790685123.0470572,1873667,2215.871,predict,2998947840,908
1790685124.0685353,1873667,2216.893,predict,2998947840,908
1790685125.09216,1873667,2217.916,predict,2998947840,908
1790685126.1178424,1873667,2218.942,predict,2998947840,908
1790685127.1384346,1873667,2219.962,predict,2998947840,908
1790685128.1582859,1873667,2220.982,predict,2998947840,908
1790685129.179192,1873667,2222.003,predict,2998947840,908
1790685130.201643,1873667,2223.026,predict,2998947840,908
1790685131.2215347,1873667,2224.046,predict,2998947840,908
1790685132.2419977,1873667,2225.066,predict,2998947840,908
1790685133.2650971,1873667,2226.089,predict,2998947840,908
1790685134.2875636,1873667,2227.112,predict,2998947840,908
1790685135.314514,1873667,2228.139,predict,2998947840,908
1790685136.344099,1873667,2229.168,predict,2998947840,908
1790685137.369485,1873667,2230.194,predict,2998947840,908
1790685138.3991938,1873667,2231.223,predict,2998947840,908
1790685139.4291995,1873667,2232.253,predict,2998947840,908
1790685140.4568682,1873667,2233.281,predict,2998947840,908
1790685141.4875133,1873667,2234.312,predict,2998947840,908
1790685142.5109317,1873667,2235.335,predict,2998947840,908
1790685143.533597,1873667,2236.358,predict,2998947840,908
1790685144.558004,1873667,2237.382,predict,2998947840,908
1790685145.583182,1873667,2238.407,predict,2998947840,908
1790685146.607953,1873667,2239.432,predict,2998947840,908
1790685147.6316726,1873667,2240.456,predict,2998947840,908
1790685148.6537209,1873667,2241.478,predict,2998947840,908
1790685149.6788816,1873667,2242.503,predict,2998947840,908
1790685150.701779,1873667,2243.526,predict,2998947840,908
1790685151.7235177,1873667,2244.548,predict,2998947840,908
1790685152.7486353,1873667,2245.573,predict,2998947840,908
1790685153.7724073,1873667,2246.596,predict,2998947840,908
1790685154.7953176,1873667,2247.619,predict,2998947840,908
1790685155.8152611,1873667,2248.639,predict,2998947840,908
1790685156.8370373,1873667,2249.661,predict,2998947840,908
1790685157.861669,1873667,2250.686,predict,2998947840,908
1790685158.8854015,1873667,2251.709,predict,2998947840,908
1790685159.910126,1873667,2252.734,predict,2998947840,908
1790685160.933694,1873667,2253.758,predict,2998947840,908
1790685161.95444,1873667,2254.778,predict,2998947840,908
1790685162.9774892,1873667,2255.802,predict,2998947840,908
1790685164.0027337,1873667,2256.827,predict,2998947840,908
1790685165.0251954,1873667,2257.849,predict,2998947840,908
1790685166.0480714,1873667,2258.872,predict,2998947840,908
1790685167.0680041,1873667,2259.892,predict,2998947840,908
1790685168.0903168,1873667,2260.914,predict,3011117056,908
1790685169.1144974,1873667,2261.939,predict,3011117056,908
1790685170.1379542,1873667,2262.962,predict,3011117056,908
1790685171.1590183,1873667,2263.983,predict,3011117056,908
1790685172.1790733,1873667,2265.003,predict,3011117056,908
1790685173.2059057,1873667,2266.03,predict,3011117056,908
1790685174.2298143,1873667,2267.054,predict,3011117056,908
1790685175.2512345,1873667,2268.075,predict,3011117056,908
1790685176.2723029,1873667,2269.096,predict,3011117056,908
1790685177.2951453,1873667,2270.119,predict,3011117056,908
1790685178.3150408,1873667,2271.139,predict,3011117056,908
1790685179.335412,1873667,2272.159,predict,3011117056,908
1790685180.3581104,1873667,2273.182,predict,3011117056,908
1790685181.3816674,1873667,2274.206,predict,3011117056,908
1790685182.4071245,1873667,2275.231,predict,3011117056,908
1790685183.4295154,1873667,2276.254,predict,3011117056,908
1790685184.4560845,1873667,2277.28,predict,3011117056,908
1790685185.4814043,1873667,2278.305,predict,3011117056,908
1790685186.5051837,1873667,2279.329,predict,3011117056,908
1790685187.528389,1873667,2280.352,predict,3011117056,908
1790685188.5499341,1873667,2281.374,predict,3011117056,908
1790685189.5706615,1873667,2282.395,predict,3011117056,908
1790685190.5934134,1873667,2283.417,predict,3011117056,908
1790685191.6179774,1873667,2284.442,predict,3011117056,908
1790685192.6405764,1873667,2285.465,predict,3011117056,908
1790685193.6630805,1873667,2286.487,predict,3011117056,908
1790685194.68598,1873667,2287.51,predict,3011117056,908
1790685195.7087421,1873667,2288.533,predict,3011117056,908
1790685196.7367573,1873667,2289.561,predict,3011117056,908
1790685197.7631288,1873667,2290.587,predict,3011117056,908
1790685198.7853916,1873667,2291.609,predict,3011117056,908
1790685199.8052006,1873667,2292.629,predict,3011117056,908
1790685200.826163,1873667,2293.65,predict,3011117056,908
1790685201.8489602,1873667,2294.673,predict,3011117056,908
1790685202.8711166,1873667,2295.695,predict,3011117056,908
1790685203.8919754,1873667,2296.716,predict,3011117056,908
1790685204.9131987,1873667,2297.737,predict,3011117056,908
1790685205.939147,1873667,2298.763,predict,3011117056,908
1790685206.9638603,1873667,2299.788,predict,3011117056,908
1790685207.9882746,1873667,2300.812,predict,3011117056,908
1790685209.0109272,1873667,2301.835,predict,3011117056,908
1790685210.0305498,1873667,2302.855,predict,3011117056,908
1790685211.0515041,1873667,2303.876,predict,3011117056,908
1790685212.0742164,1873667,2304.898,predict,3011117056,908
1790685213.1003075,1873667,2305.924,predict,3011117056,908
1790685214.1258423,1873667,2306.95,predict,3011117056,908
1790685215.1490889,1873667,2307.973,predict,3011117056,908
1790685216.170913,1873667,2308.995,predict,3011117056,908
1790685217.19329,1873667,2310.017,predict,3011117056,908
1790685218.2136598,1873667,2311.038,predict,3011117056,908
1790685219.2357965,1873667,2312.06,predict,3011117056,908
1790685220.2586226,1873667,2313.083,predict,3011117056,908
1790685221.2831185,1873667,2314.107,predict,3011117056,908
1790685222.3049788,1873667,2315.129,predict,3011117056,908
1790685223.323775,1873667,2316.148,predict,3011117056,908
1790685224.3441312,1873667,2317.168,predict,3011117056,908
1790685225.364392,1873667,2318.188,predict,3011117056,908
1790685226.38701,1873667,2319.211,predict,3011117056,908
1790685227.4118836,1873667,2320.236,predict,3011117056,908
1790685228.433982,1873667,2321.258,predict,3011117056,908
1790685229.455838,1873667,2322.28,predict,3011117056,908
1790685230.479548,1873667,2323.304,predict,3011117056,908
1790685231.4989996,1873667,2324.323,predict,3011117056,908
1790685232.5180993,1873667,2325.342,predict,3011117056,908
1790685233.5401287,1873667,2326.364,predict,3011117056,908
1790685234.564403,1873667,2327.388,predict,3011117056,908
1790685235.590288,1873667,2328.414,predict,3011117056,908
1790685236.6160448,1873667,2329.44,predict,3011117056,908
1790685237.6435344,1873667,2330.468,predict,3011117056,908
1790685238.6715174,1873667,2331.496,predict,3011117056,908
1790685239.696373,1873667,2332.52,predict,3011117056,908
1790685240.7183459,1873667,2333.542,predict,3011117056,908
1790685241.7442021,1873667,2334.568,predict,3011117056,908
1790685242.7669733,1873667,2335.591,predict,3011117056,908
1790685243.7936227,1873667,2336.618,predict,3011117056,908
1790685244.8176103,1873667,2337.642,predict,3011117056,908
1790685245.8375092,1873667,2338.662,predict,3011117056,908
1790685246.857119,1873667,2339.681,predict,3011117056,908
1790685247.8788962,1873667,2340.703,predict,3011117056,908
1790685248.9009883,1873667,2341.725,predict,3011117056,908
1790685249.9268794,1873667,2342.751,predict,3011117056,908
1790685250.9500113,1873667,2343.774,predict,3011117056,908
1790685251.9704826,1873667,2344.795,predict,3011117056,908
1790685252.9942918,1873667,2345.818,predict,3011117056,908
1790685254.0204763,1873667,2346.845,predict,3011117056,908
1790685255.0430043,1873667,2347.867,predict,3011117056,908
1790685256.0682263,1873667,2348.892,predict,3011117056,908
1790685257.0927455,1873667,2349.917,predict,3011117056,908
1790685258.1139019,1873667,2350.938,predict,3011117056,908
1790685259.1335404,1873667,2351.958,predict,3011117056,908
1790685260.1580615,1873667,2352.982,predict,3011117056,908
1790685261.183528,1873667,2354.008,predict,3193667584,908
1790685262.2065017,1873667,2355.031,predict,3011117056,908
1790685263.2303596,1873667,2356.054,predict,3011117056,908
1790685264.257254,1873667,2357.081,predict,3011117056,908
1790685265.2831817,1873667,2358.107,predict,3011117056,908
1790685266.3089833,1873667,2359.133,predict,3011117056,908
1790685267.3370333,1873667,2360.161,predict,3011117056,908
1790685268.3578098,1873667,2361.182,predict,3011117056,908
1790685269.38055,1873667,2362.205,predict,3011117056,908
1790685270.4060917,1873667,2363.23,predict,3011117056,908
1790685271.432909,1873667,2364.257,predict,3011117056,908
1790685272.4535925,1873667,2365.278,predict,3011117056,908
1790685273.475455,1873667,2366.299,predict,3011117056,908
1790685274.4968936,1873667,2367.321,predict,3011117056,908
1790685275.517405,1873667,2368.341,predict,3011117056,908
1790685276.5394278,1873667,2369.363,predict,3011117056,908
1790685277.564241,1873667,2370.388,predict,3011117056,908
1790685278.5907638,1873667,2371.415,predict,3011117056,908
1790685279.6182113,1873667,2372.442,predict,3011117056,908
1790685280.6410637,1873667,2373.465,predict,3011117056,908
1790685281.6614385,1873667,2374.485,predict,3011117056,908
1790685282.6837513,1873667,2375.508,predict,3011117056,908
1790685283.706375,1873667,2376.53,predict,3011117056,908
1790685284.7287762,1873667,2377.553,predict,3011117056,908
1790685285.7517457,1873667,2378.576,predict,3011117056,908
1790685286.7771318,1873667,2379.601,predict,3011117056,908
1790685287.8015227,1873667,2380.626,predict,3011117056,908
1790685288.8248622,1873667,2381.649,predict,3011117056,908
1790685289.8480225,1873667,2382.672,predict,3011117056,908
1790685290.8700092,1873667,2383.694,predict,3011117056,908
1790685291.8908994,1873667,2384.715,predict,3011117056,908
1790685292.9126244,1873667,2385.737,predict,3011117056,908
1790685293.9349396,1873667,2386.759,predict,3011117056,908
1790685294.9574902,1873667,2387.782,predict,3011117056,908
1790685295.9796376,1873667,2388.804,predict,3011117056,908
1790685297.002982,1873667,2389.827,predict,3011117056,908
1790685298.0264392,1873667,2390.85,predict,3011117056,908
1790685299.0527582,1873667,2391.877,predict,3011117056,908
1790685300.0791867,1873667,2392.903,predict,3011117056,908
1790685301.103155,1873667,2393.927,predict,3011117056,908
1790685302.1302452,1873667,2394.954,predict,3011117056,908
1790685303.15505,1873667,2395.979,predict,3011117056,908
1790685304.181077,1873667,2397.005,predict,3011117056,908
1790685305.2077086,1873667,2398.032,predict,3011117056,908
1790685306.2358875,1873667,2399.06,predict,3011117056,908
1790685307.2568014,1873667,2400.081,predict,3011117056,908
1790685308.279381,1873667,2401.103,predict,3023286272,908
1790685309.3024669,1873667,2402.126,predict,3023286272,908
1790685310.3255508,1873667,2403.15,predict,3023286272,908
1790685311.345681,1873667,2404.17,predict,3023286272,908
1790685312.3689501,1873667,2405.193,predict,3023286272,908
1790685313.3924863,1873667,2406.217,predict,3023286272,908
1790685314.4190536,1873667,2407.243,predict,3023286272,908
1790685315.4447749,1873667,2408.269,predict,3023286272,908
1790685316.466157,1873667,2409.29,predict,3023286272,908
1790685317.492372,1873667,2410.316,predict,3023286272,908
1790685318.512152,1873667,2411.336,predict,3023286272,908
1790685319.535717,1873667,2412.36,predict,3023286272,908
1790685320.5591996,1873667,2413.383,predict,3023286272,908
1790685321.5819623,1873667,2414.406,predict,3023286272,908
1790685322.6070278,1873667,2415.431,predict,3023286272,908
1790685323.6281254,1873667,2416.452,predict,3023286272,908
1790685324.6493912,1873667,2417.473,predict,3023286272,908
1790685325.6721237,1873667,2418.496,predict,3023286272,908
1790685326.6932561,1873667,2419.517,predict,3023286272,908
1790685327.7151792,1873667,2420.539,predict,3023286272,908
1790685328.7368665,1873667,2421.561,predict,3023286272,908
1790685329.759193,1873667,2422.583,predict,3023286272,908
1790685330.78112,1873667,2423.605,predict,3023286272,908
1790685331.8065755,1873667,2424.631,predict,3023286272,908
1790685332.831839,1873667,2425.656,predict,3023286272,908
1790685333.8578541,1873667,2426.682,predict,3023286272,908
1790685334.8840058,1873667,2427.708,predict,3023286272,908
1790685335.910443,1873667,2428.734,predict,3023286272,908
1790685336.932413,1873667,2429.756,predict,3023286272,908
1790685337.95662,1873667,2430.781,predict,3023286272,908
1790685338.9817305,1873667,2431.806,predict,3023286272,908
1790685340.003244,1873667,2432.827,predict,3023286272,908
1790685341.0249598,1873667,2433.849,predict,3023286272,908
1790685342.0457556,1873667,2434.87,predict,3023286272,908
1790685343.0678985,1873667,2435.892,predict,3023286272,908
1790685344.0899673,1873667,2436.914,predict,3023286272,908
1790685345.1109438,1873667,2437.935,predict,3023286272,908
1790685346.131676,1873667,2438.956,predict,3023286272,908
1790685347.1557944,1873667,2439.98,predict,3023286272,908
1790685348.1757507,1873667,2441.0,predict,3023286272,908
1790685349.1962457,1873667,2442.02,predict,3023286272,908
1790685350.2201207,1873667,2443.044,predict,3023286272,908
1790685351.24515,1873667,2444.069,predict,3023286272,908
1790685352.2719967,1873667,2445.096,predict,3023286272,908
1790685353.2981474,1873667,2446.122,predict,3023286272,908
