Expert,Epoch,Accuracy,F1_Score
0,1,1.0,1.0
1,1,0.9677638501114305,0.9672377633523874
2,1,0.484830805134189,0.31661642362790654
