epoch,pid,elapsed_seconds,phase,rss_bytes,gpu_used_mib
1790729998.926579,2756166,0.255,starting,517308416,0
1790730000.1291249,2756166,1.457,starting,812081152,0
1790730001.1539507,2756166,2.482,input_loading,4747878400,0
1790730002.1794188,2756166,3.508,input_loading,8905183232,0
1790730003.203774,2756166,4.532,input_loading,13060169728,0
1790730004.3321104,2756166,5.66,input_loading,16187203584,0
1790730005.6495218,2756166,6.978,input_loading,19517173760,0
1790730006.7869544,2756166,8.115,input_loading,22529892352,0
1790730007.9484253,2756166,9.277,input_loading,25058607104,0
1790730008.9729214,2756166,10.301,input_loading,26579759104,0
1790730010.7143855,2756166,12.043,input_loading,23261741056,0
1790730012.1318817,2756166,13.46,input_loading,23559503872,0
1790730014.1625705,2756166,15.491,input_loading,23467032576,0
1790730015.1869226,2756166,16.515,input_loading,23483518976,0
1790730016.315885,2756166,17.644,input_loading,23503220736,0
1790730017.5077605,2756166,18.836,input_loading,23570821120,0
1790730018.7953134,2756166,20.123,starting,1299431424,0
1790730019.8199377,2756166,21.148,starting,2074521600,0
1790730020.8419983,2756166,22.17,starting,1239224320,0
1790730021.8657823,2756166,23.194,starting,1239224320,0
1790730022.8923614,2756166,24.221,starting,1239224320,0
1790730023.9167182,2756166,25.245,starting,1239224320,0
1790730024.936323,2756166,26.264,starting,1239224320,0
1790730025.9582677,2756166,27.286,starting,1239224320,0
1790730026.984934,2756166,28.313,starting,3705118720,0
1790730028.008378,2756166,29.337,starting,5189615616,1274
1790730029.03345,2756166,30.362,starting,5284073472,1758
1790730030.058358,2756166,31.387,starting,5300518912,2918
1790730031.0848484,2756166,32.413,starting,5372870656,2938
1790730032.1093888,2756166,33.438,starting,5372870656,2958
1790730033.1340418,2756166,34.462,starting,5372870656,2958
1790730034.155188,2756166,35.483,starting,5372870656,2978
1790730035.1789122,2756166,36.507,starting,5372936192,2978
1790730036.2002435,2756166,37.528,starting,5372936192,2978
1790730037.2194288,2756166,38.548,starting,5372936192,2978
1790730038.2405317,2756166,39.569,starting,5372936192,2978
1790730039.2655766,2756166,40.594,starting,5372936192,2998
1790730040.2898037,2756166,41.618,starting,5372936192,2998
1790730041.3111472,2756166,42.639,starting,5372936192,2998
1790730042.336005,2756166,43.664,starting,5372936192,2998
1790730043.361732,2756166,44.69,starting,5372936192,2998
1790730044.385543,2756166,45.714,starting,5372936192,2998
1790730045.409476,2756166,46.738,starting,5372936192,2998
1790730046.4315734,2756166,47.76,starting,5355810816,2998
1790730047.4529073,2756166,48.781,starting,5355810816,2998
1790730048.4751189,2756166,49.803,starting,5355810816,2998
1790730049.4957173,2756166,50.824,starting,5355810816,2998
1790730050.5176709,2756166,51.846,starting,5355810816,2998
1790730051.5664837,2756166,52.895,starting,5398278144,2998
1790730052.5873432,2756166,53.915,starting,5398278144,2998
1790730053.610424,2756166,54.939,starting,5398278144,2998
1790730054.6345649,2756166,55.963,starting,5398278144,2998
1790730055.6586308,2756166,56.987,starting,5398278144,2998
1790730056.684004,2756166,58.012,starting,5398278144,2998
1790730057.7093327,2756166,59.037,starting,5398278144,2998
1790730058.732096,2756166,60.06,starting,5398278144,2998
1790730059.7564454,2756166,61.085,starting,5398278144,2998
1790730060.7803147,2756166,62.108,starting,5398278144,2998
1790730061.8008227,2756166,63.129,starting,5398278144,2998
1790730062.8224986,2756166,64.151,starting,5398278144,2998
1790730063.8432617,2756166,65.171,starting,5350043648,2998
1790730064.861212,2756166,66.189,starting,5350043648,2998
1790730065.8799565,2756166,67.208,starting,5350043648,2998
1790730066.9003973,2756166,68.229,starting,5350043648,2998
1790730067.9230518,2756166,69.251,starting,5350043648,2998
1790730068.9462342,2756166,70.274,starting,5355810816,2998
1790730069.9657946,2756166,71.294,starting,5355810816,2998
1790730070.9876878,2756166,72.316,starting,5355810816,2998
1790730072.0100899,2756166,73.338,starting,5355810816,2998
1790730073.0289936,2756166,74.357,starting,5355810816,2998
1790730074.0497797,2756166,75.378,starting,5355810816,2998
1790730075.071029,2756166,76.399,starting,5398278144,2998
1790730076.0940828,2756166,77.422,starting,5398278144,2998
1790730077.1140437,2756166,78.442,starting,5398278144,2998
1790730078.135941,2756166,79.464,starting,5398278144,2998
1790730079.1549852,2756166,80.483,starting,5398278144,2998
1790730080.1766903,2756166,81.505,starting,5398278144,2998
1790730081.2018943,2756166,82.53,starting,5398278144,2998
1790730082.2257304,2756166,83.554,starting,5398278144,2998
1790730083.2487602,2756166,84.577,starting,5398278144,2998
1790730084.2722986,2756166,85.6,starting,5398278144,2998
1790730085.2965436,2756166,86.625,starting,5398278144,2998
1790730086.320159,2756166,87.648,starting,5350043648,2998
1790730087.3421125,2756166,88.67,starting,5350043648,2998
1790730088.3608184,2756166,89.689,starting,5350043648,2998
1790730089.3796027,2756166,90.708,starting,5350043648,2998
1790730090.3994446,2756166,91.728,starting,5350043648,2998
1790730091.4205642,2756166,92.749,starting,5355810816,2998
1790730092.4446871,2756166,93.773,starting,5355810816,2998
1790730093.4696975,2756166,94.798,starting,5355810816,2998
1790730094.4959905,2756166,95.824,starting,5355810816,2998
1790730095.52018,2756166,96.848,starting,5355810816,2998
1790730096.5412438,2756166,97.869,starting,5355810816,2998
1790730097.5688453,2756166,98.897,starting,5398278144,2998
1790730098.5897207,2756166,99.918,starting,5398278144,2998
1790730099.6146305,2756166,100.943,starting,5398278144,2998
1790730100.6392498,2756166,101.967,starting,5398278144,2998
1790730101.6640136,2756166,102.992,starting,5398278144,2998
1790730102.6883104,2756166,104.016,starting,5398278144,2998
1790730103.713639,2756166,105.042,starting,5398278144,2998
1790730104.738702,2756166,106.067,starting,5398278144,2998
1790730105.7634723,2756166,107.092,starting,5398278144,2998
1790730106.7883244,2756166,108.116,starting,5398278144,2998
1790730107.8105514,2756166,109.139,starting,5398278144,2998
1790730108.8346055,2756166,110.163,starting,5350043648,2998
1790730109.857765,2756166,111.186,starting,5350043648,2998
1790730110.8792903,2756166,112.207,starting,5350043648,2998
1790730111.8988998,2756166,113.227,starting,5350043648,2998
1790730112.9204035,2756166,114.249,starting,5350043648,2998
1790730113.9419906,2756166,115.27,starting,5350043648,2998
1790730114.9672449,2756166,116.295,starting,5317373952,2998
1790730115.9898293,2756166,117.318,starting,5317373952,2998
1790730117.0119207,2756166,118.34,starting,5317373952,2998
1790730118.035097,2756166,119.363,starting,5333221376,2998
1790730119.0564146,2756166,120.385,starting,5333221376,2998
1790730120.0812633,2756166,121.409,starting,5333221376,2998
1790730121.104926,2756166,122.433,starting,5333221376,2998
1790730122.1287303,2756166,123.457,starting,5333221376,2998
1790730123.1534915,2756166,124.482,starting,5333221376,2998
1790730124.1741967,2756166,125.502,starting,5333221376,2998
1790730125.1964166,2756166,126.525,starting,5333221376,2998
1790730126.2188582,2756166,127.547,starting,5333221376,2998
1790730127.2441635,2756166,128.572,starting,5333221376,2998
1790730128.263849,2756166,129.592,starting,5333221376,2998
1790730129.2822363,2756166,130.61,starting,5333221376,2998
1790730130.3042312,2756166,131.632,starting,5374447616,2998
1790730131.3250513,2756166,132.653,starting,5374447616,2998
1790730132.3465302,2756166,133.675,starting,5374447616,2998
1790730133.3717835,2756166,134.7,starting,5374447616,2998
1790730134.3969762,2756166,135.725,starting,5374447616,2998
1790730135.4251873,2756166,136.753,starting,5508669440,2998
1790730136.4474192,2756166,137.776,starting,5484683264,2998
1790730137.4691513,2756166,138.797,starting,5484683264,2998
1790730138.4893532,2756166,139.818,starting,5484683264,3198
1790730139.5102298,2756166,140.838,starting,5484683264,3198
1790730140.5293708,2756166,141.858,starting,5484683264,3278
1790730141.5480185,2756166,142.876,starting,5667008512,3278
1790730142.5697687,2756166,143.898,starting,5667008512,3278
1790730143.5950224,2756166,144.923,starting,5667008512,3278
1790730144.6193106,2756166,145.947,starting,5667008512,3278
1790730145.6433527,2756166,146.972,starting,5667008512,3278
1790730146.6660142,2756166,147.994,starting,5777113088,3278
1790730147.688708,2756166,149.017,starting,5777113088,3278
1790730148.7110066,2756166,150.039,starting,5777113088,3278
1790730149.7355163,2756166,151.064,starting,5777113088,3278
1790730150.756036,2756166,152.084,starting,5777113088,3278
1790730151.7801874,2756166,153.108,starting,6156722176,3278
1790730152.8050046,2756166,154.133,starting,6045544448,3278
1790730153.8264284,2756166,155.155,starting,6045544448,3278
1790730154.8531458,2756166,156.181,starting,6045544448,3278
1790730155.8732498,2756166,157.201,starting,6045544448,3278
1790730156.8970954,2756166,158.225,starting,6045544448,3278
1790730157.9217374,2756166,159.25,starting,6155780096,3278
1790730158.9446535,2756166,160.273,starting,6155780096,3278
1790730159.9675887,2756166,161.296,starting,6155780096,3278
1790730160.9929907,2756166,162.321,starting,6155780096,3278
1790730162.013039,2756166,163.341,starting,6155780096,3278
1790730163.0373988,2756166,164.366,starting,6155780096,3278
1790730164.0649045,2756166,165.393,starting,6338105344,3278
1790730165.0894237,2756166,166.418,starting,6338105344,3278
1790730166.110967,2756166,167.439,starting,6338105344,3278
1790730167.1328003,2756166,168.461,starting,6338105344,3278
1790730168.1555576,2756166,169.484,starting,6338105344,3278
1790730169.1804993,2756166,170.509,starting,6338105344,3278
1790730170.1993282,2756166,171.527,starting,6448209920,3278
1790730171.2198393,2756166,172.548,starting,6448209920,3278
1790730172.2410812,2756166,173.569,starting,6448209920,3278
1790730173.266402,2756166,174.595,starting,6448209920,3278
1790730174.2877219,2756166,175.616,starting,6448209920,3278
1790730175.313105,2756166,176.641,starting,6179766272,3278
1790730176.3345146,2756166,177.663,starting,6179766272,3278
1790730177.3556798,2756166,178.684,starting,6179766272,3278
1790730178.3831766,2756166,179.711,starting,6179766272,3278
1790730179.4088917,2756166,180.737,starting,6179766272,3278
1790730180.432071,2756166,181.76,starting,6179766272,3278
1790730181.4533174,2756166,182.781,starting,6290001920,3278
1790730182.477376,2756166,183.806,starting,6290001920,3278
1790730183.4978237,2756166,184.826,starting,6290001920,3278
1790730184.517837,2756166,185.846,starting,6290001920,3278
1790730185.540006,2756166,186.868,starting,6290001920,3278
1790730186.5616574,2756166,187.89,starting,6472327168,3278
1790730187.5803359,2756166,188.908,starting,6472327168,3278
1790730188.5989878,2756166,189.927,starting,6472327168,3278
1790730189.622467,2756166,190.951,starting,6472327168,3278
1790730190.6467452,2756166,191.975,starting,6472327168,3278
1790730191.6687684,2756166,192.997,starting,6472327168,3278
1790730192.693093,2756166,194.021,starting,6582431744,3278
1790730193.7120147,2756166,195.04,starting,6582431744,3278
1790730194.7308054,2756166,196.059,starting,6582431744,3278
1790730195.7532513,2756166,197.081,starting,6582431744,3278
1790730196.7797363,2756166,198.108,starting,6582431744,3278
1790730197.8045316,2756166,199.133,starting,6582431744,3278
1790730198.8258567,2756166,200.154,starting,6313988096,3278
1790730199.8487756,2756166,201.177,starting,6313988096,3278
1790730200.8741767,2756166,202.202,starting,6313988096,3278
1790730201.8986697,2756166,203.227,starting,6313988096,3278
1790730202.9243374,2756166,204.252,starting,6313988096,3278
1790730203.9494712,2756166,205.278,starting,6424223744,3278
1790730204.9720805,2756166,206.3,starting,6424223744,3278
1790730205.9943163,2756166,207.322,starting,6424223744,3278
1790730207.0153692,2756166,208.344,starting,6424223744,3278
1790730208.0367093,2756166,209.365,starting,6424223744,3278
1790730209.0585265,2756166,210.387,starting,6424223744,3278
1790730210.0787573,2756166,211.407,starting,6606548992,3278
1790730211.0978847,2756166,212.426,starting,6606548992,3278
1790730212.1179829,2756166,213.446,starting,6606548992,3278
1790730213.139848,2756166,214.468,starting,6606548992,3278
1790730214.1607087,2756166,215.489,starting,6606548992,3278
1790730215.208731,2756166,216.537,starting,6704594944,3278
1790730216.2351065,2756166,217.563,starting,6716653568,3278
1790730217.2581112,2756166,218.586,starting,6716653568,3278
1790730218.2784874,2756166,219.607,starting,6716653568,3278
1790730219.3011248,2756166,220.629,starting,6391422976,3278
1790730220.3233645,2756166,221.652,starting,6391422976,3278
1790730221.348283,2756166,222.676,starting,6391422976,3278
1790730222.3683295,2756166,223.696,starting,6493601792,3278
1790730223.4058094,2756166,224.734,starting,6580219904,3278
1790730224.4316614,2756166,225.76,starting,6580219904,3278
1790730225.4561956,2756166,226.784,starting,6666838016,3278
1790730226.481052,2756166,227.809,starting,6666838016,3278
1790730227.5029378,2756166,228.831,starting,6666838016,3278
1790730228.53257,2756166,229.861,starting,5494501376,3278
1790730229.558535,2756166,230.887,starting,5494501376,3278
1790730230.5856895,2756166,231.914,starting,5494501376,3278
1790730231.6118124,2756166,232.94,starting,5518618624,3278
1790730232.6428304,2756166,233.971,starting,5518618624,3278
1790730233.667495,2756166,234.996,starting,5518618624,3278
1790730234.690604,2756166,236.019,starting,5518618624,3278
1790730235.7162085,2756166,237.044,starting,5518618624,3278
1790730236.7426348,2756166,238.071,starting,5518618624,3278
1790730237.7671874,2756166,239.095,starting,5482442752,3278
1790730238.7913513,2756166,240.12,starting,5482442752,3278
1790730239.8177938,2756166,241.146,starting,5482442752,3278
1790730240.8382173,2756166,242.166,starting,5494501376,3278
1790730241.8627126,2756166,243.191,starting,5494501376,3278
1790730242.8839672,2756166,244.212,starting,5494501376,3278
1790730243.906827,2756166,245.235,starting,5518618624,3278
1790730244.9316165,2756166,246.26,starting,5518618624,3278
1790730245.9625268,2756166,247.291,starting,5518618624,3278
1790730246.9890513,2756166,248.317,starting,5518618624,3278
1790730248.0143356,2756166,249.342,starting,5518618624,3278
1790730249.039277,2756166,250.367,starting,5518618624,3278
1790730250.0659974,2756166,251.394,starting,5482442752,3278
1790730251.107172,2756166,252.435,starting,5482442752,3278
1790730252.132492,2756166,253.461,starting,5482442752,3278
1790730253.1576579,2756166,254.486,starting,5482442752,3278
1790730254.1832733,2756166,255.511,starting,5482508288,3282
1790730255.2084618,2756166,256.537,starting,5482508288,3282
1790730256.2299337,2756166,257.558,starting,5498601472,3282
1790730257.250511,2756166,258.579,starting,5498601472,3282
1790730258.270513,2756166,259.599,starting,5498601472,3282
1790730259.2918823,2756166,260.62,starting,5498601472,3282
1790730260.315247,2756166,261.643,starting,5498601472,3282
1790730261.3353786,2756166,262.664,starting,5498601472,3282
1790730262.3563302,2756166,263.684,starting,5498601472,3282
1790730263.3769248,2756166,264.705,starting,5498601472,3282
1790730264.3983734,2756166,265.727,starting,5498601472,3282
1790730265.4256103,2756166,266.754,starting,5498601472,3282
1790730266.4466615,2756166,267.775,starting,5498601472,3282
1790730267.470707,2756166,268.799,starting,5498601472,3282
1790730268.4915547,2756166,269.82,starting,5498601472,3282
1790730269.5151584,2756166,270.843,starting,5498601472,3282
1790730270.544219,2756166,271.872,starting,5494566912,3282
1790730271.565453,2756166,272.894,starting,5494566912,3282
1790730272.5841298,2756166,273.912,starting,5494566912,3282
1790730273.604006,2756166,274.932,starting,5494566912,3282
1790730274.6237688,2756166,275.952,starting,5494566912,3282
1790730275.6434958,2756166,276.972,starting,5494566912,3282
1790730276.6673024,2756166,277.995,starting,5632319488,3282
1790730277.6899743,2756166,279.018,starting,5652905984,3282
1790730278.7146904,2756166,280.043,starting,5652905984,3282
1790730279.7390695,2756166,281.067,starting,5652905984,3282
1790730280.7606287,2756166,282.089,starting,5652905984,3282
1790730281.784208,2756166,283.112,starting,5652905984,3282
1790730282.8088405,2756166,284.137,starting,5652905984,3282
1790730283.8336911,2756166,285.162,starting,5787127808,3282
1790730284.8551733,2756166,286.183,starting,5787127808,3282
1790730285.8823,2756166,287.21,starting,5787127808,3282
1790730286.9066718,2756166,288.235,starting,5787127808,3282
1790730287.9279659,2756166,289.256,starting,5787127808,3282
1790730288.9534252,2756166,290.282,starting,5921349632,3282
1790730289.9757307,2756166,291.304,starting,5921349632,3282
1790730291.000764,2756166,292.329,starting,5921349632,3282
1790730292.0272381,2756166,293.355,starting,5921349632,3282
1790730293.0503652,2756166,294.379,starting,5921349632,3282
1790730294.0714424,2756166,295.4,starting,5921349632,3282
1790730295.0967345,2756166,296.425,starting,6165663744,3282
1790730296.1153631,2756166,297.444,starting,6165663744,3282
1790730297.1350346,2756166,298.463,starting,6165663744,3282
1790730298.1573067,2756166,299.485,starting,6165663744,3282
1790730299.1797235,2756166,300.508,starting,6165663744,3282
1790730300.2044592,2756166,301.533,starting,6165663744,3282
1790730301.2295904,2756166,302.558,starting,6324002816,3282
1790730302.2527647,2756166,303.581,starting,6324002816,3282
1790730303.2759314,2756166,304.604,starting,6324002816,3282
1790730304.3010736,2756166,305.629,starting,6324002816,3282
1790730305.324291,2756166,306.652,starting,6324002816,3282
1790730306.349683,2756166,307.678,starting,6324002816,3282
1790730307.3737156,2756166,308.702,starting,6458224640,3282
1790730308.397447,2756166,309.726,starting,6458224640,3282
1790730309.418778,2756166,310.747,starting,6458224640,3282
1790730310.4392745,2756166,311.767,starting,6458224640,3282
1790730311.460841,2756166,312.789,starting,6458224640,3282
1790730312.4853177,2756166,313.813,starting,6458224640,3282
1790730313.5065262,2756166,314.835,starting,6592446464,3282
1790730314.529843,2756166,315.858,starting,6592446464,3282
1790730315.549088,2756166,316.877,starting,6592446464,3282
1790730316.568052,2756166,317.896,starting,6592446464,3282
1790730317.5894506,2756166,318.918,starting,6592446464,3282
1790730318.6138513,2756166,319.942,starting,6592446464,3282
1790730319.6379528,2756166,320.966,starting,6284824576,3282
1790730320.6590095,2756166,321.987,starting,6284824576,3282
1790730321.6786048,2756166,323.007,starting,6284824576,3282
1790730322.6993628,2756166,324.028,starting,6284824576,3282
1790730323.719216,2756166,325.047,starting,6284824576,3282
1790730324.739906,2756166,326.068,starting,6410203136,3282
1790730325.7605317,2756166,327.089,starting,6410203136,3282
1790730326.7853994,2756166,328.114,starting,6410203136,3282
1790730327.8096569,2756166,329.138,starting,6410203136,3282
1790730328.8311605,2756166,330.159,starting,6410203136,3282
1790730329.8567257,2756166,331.185,starting,6516486144,3282
1790730330.8787456,2756166,332.207,starting,6516486144,3282
1790730331.8995752,2756166,333.228,starting,6516486144,3282
1790730332.918936,2756166,334.247,starting,6516486144,3282
1790730333.9376445,2756166,335.266,starting,6516486144,3282
1790730334.9588842,2756166,336.287,starting,6622769152,3282
1790730335.983774,2756166,337.312,starting,6622769152,3282
1790730337.0052266,2756166,338.333,starting,6622769152,3282
1790730338.0273986,2756166,339.356,starting,6622769152,3282
1790730339.0495124,2756166,340.378,starting,6622769152,3282
1790730340.0739942,2756166,341.402,starting,5874647040,3282
1790730341.099002,2756166,342.427,starting,6065360896,3282
1790730342.120302,2756166,343.448,starting,5430972416,3284
1790730343.141925,2756166,344.47,starting,5430972416,3284
1790730344.1669972,2756166,345.495,starting,5433221120,3284
1790730345.222455,2756166,346.551,starting,5512794112,3284
1790730346.2476225,2756166,347.576,starting,5512794112,3284
1790730347.272934,2756166,348.601,starting,5447143424,3286
1790730348.2967122,2756166,349.625,starting,5447143424,3286
1790730349.3175826,2756166,350.646,starting,5447143424,3286
1790730350.3430014,2756166,351.671,starting,5447143424,3286
1790730351.368581,2756166,352.697,starting,5512794112,3286
1790730352.394818,2756166,353.723,starting,5512794112,3286
1790730353.4194489,2756166,354.748,starting,5447143424,3286
1790730354.4450023,2756166,355.773,starting,5447143424,3286
1790730355.4663055,2756166,356.794,starting,5447143424,3286
1790730356.4917238,2756166,357.82,starting,5447143424,3286
1790730357.5134776,2756166,358.842,starting,5512794112,3286
1790730358.5407493,2756166,359.869,starting,5512794112,3286
1790730359.5653832,2756166,360.894,starting,5447143424,3286
1790730360.5918431,2756166,361.92,starting,5447143424,3286
1790730361.6173751,2756166,362.946,starting,5512794112,3286
1790730362.6417303,2756166,363.97,starting,5512794112,3286
1790730363.6685562,2756166,364.997,starting,5448196096,3286
1790730364.6914115,2756166,366.02,starting,5513617408,3286
1790730365.7152274,2756166,367.043,expert1_fit,4907978752,1366
1790730366.73804,2756166,368.066,expert1_fit,4907978752,1366
1790730517.7182,2769490,0.247,starting,518594560,0
1790730518.8882306,2769490,1.417,starting,808005632,0
1790730519.9100535,2769490,2.439,input_loading,4730585088,0
1790730520.9324265,2769490,3.461,input_loading,8856580096,0
1790730521.9544013,2769490,4.483,input_loading,12998524928,0
1790730523.0666394,2769490,5.596,input_loading,16097402880,0
1790730524.42497,2769490,6.954,input_loading,19524374528,0
1790730525.561839,2769490,8.091,input_loading,22542405632,0
1790730526.7133944,2769490,9.242,input_loading,25064574976,0
1790730527.7382438,2769490,10.267,input_loading,26691530752,0
1790730529.433343,2769490,11.962,input_loading,23268442112,0
1790730530.5542603,2769490,13.083,input_loading,23434096640,0
1790730531.6275296,2769490,14.156,input_loading,23600504832,0
1790730533.04164,2769490,15.571,input_loading,23469633536,0
1790730534.0660198,2769490,16.595,input_loading,23550906368,0
1790730535.1060169,2769490,17.635,input_loading,23550906368,0
1790730537.0164363,2769490,19.545,starting,1228886016,0
1790730538.0396848,2769490,20.569,starting,1228886016,0
1790730539.0631313,2769490,21.592,starting,1228886016,0
1790730540.083576,2769490,22.613,starting,1228886016,0
1790730541.1044257,2769490,23.633,starting,1228886016,0
1790730542.126236,2769490,24.655,starting,1228886016,0
1790730543.1498945,2769490,25.679,starting,1346666496,0
1790730544.1747692,2769490,26.704,starting,4750430208,0
1790730545.1970303,2769490,27.726,starting,5115768832,656
1790730546.2164967,2769490,28.745,expert1_fit,4293640192,1366
1790730547.237071,2769490,29.766,expert1_fit,4293726208,1366
1790730548.2596025,2769490,30.789,starting,4293742592,1462
1790730549.2813709,2769490,31.81,starting,4293742592,1462
1790730550.3023596,2769490,32.831,starting,4293742592,1462
1790730551.3236308,2769490,33.853,starting,4293742592,1462
1790730552.345754,2769490,34.875,starting,4293742592,1462
1790730553.3697581,2769490,35.899,starting,4293742592,1462
1790730554.390778,2769490,36.92,starting,4293742592,1462
1790730555.4156246,2769490,37.945,starting,4293742592,1462
1790730556.4664886,2769490,38.995,starting,4293808128,1462
1790730557.491128,2769490,40.02,starting,4293808128,1622
1790730558.5162969,2769490,41.045,starting,4294639616,1742
1790730559.5369408,2769490,42.066,starting,4294639616,1762
1790730560.5616302,2769490,43.091,starting,4294639616,1782
1790730561.584144,2769490,44.113,starting,4294639616,1802
1790730562.6095712,2769490,45.139,starting,4294639616,1802
1790730563.6310122,2769490,46.16,starting,4294639616,1882
1790730564.654135,2769490,47.183,starting,4294639616,1902
1790730565.676968,2769490,48.206,starting,4294639616,1922
1790730566.7031775,2769490,49.232,starting,4294639616,1942
1790730567.756951,2769490,50.286,starting,4294639616,1942
1790730568.7832487,2769490,51.312,starting,4294639616,1942
1790730569.8071058,2769490,52.336,starting,4294639616,1942
1790730570.8308713,2769490,53.36,starting,4294639616,1942
1790730571.856173,2769490,54.385,starting,4294639616,1942
1790730572.882664,2769490,55.412,starting,4294639616,1942
1790730573.9082124,2769490,56.437,starting,4294639616,1942
1790730574.933584,2769490,57.463,starting,4294639616,1962
1790730575.9590027,2769490,58.488,starting,4294639616,1962
1790730576.9824142,2769490,59.511,starting,4294639616,1962
1790730578.0064409,2769490,60.535,starting,4294639616,1962
1790730756.6470356,2776252,0.281,starting,529920000,0
1790730757.7901506,2776252,1.424,starting,820916224,0
1790730758.8131683,2776252,2.447,input_loading,4940562432,0
1790730759.8369706,2776252,3.471,input_loading,9141747712,0
1790730760.9986126,2776252,4.633,input_loading,13602582528,0
1790730762.0849357,2776252,5.719,input_loading,16606605312,0
1790730763.2390826,2776252,6.873,input_loading,19478036480,0
1790730764.364274,2776252,7.998,input_loading,22443286528,0
1790730765.5467453,2776252,9.181,input_loading,25075511296,0
1790730766.5698276,2776252,10.204,input_loading,26926936064,0
1790730768.210103,2776252,11.844,input_loading,23275028480,0
1790730769.4884303,2776252,13.123,input_loading,23542648832,0
1790730770.558062,2776252,14.192,input_loading,23454298112,0
1790730771.7653742,2776252,15.4,input_loading,23625011200,0
1790730772.8294475,2776252,16.464,input_loading,23556153344,0
1790730775.273867,2776252,18.908,starting,23603093504,0
1790730776.2977266,2776252,19.932,starting,1235263488,0
1790730777.3231034,2776252,20.957,starting,1235263488,0
1790730778.3523514,2776252,21.986,starting,1235263488,0
1790730779.3740675,2776252,23.008,starting,1235263488,0
1790730780.395961,2776252,24.03,starting,1235263488,0
1790730781.4231164,2776252,25.057,starting,1355882496,0
1790730782.4591742,2776252,26.093,starting,4790603776,0
1790730783.4860399,2776252,27.12,starting,5122367488,656
1790730784.50947,2776252,28.144,starting,4229455872,448
1790730785.5374966,2776252,29.172,starting,4229459968,448
1790730786.560018,2776252,30.194,expert1_route,4374396928,1458
1790730787.5795326,2776252,31.214,expert1_route,4376002560,1598
1790730788.6001608,2776252,32.234,expert1_route,4376068096,1638
1790730789.622113,2776252,33.256,expert1_route,4376068096,1678
1790730790.6440463,2776252,34.278,expert1_route,4377292800,1678
1790730791.6665266,2776252,35.301,expert1_route,4377292800,1678
1790730792.6912389,2776252,36.325,expert1_route,4377292800,1678
1790730793.7163491,2776252,37.35,expert1_route,4377292800,1678
1790730794.7419202,2776252,38.376,expert1_route,4377292800,1678
1790730795.7705617,2776252,39.405,expert1_route,4377292800,1678
1790730796.8193831,2776252,40.454,expert1_route,4377292800,1678
1790730797.844108,2776252,41.478,expert1_route,4377292800,1678
1790730798.871053,2776252,42.505,expert1_route,4377292800,1678
1790730799.9323845,2776252,43.567,expert1_route,4377292800,1678
1790730800.9954524,2776252,44.63,expert1_route,4377292800,1678
1790730802.0188513,2776252,45.653,expert1_route,4377292800,1678
1790730803.04291,2776252,46.677,expert1_route,4377292800,1678
1790730804.0704775,2776252,47.705,expert1_route,4377579520,1678
1790730805.093993,2776252,48.728,expert1_route,4377579520,1678
1790730806.11555,2776252,49.75,expert1_route,4377579520,1678
1790730807.1402063,2776252,50.774,expert1_route,4377579520,1678
1790730808.1640418,2776252,51.798,expert1_route,4377579520,1678
1790730809.184,2776252,52.818,expert1_cal,4338413568,1678
1790730810.2062008,2776252,53.84,expert1_cal,4338413568,1678
1790730811.2273579,2776252,54.861,expert1_cal,4338413568,1678
1790730812.248807,2776252,55.883,expert1_cal,4338413568,1678
1790730813.2692006,2776252,56.903,expert1_cal,4338413568,1678
1790730814.2886846,2776252,57.923,expert1_cal,4338413568,1678
1790730815.309382,2776252,58.944,expert1_cal,4338413568,1678
1790730816.3349361,2776252,59.969,expert1_cal,4338413568,1678
1790730817.3557196,2776252,60.99,expert1_cal,4338413568,1678
1790730818.379929,2776252,62.014,expert1_cal,4338413568,1678
1790730819.4012995,2776252,63.035,expert1_cal,4338413568,1678
1790730820.426043,2776252,64.06,expert1_cal,4338413568,1678
1790730821.4542816,2776252,65.088,expert1_cal,4338413568,1678
1790730822.4758732,2776252,66.11,expert1_cal,4338413568,1678
1790730823.493716,2776252,67.128,expert1_cal,4338413568,1678
1790730824.514738,2776252,68.149,expert1_cal,4338413568,1678
1790730825.5363483,2776252,69.17,expert1_cal,4338413568,1678
1790730826.5583193,2776252,70.192,expert1_cal,4338413568,1678
1790730827.5803082,2776252,71.214,expert1_cal,4338413568,1678
1790730828.6015494,2776252,72.236,expert1_cal,4338413568,1678
1790730829.6285655,2776252,73.263,expert1_cal,4338479104,1682
1790730830.6534846,2776252,74.288,expert1_cal,4338479104,1682
1790730831.6730626,2776252,75.307,expert1_cal,4338479104,1682
1790730832.6955962,2776252,76.33,expert1_cal,4338479104,1682
1790730833.723698,2776252,77.358,expert1_cal,4338479104,1682
1790730834.747953,2776252,78.382,expert1_cal,4338479104,1682
1790730835.7764962,2776252,79.411,expert1_eval,4703019008,1682
1790730836.8030512,2776252,80.437,expert1_eval,4703019008,1682
1790730837.828085,2776252,81.462,expert1_eval,4703019008,1682
1790730838.849998,2776252,82.484,expert1_eval,4703019008,1682
1790730839.8729956,2776252,83.507,expert1_eval,4703019008,1682
1790730840.8963957,2776252,84.531,expert1_eval,4703019008,1682
1790730841.9199378,2776252,85.554,expert1_eval,4703019008,1682
1790730842.9449213,2776252,86.579,expert1_eval,4703019008,1682
1790730843.96809,2776252,87.602,expert1_eval,4703019008,1682
1790730844.9879582,2776252,88.622,expert1_eval,4703019008,1682
1790730846.0114045,2776252,89.646,expert1_eval,4703019008,1682
1790730847.0360336,2776252,90.67,expert1_eval,4703019008,1682
1790730848.0608675,2776252,91.695,expert1_eval,4703019008,1682
1790730849.082118,2776252,92.716,expert1_eval,4703019008,1682
1790730850.1072388,2776252,93.741,expert1_eval,4703019008,1682
1790730851.125812,2776252,94.76,expert1_eval,4703019008,1682
1790730852.1523306,2776252,95.786,expert1_eval,4703019008,1682
1790730853.1787982,2776252,96.813,expert1_eval,4703019008,1682
1790730854.20434,2776252,97.838,expert1_eval,4703019008,1682
1790730855.2257886,2776252,98.86,expert1_eval,4703019008,1682
1790730856.2451806,2776252,99.879,expert1_eval,4703019008,1682
1790730857.269002,2776252,100.903,expert1_eval,4703019008,1682
1790730858.295942,2776252,101.93,expert1_eval,4703019008,1682
1790730859.325439,2776252,102.96,expert1_eval,4703019008,1682
1790730860.3480651,2776252,103.982,expert1_eval,4703019008,1682
1790730861.3712335,2776252,105.005,expert1_eval,4703019008,1682
1790730862.396347,2776252,106.03,expert1_eval,4703019008,1682
1790730863.4185436,2776252,107.053,expert1_eval,4703019008,1682
1790730864.4429154,2776252,108.077,expert1_eval,4703019008,1682
1790730865.4701178,2776252,109.104,expert1_eval,4703019008,1682
1790730866.494955,2776252,110.129,expert1_eval,4703019008,1682
1790730867.523144,2776252,111.157,expert1_eval,4703019008,1682
1790730868.5494814,2776252,112.184,expert1_eval,4703019008,1682
1790730869.570911,2776252,113.205,expert1_eval,4703019008,1682
1790730870.5944757,2776252,114.229,expert1_eval,4703019008,1682
1790730871.6162167,2776252,115.25,expert1_eval,4703019008,1682
1790730872.637607,2776252,116.272,expert1_eval,4703019008,1682
1790730873.6593175,2776252,117.293,expert1_eval,4703019008,1682
1790730874.6781633,2776252,118.312,expert1_eval,4703019008,1682
1790730875.7012782,2776252,119.335,expert1_eval,4703019008,1682
1790730876.7268693,2776252,120.361,expert1_eval,4703019008,1682
1790730877.753294,2776252,121.387,expert1_eval,4703019008,1682
1790730878.7788725,2776252,122.413,expert1_eval,4703019008,1682
1790730879.8015676,2776252,123.436,expert1_eval,4703019008,1682
1790730880.8289602,2776252,124.463,expert1_eval,4703019008,1682
1790730881.8544636,2776252,125.489,expert1_eval,4703019008,1682
1790730882.875323,2776252,126.509,expert1_eval,4703019008,1682
1790730883.8992114,2776252,127.533,expert1_eval,4703019008,1682
1790730884.9251356,2776252,128.559,expert1_eval,4703019008,1682
1790730885.9478562,2776252,129.582,expert1_eval,4703019008,1682
1790730886.9700825,2776252,130.604,expert1_eval,4703019008,1682
1790730887.9905849,2776252,131.625,expert1_eval,4703019008,1682
1790730889.01658,2776252,132.651,expert1_eval,4703019008,1682
1790730890.0416534,2776252,133.676,expert1_eval,4703019008,1682
1790730891.0623605,2776252,134.696,expert1_eval,4703019008,1682
1790730892.08577,2776252,135.72,expert1_eval,4703019008,1682
1790730893.1071086,2776252,136.741,expert1_eval,4703019008,1682
1790730894.1324656,2776252,137.767,expert1_eval,4703019008,1682
1790730895.155234,2776252,138.789,expert1_eval,4703019008,1682
1790730896.1797903,2776252,139.814,expert1_eval,4703019008,1682
1790730897.20582,2776252,140.84,expert1_eval,4703019008,1682
1790730898.2265377,2776252,141.861,expert1_eval,4703019008,1682
1790730899.2454202,2776252,142.88,expert1_eval,4703019008,1682
1790730900.2698882,2776252,143.904,expert1_eval,4703019008,1682
1790730901.296371,2776252,144.931,expert1_eval,4703019008,1682
1790730902.3202133,2776252,145.954,expert1_eval,4703019008,1682
1790730903.3422616,2776252,146.976,expert1_eval,4703019008,1682
1790730904.367784,2776252,148.002,expert1_eval,4703019008,1682
1790730905.392275,2776252,149.026,expert1_eval,4703019008,1682
1790730906.4134734,2776252,150.048,expert1_eval,4703019008,1682
1790730907.433252,2776252,151.067,expert1_eval,4703019008,1682
1790730908.4545758,2776252,152.089,expert1_eval,4703019008,1682
1790730909.477622,2776252,153.112,expert1_eval,4703019008,1682
1790730910.500956,2776252,154.135,expert1_eval,4703019008,1682
1790730911.5227826,2776252,155.157,expert1_eval,4703019008,1682
1790730912.5412378,2776252,156.175,expert1_eval,4703019008,1682
1790730913.5622861,2776252,157.196,expert1_eval,4703019008,1682
1790730914.5841143,2776252,158.218,expert1_eval,4703019008,1682
1790730915.6378748,2776252,159.272,expert1_eval,4703019008,1682
1790730916.6585867,2776252,160.293,expert1_eval,4703019008,1682
1790730917.6778362,2776252,161.312,expert1_eval,4703019008,1682
1790730918.7025023,2776252,162.337,expert1_eval,4703019008,1682
1790730919.7227354,2776252,163.357,expert1_eval,4703019008,1682
1790730920.7439923,2776252,164.378,expert1_eval,4703019008,1682
1790730921.767742,2776252,165.402,expert1_eval,4703019008,1682
1790730922.790576,2776252,166.425,expert1_eval,4703019008,1682
1790730923.8102615,2776252,167.444,expert1_eval,4703019008,1682
1790730924.8284647,2776252,168.463,expert1_eval,4703019008,1682
1790730925.8475683,2776252,169.482,expert1_eval,4703019008,1682
1790730926.8668737,2776252,170.501,expert1_eval,4703019008,1682
1790730927.885993,2776252,171.52,expert1_eval,4703019008,1682
1790730928.9085116,2776252,172.543,expert1_eval,4703019008,1682
1790730929.9289038,2776252,173.563,expert1_eval,4703019008,1682
1790730930.948186,2776252,174.582,expert1_eval,4703019008,1682
1790730931.9683707,2776252,175.603,expert1_eval,4703019008,1682
1790730932.9894276,2776252,176.624,expert1_eval,4703019008,1682
1790730934.0128062,2776252,177.647,expert1_eval,4703019008,1682
1790730935.0328465,2776252,178.667,expert1_eval,4703019008,1682
1790730936.0542848,2776252,179.688,expert1_eval,4703019008,1682
1790730937.0816247,2776252,180.716,expert1_eval,4703019008,1682
1790730938.1024191,2776252,181.737,expert1_eval,4703019008,1682
1790730939.123196,2776252,182.757,expert1_eval,4703019008,1682
1790730940.1438644,2776252,183.778,expert1_eval,4703019008,1682
1790730941.1678667,2776252,184.802,expert1_eval,4703019008,1682
1790730942.1894498,2776252,185.824,expert1_eval,4703019008,1682
1790730943.207893,2776252,186.842,expert1_eval,4703019008,1682
1790730944.225659,2776252,187.86,expert1_eval,4703019008,1682
1790730945.24461,2776252,188.879,expert1_eval,4703019008,1682
1790730946.2669008,2776252,189.901,expert1_eval,4703019008,1682
1790730947.2924953,2776252,190.927,expert1_eval,4703019008,1682
1790730948.3198767,2776252,191.954,expert1_eval,4703019008,1682
1790730949.3435001,2776252,192.978,expert1_eval,4703019008,1682
1790730950.3676312,2776252,194.002,expert1_eval,4703019008,1682
1790730951.3869975,2776252,195.021,expert1_eval,4703019008,1682
1790730952.409656,2776252,196.044,expert1_eval,4703019008,1682
1790730953.43443,2776252,197.069,expert1_eval,4703019008,1682
1790730954.4846914,2776252,198.119,expert1_eval,4703019008,1682
1790730955.5116374,2776252,199.146,expert1_eval,4703019008,1682
1790730956.5328252,2776252,200.167,expert1_eval,4703019008,1682
1790730957.5522213,2776252,201.186,expert1_eval,4703019008,1682
1790730958.5747588,2776252,202.209,expert1_eval,4703019008,1682
1790730959.597898,2776252,203.232,expert1_eval,4703019008,1682
1790730960.6191099,2776252,204.253,expert1_eval,4703019008,1682
1790730961.639946,2776252,205.274,expert1_eval,4703019008,1682
1790730962.6603522,2776252,206.294,expert1_eval,4703019008,1682
1790730963.6811743,2776252,207.315,expert1_eval,4703019008,1682
1790730964.701503,2776252,208.336,expert1_eval,4703019008,1682
1790730965.7227213,2776252,209.357,expert1_eval,4703019008,1682
1790730966.7478716,2776252,210.382,expert1_eval,4703019008,1682
1790730967.7660153,2776252,211.4,expert1_eval,4703019008,1682
1790730968.785525,2776252,212.42,expert1_eval,4703019008,1682
1790730969.8054016,2776252,213.44,expert1_eval,4703019008,1682
1790730970.826907,2776252,214.461,expert1_eval,4703019008,1682
1790730971.850257,2776252,215.484,expert1_eval,4703019008,1682
1790730972.8774605,2776252,216.512,expert1_eval,4703019008,1682
1790730973.9000628,2776252,217.534,expert1_eval,4703019008,1682
1790730974.9220471,2776252,218.556,expert1_eval,4703019008,1682
1790730975.944532,2776252,219.579,expert1_eval,4703019008,1682
1790730976.9707813,2776252,220.605,expert1_eval,4703019008,1682
1790730977.9903898,2776252,221.625,expert1_eval,4703019008,1682
1790730979.0148606,2776252,222.649,expert1_eval,4703019008,1682
1790730980.0370975,2776252,223.671,expert1_eval,4703019008,1682
1790730981.0625153,2776252,224.697,expert1_eval,4703019008,1682
1790730982.084015,2776252,225.718,expert2_fit,4285554688,578
1790730983.2802465,2776252,226.914,expert2_fit,4301418496,1438
1790730984.3033042,2776252,227.937,expert2_fit,4302688256,4346
1790730985.3273175,2776252,228.961,expert2_fit,4302688256,4348
1790730986.3523061,2776252,229.986,expert2_fit,4302688256,4348
1790730987.3752704,2776252,231.009,expert2_fit,4302688256,4348
1790730988.399191,2776252,232.033,expert2_fit,4302688256,4348
1790730989.422962,2776252,233.057,expert2_fit,4302688256,4348
1790730990.448204,2776252,234.082,expert2_fit,4302688256,4348
1790730991.4727204,2776252,235.107,expert2_fit,4302688256,4348
1790730992.499347,2776252,236.133,expert2_fit,4302688256,4348
1790730993.52435,2776252,237.158,expert2_fit,4302688256,4348
1790730994.5484169,2776252,238.183,expert2_fit,4302688256,4348
1790730995.5734565,2776252,239.208,expert2_fit,4302688256,4348
1790730996.601185,2776252,240.235,expert2_fit,4302688256,4348
1790730997.6243374,2776252,241.258,expert2_fit,4302688256,4388
1790730998.6520019,2776252,242.286,expert2_fit,4302688256,4428
1790730999.6731384,2776252,243.307,expert2_fit,4302688256,4488
1790731000.6931295,2776252,244.327,expert2_fit,4302688256,4528
1790731001.7143316,2776252,245.348,expert2_fit,4302688256,4588
1790731002.7393708,2776252,246.374,expert2_fit,4302688256,4628
1790731003.7631247,2776252,247.397,expert2_fit,4302688256,4628
1790731004.7861226,2776252,248.42,expert2_fit,4302688256,4728
1790731005.8083901,2776252,249.443,expert2_fit,4302688256,4728
1790731006.829676,2776252,250.464,expert2_fit,4302688256,4788
1790731007.8500662,2776252,251.484,expert2_fit,4302688256,4828
1790731008.875919,2776252,252.51,expert2_fit,4302688256,4888
1790731009.9012651,2776252,253.535,expert2_fit,4302774272,4888
1790731010.9259121,2776252,254.56,expert2_fit,4302774272,4888
1790731011.9528573,2776252,255.587,expert2_fit,4302774272,4888
1790731012.9754043,2776252,256.61,expert2_fit,4302774272,4888
1790731014.001036,2776252,257.635,expert2_fit,4302774272,4888
1790731015.0278769,2776252,258.662,expert2_fit,4302774272,4888
1790731016.0532186,2776252,259.687,expert2_fit,4512407552,4888
1790731017.0746713,2776252,260.709,expert2_fit,4512407552,4888
1790731018.0952842,2776252,261.729,expert2_fit,4512407552,4888
1790731019.118209,2776252,262.752,expert2_fit,4512407552,4888
1790731020.1408195,2776252,263.775,expert2_fit,4512407552,4888
1790731021.1619594,2776252,264.796,expert2_fit,4512407552,4888
1790731022.181678,2776252,265.816,expert2_fit,4512407552,4888
1790731023.201402,2776252,266.836,expert2_fit,4512407552,4888
1790731024.220112,2776252,267.854,expert2_fit,4512407552,4888
1790731025.2436016,2776252,268.878,expert2_fit,4512407552,4888
1790731026.2668862,2776252,269.901,expert2_fit,4512407552,4888
1790731027.2871752,2776252,270.921,expert2_fit,4512407552,4888
1790731028.3059974,2776252,271.94,expert2_fit,4512407552,4888
1790731029.3284843,2776252,272.963,expert2_fit,4512407552,4888
1790731030.3528962,2776252,273.987,expert2_fit,4512407552,4888
1790731031.3763957,2776252,275.011,expert2_fit,4512407552,4888
1790731032.4003713,2776252,276.035,expert2_fit,4512407552,4888
1790731033.4232962,2776252,277.057,expert2_fit,4512407552,4888
1790731034.4439247,2776252,278.078,expert2_fit,4512407552,4888
1790731035.464488,2776252,279.099,expert2_fit,4512407552,4888
1790731036.4856603,2776252,280.12,expert2_fit,4512407552,4888
1790731037.5039544,2776252,281.138,expert2_fit,4512407552,4888
1790731038.5231647,2776252,282.157,expert2_fit,4512407552,4888
1790731039.5433338,2776252,283.177,expert2_fit,4512407552,4888
1790731040.5676723,2776252,284.202,expert2_fit,4512407552,4888
1790731041.5924618,2776252,285.227,expert2_fit,4512407552,4888
1790731042.617269,2776252,286.251,expert2_fit,4512407552,4888
1790731043.64197,2776252,287.276,expert2_fit,4512407552,4888
1790731044.6669295,2776252,288.301,expert2_fit,4512407552,4888
1790731045.6912138,2776252,289.325,expert2_fit,4512407552,4888
1790731046.715607,2776252,290.35,expert2_fit,4512407552,4888
1790731047.738011,2776252,291.372,expert2_fit,4512407552,4888
1790731048.7604687,2776252,292.395,expert2_fit,5211258880,4888
1790731049.7812839,2776252,293.415,expert2_fit,5211258880,4888
1790731050.8031502,2776252,294.437,expert2_fit,5211258880,4888
1790731051.8227599,2776252,295.457,expert2_fit,5211258880,4888
1790731052.8423724,2776252,296.477,expert2_fit,5211258880,4888
1790731053.8633265,2776252,297.497,expert2_fit,5211258880,4888
1790731054.8829658,2776252,298.517,expert2_fit,5211258880,4888
1790731055.9046245,2776252,299.539,expert2_fit,5211258880,4888
1790731056.927015,2776252,300.561,expert2_fit,5211258880,4888
1790731057.9510186,2776252,301.585,expert2_fit,5211258880,4888
1790731058.9702437,2776252,302.604,expert2_fit,5211258880,4888
1790731059.9897685,2776252,303.624,expert2_fit,5211258880,4888
1790731061.0090914,2776252,304.643,expert2_fit,5211258880,4888
1790731062.0288699,2776252,305.663,expert2_fit,5211258880,4888
1790731063.0501535,2776252,306.684,expert2_fit,5211258880,4888
1790731064.0713875,2776252,307.706,expert2_fit,5211258880,4888
1790731065.0961459,2776252,308.73,expert2_fit,5211258880,4888
1790731066.1194668,2776252,309.754,expert2_fit,5211258880,4888
1790731067.1384323,2776252,310.773,expert2_fit,5211258880,4888
1790731068.1604643,2776252,311.795,expert2_fit,5211258880,4888
1790731069.1841185,2776252,312.818,expert2_fit,5211258880,4888
1790731070.2072954,2776252,313.841,expert2_fit,5211258880,4888
1790731071.2285912,2776252,314.863,expert2_fit,5211258880,4888
1790731072.2487452,2776252,315.883,expert2_fit,5211258880,4888
1790731073.2680893,2776252,316.902,expert2_fit,5211258880,4888
1790731074.2872026,2776252,317.921,expert2_fit,5211258880,4888
1790731075.3087718,2776252,318.943,expert2_fit,5211258880,4888
1790731076.3338294,2776252,319.968,expert2_fit,5211258880,4888
1790731077.354766,2776252,320.989,expert2_fit,5211258880,4888
1790731078.3755622,2776252,322.01,expert2_fit,5224361984,4888
1790731079.3996048,2776252,323.034,expert2_fit,5224361984,4888
1790731080.4246075,2776252,324.059,expert2_fit,6049783808,4888
1790731081.4503698,2776252,325.085,expert2_fit,6049783808,4888
1790731082.4769225,2776252,326.111,expert2_fit,6049783808,4888
1790731083.4994023,2776252,327.134,expert2_fit,6049783808,4888
1790731084.52376,2776252,328.158,expert2_fit,6049783808,4888
1790731085.5452192,2776252,329.179,expert2_fit,6049783808,4888
1790731086.5695317,2776252,330.204,expert2_fit,6049783808,4888
1790731087.5939443,2776252,331.228,expert2_fit,6049783808,4888
1790731088.6185393,2776252,332.253,expert2_fit,6049783808,4888
1790731089.6429412,2776252,333.277,expert2_fit,6049783808,4888
1790731090.6671047,2776252,334.301,expert2_fit,6049783808,4888
1790731091.6882305,2776252,335.322,expert2_fit,6049783808,4888
1790731092.7102482,2776252,336.344,expert2_fit,6049783808,4888
1790731093.733243,2776252,337.367,expert2_fit,6049783808,4888
1790731094.7516847,2776252,338.386,expert2_fit,6049783808,4888
1790731095.770431,2776252,339.405,expert2_fit,6049783808,4888
1790731096.7889073,2776252,340.423,expert2_fit,6049783808,4888
1790731097.8084302,2776252,341.443,expert2_fit,6049783808,4888
1790731098.8274405,2776252,342.462,expert2_fit,6049783808,4888
1790731099.8482463,2776252,343.482,expert2_fit,6049783808,4888
1790731100.8730276,2776252,344.507,expert2_fit,6049783808,4888
1790731101.8979845,2776252,345.532,expert2_fit,6049783808,4888
1790731102.922305,2776252,346.556,expert2_fit,6049783808,4888
1790731103.943669,2776252,347.578,expert2_fit,6049783808,4888
1790731104.967757,2776252,348.602,expert2_fit,6049783808,4888
1790731105.990224,2776252,349.624,expert2_fit,6049783808,4888
1790731107.0147076,2776252,350.649,expert2_fit,6049783808,4888
1790731108.037884,2776252,351.672,expert2_fit,6049783808,4888
1790731109.0564609,2776252,352.691,expert2_fit,6049783808,4888
1790731110.0779085,2776252,353.712,expert2_fit,6062886912,4888
1790731111.1015062,2776252,354.736,expert2_fit,6062886912,4888
1790731112.135922,2776252,355.77,starting,7131119616,4982
1790731113.2121546,2776252,356.846,starting,9629958144,4982
1790731114.2332778,2776252,357.867,starting,6888460288,4982
1790731115.2531223,2776252,358.887,starting,6888460288,4982
1790731116.2751682,2776252,359.909,starting,6888460288,4982
1790731117.2964413,2776252,360.931,starting,6888460288,4982
1790731118.3172524,2776252,361.951,starting,6888460288,4982
1790731119.340466,2776252,362.975,starting,6888460288,4982
1790731120.3611896,2776252,363.995,starting,6888460288,4982
1790731121.385729,2776252,365.02,starting,6888460288,4982
1790731122.408742,2776252,366.043,starting,6888460288,4982
1790731123.4290853,2776252,367.063,starting,6888460288,4982
1790731124.4501836,2776252,368.084,starting,6888460288,4982
1790731125.4709187,2776252,369.105,starting,6888460288,4982
1790731126.4899166,2776252,370.124,starting,6888460288,4982
1790731127.5109632,2776252,371.145,starting,6888460288,4982
1790731128.5345173,2776252,372.169,starting,6888460288,4982
1790731129.5604975,2776252,373.195,starting,6888460288,4982
1790731130.5798788,2776252,374.214,starting,6888460288,4982
1790731131.601394,2776252,375.236,starting,6888460288,4982
1790731132.6230087,2776252,376.257,starting,6888460288,4982
1790731133.645959,2776252,377.28,starting,6888460288,4982
1790731134.668482,2776252,378.303,starting,6888460288,4982
1790731135.6884255,2776252,379.323,starting,6888460288,4982
1790731136.7078407,2776252,380.342,starting,6888460288,4982
1790731137.7285767,2776252,381.363,starting,6888460288,4982
1790731138.7530012,2776252,382.387,starting,6888460288,4982
1790731139.778619,2776252,383.413,starting,6888460288,4982
1790731140.8039172,2776252,384.438,starting,6888460288,4982
1790731141.8294535,2776252,385.464,starting,6888460288,4982
1790731142.8553984,2776252,386.49,starting,6888460288,4982
1790731143.8773186,2776252,387.511,starting,6888460288,4982
1790731144.9040687,2776252,388.538,starting,6888460288,4982
1790731145.9304094,2776252,389.565,starting,6888460288,4982
1790731146.9555802,2776252,390.59,starting,6888460288,4982
1790731147.9779277,2776252,391.612,starting,6888460288,4982
1790731149.002245,2776252,392.636,starting,6888460288,4982
1790731150.0288136,2776252,393.663,starting,6888460288,4982
1790731151.05377,2776252,394.688,starting,6888460288,4982
1790731152.0791886,2776252,395.713,starting,6888460288,4982
1790731153.103911,2776252,396.738,starting,6888460288,4982
1790731154.1307998,2776252,397.765,starting,6888460288,4982
1790731155.15697,2776252,398.791,starting,6888460288,4982
1790731156.1822863,2776252,399.816,starting,6888460288,4982
1790731157.2135043,2776252,400.848,starting,6888460288,4982
1790731158.2374592,2776252,401.872,starting,6888460288,4982
1790731159.2614174,2776252,402.896,starting,6888460288,4982
1790731160.285003,2776252,403.919,starting,6888460288,4982
1790731161.3094034,2776252,404.944,starting,6888460288,4982
1790731162.3408012,2776252,405.975,starting,6888460288,4982
1790731163.3613927,2776252,406.996,starting,6888460288,4982
1790731164.3838928,2776252,408.018,starting,6888460288,4982
1790731165.4073403,2776252,409.041,starting,6888460288,4982
1790731166.4291716,2776252,410.063,starting,6888460288,4982
1790731167.4500754,2776252,411.084,starting,6888460288,4982
1790731168.4707792,2776252,412.105,starting,6888460288,4982
1790731169.4939163,2776252,413.128,starting,6888460288,4982
1790731170.5121586,2776252,414.146,starting,6888460288,4982
1790731171.5300727,2776252,415.164,starting,6888460288,4982
1790731172.5508385,2776252,416.185,starting,6888460288,4982
1790731173.5691926,2776252,417.203,starting,6888460288,4982
1790731174.590743,2776252,418.225,starting,6888460288,4982
1790731175.614995,2776252,419.249,starting,6888460288,4982
1790731176.6389644,2776252,420.273,starting,6888460288,4982
1790731177.662569,2776252,421.297,starting,6888460288,4982
1790731178.6886315,2776252,422.323,expert2_route,6995898368,4982
1790731179.7124295,2776252,423.347,expert2_route,6995898368,4982
1790731180.7356079,2776252,424.37,expert2_route,6995898368,4982
1790731181.7586827,2776252,425.393,expert2_route,6995898368,4982
1790731182.7822883,2776252,426.416,expert2_route,6995898368,4982
1790731183.8029706,2776252,427.437,expert2_route,6995898368,4982
1790731184.8253238,2776252,428.459,expert2_route,6995898368,4982
1790731185.843528,2776252,429.478,expert2_route,6995898368,4982
1790731186.8641064,2776252,430.498,expert2_route,6995898368,4982
1790731187.8872564,2776252,431.521,expert2_route,6995898368,4982
1790731188.907595,2776252,432.542,expert2_route,6995898368,4982
1790731189.9338264,2776252,433.568,expert2_route,6981087232,4982
1790731190.95463,2776252,434.589,expert2_route,6981087232,4982
1790731191.9744756,2776252,435.609,expert2_route,6981087232,4982
1790731192.9992406,2776252,436.633,expert2_route,6981087232,4982
1790731194.0198293,2776252,437.654,expert2_route,6981087232,4982
1790731195.044494,2776252,438.679,expert2_route,6981087232,4982
1790731196.0687113,2776252,439.703,expert2_route,6981087232,4982
1790731197.0928674,2776252,440.727,expert2_route,6981087232,4982
1790731198.1154432,2776252,441.75,expert2_route,6981087232,4982
1790731199.1350896,2776252,442.769,expert2_route,6981087232,4982
1790731200.160471,2776252,443.795,expert2_route,6981087232,4982
1790731201.184873,2776252,444.819,expert2_route,7029190656,4982
1790731202.2030225,2776252,445.837,expert2_route,7029190656,4982
1790731203.222197,2776252,446.856,expert2_route,7029190656,4982
1790731204.2402117,2776252,447.874,expert2_route,7029190656,4982
1790731205.2604215,2776252,448.895,expert2_route,7029190656,4982
1790731206.281502,2776252,449.916,expert2_route,7029190656,4982
1790731207.3061721,2776252,450.94,expert2_route,7029190656,4982
1790731208.3267732,2776252,451.961,expert2_route,7029190656,4982
1790731209.3492637,2776252,452.983,expert2_route,7029190656,4982
1790731210.3689709,2776252,454.003,expert2_route,7029190656,5002
1790731211.3896732,2776252,455.024,expert2_route,7029190656,5002
1790731212.412342,2776252,456.046,expert2_route,6993014784,5002
1790731213.4338744,2776252,457.068,expert2_route,6993014784,5002
1790731214.4579082,2776252,458.092,expert2_route,6993014784,5002
1790731215.4814503,2776252,459.116,expert2_route,6993014784,5002
1790731216.503629,2776252,460.138,expert2_route,6993014784,5002
1790731217.5275412,2776252,461.162,expert2_route,6993014784,5002
1790731218.5514069,2776252,462.186,expert2_route,6993014784,5002
1790731219.5726256,2776252,463.207,expert2_route,6993014784,5002
1790731220.5993433,2776252,464.233,expert2_route,6993014784,5002
1790731221.6230218,2776252,465.257,expert2_route,6993014784,5002
1790731222.642324,2776252,466.276,expert2_route,6993014784,5002
1790731223.6643345,2776252,467.298,expert2_route,7005073408,5002
1790731224.687084,2776252,468.321,expert2_route,7005073408,5002
1790731225.7106085,2776252,469.345,expert2_route,7005073408,5002
1790731226.7335536,2776252,470.368,expert2_route,7005073408,5002
1790731227.7603357,2776252,471.394,expert2_route,7005073408,5002
1790731228.7832348,2776252,472.417,expert2_route,7005073408,5002
1790731229.8034422,2776252,473.438,expert2_route,7005073408,5002
1790731230.824976,2776252,474.459,expert2_route,7005073408,5002
1790731231.8484337,2776252,475.483,expert2_route,7005073408,5002
1790731232.8688452,2776252,476.503,expert2_route,7005073408,5002
1790731233.8911793,2776252,477.525,expert2_route,6981087232,5002
1790731234.914441,2776252,478.549,expert2_route,6981087232,5002
1790731235.9343202,2776252,479.568,expert2_route,6981087232,5002
1790731236.9582891,2776252,480.592,expert2_route,6981087232,5002
1790731237.981159,2776252,481.615,expert2_route,6981087232,5002
1790731239.0031357,2776252,482.637,expert2_route,6981087232,5002
1790731240.0262287,2776252,483.66,expert2_route,6981087232,5002
1790731241.0502226,2776252,484.684,expert2_route,6981087232,5002
1790731242.0756958,2776252,485.71,expert2_route,6981087232,5002
1790731243.0987735,2776252,486.733,expert2_route,6981087232,5002
1790731244.124247,2776252,487.758,expert2_route,6981087232,5002
1790731245.1497495,2776252,488.784,expert2_route,7029190656,5002
1790731246.1732373,2776252,489.807,expert2_route,7029190656,5002
1790731247.1958928,2776252,490.83,expert2_route,7029190656,5002
1790731248.2193422,2776252,491.853,expert2_route,7029190656,5002
1790731249.2369797,2776252,492.871,expert2_route,7029190656,5002
1790731250.2566667,2776252,493.891,expert2_route,7029190656,5002
1790731251.278706,2776252,494.913,expert2_route,7029190656,5002
1790731252.2996807,2776252,495.934,expert2_route,7029190656,5002
1790731253.323421,2776252,496.958,expert2_route,7029190656,5002
1790731254.345392,2776252,497.98,expert2_route,7029190656,5002
1790731255.3665326,2776252,499.001,expert2_route,7029190656,5002
1790731256.392432,2776252,500.027,expert2_route,6993014784,5002
1790731257.415161,2776252,501.049,expert2_route,6993014784,5002
1790731258.4342957,2776252,502.068,expert2_route,6993014784,5002
1790731259.4545596,2776252,503.089,expert2_route,6993014784,5002
1790731260.476089,2776252,504.11,expert2_route,6993014784,5002
1790731261.5007873,2776252,505.135,expert2_route,6993014784,5002
1790731262.5256858,2776252,506.16,expert2_route,6993014784,5002
1790731263.5504827,2776252,507.185,expert2_route,6993014784,5002
1790731264.5757883,2776252,508.21,expert2_route,6993014784,5002
1790731265.597982,2776252,509.232,expert2_route,6993014784,5002
1790731266.620736,2776252,510.255,expert2_route,6993014784,5002
1790731267.6400056,2776252,511.274,expert2_route,7005073408,5002
1790731268.6587217,2776252,512.293,expert2_route,7005073408,5002
1790731269.6784031,2776252,513.313,expert2_route,7005073408,5002
1790731270.7000637,2776252,514.334,expert2_route,7005073408,5002
1790731271.7209682,2776252,515.355,expert2_route,7005073408,5002
1790731272.7469008,2776252,516.381,expert2_route,7005073408,5002
1790731273.7711549,2776252,517.405,expert2_route,7005073408,5002
1790731274.7928002,2776252,518.427,expert2_route,7005073408,5002
1790731275.8174188,2776252,519.452,expert2_route,7005073408,5002
1790731276.8385904,2776252,520.473,expert2_route,7005073408,5002
1790731277.861283,2776252,521.495,expert2_route,7005073408,5002
1790731278.8818133,2776252,522.516,expert2_route,6981087232,5002
1790731279.9033277,2776252,523.537,expert2_route,6981087232,5002
1790731280.9266546,2776252,524.561,expert2_route,6981087232,5002
1790731281.9485798,2776252,525.583,expert2_route,6981087232,5002
1790731282.9725122,2776252,526.607,expert2_route,6981087232,5002
1790731283.9963298,2776252,527.63,expert2_route,6981087232,5002
1790731285.0183113,2776252,528.652,expert2_route,6981087232,5002
1790731286.0410876,2776252,529.675,expert2_route,6981087232,5002
1790731287.0599945,2776252,530.694,expert2_route,6981087232,5002
1790731288.084928,2776252,531.719,expert2_route,6981087232,5002
1790731289.1095946,2776252,532.744,expert2_route,6981087232,5002
1790731290.1358843,2776252,533.77,expert2_route,7029190656,5002
1790731291.1601603,2776252,534.794,expert2_route,7029190656,5002
1790731292.1815224,2776252,535.816,expert2_route,7029190656,5002
1790731293.2030256,2776252,536.837,expert2_route,7029190656,5002
1790731294.2261064,2776252,537.86,expert2_route,7029190656,5002
1790731295.2446976,2776252,538.879,expert2_route,7029190656,5002
1790731296.2642822,2776252,539.898,expert2_route,7029190656,5002
1790731297.2853851,2776252,540.92,expert2_route,7029190656,5002
1790731298.309755,2776252,541.944,expert2_route,7029190656,5002
1790731299.3337321,2776252,542.968,expert2_route,7029190656,5002
1790731300.3565762,2776252,543.991,expert2_route,7029190656,5002
1790731301.375985,2776252,545.01,expert2_route,6993014784,5002
1790731302.3968165,2776252,546.031,expert2_route,6993014784,5002
1790731303.4183884,2776252,547.053,expert2_route,6993014784,5002
1790731304.439876,2776252,548.074,expert2_route,6993014784,5002
1790731305.46484,2776252,549.099,expert2_route,6993014784,5002
1790731306.4875677,2776252,550.122,expert2_route,6993014784,5002
1790731307.5115566,2776252,551.146,expert2_route,6993014784,5002
1790731308.5355966,2776252,552.17,expert2_route,6993014784,5002
1790731309.5569918,2776252,553.191,expert2_route,6993014784,5002
1790731310.5782473,2776252,554.212,expert2_route,6993014784,5002
1790731311.601946,2776252,555.236,expert2_route,7005073408,5002
1790731312.622213,2776252,556.256,expert2_route,7005073408,5002
1790731313.646716,2776252,557.281,expert2_route,7005073408,5002
1790731314.667768,2776252,558.302,expert2_route,7005073408,5002
1790731315.6901925,2776252,559.324,expert2_route,7005073408,5002
1790731316.7093189,2776252,560.343,expert2_route,7005073408,5002
1790731317.7288606,2776252,561.363,expert2_route,7005073408,5002
1790731318.750564,2776252,562.385,expert2_route,7005073408,5002
1790731319.7733974,2776252,563.408,expert2_route,7005073408,5002
1790731320.7981813,2776252,564.432,expert2_route,7005073408,5002
1790731321.8218713,2776252,565.456,expert2_route,7005073408,5002
1790731322.8440173,2776252,566.478,expert2_route,6981087232,5002
1790731323.8689022,2776252,567.503,expert2_route,6981087232,5002
1790731324.8939428,2776252,568.528,expert2_route,6981087232,5002
1790731325.9174905,2776252,569.552,expert2_route,6981087232,5002
1790731326.9426644,2776252,570.577,expert2_route,6981087232,5002
1790731327.9668076,2776252,571.601,expert2_route,6981087232,5002
1790731328.9921932,2776252,572.626,expert2_route,6981087232,5002
1790731330.0182374,2776252,573.652,expert2_route,6981087232,5002
1790731331.0430844,2776252,574.677,expert2_route,6981087232,5002
1790731332.068454,2776252,575.703,expert2_route,6981087232,5002
1790731333.0923648,2776252,576.727,expert2_route,6981087232,5002
1790731334.1178005,2776252,577.752,expert2_route,7029190656,5002
1790731335.145996,2776252,578.78,expert2_route,7029190656,5002
1790731336.1730003,2776252,579.807,expert2_route,7029190656,5002
1790731337.1969337,2776252,580.831,expert2_route,7029190656,5002
1790731338.2173874,2776252,581.852,expert2_route,7029190656,5002
1790731339.2438288,2776252,582.878,expert2_route,7029190656,5002
1790731340.2668643,2776252,583.901,expert2_route,7029190656,5002
1790731341.2885334,2776252,584.923,expert2_route,7029190656,5002
1790731342.3148842,2776252,585.949,expert2_route,7029190656,5002
1790731343.3368695,2776252,586.971,expert2_route,7029190656,5002
1790731344.3647442,2776252,587.999,expert2_route,7029190656,5002
1790731345.394001,2776252,589.028,expert2_route,6993014784,5002
1790731346.417807,2776252,590.052,expert2_route,6993014784,5002
1790731347.4442897,2776252,591.078,expert2_route,6993014784,5002
1790731348.4625058,2776252,592.097,expert2_route,6993014784,5002
1790731349.4826863,2776252,593.117,expert2_route,6993014784,5002
1790731350.504676,2776252,594.139,expert2_route,6993014784,5002
1790731351.5272076,2776252,595.161,expert2_route,6993014784,5002
1790731352.5493217,2776252,596.183,expert2_route,6993014784,5002
1790731353.5745778,2776252,597.209,expert2_route,6993014784,5002
1790731354.5974643,2776252,598.232,expert2_route,6993014784,5002
1790731355.6248755,2776252,599.259,expert2_route,6993014784,5002
1790731356.653878,2776252,600.288,expert2_route,6993014784,5002
1790731357.679152,2776252,601.313,expert2_route,6993014784,5002
1790731358.7058733,2776252,602.34,expert2_route,6993014784,5002
1790731359.732712,2776252,603.367,expert2_route,6993014784,5002
1790731360.759744,2776252,604.394,expert2_route,6993014784,5002
1790731361.7855866,2776252,605.42,expert2_route,6993014784,5002
1790731362.8102582,2776252,606.444,expert2_route,6993014784,5002
1790731363.835923,2776252,607.47,expert2_route,6993014784,5002
1790731364.859152,2776252,608.493,expert2_route,6993014784,5002
1790731365.886112,2776252,609.52,expert2_route,6993014784,5002
1790731366.911585,2776252,610.546,expert2_route,6993014784,5002
1790731367.9379642,2776252,611.572,expert2_route,6993014784,5002
1790731368.9622955,2776252,612.596,expert2_route,6993014784,5002
1790731369.9873476,2776252,613.621,expert2_route,6993014784,5002
1790731371.0223875,2776252,614.657,expert2_route,6993014784,5002
1790731372.0464938,2776252,615.681,expert2_route,6993014784,5002
1790731373.06922,2776252,616.703,expert2_route,6993014784,5002
1790731374.0883522,2776252,617.722,expert2_route,6993014784,5002
1790731375.1091833,2776252,618.743,expert2_route,6993014784,5002
1790731376.132247,2776252,619.766,expert2_route,6993014784,5002
1790731377.153045,2776252,620.787,expert2_route,6993014784,5002
1790731378.174501,2776252,621.809,expert2_route,6993014784,5002
1790731379.198578,2776252,622.833,expert2_route,6993014784,5002
1790731380.222447,2776252,623.857,expert2_route,6993014784,5002
1790731381.2468839,2776252,624.881,expert2_route,6993014784,5002
1790731382.2702978,2776252,625.904,expert2_route,6993014784,5002
1790731383.294331,2776252,626.928,expert2_route,6993014784,5002
1790731384.3185794,2776252,627.953,expert2_route,6993014784,5002
1790731385.343009,2776252,628.977,expert2_route,6993014784,5002
1790731386.367177,2776252,630.001,expert2_cal,6965907456,5002
1790731387.3921235,2776252,631.026,expert2_cal,6965907456,5002
1790731388.4163182,2776252,632.05,expert2_cal,6965907456,5002
1790731389.4374025,2776252,633.072,expert2_cal,6965907456,5002
1790731390.4609616,2776252,634.095,expert2_cal,6965907456,5002
1790731391.4835632,2776252,635.118,expert2_cal,6965907456,5002
1790731392.5084696,2776252,636.143,expert2_cal,6965907456,5002
1790731393.5294192,2776252,637.164,expert2_cal,6965907456,5002
1790731394.5535207,2776252,638.188,expert2_cal,6965907456,5002
1790731395.5778542,2776252,639.212,expert2_cal,6965907456,5002
1790731396.6000452,2776252,640.234,expert2_cal,6965907456,5002
1790731397.6207778,2776252,641.255,expert2_cal,6941921280,5002
1790731398.639732,2776252,642.274,expert2_cal,6941921280,5002
1790731399.6609926,2776252,643.295,expert2_cal,6941921280,5002
1790731400.6855836,2776252,644.32,expert2_cal,6941921280,5002
1790731401.7096016,2776252,645.344,expert2_cal,6941921280,5002
1790731402.7369475,2776252,646.371,expert2_cal,6941921280,5002
1790731403.7587464,2776252,647.393,expert2_cal,6941921280,5002
1790731404.7793944,2776252,648.414,expert2_cal,6941921280,5002
1790731405.801661,2776252,649.436,expert2_cal,6941921280,5002
1790731406.8256989,2776252,650.46,expert2_cal,6941921280,5002
1790731407.8493204,2776252,651.483,expert2_cal,6941921280,5002
1790731408.8702576,2776252,652.504,expert2_cal,6990024704,5002
1790731409.8943148,2776252,653.528,expert2_cal,6990024704,5002
1790731410.918526,2776252,654.553,expert2_cal,6990024704,5002
1790731411.942557,2776252,655.577,expert2_cal,6990024704,5002
1790731412.9654105,2776252,656.6,expert2_cal,6990024704,5002
1790731413.990798,2776252,657.625,expert2_cal,6990024704,5002
1790731415.01333,2776252,658.647,expert2_cal,6990024704,5002
1790731416.0355349,2776252,659.67,expert2_cal,6990024704,5002
1790731417.0595179,2776252,660.694,expert2_cal,6990024704,5002
1790731418.0839474,2776252,661.718,expert2_cal,6990024704,5002
1790731419.1458151,2776252,662.78,expert2_cal,6953848832,5002
1790731420.1644487,2776252,663.799,expert2_cal,6953848832,5002
1790731421.1858127,2776252,664.82,expert2_cal,6953848832,5002
1790731422.207204,2776252,665.841,expert2_cal,6953848832,5002
1790731423.2273617,2776252,666.862,expert2_cal,6953848832,5002
1790731424.2458293,2776252,667.88,expert2_cal,6953848832,5002
1790731425.2646577,2776252,668.899,expert2_cal,6953848832,5002
1790731426.2835846,2776252,669.918,expert2_cal,6953848832,5002
1790731427.3044565,2776252,670.939,expert2_cal,6953848832,5002
1790731428.3247921,2776252,671.959,expert2_cal,6953848832,5002
1790731429.34462,2776252,672.979,expert2_cal,6953848832,5002
1790731430.366473,2776252,674.001,expert2_cal,6965907456,5002
1790731431.390574,2776252,675.025,expert2_cal,6965907456,5002
1790731432.4142487,2776252,676.048,expert2_cal,6965907456,5002
1790731433.4370267,2776252,677.071,expert2_cal,6965907456,5002
1790731434.4570363,2776252,678.091,expert2_cal,6965907456,5002
1790731435.480538,2776252,679.115,expert2_cal,6965907456,5002
1790731436.5020912,2776252,680.136,expert2_cal,6965907456,5002
1790731437.5216098,2776252,681.156,expert2_cal,6965907456,5002
1790731438.5429642,2776252,682.177,expert2_cal,6965907456,5002
1790731439.5657449,2776252,683.2,expert2_cal,6965907456,5002
1790731440.5920196,2776252,684.226,expert2_cal,6965907456,5002
1790731441.6198907,2776252,685.254,expert2_cal,6941921280,5002
1790731442.643389,2776252,686.278,expert2_cal,6941921280,5002
1790731443.6701803,2776252,687.304,expert2_cal,6941921280,5002
1790731444.6971264,2776252,688.331,expert2_cal,6941921280,5002
1790731445.7276785,2776252,689.362,expert2_cal,6941921280,5002
1790731446.750726,2776252,690.385,expert2_cal,6941921280,5002
1790731447.773733,2776252,691.408,expert2_cal,6941921280,5002
1790731448.7944796,2776252,692.429,expert2_cal,6941921280,5002
1790731449.819055,2776252,693.453,expert2_cal,6941921280,5002
1790731450.8429317,2776252,694.477,expert2_cal,6941921280,5002
1790731451.864474,2776252,695.499,expert2_cal,6941921280,5002
1790731452.9219136,2776252,696.556,expert2_cal,6990024704,5002
1790731453.9435499,2776252,697.578,expert2_cal,6990024704,5002
1790731454.9662771,2776252,698.6,expert2_cal,6990024704,5002
1790731455.9894233,2776252,699.624,expert2_cal,6990024704,5002
1790731457.0124242,2776252,700.647,expert2_cal,6990024704,5002
1790731458.035721,2776252,701.67,expert2_cal,6990024704,5002
1790731459.0623314,2776252,702.696,expert2_cal,6990024704,5002
1790731460.085302,2776252,703.719,expert2_cal,6990024704,5002
1790731461.107117,2776252,704.741,expert2_cal,6990024704,5002
1790731462.1260076,2776252,705.76,expert2_cal,6990024704,5002
1790731463.1467028,2776252,706.781,expert2_cal,6990024704,5002
1790731464.1685677,2776252,707.803,expert2_cal,6953848832,5002
1790731465.191349,2776252,708.825,expert2_cal,6953848832,5002
1790731466.2151642,2776252,709.849,expert2_cal,6953848832,5002
1790731467.23941,2776252,710.874,expert2_cal,6953848832,5002
1790731468.261217,2776252,711.895,expert2_cal,6953848832,5002
1790731469.2833357,2776252,712.917,expert2_cal,6953848832,5002
1790731470.3036208,2776252,713.938,expert2_cal,6953848832,5002
1790731471.326191,2776252,714.96,expert2_cal,6953848832,5002
1790731472.3489687,2776252,715.983,expert2_cal,6953848832,5002
1790731473.373279,2776252,717.007,expert2_cal,6953848832,5002
1790731474.39384,2776252,718.028,expert2_cal,6953848832,5002
1790731475.4158654,2776252,719.05,expert2_cal,6953848832,5002
1790731476.4392796,2776252,720.073,expert2_cal,6953848832,5002
1790731477.4635446,2776252,721.098,expert2_cal,6953848832,5002
1790731478.487099,2776252,722.121,expert2_cal,6953848832,5002
1790731479.507779,2776252,723.142,expert2_cal,6953848832,5002
1790731480.5284746,2776252,724.163,expert2_cal,6953848832,5002
1790731481.551552,2776252,725.186,expert2_cal,6953848832,5002
1790731482.5760932,2776252,726.21,expert2_cal,6953848832,5002
1790731483.6002994,2776252,727.234,expert2_cal,6953848832,5002
1790731484.62682,2776252,728.261,expert2_cal,6960885760,5002
1790731485.650875,2776252,729.285,expert2_cal,6960885760,5002
1790731486.6758926,2776252,730.31,expert2_cal,6960885760,5002
1790731487.6997051,2776252,731.334,expert2_cal,6960885760,5002
1790731488.7233088,2776252,732.357,expert2_cal,6960885760,5002
1790731489.7455533,2776252,733.38,expert2_cal,6960885760,5002
1790731490.7653031,2776252,734.399,expert2_cal,6960885760,5002
1790731491.785576,2776252,735.42,expert2_cal,6960885760,5002
1790731492.8100436,2776252,736.444,expert2_cal,6960885760,5002
1790731493.837627,2776252,737.472,expert2_cal,6960885760,5002
1790731494.859164,2776252,738.493,expert2_cal,6960885760,5002
1790731495.8835785,2776252,739.518,expert2_cal,6960885760,5002
1790731496.9054196,2776252,740.54,expert2_cal,6960885760,5002
1790731497.9305925,2776252,741.565,expert2_cal,6960885760,5002
1790731498.9558198,2776252,742.59,expert2_cal,6960885760,5002
1790731499.9774857,2776252,743.612,expert2_cal,6960885760,5002
1790731501.0018907,2776252,744.636,expert2_cal,6960885760,5002
1790731502.0264807,2776252,745.661,expert2_cal,6960885760,5002
1790731503.0538266,2776252,746.688,expert2_cal,6960885760,5002
1790731504.0742588,2776252,747.708,expert2_cal,6960885760,5002
1790731505.097773,2776252,748.732,expert2_cal,6960885760,5002
1790731506.1201122,2776252,749.754,expert2_cal,6960885760,5002
1790731507.1391213,2776252,750.773,expert2_cal,6960885760,5002
1790731508.1633244,2776252,751.797,expert2_cal,6960885760,5002
1790731509.1890965,2776252,752.823,expert2_cal,6960885760,5002
1790731510.2132058,2776252,753.847,expert2_cal,6960885760,5002
1790731511.2377355,2776252,754.872,expert2_cal,6960885760,5002
1790731512.2611446,2776252,755.895,expert2_eval,7743426560,5002
1790731513.2835324,2776252,756.918,expert2_eval,7342809088,5002
1790731514.3091822,2776252,757.943,expert2_eval,7342809088,5002
1790731515.3341308,2776252,758.968,expert2_eval,7342809088,5002
1790731516.3596025,2776252,759.994,expert2_eval,7342809088,5002
1790731517.3826547,2776252,761.017,expert2_eval,7342809088,5002
1790731518.4110866,2776252,762.045,expert2_eval,7342809088,5002
1790731519.4294765,2776252,763.064,expert2_eval,7342809088,5002
1790731520.4532428,2776252,764.087,expert2_eval,7342809088,5002
1790731521.4778624,2776252,765.112,expert2_eval,7342809088,5002
1790731522.49972,2776252,766.134,expert2_eval,7342809088,5002
1790731523.522307,2776252,767.156,expert2_eval,7342809088,5002
1790731524.544599,2776252,768.179,expert2_eval,7415029760,5002
1790731525.5696902,2776252,769.204,expert2_eval,7415029760,5002
1790731526.5919755,2776252,770.226,expert2_eval,7415029760,5002
1790731527.6152322,2776252,771.249,expert2_eval,7415029760,5002
1790731528.6395166,2776252,772.274,expert2_eval,7415029760,5002
1790731529.6662104,2776252,773.3,expert2_eval,7415029760,5002
1790731530.685377,2776252,774.32,expert2_eval,7415029760,5002
1790731531.7085834,2776252,775.343,expert2_eval,7415029760,5002
1790731532.7327592,2776252,776.367,expert2_eval,7415029760,5002
1790731533.755547,2776252,777.39,expert2_eval,7415029760,5002
1790731534.7806056,2776252,778.415,expert2_eval,7415029760,5002
1790731535.801739,2776252,779.436,expert2_eval,7415029760,5002
1790731536.8196719,2776252,780.454,expert2_eval,7415029760,5002
1790731537.841263,2776252,781.475,expert2_eval,7415029760,5002
1790731538.8638773,2776252,782.498,expert2_eval,7415029760,5002
1790731539.8837783,2776252,783.518,expert2_eval,7415029760,5002
1790731540.903119,2776252,784.537,expert2_eval,7415029760,5002
1790731541.9239478,2776252,785.558,expert2_eval,7415029760,5002
1790731542.9432294,2776252,786.577,expert2_eval,7415029760,5002
1790731543.9634018,2776252,787.598,expert2_eval,7415029760,5002
1790731544.9840252,2776252,788.618,expert2_eval,7415029760,5002
1790731546.0046372,2776252,789.639,expert2_eval,7415029760,5002
1790731547.026157,2776252,790.66,expert2_eval,7415029760,5002
1790731548.0504062,2776252,791.685,expert2_eval,7415029760,5002
1790731549.0720222,2776252,792.706,expert2_eval,7415029760,5002
1790731550.0936148,2776252,793.728,expert2_eval,7415029760,5002
1790731551.1154966,2776252,794.75,expert2_eval,7415029760,5002
1790731552.1349344,2776252,795.769,expert2_eval,7415029760,5002
1790731553.1549592,2776252,796.789,expert2_eval,7415029760,5002
1790731554.1749032,2776252,797.809,expert2_eval,7415029760,5002
1790731555.1963265,2776252,798.83,expert2_eval,7415029760,5002
1790731556.2175882,2776252,799.852,expert2_eval,7415029760,5002
1790731557.2400005,2776252,800.874,expert2_eval,7342809088,5002
1790731558.2590928,2776252,801.893,expert2_eval,7342809088,5002
1790731559.279482,2776252,802.914,expert2_eval,7342809088,5002
1790731560.3005507,2776252,803.935,expert2_eval,7342809088,5002
1790731561.322723,2776252,804.957,expert2_eval,7342809088,5002
1790731562.3471453,2776252,805.981,expert2_eval,7342809088,5002
1790731563.3708377,2776252,807.005,expert2_eval,7342809088,5002
1790731564.3946915,2776252,808.029,expert2_eval,7342809088,5002
1790731565.4191365,2776252,809.053,expert2_eval,7342809088,5002
1790731566.4435017,2776252,810.078,expert2_eval,7342809088,5002
1790731567.4624436,2776252,811.097,expert2_eval,7342809088,5002
1790731568.4831414,2776252,812.117,expert2_eval,7415029760,5002
1790731569.502803,2776252,813.137,expert2_eval,7415029760,5002
1790731570.5237484,2776252,814.158,expert2_eval,7415029760,5002
1790731571.5477579,2776252,815.182,expert2_eval,7415029760,5002
1790731572.5690114,2776252,816.203,expert2_eval,7415029760,5002
1790731573.594385,2776252,817.229,expert2_eval,7415029760,5002
1790731574.6143992,2776252,818.249,expert2_eval,7415029760,5002
1790731575.6334288,2776252,819.268,expert2_eval,7415029760,5002
1790731576.654951,2776252,820.289,expert2_eval,7415029760,5002
1790731577.6736522,2776252,821.308,expert2_eval,7415029760,5002
1790731578.693544,2776252,822.328,expert2_eval,7415029760,5002
1790731579.7143533,2776252,823.348,expert2_eval,7415029760,5002
1790731580.7343829,2776252,824.369,expert2_eval,7415029760,5002
1790731581.755382,2776252,825.39,expert2_eval,7415029760,5002
1790731582.7769032,2776252,826.411,expert2_eval,7415029760,5002
1790731583.7997706,2776252,827.434,expert2_eval,7415029760,5002
1790731584.8209538,2776252,828.455,expert2_eval,7415029760,5002
1790731585.8428779,2776252,829.477,expert2_eval,7415029760,5002
1790731586.867834,2776252,830.502,expert2_eval,7415029760,5002
1790731587.8910294,2776252,831.525,expert2_eval,7415029760,5002
1790731588.9137967,2776252,832.548,expert2_eval,7415029760,5002
1790731589.9362867,2776252,833.57,expert2_eval,7415029760,5002
1790731590.9611385,2776252,834.595,expert2_eval,7415029760,5002
1790731591.98454,2776252,835.619,expert2_eval,7415029760,5002
1790731593.0096047,2776252,836.644,expert2_eval,7415029760,5002
1790731594.033032,2776252,837.667,expert2_eval,7415029760,5002
1790731595.0578713,2776252,838.692,expert2_eval,7415029760,5002
1790731596.0820014,2776252,839.716,expert2_eval,7415029760,5002
1790731597.105962,2776252,840.74,expert2_eval,7415029760,5002
1790731598.1317558,2776252,841.766,expert2_eval,7415029760,5002
1790731599.1537526,2776252,842.788,expert2_eval,7415029760,5002
1790731600.1772864,2776252,843.811,expert2_eval,7415029760,5002
1790731601.197202,2776252,844.831,expert2_eval,7415029760,5002
1790731602.2164187,2776252,845.851,expert2_eval,7342809088,5002
1790731603.236761,2776252,846.871,expert2_eval,7342809088,5002
1790731604.2554,2776252,847.89,expert2_eval,7342809088,5002
1790731605.2749212,2776252,848.909,expert2_eval,7342809088,5002
1790731606.2943027,2776252,849.928,expert2_eval,7342809088,5002
1790731607.317862,2776252,850.952,expert2_eval,7342809088,5002
1790731608.3400707,2776252,851.974,expert2_eval,7342809088,5002
1790731609.3628306,2776252,852.997,expert2_eval,7342809088,5002
1790731610.3859663,2776252,854.02,expert2_eval,7342809088,5002
1790731611.411184,2776252,855.045,expert2_eval,7342809088,5002
1790731612.4325376,2776252,856.067,expert2_eval,7342809088,5002
1790731613.4540582,2776252,857.088,expert2_eval,7415029760,5002
1790731614.479217,2776252,858.113,expert2_eval,7415029760,5002
1790731615.4995785,2776252,859.134,expert2_eval,7415029760,5002
1790731616.5246134,2776252,860.159,expert2_eval,7415029760,5002
1790731617.549624,2776252,861.184,expert2_eval,7415029760,5002
1790731618.577253,2776252,862.211,expert2_eval,7415029760,5002
1790731619.6031404,2776252,863.237,expert2_eval,7415029760,5002
1790731620.6279411,2776252,864.262,expert2_eval,7415029760,5002
1790731621.6495342,2776252,865.284,expert2_eval,7415029760,5002
1790731622.6748755,2776252,866.309,expert2_eval,7415029760,5002
1790731623.71387,2776252,867.348,expert2_eval,7415029760,5002
1790731624.7358088,2776252,868.37,expert2_eval,7415029760,5002
1790731625.7569926,2776252,869.391,expert2_eval,7415029760,5002
1790731626.7789364,2776252,870.413,expert2_eval,7415029760,5002
1790731627.8023083,2776252,871.436,expert2_eval,7415029760,5002
1790731628.8274987,2776252,872.462,expert2_eval,7415029760,5002
1790731629.8508093,2776252,873.485,expert2_eval,7415029760,5002
1790731630.8707476,2776252,874.505,expert2_eval,7415029760,5002
1790731631.8896463,2776252,875.524,expert2_eval,7415029760,5002
1790731632.909409,2776252,876.544,expert2_eval,7415029760,5002
1790731633.9305923,2776252,877.565,expert2_eval,7415029760,5002
1790731634.9549565,2776252,878.589,expert2_eval,7415029760,5002
1790731635.9788587,2776252,879.613,expert2_eval,7415029760,5002
1790731637.0037768,2776252,880.638,expert2_eval,7415029760,5002
1790731638.0260353,2776252,881.66,expert2_eval,7415029760,5002
1790731639.0473323,2776252,882.681,expert2_eval,7415029760,5002
1790731640.0739238,2776252,883.708,expert2_eval,7415029760,5002
1790731641.0944195,2776252,884.729,expert2_eval,7415029760,5002
1790731642.1156774,2776252,885.75,expert2_eval,7415029760,5002
1790731643.140915,2776252,886.775,expert2_eval,7415029760,5002
1790731644.162344,2776252,887.796,expert2_eval,7415029760,5002
1790731645.1819205,2776252,888.816,expert2_eval,7415029760,5002
1790731646.2053683,2776252,889.84,expert2_eval,7342809088,5002
1790731647.226675,2776252,890.861,expert2_eval,7342809088,5002
1790731648.2512054,2776252,891.885,expert2_eval,7342809088,5002
1790731649.275959,2776252,892.91,expert2_eval,7342809088,5002
1790731650.2979605,2776252,893.932,expert2_eval,7342809088,5002
1790731651.3222735,2776252,894.956,expert2_eval,7342809088,5002
1790731652.3461123,2776252,895.98,expert2_eval,7342809088,5002
1790731653.3657134,2776252,897.0,expert2_eval,7342809088,5002
1790731654.3864799,2776252,898.021,expert2_eval,7342809088,5002
1790731655.4110534,2776252,899.045,expert2_eval,7342809088,5002
1790731656.4339037,2776252,900.068,expert2_eval,7342809088,5002
1790731657.4555917,2776252,901.09,expert2_eval,7415029760,5002
1790731658.477147,2776252,902.111,expert2_eval,7415029760,5002
1790731659.4977238,2776252,903.132,expert2_eval,7415029760,5002
1790731660.5190043,2776252,904.153,expert2_eval,7415029760,5002
1790731661.5421803,2776252,905.176,expert2_eval,7415029760,5002
1790731662.5627334,2776252,906.197,expert2_eval,7415029760,5002
1790731663.5833905,2776252,907.218,expert2_eval,7415029760,5002
1790731664.603477,2776252,908.238,expert2_eval,7415029760,5002
1790731665.6229131,2776252,909.257,expert2_eval,7415029760,5002
1790731666.6447675,2776252,910.279,expert2_eval,7415029760,5002
1790731667.6633136,2776252,911.297,expert2_eval,7415029760,5002
1790731668.6835568,2776252,912.318,expert2_eval,7415029760,5002
1790731669.7131312,2776252,913.347,expert2_eval,7415029760,5002
1790731670.7343097,2776252,914.368,expert2_eval,7415029760,5002
1790731671.7533035,2776252,915.387,expert2_eval,7415029760,5002
1790731672.7732694,2776252,916.407,expert2_eval,7415029760,5002
1790731673.7962897,2776252,917.43,expert2_eval,7415029760,5002
1790731674.8175266,2776252,918.452,expert2_eval,7415029760,5002
1790731675.84197,2776252,919.476,expert2_eval,7415029760,5002
1790731676.8666809,2776252,920.501,expert2_eval,7415029760,5002
1790731677.8883574,2776252,921.522,expert2_eval,7415029760,5002
1790731678.9127202,2776252,922.547,expert2_eval,7415029760,5002
1790731679.9380078,2776252,923.572,expert2_eval,7415029760,5002
1790731680.9632938,2776252,924.597,expert2_eval,7415029760,5002
1790731681.9848073,2776252,925.619,expert2_eval,7415029760,5002
1790731683.0103385,2776252,926.644,expert2_eval,7415029760,5002
1790731684.0353692,2776252,927.67,expert2_eval,7415029760,5002
1790731685.059591,2776252,928.694,expert2_eval,7415029760,5002
1790731686.084916,2776252,929.719,expert2_eval,7415029760,5002
1790731687.1056912,2776252,930.74,expert2_eval,7415029760,5002
1790731688.1297674,2776252,931.764,expert2_eval,7415029760,5002
1790731689.1552567,2776252,932.789,expert2_eval,7415029760,5002
1790731690.215903,2776252,933.85,expert2_eval,7342809088,5002
1790731691.242742,2776252,934.877,expert2_eval,7342809088,5002
1790731692.2700062,2776252,935.904,expert2_eval,7342809088,5002
1790731693.2950475,2776252,936.929,expert2_eval,7342809088,5002
1790731694.3183439,2776252,937.952,expert2_eval,7342809088,5002
1790731695.3412158,2776252,938.975,expert2_eval,7342809088,5002
1790731696.364838,2776252,939.999,expert2_eval,7342809088,5002
1790731697.3904984,2776252,941.025,expert2_eval,7342809088,5002
1790731698.4173214,2776252,942.051,expert2_eval,7342809088,5002
1790731699.4436326,2776252,943.078,expert2_eval,7342809088,5002
1790731700.4675431,2776252,944.102,expert2_eval,7342809088,5002
1790731701.490203,2776252,945.124,expert2_eval,7415029760,5002
1790731702.5167077,2776252,946.151,expert2_eval,7415029760,5002
1790731703.5488,2776252,947.183,expert2_eval,7415029760,5002
1790731704.5713434,2776252,948.205,expert2_eval,7415029760,5002
1790731705.592518,2776252,949.227,expert2_eval,7415029760,5002
1790731706.6179602,2776252,950.252,expert2_eval,7415029760,5002
1790731707.6395001,2776252,951.274,expert2_eval,7415029760,5002
1790731708.664327,2776252,952.298,expert2_eval,7415029760,5002
1790731709.6876016,2776252,953.322,expert2_eval,7415029760,5002
1790731710.7109485,2776252,954.345,expert2_eval,7415029760,5002
1790731711.7356691,2776252,955.37,expert2_eval,7415029760,5002
1790731712.7620485,2776252,956.396,expert2_eval,7415029760,5002
1790731713.7834425,2776252,957.418,expert2_eval,7415029760,5002
1790731714.804863,2776252,958.439,expert2_eval,7415029760,5002
1790731715.8265367,2776252,959.461,expert2_eval,7415029760,5002
1790731716.849763,2776252,960.484,expert2_eval,7415029760,5002
1790731717.8738766,2776252,961.508,expert2_eval,7415029760,5002
1790731718.8953447,2776252,962.529,expert2_eval,7415029760,5002
1790731719.917193,2776252,963.551,expert2_eval,7415029760,5002
1790731720.9384909,2776252,964.573,expert2_eval,7415029760,5002
1790731721.9595456,2776252,965.594,expert2_eval,7415029760,5002
1790731722.983958,2776252,966.618,expert2_eval,7415029760,5002
1790731724.007731,2776252,967.642,expert2_eval,7415029760,5002
1790731725.0338366,2776252,968.668,expert2_eval,7415029760,5002
1790731726.0536265,2776252,969.688,expert2_eval,7415029760,5002
1790731727.0758188,2776252,970.71,expert2_eval,7415029760,5002
1790731728.0978715,2776252,971.732,expert2_eval,7415029760,5002
1790731729.1224897,2776252,972.757,expert2_eval,7415029760,5002
1790731730.1468515,2776252,973.781,expert2_eval,7415029760,5002
1790731731.1683817,2776252,974.803,expert2_eval,7415029760,5002
1790731732.1895554,2776252,975.824,expert2_eval,7415029760,5002
1790731733.2103918,2776252,976.845,expert2_eval,7415029760,5002
1790731734.22962,2776252,977.864,expert2_eval,7415029760,5002
1790731735.251983,2776252,978.886,expert2_eval,7342809088,5002
1790731736.2731223,2776252,979.907,expert2_eval,7342809088,5002
1790731737.2954803,2776252,980.93,expert2_eval,7342809088,5002
1790731738.3193367,2776252,981.953,expert2_eval,7342809088,5002
1790731739.3460367,2776252,982.98,expert2_eval,7342809088,5002
1790731740.3678374,2776252,984.002,expert2_eval,7342809088,5002
1790731741.389053,2776252,985.023,expert2_eval,7342809088,5002
1790731742.4198868,2776252,986.054,expert2_eval,7342809088,5002
1790731743.4431677,2776252,987.077,expert2_eval,7342809088,5002
1790731744.4711053,2776252,988.105,expert2_eval,7342809088,5002
1790731745.4965081,2776252,989.131,expert2_eval,7342809088,5002
1790731746.5197625,2776252,990.154,expert2_eval,7415029760,5002
1790731747.5401742,2776252,991.174,expert2_eval,7415029760,5002
1790731748.5606875,2776252,992.195,expert2_eval,7415029760,5002
1790731749.5820322,2776252,993.216,expert2_eval,7415029760,5002
1790731750.6050093,2776252,994.239,expert2_eval,7415029760,5002
1790731751.6332393,2776252,995.267,expert2_eval,7415029760,5002
1790731752.6623209,2776252,996.296,expert2_eval,7415029760,5002
1790731753.6878529,2776252,997.322,expert2_eval,7415029760,5002
1790731754.7080898,2776252,998.342,expert2_eval,7415029760,5002
1790731755.7295413,2776252,999.364,expert2_eval,7415029760,5002
1790731756.7496786,2776252,1000.384,expert2_eval,7415029760,5002
1790731757.7725675,2776252,1001.407,expert2_eval,7415029760,5002
1790731758.799443,2776252,1002.434,expert2_eval,7415029760,5002
1790731759.8245203,2776252,1003.459,expert2_eval,7415029760,5002
1790731760.8495827,2776252,1004.484,expert2_eval,7415029760,5002
1790731761.8773255,2776252,1005.511,expert2_eval,7415029760,5002
1790731762.907805,2776252,1006.542,expert2_eval,7415029760,5002
1790731763.931798,2776252,1007.566,expert2_eval,7415029760,5002
1790731764.9550805,2776252,1008.589,expert2_eval,7415029760,5002
1790731765.981395,2776252,1009.616,expert2_eval,7415029760,5002
1790731767.0003262,2776252,1010.634,expert2_eval,7415029760,5002
1790731768.028924,2776252,1011.663,expert2_eval,7415029760,5002
1790731769.0510643,2776252,1012.685,expert2_eval,7415029760,5002
1790731770.076835,2776252,1013.711,expert2_eval,7415029760,5002
1790731771.1072276,2776252,1014.741,expert2_eval,7415029760,5002
1790731772.1344855,2776252,1015.769,expert2_eval,7415029760,5002
1790731773.1634896,2776252,1016.798,expert2_eval,7415029760,5002
1790731774.1886952,2776252,1017.823,expert2_eval,7415029760,5002
1790731775.209413,2776252,1018.844,expert2_eval,7415029760,5002
1790731776.2327905,2776252,1019.867,expert2_eval,7415029760,5002
1790731777.2570736,2776252,1020.891,expert2_eval,7415029760,5002
1790731778.280066,2776252,1021.914,expert2_eval,7415029760,5002
1790731779.3025753,2776252,1022.937,expert2_eval,7342809088,5002
1790731780.3267248,2776252,1023.961,expert2_eval,7342809088,5002
1790731781.3491702,2776252,1024.983,expert2_eval,7342809088,5002
1790731782.373106,2776252,1026.007,expert2_eval,7342809088,5002
1790731783.3963797,2776252,1027.031,expert2_eval,7342809088,5002
1790731784.4202676,2776252,1028.054,expert2_eval,7342809088,5002
1790731785.44184,2776252,1029.076,expert2_eval,7342809088,5002
1790731786.4634314,2776252,1030.098,expert2_eval,7342809088,5002
1790731787.4885585,2776252,1031.123,expert2_eval,7342809088,5002
1790731788.5105715,2776252,1032.145,expert2_eval,7342809088,5002
1790731789.5330021,2776252,1033.167,expert2_eval,7342809088,5002
1790731790.5574481,2776252,1034.192,expert2_eval,7415029760,5002
1790731791.580393,2776252,1035.215,expert2_eval,7415029760,5002
1790731792.6054282,2776252,1036.24,expert2_eval,7415029760,5002
1790731793.6282775,2776252,1037.262,expert2_eval,7415029760,5002
1790731794.6526089,2776252,1038.287,expert2_eval,7415029760,5002
1790731795.6762695,2776252,1039.31,expert2_eval,7415029760,5002
1790731796.7001326,2776252,1040.334,expert2_eval,7415029760,5002
1790731797.7198262,2776252,1041.354,expert2_eval,7415029760,5002
1790731798.7395601,2776252,1042.374,expert2_eval,7415029760,5002
1790731799.7622175,2776252,1043.396,expert2_eval,7415029760,5002
1790731800.7862964,2776252,1044.42,expert2_eval,7415029760,5002
1790731801.8079932,2776252,1045.442,expert2_eval,7415029760,5002
1790731802.8320475,2776252,1046.466,expert2_eval,7415029760,5002
1790731803.8564386,2776252,1047.491,expert2_eval,7415029760,5002
1790731804.8812044,2776252,1048.515,expert2_eval,7415029760,5002
1790731805.9033177,2776252,1049.537,expert2_eval,7415029760,5002
1790731806.923233,2776252,1050.557,expert2_eval,7415029760,5002
1790731807.941764,2776252,1051.576,expert2_eval,7415029760,5002
1790731808.962341,2776252,1052.596,expert2_eval,7415029760,5002
1790731809.9828568,2776252,1053.617,expert2_eval,7415029760,5002
1790731811.0048144,2776252,1054.639,expert2_eval,7415029760,5002
1790731812.0268152,2776252,1055.661,expert2_eval,7415029760,5002
1790731813.0513678,2776252,1056.686,expert2_eval,7415029760,5002
1790731814.0735497,2776252,1057.708,expert2_eval,7415029760,5002
1790731815.092492,2776252,1058.727,expert2_eval,7415029760,5002
1790731816.1132216,2776252,1059.747,expert2_eval,7415029760,5002
1790731817.1343663,2776252,1060.769,expert2_eval,7415029760,5002
1790731818.1582642,2776252,1061.792,expert2_eval,7415029760,5002
1790731819.177709,2776252,1062.812,expert2_eval,7415029760,5002
1790731820.196933,2776252,1063.831,expert2_eval,7415029760,5002
1790731821.2176864,2776252,1064.852,expert2_eval,7415029760,5002
1790731822.2356281,2776252,1065.87,expert2_eval,7415029760,5002
1790731823.2551332,2776252,1066.889,expert2_eval,7415029760,5002
1790731824.2757728,2776252,1067.91,expert2_eval,7342809088,5002
1790731825.3006668,2776252,1068.935,expert2_eval,7342809088,5002
1790731826.325318,2776252,1069.959,expert2_eval,7342809088,5002
1790731827.3507652,2776252,1070.985,expert2_eval,7342809088,5002
1790731828.3750715,2776252,1072.009,expert2_eval,7342809088,5002
1790731829.4008586,2776252,1073.035,expert2_eval,7342809088,5002
1790731830.4235547,2776252,1074.058,expert2_eval,7342809088,5002
1790731831.448951,2776252,1075.083,expert2_eval,7342809088,5002
1790731832.4696753,2776252,1076.104,expert2_eval,7342809088,5002
1790731833.4920318,2776252,1077.126,expert2_eval,7342809088,5002
1790731834.515238,2776252,1078.149,expert2_eval,7342809088,5002
1790731835.5363955,2776252,1079.171,expert2_eval,7415029760,5002
1790731836.5619774,2776252,1080.196,expert2_eval,7415029760,5002
1790731837.5853925,2776252,1081.22,expert2_eval,7415029760,5002
1790731838.6073053,2776252,1082.241,expert2_eval,7415029760,5002
1790731839.6314638,2776252,1083.266,expert2_eval,7415029760,5002
1790731840.6592553,2776252,1084.293,expert2_eval,7415029760,5002
1790731841.6832807,2776252,1085.317,expert2_eval,7415029760,5002
1790731842.7057152,2776252,1086.34,expert2_eval,7415029760,5002
1790731843.7313914,2776252,1087.366,expert2_eval,7415029760,5002
1790731844.751111,2776252,1088.385,expert2_eval,7415029760,5002
1790731845.770721,2776252,1089.405,expert2_eval,7415029760,5002
1790731846.7921631,2776252,1090.426,expert2_eval,7415029760,5002
1790731847.8163607,2776252,1091.45,expert2_eval,7415029760,5002
1790731848.8420098,2776252,1092.476,expert2_eval,7415029760,5002
1790731849.8670537,2776252,1093.501,expert2_eval,7415029760,5002
1790731850.8922694,2776252,1094.526,expert2_eval,7415029760,5002
1790731851.9199862,2776252,1095.554,expert2_eval,7415029760,5002
1790731852.949006,2776252,1096.583,expert2_eval,7415029760,5002
1790731853.977088,2776252,1097.611,expert2_eval,7415029760,5002
1790731855.0012884,2776252,1098.635,expert2_eval,7415029760,5002
1790731856.028163,2776252,1099.662,expert2_eval,7415029760,5002
1790731857.0545971,2776252,1100.689,expert2_eval,7415029760,5002
1790731858.0817907,2776252,1101.716,expert2_eval,7415029760,5002
1790731859.1044486,2776252,1102.739,expert2_eval,7415029760,5002
1790731860.1307356,2776252,1103.765,expert2_eval,7415029760,5002
1790731861.1531415,2776252,1104.787,expert2_eval,7415029760,5002
1790731862.1765108,2776252,1105.811,expert2_eval,7415029760,5002
1790731863.2071102,2776252,1106.841,expert2_eval,7415029760,5002
1790731864.2278404,2776252,1107.862,expert2_eval,7415029760,5002
1790731865.2491875,2776252,1108.883,expert2_eval,7415029760,5002
1790731866.2721272,2776252,1109.906,expert2_eval,7415029760,5002
1790731867.295778,2776252,1110.93,expert2_eval,7415029760,5002
1790731868.3189025,2776252,1111.953,expert2_eval,7342809088,5002
1790731869.340852,2776252,1112.975,expert2_eval,7342809088,5002
1790731870.3651736,2776252,1113.999,expert2_eval,7342809088,5002
1790731871.3892415,2776252,1115.023,expert2_eval,7342809088,5002
1790731872.4155657,2776252,1116.05,expert2_eval,7342809088,5002
1790731873.4418242,2776252,1117.076,expert2_eval,7342809088,5002
1790731874.466989,2776252,1118.101,expert2_eval,7342809088,5002
1790731875.4909887,2776252,1119.125,expert2_eval,7342809088,5002
1790731876.5144718,2776252,1120.149,expert2_eval,7342809088,5002
1790731877.5378504,2776252,1121.172,expert2_eval,7342809088,5002
1790731878.5607414,2776252,1122.195,expert2_eval,7342809088,5002
1790731879.5881355,2776252,1123.222,expert2_eval,7415029760,5002
1790731880.6107347,2776252,1124.245,expert2_eval,7415029760,5002
1790731881.6320999,2776252,1125.266,expert2_eval,7415029760,5002
1790731882.6566813,2776252,1126.291,expert2_eval,7415029760,5002
1790731883.678424,2776252,1127.313,expert2_eval,7415029760,5002
1790731884.7037294,2776252,1128.338,expert2_eval,7415029760,5002
1790731885.726919,2776252,1129.361,expert2_eval,7415029760,5002
1790731886.7503626,2776252,1130.385,expert2_eval,7415029760,5002
1790731887.771731,2776252,1131.406,expert2_eval,7415029760,5002
1790731888.7930121,2776252,1132.427,expert2_eval,7415029760,5002
1790731889.8187068,2776252,1133.453,expert2_eval,7415029760,5002
1790731890.8429356,2776252,1134.477,expert2_eval,7415029760,5002
1790731891.8675191,2776252,1135.502,expert2_eval,7415029760,5002
1790731892.893876,2776252,1136.528,expert2_eval,7415029760,5002
1790731893.9163036,2776252,1137.55,expert2_eval,7415029760,5002
1790731894.9447415,2776252,1138.579,expert2_eval,7415029760,5002
1790731895.97368,2776252,1139.608,expert2_eval,7415029760,5002
1790731896.9982932,2776252,1140.632,expert2_eval,7415029760,5002
1790731898.0219781,2776252,1141.656,expert2_eval,7415029760,5002
1790731899.0465233,2776252,1142.681,expert2_eval,7415029760,5002
1790731900.0711396,2776252,1143.705,expert2_eval,7415029760,5002
1790731901.0942624,2776252,1144.728,expert2_eval,7415029760,5002
1790731902.117284,2776252,1145.751,expert2_eval,7415029760,5002
1790731903.1395407,2776252,1146.774,expert2_eval,7415029760,5002
1790731904.1601532,2776252,1147.794,expert2_eval,7415029760,5002
1790731905.1858256,2776252,1148.82,expert2_eval,7415029760,5002
1790731906.2087843,2776252,1149.843,expert2_eval,7415029760,5002
1790731907.232703,2776252,1150.867,expert2_eval,7415029760,5002
1790731908.2554407,2776252,1151.89,expert2_eval,7415029760,5002
1790731909.2808805,2776252,1152.915,expert2_eval,7415029760,5002
1790731910.305075,2776252,1153.939,expert2_eval,7415029760,5002
1790731911.3302367,2776252,1154.964,expert2_eval,7415029760,5002
1790731912.3563142,2776252,1155.99,expert2_eval,7357620224,5002
1790731913.3803623,2776252,1157.015,expert2_eval,7357620224,5002
1790731914.4049976,2776252,1158.039,expert2_eval,7357620224,5002
1790731915.428087,2776252,1159.062,expert2_eval,7357620224,5002
1790731916.4490209,2776252,1160.083,expert2_eval,7357620224,5002
1790731917.4722679,2776252,1161.106,expert2_eval,7357620224,5002
1790731918.496855,2776252,1162.131,expert2_eval,7357620224,5002
1790731919.5253475,2776252,1163.159,expert2_eval,7357620224,5002
1790731920.5490649,2776252,1164.183,expert2_eval,7357620224,5002
1790731921.573448,2776252,1165.208,expert2_eval,7357620224,5002
1790731922.597302,2776252,1166.231,expert2_eval,7357620224,5002
1790731923.6197963,2776252,1167.254,expert2_eval,7415029760,5002
1790731924.6398535,2776252,1168.274,expert2_eval,7415029760,5002
1790731925.65947,2776252,1169.294,expert2_eval,7415029760,5002
1790731926.6811807,2776252,1170.315,expert2_eval,7415029760,5002
1790731927.701992,2776252,1171.336,expert2_eval,7415029760,5002
1790731928.7260776,2776252,1172.36,expert2_eval,7415029760,5002
1790731929.7503526,2776252,1173.384,expert2_eval,7415029760,5002
1790731930.7748213,2776252,1174.409,expert2_eval,7415029760,5002
1790731931.7975876,2776252,1175.432,expert2_eval,7415029760,5002
1790731932.8183212,2776252,1176.452,expert2_eval,7415029760,5002
1790731933.8395715,2776252,1177.474,expert2_eval,7415029760,5002
1790731934.863615,2776252,1178.498,expert2_eval,7415029760,5002
1790731935.8834987,2776252,1179.518,expert2_eval,7415029760,5002
1790731936.9101381,2776252,1180.544,expert2_eval,7415029760,5002
1790731937.9338362,2776252,1181.568,expert2_eval,7415029760,5002
1790731938.9556606,2776252,1182.59,expert2_eval,7415029760,5002
1790731939.9762068,2776252,1183.61,expert2_eval,7415029760,5002
1790731940.9985306,2776252,1184.633,expert2_eval,7415029760,5002
1790731942.0242205,2776252,1185.658,expert2_eval,7415029760,5002
1790731943.046339,2776252,1186.68,expert2_eval,7415029760,5002
1790731944.0701241,2776252,1187.704,expert2_eval,7415029760,5002
1790731945.0947006,2776252,1188.729,expert2_eval,7415029760,5002
1790731946.122343,2776252,1189.756,expert2_eval,7415029760,5002
1790731947.141611,2776252,1190.776,expert2_eval,7415029760,5002
1790731948.1628113,2776252,1191.797,expert2_eval,7415029760,5002
1790731949.1863265,2776252,1192.82,expert2_eval,7415029760,5002
1790731950.211639,2776252,1193.846,expert2_eval,7415029760,5002
1790731951.2369375,2776252,1194.871,expert2_eval,7415029760,5002
1790731952.2580984,2776252,1195.892,expert2_eval,7415029760,5002
1790731953.281724,2776252,1196.916,expert2_eval,7415029760,5002
1790731954.3055072,2776252,1197.94,expert2_eval,7415029760,5002
1790731955.3262815,2776252,1198.96,expert2_eval,7415029760,5002
1790731956.3487678,2776252,1199.983,expert2_eval,7415029760,5002
1790731957.3720052,2776252,1201.006,expert2_eval,7357620224,5002
1790731958.3947043,2776252,1202.029,expert2_eval,7357620224,5002
1790731959.4167626,2776252,1203.051,expert2_eval,7357620224,5002
1790731960.4365706,2776252,1204.071,expert2_eval,7357620224,5002
1790731961.4606087,2776252,1205.095,expert2_eval,7357620224,5002
1790731962.4858766,2776252,1206.12,expert2_eval,7357620224,5002
1790731963.5071504,2776252,1207.141,expert2_eval,7357620224,5002
1790731964.5298932,2776252,1208.164,expert2_eval,7357620224,5002
1790731965.5530572,2776252,1209.187,expert2_eval,7357620224,5002
1790731966.5775964,2776252,1210.212,expert2_eval,7357620224,5002
1790731967.6037633,2776252,1211.238,expert2_eval,7357620224,5002
1790731968.6304843,2776252,1212.265,expert2_eval,7415029760,5002
1790731969.6619005,2776252,1213.296,expert2_eval,7415029760,5002
1790731970.685698,2776252,1214.32,expert2_eval,7415029760,5002
1790731971.7116258,2776252,1215.346,expert2_eval,7415029760,5002
1790731972.737352,2776252,1216.371,expert2_eval,7415029760,5002
1790731973.7647657,2776252,1217.399,expert2_eval,7415029760,5002
1790731974.787858,2776252,1218.422,expert2_eval,7415029760,5002
1790731975.8099542,2776252,1219.444,expert2_eval,7415029760,5002
1790731976.8342752,2776252,1220.468,expert2_eval,7415029760,5002
1790731977.8590677,2776252,1221.493,expert2_eval,7415029760,5002
1790731978.8813741,2776252,1222.516,expert2_eval,7415029760,5002
1790731979.9088917,2776252,1223.543,expert2_eval,7415029760,5002
1790731980.9300368,2776252,1224.564,expert2_eval,7415029760,5002
1790731981.9513671,2776252,1225.586,expert2_eval,7415029760,5002
1790731982.9734383,2776252,1226.608,expert2_eval,7415029760,5002
1790731983.999485,2776252,1227.634,expert2_eval,7415029760,5002
1790731985.0284052,2776252,1228.663,expert2_eval,7415029760,5002
1790731986.0510952,2776252,1229.685,expert2_eval,7415029760,5002
1790731987.078116,2776252,1230.712,expert2_eval,7415029760,5002
1790731988.097726,2776252,1231.732,expert2_eval,7415029760,5002
1790731989.1191256,2776252,1232.753,expert2_eval,7415029760,5002
1790731990.1530864,2776252,1233.787,expert2_eval,7415029760,5002
1790731991.180556,2776252,1234.815,expert2_eval,7415029760,5002
1790731992.2047908,2776252,1235.839,expert2_eval,7415029760,5002
1790731993.2264485,2776252,1236.861,expert2_eval,7415029760,5002
1790731994.2527096,2776252,1237.887,expert2_eval,7415029760,5002
1790731995.2794669,2776252,1238.914,expert2_eval,7415029760,5002
1790731996.3058655,2776252,1239.94,expert2_eval,7415029760,5002
1790731997.3321133,2776252,1240.966,expert2_eval,7415029760,5002
1790731998.3579595,2776252,1241.992,expert2_eval,7415029760,5002
1790731999.3832114,2776252,1243.017,expert2_eval,7415029760,5002
1790732000.408437,2776252,1244.043,expert2_eval,7415029760,5002
1790732001.4344957,2776252,1245.069,expert2_eval,7357620224,5002
1790732002.4587784,2776252,1246.093,expert2_eval,7357620224,5002
1790732003.4817376,2776252,1247.116,expert2_eval,7357620224,5002
1790732004.5047278,2776252,1248.139,expert2_eval,7357620224,5002
1790732005.5300488,2776252,1249.164,expert2_eval,7357620224,5002
1790732006.5548778,2776252,1250.189,expert2_eval,7357620224,5002
1790732007.5753987,2776252,1251.21,expert2_eval,7357620224,5002
1790732008.5975168,2776252,1252.232,expert2_eval,7357620224,5002
1790732009.6184506,2776252,1253.253,expert2_eval,7357620224,5002
1790732010.642665,2776252,1254.277,expert2_eval,7357620224,5002
1790732011.6691988,2776252,1255.303,expert2_eval,7357620224,5002
1790732012.6938565,2776252,1256.328,expert2_eval,7415029760,5002
1790732013.7188375,2776252,1257.353,expert2_eval,7415029760,5002
1790732014.740108,2776252,1258.374,expert2_eval,7415029760,5002
1790732015.7614393,2776252,1259.396,expert2_eval,7415029760,5002
1790732016.7861083,2776252,1260.42,expert2_eval,7415029760,5002
1790732017.812025,2776252,1261.446,expert2_eval,7415029760,5002
1790732018.835372,2776252,1262.47,expert2_eval,7415029760,5002
1790732019.857377,2776252,1263.492,expert2_eval,7415029760,5002
1790732020.8794088,2776252,1264.514,expert2_eval,7415029760,5002
1790732021.9053984,2776252,1265.54,expert2_eval,7415029760,5002
1790732022.9302168,2776252,1266.564,expert2_eval,7415029760,5002
1790732023.9529233,2776252,1267.587,expert2_eval,7415029760,5002
1790732024.975255,2776252,1268.609,expert2_eval,7415029760,5002
1790732026.001145,2776252,1269.635,expert2_eval,7415029760,5002
1790732027.0263762,2776252,1270.661,expert2_eval,7415029760,5002
1790732028.0461438,2776252,1271.68,expert2_eval,7415029760,5002
1790732029.0689013,2776252,1272.703,expert2_eval,7415029760,5002
1790732030.094024,2776252,1273.728,expert2_eval,7415029760,5002
1790732031.1186855,2776252,1274.753,expert2_eval,7415029760,5002
1790732032.1461248,2776252,1275.78,expert2_eval,7415029760,5002
1790732033.1743715,2776252,1276.809,expert2_eval,7415029760,5002
1790732034.19708,2776252,1277.831,expert2_eval,7415029760,5002
1790732035.2201297,2776252,1278.854,expert2_eval,7415029760,5002
1790732036.246181,2776252,1279.88,expert2_eval,7415029760,5002
1790732037.2689736,2776252,1280.903,expert2_eval,7415029760,5002
1790732038.295724,2776252,1281.93,expert2_eval,7415029760,5002
1790732039.3182764,2776252,1282.952,expert2_eval,7415029760,5002
1790732040.3476427,2776252,1283.982,expert2_eval,7415029760,5002
1790732041.3722086,2776252,1285.006,expert2_eval,7415029760,5002
1790732042.3920016,2776252,1286.026,expert2_eval,7415029760,5002
1790732043.4175906,2776252,1287.052,expert2_eval,7415029760,5002
1790732044.437764,2776252,1288.072,expert2_eval,7415029760,5002
1790732045.4964952,2776252,1289.131,expert2_eval,7357620224,5002
1790732046.5162573,2776252,1290.15,expert2_eval,7357620224,5002
1790732047.536928,2776252,1291.171,expert2_eval,7357620224,5002
1790732048.5554647,2776252,1292.19,expert2_eval,7357620224,5002
1790732049.5764928,2776252,1293.211,expert2_eval,7357620224,5002
1790732050.6007175,2776252,1294.235,expert2_eval,7357620224,5002
1790732051.6229885,2776252,1295.257,expert2_eval,7357620224,5002
1790732052.6442163,2776252,1296.278,expert2_eval,7357620224,5002
1790732053.6664612,2776252,1297.301,expert2_eval,7357620224,5002
1790732054.6877635,2776252,1298.322,expert2_eval,7357620224,5002
1790732055.710022,2776252,1299.344,expert2_eval,7357620224,5002
1790732056.7354221,2776252,1300.37,expert2_eval,7415029760,5002
1790732057.7582977,2776252,1301.392,expert2_eval,7415029760,5002
1790732058.7792194,2776252,1302.413,expert2_eval,7415029760,5002
1790732059.800631,2776252,1303.435,expert2_eval,7415029760,5002
1790732060.8198965,2776252,1304.454,expert2_eval,7415029760,5002
1790732061.8420763,2776252,1305.476,expert2_eval,7415029760,5002
1790732062.8700004,2776252,1306.504,expert2_eval,7415029760,5002
1790732063.8960998,2776252,1307.53,expert2_eval,7415029760,5002
1790732064.91917,2776252,1308.553,expert2_eval,7415029760,5002
1790732065.9407637,2776252,1309.575,expert2_eval,7415029760,5002
1790732066.9621937,2776252,1310.596,expert2_eval,7415029760,5002
1790732067.9910264,2776252,1311.625,expert2_eval,7415029760,5002
1790732069.0155866,2776252,1312.65,expert2_eval,7415029760,5002
1790732070.0360138,2776252,1313.67,expert2_eval,7415029760,5002
1790732071.0579543,2776252,1314.692,expert2_eval,7415029760,5002
1790732072.0800374,2776252,1315.714,expert2_eval,7415029760,5002
1790732073.0996215,2776252,1316.734,expert2_eval,7415029760,5002
1790732074.121257,2776252,1317.755,expert2_eval,7415029760,5002
1790732075.1414993,2776252,1318.776,expert2_eval,7415029760,5002
1790732076.1619067,2776252,1319.796,expert2_eval,7415029760,5002
1790732077.1834838,2776252,1320.818,expert2_eval,7415029760,5002
1790732078.2059922,2776252,1321.84,expert2_eval,7415029760,5002
1790732079.2325346,2776252,1322.867,expert2_eval,7415029760,5002
1790732080.256115,2776252,1323.89,expert2_eval,7415029760,5002
1790732081.277574,2776252,1324.912,expert2_eval,7415029760,5002
1790732082.3017929,2776252,1325.936,expert2_eval,7415029760,5002
1790732083.3271043,2776252,1326.961,expert2_eval,7415029760,5002
1790732084.3528147,2776252,1327.987,expert2_eval,7415029760,5002
1790732085.378492,2776252,1329.013,expert2_eval,7415029760,5002
1790732086.4043043,2776252,1330.038,expert2_eval,7415029760,5002
1790732087.4311192,2776252,1331.065,expert2_eval,7415029760,5002
1790732088.4599867,2776252,1332.094,expert2_eval,7415029760,5002
1790732089.4829283,2776252,1333.117,expert2_eval,7415029760,5002
1790732090.5116901,2776252,1334.146,expert2_eval,7357620224,5002
1790732091.5339153,2776252,1335.168,expert2_eval,7357620224,5002
1790732092.5564306,2776252,1336.191,expert2_eval,7357620224,5002
1790732093.5833917,2776252,1337.218,expert2_eval,7357620224,5002
1790732094.6110172,2776252,1338.245,expert2_eval,7357620224,5002
1790732095.639912,2776252,1339.274,expert2_eval,7357620224,5002
1790732096.6655245,2776252,1340.3,expert2_eval,7357620224,5002
1790732097.6907387,2776252,1341.325,expert2_eval,7357620224,5002
1790732098.720793,2776252,1342.355,expert2_eval,7357620224,5002
1790732099.7486386,2776252,1343.383,expert2_eval,7357620224,5002
1790732100.7752752,2776252,1344.409,expert2_eval,7357620224,5002
1790732101.801241,2776252,1345.435,expert2_eval,7415029760,5002
1790732102.823051,2776252,1346.457,expert2_eval,7415029760,5002
1790732103.8453622,2776252,1347.48,expert2_eval,7415029760,5002
1790732104.8698668,2776252,1348.504,expert2_eval,7415029760,5002
1790732105.892176,2776252,1349.526,expert2_eval,7415029760,5002
1790732106.9237719,2776252,1350.558,expert2_eval,7415029760,5002
1790732107.9508307,2776252,1351.585,expert2_eval,7415029760,5002
1790732108.9749703,2776252,1352.609,expert2_eval,7415029760,5002
1790732110.000146,2776252,1353.634,expert2_eval,7415029760,5002
1790732111.025301,2776252,1354.659,expert2_eval,7415029760,5002
1790732112.04914,2776252,1355.683,expert2_eval,7415029760,5002
1790732113.0744917,2776252,1356.709,expert2_eval,7415029760,5002
1790732114.0980573,2776252,1357.732,expert2_eval,7415029760,5002
1790732115.1188674,2776252,1358.753,expert2_eval,7415029760,5002
1790732116.1410687,2776252,1359.775,expert2_eval,7415029760,5002
1790732117.1657913,2776252,1360.8,expert2_eval,7415029760,5002
1790732118.187531,2776252,1361.822,expert2_eval,7415029760,5002
1790732119.2084496,2776252,1362.843,expert2_eval,7415029760,5002
1790732120.2306163,2776252,1363.865,expert2_eval,7415029760,5002
1790732121.2521827,2776252,1364.886,expert2_eval,7415029760,5002
1790732122.2765095,2776252,1365.911,expert2_eval,7415029760,5002
1790732123.300693,2776252,1366.935,expert2_eval,7415029760,5002
1790732124.3261707,2776252,1367.96,expert2_eval,7415029760,5002
1790732125.3517833,2776252,1368.986,expert2_eval,7415029760,5002
1790732126.3769007,2776252,1370.011,expert2_eval,7415029760,5002
1790732127.3999453,2776252,1371.034,expert2_eval,7415029760,5002
1790732128.4208755,2776252,1372.055,expert2_eval,7415029760,5002
1790732129.4446633,2776252,1373.079,expert2_eval,7415029760,5002
1790732130.4694684,2776252,1374.104,expert2_eval,7415029760,5002
1790732131.4980812,2776252,1375.132,expert2_eval,7415029760,5002
1790732132.5231192,2776252,1376.157,expert2_eval,7415029760,5002
1790732133.5452256,2776252,1377.179,expert2_eval,7415029760,5002
1790732134.5724406,2776252,1378.207,expert2_eval,7357620224,5002
1790732135.5962508,2776252,1379.23,expert2_eval,7357620224,5002
1790732136.6201427,2776252,1380.254,expert2_eval,7357620224,5002
1790732137.644705,2776252,1381.279,expert2_eval,7357620224,5002
1790732138.668112,2776252,1382.302,expert2_eval,7357620224,5002
1790732139.690347,2776252,1383.324,expert2_eval,7357620224,5002
1790732140.7105947,2776252,1384.345,expert2_eval,7357620224,5002
1790732141.7339215,2776252,1385.368,expert2_eval,7357620224,5002
1790732142.7523186,2776252,1386.386,expert2_eval,7357620224,5002
1790732143.77393,2776252,1387.408,expert2_eval,7357620224,5002
1790732144.7950191,2776252,1388.429,expert2_eval,7357620224,5002
1790732145.814365,2776252,1389.449,expert2_eval,7415029760,5002
1790732146.8384492,2776252,1390.473,expert2_eval,7415029760,5002
1790732147.8615906,2776252,1391.496,expert2_eval,7415029760,5002
1790732148.8818297,2776252,1392.516,expert2_eval,7415029760,5002
1790732149.90398,2776252,1393.538,expert2_eval,7415029760,5002
1790732150.9296937,2776252,1394.564,expert2_eval,7415029760,5002
1790732151.9519908,2776252,1395.586,expert2_eval,7415029760,5002
1790732152.974484,2776252,1396.609,expert2_eval,7415029760,5002
1790732153.998789,2776252,1397.633,expert2_eval,7415029760,5002
1790732155.0260706,2776252,1398.66,expert2_eval,7415029760,5002
1790732156.0537808,2776252,1399.688,expert2_eval,7415029760,5002
1790732157.0844226,2776252,1400.719,expert2_eval,7415029760,5002
1790732158.1101544,2776252,1401.744,expert2_eval,7415029760,5002
1790732159.1362405,2776252,1402.77,expert2_eval,7415029760,5002
1790732160.160004,2776252,1403.794,expert2_eval,7415029760,5002
1790732161.179672,2776252,1404.814,expert2_eval,7415029760,5002
1790732162.2029684,2776252,1405.837,expert2_eval,7415029760,5002
1790732163.2292252,2776252,1406.863,expert2_eval,7415029760,5002
1790732164.2535276,2776252,1407.888,expert2_eval,7415029760,5002
1790732165.2790198,2776252,1408.913,expert2_eval,7415029760,5002
1790732166.3006053,2776252,1409.935,expert2_eval,7415029760,5002
1790732167.321757,2776252,1410.956,expert2_eval,7415029760,5002
1790732168.3430889,2776252,1411.977,expert2_eval,7415029760,5002
1790732169.3691714,2776252,1413.003,expert2_eval,7415029760,5002
1790732170.3901286,2776252,1414.024,expert2_eval,7415029760,5002
1790732171.414008,2776252,1415.048,expert2_eval,7415029760,5002
1790732172.4395878,2776252,1416.074,expert2_eval,7415029760,5002
1790732173.4658513,2776252,1417.1,expert2_eval,7415029760,5002
1790732174.4898403,2776252,1418.124,expert2_eval,7415029760,5002
1790732175.5150285,2776252,1419.149,expert2_eval,7415029760,5002
1790732176.538129,2776252,1420.172,expert2_eval,7415029760,5002
1790732177.5638602,2776252,1421.198,expert2_eval,7415029760,5002
1790732178.5961692,2776252,1422.23,expert2_eval,7358398464,5002
1790732179.6198828,2776252,1423.254,expert2_eval,7358398464,5002
1790732180.6430695,2776252,1424.277,expert2_eval,7358398464,5002
1790732181.664705,2776252,1425.299,expert2_eval,7358398464,5002
1790732182.6885996,2776252,1426.323,expert2_eval,7358398464,5002
1790732183.71332,2776252,1427.347,expert2_eval,7358398464,5002
1790732184.7332246,2776252,1428.367,expert2_eval,7358398464,5002
1790732185.7554815,2776252,1429.39,expert2_eval,7358398464,5002
1790732186.7744923,2776252,1430.409,expert2_eval,7374123008,5002
1790732187.7960618,2776252,1431.43,expert2_eval,7374123008,5002
1790732188.8225577,2776252,1432.457,expert2_eval,7374123008,5002
1790732189.8453574,2776252,1433.479,expert2_eval,7374123008,5002
1790732190.8700876,2776252,1434.504,expert2_eval,7374123008,5002
1790732191.894274,2776252,1435.528,expert2_eval,7374123008,5002
1790732192.915906,2776252,1436.55,expert2_eval,7374123008,5002
1790732193.9347475,2776252,1437.569,expert2_eval,7374123008,5002
1790732194.9562845,2776252,1438.59,expert2_eval,7374123008,5002
1790732195.980295,2776252,1439.614,expert2_eval,7374123008,5002
1790732197.0050333,2776252,1440.639,expert2_eval,7374123008,5002
1790732198.0257785,2776252,1441.66,expert2_eval,7374123008,5002
1790732199.0500321,2776252,1442.684,expert2_eval,7374123008,5002
1790732200.073661,2776252,1443.708,expert2_eval,7374123008,5002
1790732201.097094,2776252,1444.731,expert2_eval,7374123008,5002
1790732202.124245,2776252,1445.758,expert2_eval,7374123008,5002
1790732203.1473691,2776252,1446.782,expert2_eval,7374123008,5002
1790732204.1680062,2776252,1447.802,expert2_eval,7374123008,5002
1790732205.1929307,2776252,1448.827,expert2_eval,7374123008,5002
1790732206.2218683,2776252,1449.856,expert2_eval,7374123008,5002
1790732207.245147,2776252,1450.879,expert2_eval,7374123008,5002
1790732208.2675061,2776252,1451.902,expert3_fit,6063034368,588
1790732209.287495,2776252,1452.922,expert3_fit,5958213632,736
1790732210.310021,2776252,1453.944,expert3_fit,5958213632,1366
1790732211.3328955,2776252,1454.967,expert3_fit,5958213632,1366
1790732212.3547592,2776252,1455.989,expert3_fit,5958213632,1366
1790732213.384102,2776252,1457.018,starting,5958213632,1462
1790732214.4061236,2776252,1458.04,starting,5958213632,1462
1790732215.4285908,2776252,1459.063,starting,5958213632,1462
1790732216.450344,2776252,1460.084,starting,5958213632,1462
1790732217.4747295,2776252,1461.109,starting,5958213632,1462
1790732218.5034277,2776252,1462.138,starting,5958213632,1462
1790732219.5333838,2776252,1463.168,starting,5958213632,1462
1790732220.560827,2776252,1464.195,starting,5958213632,1462
1790732221.585814,2776252,1465.22,starting,5958213632,1462
1790732222.6075778,2776252,1466.242,expert3_route,4373790720,1562
1790732223.6412752,2776252,1467.275,expert3_route,4373790720,1742
1790732224.7084925,2776252,1468.343,expert3_route,4373790720,1802
1790732225.729963,2776252,1469.364,expert3_route,4373790720,1822
1790732226.7652886,2776252,1470.399,expert3_route,4373790720,1822
1790732227.804912,2776252,1471.439,expert3_route,4373790720,1822
1790732228.8292923,2776252,1472.463,expert3_route,4373790720,1822
1790732229.8509264,2776252,1473.485,expert3_route,4373790720,1822
1790732230.8746731,2776252,1474.509,expert3_route,4373790720,1822
1790732231.8975008,2776252,1475.532,expert3_route,4373790720,1822
1790732232.9217322,2776252,1476.556,expert3_route,4373790720,1822
1790732233.9426522,2776252,1477.577,expert3_route,4373790720,1822
1790732234.9623234,2776252,1478.596,expert3_route,4373790720,1822
1790732235.9858851,2776252,1479.62,expert3_route,4373790720,1822
1790732237.0072343,2776252,1480.641,expert3_route,4373790720,1822
1790732238.0318635,2776252,1481.666,expert3_route,4373790720,1822
1790732239.0541844,2776252,1482.688,expert3_route,4373790720,1822
1790732240.07321,2776252,1483.707,expert3_route,4373790720,1822
1790732241.0923395,2776252,1484.726,expert3_route,4373790720,1822
1790732242.1117327,2776252,1485.746,expert3_route,4373790720,1822
1790732243.132833,2776252,1486.767,expert3_route,4373790720,1822
1790732244.1517785,2776252,1487.786,expert3_route,4373790720,1822
1790732245.1728146,2776252,1488.807,expert3_route,4373790720,1822
1790732246.1999857,2776252,1489.834,expert3_route,4373790720,1822
1790732247.221392,2776252,1490.856,expert3_route,4373790720,1822
1790732248.2462418,2776252,1491.88,expert3_route,4373790720,1822
1790732249.2700112,2776252,1492.904,expert3_cal,4334624768,1822
1790732250.2948806,2776252,1493.929,expert3_cal,4334624768,1822
1790732251.3174772,2776252,1494.952,expert3_cal,4334624768,1822
1790732252.3434217,2776252,1495.978,expert3_cal,4334624768,1822
1790732253.3722124,2776252,1497.006,expert3_cal,4334624768,1822
1790732254.398782,2776252,1498.033,expert3_cal,4334624768,1822
1790732255.424191,2776252,1499.058,expert3_cal,4334624768,1822
1790732256.4450557,2776252,1500.079,expert3_cal,4334624768,1822
1790732257.4707108,2776252,1501.105,expert3_cal,4334624768,1822
1790732258.491937,2776252,1502.126,expert3_cal,4334624768,1822
1790732259.5168064,2776252,1503.151,expert3_cal,4334624768,1822
1790732260.5446324,2776252,1504.179,expert3_cal,4334624768,1822
1790732261.5721505,2776252,1505.206,expert3_cal,4334624768,1822
1790732262.5942683,2776252,1506.228,expert3_cal,4334624768,1822
1790732263.6231053,2776252,1507.257,expert3_cal,4334624768,1822
1790732264.6455984,2776252,1508.28,expert3_cal,4334624768,1822
1790732265.6671503,2776252,1509.301,expert3_cal,4334624768,1822
1790732266.693612,2776252,1510.328,expert3_cal,4334624768,1822
1790732267.7200358,2776252,1511.354,expert3_cal,4334624768,1822
1790732268.74278,2776252,1512.377,expert3_cal,4334624768,1822
1790732269.7654603,2776252,1513.4,expert3_cal,4334624768,1822
1790732270.7902308,2776252,1514.424,expert3_cal,4334624768,1822
1790732271.812511,2776252,1515.447,expert3_cal,4334624768,1822
1790732272.8336513,2776252,1516.468,expert3_eval,4699164672,1822
1790732273.8588507,2776252,1517.493,expert3_eval,4699164672,1822
1790732274.8828623,2776252,1518.517,expert3_eval,4699164672,1822
1790732275.908904,2776252,1519.543,expert3_eval,4699164672,1822
1790732276.9321575,2776252,1520.566,expert3_eval,4699164672,1822
1790732277.9619875,2776252,1521.596,expert3_eval,4699164672,1822
1790732278.9843254,2776252,1522.618,expert3_eval,4699164672,1822
1790732280.011185,2776252,1523.645,expert3_eval,4699164672,1822
1790732281.035324,2776252,1524.669,expert3_eval,4699164672,1822
1790732282.05839,2776252,1525.693,expert3_eval,4699164672,1822
1790732283.0831304,2776252,1526.717,expert3_eval,4699164672,1822
1790732284.1437662,2776252,1527.778,expert3_eval,4699164672,1822
1790732285.167868,2776252,1528.802,expert3_eval,4699164672,1822
1790732286.1945887,2776252,1529.829,expert3_eval,4699164672,1822
1790732287.2148247,2776252,1530.849,expert3_eval,4699164672,1822
1790732288.2345002,2776252,1531.869,expert3_eval,4699164672,1822
1790732289.2547512,2776252,1532.889,expert3_eval,4699164672,1822
1790732290.274134,2776252,1533.908,expert3_eval,4699164672,1822
1790732291.2940583,2776252,1534.928,expert3_eval,4699164672,1822
1790732292.3148854,2776252,1535.949,expert3_eval,4699164672,1822
1790732293.3369703,2776252,1536.971,expert3_eval,4699164672,1822
1790732294.3597617,2776252,1537.994,expert3_eval,4699164672,1822
1790732295.3815453,2776252,1539.016,expert3_eval,4699164672,1822
1790732296.4083195,2776252,1540.042,expert3_eval,4699164672,1822
1790732297.4420907,2776252,1541.076,expert3_eval,4699164672,1822
1790732298.4678187,2776252,1542.102,expert3_eval,4699164672,1822
1790732299.48672,2776252,1543.121,expert3_eval,4699164672,1822
1790732300.5064466,2776252,1544.141,expert3_eval,4699164672,1822
1790732301.5575,2776252,1545.192,expert3_eval,4699164672,1822
1790732302.5766745,2776252,1546.211,expert3_eval,4699164672,1822
1790732303.6000686,2776252,1547.234,expert3_eval,4699164672,1822
1790732304.6199796,2776252,1548.254,expert3_eval,4699164672,1822
1790732305.6386764,2776252,1549.273,expert3_eval,4699164672,1822
1790732306.658461,2776252,1550.293,expert3_eval,4699164672,1822
1790732307.6763036,2776252,1551.31,expert3_eval,4699164672,1822
1790732308.6970682,2776252,1552.331,expert3_eval,4699164672,1822
1790732309.7208018,2776252,1553.355,expert3_eval,4699164672,1822
1790732310.7444136,2776252,1554.379,expert3_eval,4699164672,1822
1790732311.7643843,2776252,1555.399,expert3_eval,4699164672,1822
1790732312.7886314,2776252,1556.423,expert3_eval,4699164672,1822
1790732313.809351,2776252,1557.443,expert3_eval,4699164672,1822
1790732314.8350933,2776252,1558.469,expert3_eval,4699164672,1822
1790732315.8563478,2776252,1559.49,expert3_eval,4699164672,1822
1790732316.8768702,2776252,1560.511,expert3_eval,4699164672,1822
1790732317.9008145,2776252,1561.535,expert3_eval,4699164672,1822
1790732318.9251459,2776252,1562.559,expert3_eval,4699164672,1822
1790732319.9496758,2776252,1563.584,expert3_eval,4699164672,1822
1790732320.9736514,2776252,1564.608,expert3_eval,4699164672,1822
1790732321.9985092,2776252,1565.633,expert3_eval,4699164672,1822
1790732323.024956,2776252,1566.659,expert3_eval,4699164672,1822
1790732324.0464811,2776252,1567.681,expert3_eval,4699164672,1822
1790732325.072145,2776252,1568.706,expert3_eval,4699164672,1822
1790732326.0933342,2776252,1569.727,expert3_eval,4699164672,1822
1790732327.1152778,2776252,1570.749,expert3_eval,4699164672,1822
1790732328.136435,2776252,1571.771,expert3_eval,4699164672,1822
1790732329.1594298,2776252,1572.794,expert3_eval,4699164672,1822
1790732330.1858678,2776252,1573.82,expert3_eval,4699164672,1822
1790732331.2137077,2776252,1574.848,expert3_eval,4699164672,1822
1790732332.2411969,2776252,1575.875,expert3_eval,4699164672,1822
1790732333.262873,2776252,1576.897,expert3_eval,4699164672,1822
1790732334.2872891,2776252,1577.921,expert3_eval,4699164672,1822
1790732335.3135355,2776252,1578.948,expert3_eval,4699164672,1822
1790732336.338517,2776252,1579.973,expert3_eval,4699164672,1822
1790732337.361952,2776252,1580.996,expert3_eval,4699164672,1822
1790732338.3950102,2776252,1582.029,expert3_eval,4699164672,1822
1790732339.4156609,2776252,1583.05,expert3_eval,4699164672,1822
1790732340.4341707,2776252,1584.068,expert3_eval,4699164672,1822
1790732341.4529638,2776252,1585.087,expert3_eval,4699164672,1822
1790732342.4732268,2776252,1586.107,expert3_eval,4699164672,1822
1790732343.4929318,2776252,1587.127,expert3_eval,4699164672,1822
1790732344.5144439,2776252,1588.149,expert3_eval,4699164672,1822
1790732345.5383317,2776252,1589.172,expert3_eval,4699164672,1822
1790732346.561501,2776252,1590.196,expert3_eval,4699164672,1822
1790732347.5872452,2776252,1591.221,expert3_eval,4699164672,1822
1790732348.6131532,2776252,1592.247,expert3_eval,4699164672,1822
1790732349.643301,2776252,1593.277,expert3_eval,4699164672,1822
1790732350.6676064,2776252,1594.302,expert3_eval,4699164672,1822
1790732351.6922393,2776252,1595.326,expert3_eval,4699164672,1822
1790732352.714896,2776252,1596.349,expert3_eval,4699164672,1822
1790732353.7364454,2776252,1597.371,expert3_eval,4699164672,1822
1790732354.7606945,2776252,1598.395,expert3_eval,4699164672,1822
1790732355.7839894,2776252,1599.418,expert3_eval,4699164672,1822
1790732356.811019,2776252,1600.445,expert3_eval,4699164672,1822
1790732357.8366652,2776252,1601.471,expert3_eval,4699164672,1822
1790732358.861883,2776252,1602.496,expert3_eval,4699164672,1822
1790732359.883404,2776252,1603.518,expert3_eval,4699164672,1822
1790732360.9048426,2776252,1604.539,expert3_eval,4699164672,1822
1790732361.9282176,2776252,1605.562,expert3_eval,4699164672,1822
1790732362.952707,2776252,1606.587,expert3_eval,4699164672,1822
1790732363.978033,2776252,1607.612,expert3_eval,4699164672,1822
1790732365.0019646,2776252,1608.636,expert3_eval,4699164672,1822
1790732366.024266,2776252,1609.658,expert3_eval,4699164672,1822
1790732367.047003,2776252,1610.681,expert3_eval,4699164672,1822
1790732368.0669043,2776252,1611.701,expert3_eval,4699164672,1822
1790732369.0902197,2776252,1612.724,expert3_eval,4699164672,1822
1790732370.1238751,2776252,1613.758,expert3_eval,4699164672,1822
1790732371.152503,2776252,1614.787,expert3_eval,4699164672,1822
1790732372.1759005,2776252,1615.81,expert3_eval,4699164672,1822
1790732373.1977608,2776252,1616.832,expert3_eval,4699164672,1822
1790732374.2227414,2776252,1617.857,expert3_eval,4699164672,1822
1790732375.2416341,2776252,1618.876,expert3_eval,4699164672,1822
1790732376.2675061,2776252,1619.902,expert3_eval,4699164672,1822
1790732377.2932708,2776252,1620.927,expert3_eval,4699164672,1822
1790732378.3202677,2776252,1621.954,expert3_eval,4699164672,1822
1790732379.3452458,2776252,1622.979,expert3_eval,4699164672,1822
1790732380.36883,2776252,1624.003,expert3_eval,4699164672,1822
1790732381.390297,2776252,1625.024,expert3_eval,4699164672,1822
1790732382.4110107,2776252,1626.045,expert3_eval,4699164672,1822
1790732383.43397,2776252,1627.068,expert3_eval,4699164672,1822
1790732384.4605224,2776252,1628.095,expert3_eval,4699164672,1822
1790732385.4810789,2776252,1629.115,expert3_eval,4699164672,1822
1790732386.5047398,2776252,1630.139,expert3_eval,4699164672,1822
1790732387.5304,2776252,1631.165,expert3_eval,4699164672,1822
1790732388.5607843,2776252,1632.195,expert3_eval,4699164672,1822
1790732389.5865388,2776252,1633.221,expert3_eval,4699164672,1822
1790732390.6126099,2776252,1634.247,expert3_eval,4699164672,1822
1790732391.6360393,2776252,1635.27,expert3_eval,4699164672,1822
1790732392.6545608,2776252,1636.289,expert3_eval,4699164672,1822
1790732393.6785464,2776252,1637.313,expert3_eval,4699164672,1822
1790732394.7019024,2776252,1638.336,expert3_eval,4699164672,1822
1790732395.7283504,2776252,1639.362,expert3_eval,4699164672,1822
1790732396.752958,2776252,1640.387,expert3_eval,4699164672,1822
1790732397.7754185,2776252,1641.41,expert3_eval,4699164672,1822
1790732398.7981899,2776252,1642.432,expert3_eval,4699164672,1822
1790732399.8243794,2776252,1643.459,expert3_eval,4699164672,1822
1790732400.851274,2776252,1644.485,expert3_eval,4699164672,1822
1790732401.877012,2776252,1645.511,expert3_eval,4699164672,1822
1790732402.8988056,2776252,1646.533,expert3_eval,4699164672,1822
1790732403.9246144,2776252,1647.559,expert3_eval,4699164672,1822
1790732404.9471502,2776252,1648.581,expert3_eval,4699164672,1822
1790732405.9702196,2776252,1649.604,expert3_eval,4699164672,1822
1790732406.9947848,2776252,1650.629,expert3_eval,4699164672,1822
1790732408.0167048,2776252,1651.651,expert4_fit,4281163776,618
1790732409.0413096,2776252,1652.675,expert4_fit,4281389056,1366
1790732410.069414,2776252,1653.704,expert4_fit,4281389056,1366
1790732411.0908232,2776252,1654.725,expert4_fit,4281389056,1366
1790732412.1144392,2776252,1655.749,starting,4281389056,1462
1790732413.1357136,2776252,1656.77,starting,4281389056,1462
1790732414.159939,2776252,1657.794,starting,4281389056,1462
1790732415.1841555,2776252,1658.818,starting,4281389056,1462
1790732416.2088025,2776252,1659.843,starting,4281389056,1462
1790732417.227235,2776252,1660.861,starting,4281389056,1462
1790732418.247361,2776252,1661.881,starting,4281389056,1462
1790732419.2725263,2776252,1662.907,expert4_route,4374016000,1562
1790732420.296852,2776252,1663.931,expert4_route,4374016000,1662
1790732421.3190067,2776252,1664.953,expert4_route,4374016000,1682
1790732422.3411345,2776252,1665.975,expert4_route,4374016000,1722
1790732423.3677855,2776252,1667.002,expert4_route,4374016000,1742
1790732424.390483,2776252,1668.025,expert4_route,4374016000,1742
1790732425.4164314,2776252,1669.051,expert4_route,4374016000,1742
1790732426.4404771,2776252,1670.075,expert4_route,4374016000,1742
1790732427.4610639,2776252,1671.095,expert4_route,4374016000,1742
1790732428.4832814,2776252,1672.117,expert4_route,4374016000,1742
1790732429.5045428,2776252,1673.139,expert4_route,4374016000,1742
1790732430.5250628,2776252,1674.159,expert4_route,4374016000,1742
1790732431.5458002,2776252,1675.18,expert4_route,4374016000,1742
1790732432.5681772,2776252,1676.202,expert4_route,4374016000,1742
1790732433.5869732,2776252,1677.221,expert4_route,4374016000,1742
1790732434.6078858,2776252,1678.242,expert4_route,4374016000,1742
1790732435.6289248,2776252,1679.263,expert4_route,4374016000,1742
1790732436.6808918,2776252,1680.315,expert4_route,4374016000,1742
1790732437.702721,2776252,1681.337,expert4_route,4374016000,1742
1790732438.726245,2776252,1682.36,expert4_route,4374016000,1742
1790732439.7566004,2776252,1683.391,expert4_route,4374016000,1742
1790732440.7825763,2776252,1684.417,expert4_route,4374016000,1742
1790732441.8032572,2776252,1685.437,expert4_route,4374016000,1742
1790732442.8253448,2776252,1686.459,expert4_route,4374016000,1742
1790732443.846741,2776252,1687.481,expert4_route,4374016000,1742
1790732444.8739538,2776252,1688.508,expert4_route,4374016000,1742
1790732445.8983526,2776252,1689.532,expert4_route,4374016000,1742
1790732446.9174123,2776252,1690.552,expert4_route,4374016000,1742
1790732447.9399467,2776252,1691.574,expert4_route,4374016000,1742
1790732448.9657977,2776252,1692.6,expert4_route,4374016000,1742
1790732449.9974947,2776252,1693.632,expert4_route,4374016000,1742
1790732451.0228305,2776252,1694.657,expert4_route,4374016000,1742
1790732452.0490046,2776252,1695.683,expert4_route,4374016000,1742
1790732453.0883875,2776252,1696.723,expert4_route,4374016000,1742
1790732454.112636,2776252,1697.747,expert4_route,4374016000,1742
1790732455.1363323,2776252,1698.77,expert4_route,4374016000,1742
1790732456.1605084,2776252,1699.795,expert4_cal,4334850048,1742
1790732457.1818898,2776252,1700.816,expert4_cal,4334850048,1742
1790732458.2036238,2776252,1701.838,expert4_cal,4334850048,1742
1790732459.2284362,2776252,1702.863,expert4_cal,4334850048,1742
1790732460.2532704,2776252,1703.887,expert4_cal,4334850048,1742
1790732461.2744694,2776252,1704.909,expert4_cal,4334850048,1742
1790732462.303098,2776252,1705.937,expert4_cal,4334850048,1742
1790732463.3283362,2776252,1706.962,expert4_cal,4334850048,1742
1790732464.3552861,2776252,1707.989,expert4_cal,4334850048,1742
1790732465.3807654,2776252,1709.015,expert4_cal,4334850048,1742
1790732466.40567,2776252,1710.04,expert4_cal,4334850048,1742
1790732467.4282224,2776252,1711.062,expert4_cal,4334850048,1742
1790732468.44977,2776252,1712.084,expert4_cal,4334850048,1742
1790732469.4715137,2776252,1713.106,expert4_cal,4334850048,1742
1790732470.4928112,2776252,1714.127,expert4_cal,4334850048,1742
1790732471.519547,2776252,1715.154,expert4_cal,4334850048,1742
1790732472.5428278,2776252,1716.177,expert4_cal,4334850048,1742
1790732473.5621805,2776252,1717.196,expert4_cal,4334850048,1742
1790732474.584763,2776252,1718.219,expert4_cal,4334850048,1742
1790732475.6085386,2776252,1719.243,expert4_cal,4334850048,1742
1790732476.650891,2776252,1720.285,expert4_cal,4334850048,1742
1790732477.6803942,2776252,1721.315,expert4_cal,4334850048,1742
1790732478.7050936,2776252,1722.339,expert4_eval,4699389952,1742
1790732479.7232323,2776252,1723.357,expert4_eval,4699389952,1742
1790732480.7422855,2776252,1724.376,expert4_eval,4699389952,1742
1790732481.7637756,2776252,1725.398,expert4_eval,4699389952,1742
1790732482.7860625,2776252,1726.42,expert4_eval,4699389952,1742
1790732483.8069253,2776252,1727.441,expert4_eval,4699389952,1742
1790732484.831538,2776252,1728.466,expert4_eval,4699389952,1742
1790732485.8527822,2776252,1729.487,expert4_eval,4699389952,1742
1790732486.8731225,2776252,1730.507,expert4_eval,4699389952,1742
1790732487.893236,2776252,1731.527,expert4_eval,4699389952,1742
1790732488.9353068,2776252,1732.569,expert4_eval,4699389952,1742
1790732489.9551165,2776252,1733.589,expert4_eval,4699389952,1742
1790732490.9778485,2776252,1734.612,expert4_eval,4699389952,1742
1790732491.9972863,2776252,1735.631,expert4_eval,4699389952,1742
1790732493.0245247,2776252,1736.659,expert4_eval,4699389952,1742
1790732494.0536122,2776252,1737.688,expert4_eval,4699389952,1742
1790732495.0828776,2776252,1738.717,expert4_eval,4699389952,1742
1790732496.1122332,2776252,1739.746,expert4_eval,4699389952,1742
1790732497.136827,2776252,1740.771,expert4_eval,4699389952,1742
1790732498.157706,2776252,1741.792,expert4_eval,4699389952,1742
1790732499.1771467,2776252,1742.811,expert4_eval,4699389952,1742
1790732500.1955228,2776252,1743.83,expert4_eval,4699389952,1742
1790732501.2137072,2776252,1744.848,expert4_eval,4699389952,1742
1790732502.2354996,2776252,1745.87,expert4_eval,4699389952,1742
1790732503.2577186,2776252,1746.892,expert4_eval,4699389952,1742
1790732504.2840202,2776252,1747.918,expert4_eval,4699389952,1742
1790732505.3076112,2776252,1748.942,expert4_eval,4699389952,1742
1790732506.331189,2776252,1749.965,expert4_eval,4699389952,1742
1790732507.3518984,2776252,1750.986,expert4_eval,4699389952,1742
1790732508.3757164,2776252,1752.01,expert4_eval,4699389952,1742
1790732509.3971117,2776252,1753.031,expert4_eval,4699389952,1742
1790732510.4196723,2776252,1754.054,expert4_eval,4699389952,1742
1790732511.4443157,2776252,1755.078,expert4_eval,4699389952,1742
1790732512.4663534,2776252,1756.1,expert4_eval,4699389952,1742
1790732513.4909673,2776252,1757.125,expert4_eval,4699389952,1742
1790732514.5151527,2776252,1758.149,expert4_eval,4699389952,1742
1790732515.5407636,2776252,1759.175,expert4_eval,4699389952,1742
1790732516.5722196,2776252,1760.206,expert4_eval,4699389952,1742
1790732517.5948153,2776252,1761.229,expert4_eval,4699389952,1742
1790732518.6165245,2776252,1762.251,expert4_eval,4699389952,1742
1790732519.637391,2776252,1763.272,expert4_eval,4699389952,1742
1790732520.6597996,2776252,1764.294,expert4_eval,4699389952,1742
1790732521.6858308,2776252,1765.32,expert4_eval,4699389952,1742
1790732522.7085414,2776252,1766.343,expert4_eval,4699389952,1742
1790732523.7327752,2776252,1767.367,expert4_eval,4699389952,1742
1790732524.751639,2776252,1768.386,expert4_eval,4699389952,1742
1790732525.7734954,2776252,1769.408,expert4_eval,4699389952,1742
1790732526.7963266,2776252,1770.43,expert4_eval,4699389952,1742
1790732527.8167949,2776252,1771.451,expert4_eval,4699389952,1742
1790732528.8370068,2776252,1772.471,expert4_eval,4699389952,1742
1790732529.8924494,2776252,1773.527,expert4_eval,4699389952,1742
1790732530.9189832,2776252,1774.553,expert4_eval,4699389952,1742
1790732531.942942,2776252,1775.577,expert4_eval,4699389952,1742
1790732532.969722,2776252,1776.604,expert4_eval,4699389952,1742
1790732534.0001066,2776252,1777.634,expert4_eval,4699389952,1742
1790732535.0256405,2776252,1778.66,expert4_eval,4699389952,1742
1790732536.0505178,2776252,1779.685,expert4_eval,4699389952,1742
1790732537.0759337,2776252,1780.71,expert4_eval,4699389952,1742
1790732538.0965831,2776252,1781.731,expert4_eval,4699389952,1742
1790732539.1198788,2776252,1782.754,expert4_eval,4699389952,1742
1790732540.143036,2776252,1783.777,expert4_eval,4699389952,1742
1790732541.1650736,2776252,1784.799,expert4_eval,4699389952,1742
1790732542.191897,2776252,1785.826,expert4_eval,4699389952,1742
1790732543.2159493,2776252,1786.85,expert4_eval,4699389952,1742
1790732544.2350204,2776252,1787.869,expert4_eval,4699389952,1742
1790732545.2541413,2776252,1788.888,expert4_eval,4699389952,1742
1790732546.2749176,2776252,1789.909,expert4_eval,4699389952,1742
1790732547.298396,2776252,1790.933,expert4_eval,4699389952,1742
1790732548.324101,2776252,1791.958,expert4_eval,4699389952,1742
1790732549.3467185,2776252,1792.981,expert4_eval,4699389952,1742
1790732550.3685136,2776252,1794.003,expert4_eval,4699389952,1742
1790732551.4009738,2776252,1795.035,expert4_eval,4699389952,1742
1790732552.4255497,2776252,1796.06,expert4_eval,4699389952,1742
1790732553.4529743,2776252,1797.087,expert4_eval,4699389952,1742
1790732554.4844208,2776252,1798.119,expert4_eval,4699389952,1742
1790732555.5122175,2776252,1799.146,expert4_eval,4699389952,1742
1790732556.5390995,2776252,1800.173,expert4_eval,4699389952,1742
1790732557.562942,2776252,1801.197,expert4_eval,4699389952,1742
1790732558.5828395,2776252,1802.217,expert4_eval,4699389952,1742
1790732559.6070297,2776252,1803.241,expert4_eval,4699389952,1742
1790732560.6293077,2776252,1804.263,expert4_eval,4699389952,1742
1790732561.6508095,2776252,1805.285,expert4_eval,4699389952,1742
1790732562.672281,2776252,1806.306,expert4_eval,4699389952,1742
1790732563.6967764,2776252,1807.331,expert4_eval,4699389952,1742
1790732564.720958,2776252,1808.355,expert4_eval,4699389952,1742
1790732565.7474532,2776252,1809.382,expert4_eval,4699389952,1742
1790732566.77393,2776252,1810.408,expert4_eval,4699389952,1742
1790732567.7963967,2776252,1811.431,expert4_eval,4699389952,1742
1790732568.818427,2776252,1812.453,expert4_eval,4699389952,1742
1790732569.8422415,2776252,1813.476,expert4_eval,4699389952,1742
1790732570.865206,2776252,1814.499,expert4_eval,4699389952,1742
1790732571.8878324,2776252,1815.522,expert4_eval,4699389952,1742
1790732572.9113948,2776252,1816.546,expert4_eval,4699389952,1742
1790732573.942202,2776252,1817.576,expert4_eval,4699389952,1742
1790732574.9788783,2776252,1818.613,expert4_eval,4699389952,1742
1790732576.00497,2776252,1819.639,expert4_eval,4699389952,1742
1790732577.0338156,2776252,1820.668,expert4_eval,4699389952,1742
1790732578.0616162,2776252,1821.696,expert4_eval,4699389952,1742
1790732579.0837264,2776252,1822.718,expert4_eval,4699389952,1742
1790732580.107198,2776252,1823.741,expert4_eval,4699389952,1742
1790732581.1295707,2776252,1824.764,expert4_eval,4699389952,1742
1790732582.1532538,2776252,1825.787,expert4_eval,4699389952,1742
1790732583.176862,2776252,1826.811,expert4_eval,4699389952,1742
1790732584.19904,2776252,1827.833,expert4_eval,4699389952,1742
1790732585.2255752,2776252,1828.86,expert4_eval,4699389952,1742
1790732586.2500536,2776252,1829.884,expert4_eval,4699389952,1742
1790732587.2737668,2776252,1830.908,expert4_eval,4699389952,1742
1790732588.2971263,2776252,1831.931,expert4_eval,4699389952,1742
1790732589.3208752,2776252,1832.955,expert4_eval,4699389952,1742
1790732590.3451965,2776252,1833.979,expert4_eval,4699389952,1742
1790732591.3675132,2776252,1835.002,expert4_eval,4699389952,1742
1790732592.38992,2776252,1836.024,expert4_eval,4699389952,1742
1790732593.4153783,2776252,1837.05,expert4_eval,4699389952,1742
1790732594.4369092,2776252,1838.071,expert4_eval,4699389952,1742
1790732595.4583764,2776252,1839.093,expert4_eval,4699389952,1742
1790732596.483387,2776252,1840.118,expert4_eval,4699389952,1742
1790732597.504687,2776252,1841.139,expert4_eval,4699389952,1742
1790732598.5243328,2776252,1842.158,expert4_eval,4699389952,1742
1790732599.5452716,2776252,1843.179,expert4_eval,4699389952,1742
1790732600.5659633,2776252,1844.2,expert4_eval,4699389952,1742
1790732601.6563656,2776252,1845.291,starting,4281389056,758
1790732602.6795356,2776252,1846.314,fit_scorer,4293210112,588
1790732603.7111995,2776252,1847.345,fit_scorer,4262412288,588
1790732604.742434,2776252,1848.377,fit_scorer,4262445056,588
1790732605.7737064,2776252,1849.408,fit_scorer,4262449152,588
1790732606.8041096,2776252,1850.438,fit_scorer,4262461440,588
1790732607.836131,2776252,1851.47,fit_scorer,4262473728,588
1790732608.8626702,2776252,1852.497,fit_verifier,4318617600,588
1790732609.8906314,2776252,1853.525,fit_verifier,4315488256,588
1790732610.9178483,2776252,1854.552,fit_verifier,4315488256,588
1790732611.9406006,2776252,1855.575,fit_verifier,4315488256,588
1790732612.969119,2776252,1856.603,fit_verifier,4315488256,588
1790732613.9959424,2776252,1857.63,fit_verifier,4315488256,588
1790732615.0177736,2776252,1858.652,fit_verifier,4315488256,588
1790732616.0408478,2776252,1859.675,fit_verifier,4315488256,588
1790732617.0692203,2776252,1860.703,fit_verifier,4315488256,588
1790732618.0925355,2776252,1861.727,fit_verifier,4315488256,588
1790732619.1148868,2776252,1862.749,fit_verifier,4315488256,588
1790732620.1362605,2776252,1863.77,fit_verifier,4315488256,588
1790732621.16283,2776252,1864.797,fit_verifier,4315488256,588
1790732622.193108,2776252,1865.827,fit_verifier,4315488256,588
1790732623.2256393,2776252,1866.86,fit_verifier,4315488256,588
1790732624.251221,2776252,1867.885,fit_verifier,4315488256,588
1790732625.2799935,2776252,1868.914,fit_verifier,4315488256,588
1790732626.3085675,2776252,1869.943,fit_verifier,4315488256,588
1790732627.3356116,2776252,1870.97,fit_verifier,4315488256,588
1790732628.3663938,2776252,1872.001,fit_verifier,4315488256,588
1790732629.3918653,2776252,1873.026,fit_verifier,4315488256,588
1790732630.4190874,2776252,1874.053,fit_verifier,4315488256,588
1790732631.4465225,2776252,1875.081,fit_verifier,4315488256,588
1790732632.4737499,2776252,1876.108,fit_verifier,4315488256,588
1790732633.5152764,2776252,1877.149,fit_verifier,4315488256,588
1790732634.5413907,2776252,1878.176,fit_verifier,4315488256,588
1790732635.5692859,2776252,1879.203,fit_verifier,4315488256,588
1790732636.5974576,2776252,1880.232,fit_verifier,4315488256,588
1790732637.6255517,2776252,1881.26,policy_calibration,4418990080,588
1790732638.662076,2776252,1882.296,test_policy_scoring,4731080704,588
1790732639.6879263,2776252,1883.322,test_policy_scoring,4731080704,588
1790732640.7111542,2776252,1884.345,test_policy_scoring,4731080704,588
1790732641.7351766,2776252,1885.369,test_policy_scoring,5130653696,588
