epoch,pid,elapsed_seconds,phase,rss_bytes,gpu_used_mib
1790729998.9255202,2756165,0.254,starting,517623808,0
1790730000.1337037,2756165,1.462,starting,818143232,0
1790730001.1559784,2756165,2.484,input_loading,4685987840,0
1790730002.1770508,2756165,3.505,input_loading,8842276864,0
1790730003.1999552,2756165,4.528,input_loading,12987338752,0
1790730004.3232546,2756165,5.652,input_loading,16182521856,0
1790730005.5951562,2756165,6.923,input_loading,19367718912,0
1790730006.7487845,2756165,8.077,input_loading,22433169408,0
1790730007.9498632,2756165,9.278,input_loading,25085849600,0
1790730008.9743412,2756165,10.303,input_loading,26508713984,0
1790730010.7738066,2756165,12.102,input_loading,23304159232,0
1790730013.7925043,2756165,15.121,input_loading,23551737856,0
1790730014.96855,2756165,16.297,input_loading,23910486016,0
1790730016.319251,2756165,17.648,input_loading,23557783552,0
1790730017.3390577,2756165,18.667,input_loading,23602425856,0
1790730018.360723,2756165,19.689,input_loading,23602425856,0
1790730019.7211437,2756165,21.049,input_loading,23615201280,0
1790730020.7450094,2756165,22.073,input_loading,25150943232,0
1790730022.5038743,2756165,23.832,starting,1357643776,0
1790730023.5269427,2756165,24.855,starting,2447212544,0
1790730024.5502067,2756165,25.879,starting,1328173056,0
1790730025.5739014,2756165,26.902,starting,1328173056,0
1790730026.596617,2756165,27.925,starting,1328173056,0
1790730027.6212084,2756165,28.95,starting,1328173056,0
1790730028.6453362,2756165,29.974,starting,1328173056,0
1790730029.6650152,2756165,30.993,starting,1328173056,0
1790730030.6932526,2756165,32.022,starting,2810953728,0
1790730031.715112,2756165,33.043,starting,4823781376,456
1790730032.740129,2756165,34.068,starting,4878372864,656
1790730033.76342,2756165,35.092,starting,5306875904,1738
1790730034.7878,2756165,36.116,starting,5306875904,1738
1790730035.8116302,2756165,37.14,starting,5323198464,2918
1790730036.8355806,2756165,38.164,starting,5323358208,2918
1790730037.8591938,2756165,39.188,starting,5323358208,2918
1790730038.8838425,2756165,40.212,starting,5394661376,2938
1790730039.909629,2756165,41.238,starting,5394661376,2938
1790730040.9332604,2756165,42.262,starting,5394661376,2938
1790730041.9558322,2756165,43.284,starting,5394661376,2958
1790730042.9795995,2756165,44.308,starting,5394661376,2958
1790730043.9992514,2756165,45.328,starting,5394661376,2978
1790730045.0230026,2756165,46.351,starting,5394726912,2978
1790730046.0461686,2756165,47.374,starting,5394726912,2978
1790730047.0688689,2756165,48.397,starting,5394726912,2978
1790730048.0923781,2756165,49.421,starting,5394726912,2978
1790730049.1169705,2756165,50.445,starting,5394726912,2978
1790730050.1394644,2756165,51.468,starting,5394726912,2978
1790730051.160527,2756165,52.489,starting,5394726912,2978
1790730052.1820714,2756165,53.51,starting,5394726912,2978
1790730053.2022731,2756165,54.531,starting,5394726912,2978
1790730054.2210267,2756165,55.549,starting,5394726912,2978
1790730055.24139,2756165,56.57,starting,5394726912,2978
1790730056.2655644,2756165,57.594,starting,5395951616,2978
1790730057.2904987,2756165,58.619,starting,5395951616,2978
1790730058.3157847,2756165,59.644,starting,5395951616,2978
1790730059.3348281,2756165,60.663,starting,5395951616,2978
1790730060.3560145,2756165,61.684,starting,5395951616,2978
1790730061.380547,2756165,62.709,starting,5395951616,2978
1790730062.4078689,2756165,63.736,starting,5420068864,2978
1790730063.4332936,2756165,64.762,starting,5420068864,2978
1790730064.454709,2756165,65.783,starting,5420068864,2978
1790730065.4786022,2756165,66.807,starting,5420068864,2978
1790730066.5024369,2756165,67.831,starting,5420068864,2978
1790730067.5251033,2756165,68.853,starting,5420068864,2978
1790730068.544377,2756165,69.873,starting,5420068864,2978
1790730069.5651731,2756165,70.893,starting,5420068864,2978
1790730070.5884454,2756165,71.917,starting,5420068864,2978
1790730071.6093287,2756165,72.938,starting,5420068864,2978
1790730072.6285648,2756165,73.957,starting,5420068864,2978
1790730073.650176,2756165,74.978,starting,5360562176,2978
1790730074.67149,2756165,76.0,starting,5360562176,2978
1790730075.6954393,2756165,77.024,starting,5360562176,2978
1790730076.7167485,2756165,78.045,starting,5360562176,2978
1790730077.7406166,2756165,79.069,starting,5360562176,2978
1790730078.7653089,2756165,80.094,starting,5360562176,2978
1790730079.7895348,2756165,81.118,starting,5360562176,2982
1790730080.8104832,2756165,82.139,starting,5360562176,2982
1790730081.8288708,2756165,83.157,starting,5360562176,2984
1790730082.8492332,2756165,84.178,starting,5360562176,2984
1790730083.8696158,2756165,85.198,starting,5360562176,2984
1790730084.8927321,2756165,86.221,starting,5360562176,2984
1790730085.9174073,2756165,87.246,starting,5360562176,2984
1790730086.9420524,2756165,88.27,starting,5360562176,2984
1790730087.967893,2756165,89.296,starting,5396475904,2984
1790730088.9921794,2756165,90.321,starting,5396475904,2984
1790730090.0162685,2756165,91.345,starting,5396475904,2984
1790730091.038813,2756165,92.367,starting,5396475904,2984
1790730092.0631957,2756165,93.392,starting,5396475904,2984
1790730093.0877385,2756165,94.416,starting,5396475904,3004
1790730094.1089728,2756165,95.437,starting,5554290688,3004
1790730095.1328957,2756165,96.461,starting,5554290688,3004
1790730096.1571324,2756165,97.485,starting,5554290688,3204
1790730097.1818922,2756165,98.51,starting,5554290688,3204
1790730098.2062962,2756165,99.535,starting,5554290688,3204
1790730099.2298925,2756165,100.558,starting,5688512512,3284
1790730100.2549813,2756165,101.583,starting,5688512512,3284
1790730101.279245,2756165,102.608,starting,5688512512,3284
1790730102.3061464,2756165,103.634,starting,5688512512,3284
1790730103.3285978,2756165,104.657,starting,5688512512,3284
1790730104.352274,2756165,105.681,starting,5688512512,3284
1790730105.3797739,2756165,106.708,starting,5822734336,3284
1790730106.4033582,2756165,107.732,starting,5822734336,3284
1790730107.4242907,2756165,108.753,starting,5822734336,3284
1790730108.4444156,2756165,109.773,starting,5822734336,3284
1790730109.4639256,2756165,110.792,starting,5822734336,3284
1790730110.4844377,2756165,111.813,starting,5822734336,3284
1790730111.5085716,2756165,112.837,starting,6067572736,3284
1790730112.5279708,2756165,113.856,starting,6067572736,3284
1790730113.55208,2756165,114.88,starting,6067572736,3284
1790730114.576234,2756165,115.905,starting,6067572736,3284
1790730115.6003056,2756165,116.929,starting,6067572736,3284
1790730116.6198916,2756165,117.948,starting,6225387520,3284
1790730117.639517,2756165,118.968,starting,6225387520,3284
1790730118.6591923,2756165,119.988,starting,6225387520,3284
1790730119.679744,2756165,121.008,starting,6225387520,3284
1790730120.7003233,2756165,122.029,starting,6225387520,3284
1790730121.7255075,2756165,123.054,starting,6225387520,3284
1790730122.7493975,2756165,124.078,starting,6359609344,3284
1790730123.7715924,2756165,125.1,starting,6359609344,3284
1790730124.792598,2756165,126.121,starting,6359609344,3284
1790730125.815875,2756165,127.144,starting,6359609344,3284
1790730126.8367834,2756165,128.165,starting,6359609344,3284
1790730127.855704,2756165,129.184,starting,6359609344,3284
1790730128.8762906,2756165,130.205,starting,6493831168,3284
1790730129.8987443,2756165,131.227,starting,6493831168,3284
1790730130.9211843,2756165,132.25,starting,6493831168,3284
1790730131.9422977,2756165,133.271,starting,6493831168,3284
1790730132.96719,2756165,134.296,starting,6493831168,3284
1790730133.9937809,2756165,135.322,starting,6130098176,3284
1790730135.0187635,2756165,136.347,starting,6130098176,3284
1790730136.0450337,2756165,137.373,starting,6174994432,3284
1790730137.0701303,2756165,138.398,starting,6174994432,3284
1790730138.0950842,2756165,139.423,starting,6219890688,3284
1790730139.119565,2756165,140.448,starting,6219890688,3284
1790730140.1435423,2756165,141.472,starting,6219890688,3284
1790730141.1659548,2756165,142.494,starting,6264786944,3284
1790730142.1922154,2756165,143.521,starting,6180474880,3284
1790730143.212244,2756165,144.541,starting,5541806080,3284
1790730144.232763,2756165,145.561,starting,5541806080,3284
1790730145.2546425,2756165,146.583,starting,5541806080,3284
1790730146.2799826,2756165,147.608,starting,5541806080,3284
1790730147.3040843,2756165,148.632,starting,5541806080,3284
1790730148.35764,2756165,149.686,starting,5565923328,3284
1790730149.3763952,2756165,150.705,starting,5565923328,3284
1790730150.395157,2756165,151.723,starting,5565923328,3284
1790730151.4143674,2756165,152.743,starting,5565923328,3284
1790730152.4370666,2756165,153.765,starting,5565923328,3284
1790730153.4614136,2756165,154.79,starting,5565923328,3284
1790730154.4840016,2756165,155.812,starting,5565923328,3284
1790730155.5084734,2756165,156.837,starting,5565923328,3284
1790730156.5327635,2756165,157.861,starting,5565923328,3284
1790730157.5570614,2756165,158.885,starting,5565923328,3284
1790730158.5817783,2756165,159.91,starting,5565923328,3284
1790730159.633096,2756165,160.961,starting,5565923328,3284
1790730160.6606724,2756165,161.989,starting,5518213120,3284
1790730161.6805441,2756165,163.009,starting,5518213120,3284
1790730162.701593,2756165,164.03,starting,5518213120,3284
1790730163.7270265,2756165,165.055,starting,5518213120,3284
1790730164.7498999,2756165,166.078,starting,5518213120,3284
1790730165.776597,2756165,167.105,starting,5518213120,3284
1790730166.7978587,2756165,168.126,starting,5518213120,3284
1790730167.8213573,2756165,169.15,starting,5518213120,3284
1790730168.8397548,2756165,170.168,starting,5518213120,3284
1790730169.8617191,2756165,171.19,starting,5518213120,3284
1790730170.8857028,2756165,172.214,starting,5518213120,3284
1790730171.9080842,2756165,173.236,starting,5518213120,3284
1790730172.9341867,2756165,174.263,starting,5518213120,3284
1790730173.9589047,2756165,175.287,starting,5518213120,3284
1790730174.9841876,2756165,176.313,starting,5518213120,3284
1790730176.0110822,2756165,177.339,starting,5518213120,3284
1790730177.0356674,2756165,178.364,starting,5518213120,3284
1790730178.0602071,2756165,179.389,starting,5518213120,3284
1790730179.0846488,2756165,180.413,starting,5518213120,3284
1790730180.106695,2756165,181.435,starting,5542330368,3284
1790730181.128792,2756165,182.457,starting,5542330368,3284
1790730182.1530895,2756165,183.481,starting,5542330368,3284
1790730183.1745148,2756165,184.503,starting,5542330368,3284
1790730184.1985598,2756165,185.527,starting,5542330368,3284
1790730185.2220242,2756165,186.55,starting,5700145152,3284
1790730186.2433534,2756165,187.572,starting,5700145152,3284
1790730187.2673442,2756165,188.596,starting,5700145152,3284
1790730188.2898102,2756165,189.618,starting,5700145152,3284
1790730189.3132954,2756165,190.642,starting,5700145152,3284
1790730190.335091,2756165,191.663,starting,5700145152,3284
1790730191.361012,2756165,192.689,starting,5834366976,3284
1790730192.3858886,2756165,193.714,starting,5834366976,3284
1790730193.4082355,2756165,194.737,starting,5834366976,3284
1790730194.4287598,2756165,195.757,starting,5834366976,3284
1790730195.4541662,2756165,196.782,starting,5834366976,3284
1790730196.4757218,2756165,197.804,starting,5834366976,3284
1790730197.5006242,2756165,198.829,starting,5968588800,3284
1790730198.5243497,2756165,199.853,starting,5968588800,3284
1790730199.5479195,2756165,200.876,starting,5968588800,3284
1790730200.5698771,2756165,201.898,starting,5968588800,3284
1790730201.5890527,2756165,202.917,starting,5968588800,3284
1790730202.6100588,2756165,203.938,starting,6155333632,3284
1790730203.631269,2756165,204.96,starting,6155333632,3284
1790730204.656307,2756165,205.985,starting,6155333632,3284
1790730205.6799102,2756165,207.008,starting,6155333632,3284
1790730206.7011857,2756165,208.03,starting,6247182336,3284
1790730207.724116,2756165,209.052,starting,6247182336,3284
1790730208.7463205,2756165,210.075,starting,6247182336,3284
1790730209.7706819,2756165,211.099,starting,6325301248,3284
1790730210.7930412,2756165,212.121,starting,6325301248,3284
1790730211.8144214,2756165,213.143,starting,6325301248,3284
1790730212.834529,2756165,214.163,starting,6325301248,3284
1790730213.8557203,2756165,215.184,starting,6403420160,3284
1790730214.8769135,2756165,216.205,starting,6403420160,3284
1790730215.8974628,2756165,217.226,starting,6403420160,3284
1790730216.9212868,2756165,218.25,starting,5739966464,3284
1790730217.945645,2756165,219.274,starting,5484388352,3284
1790730218.9672885,2756165,220.296,starting,5485264896,3286
1790730219.9923842,2756165,221.321,starting,5485264896,3286
1790730221.0173643,2756165,222.346,starting,5488078848,3286
1790730222.0429413,2756165,223.371,starting,5705748480,3286
1790730223.0678723,2756165,224.396,starting,5705748480,3286
1790730224.1075294,2756165,225.436,starting,5705748480,3286
1790730225.1359384,2756165,226.464,starting,5705748480,3286
1790730226.158641,2756165,227.487,starting,5441933312,3286
1790730227.1789465,2756165,228.507,starting,5441933312,3286
1790730228.2026715,2756165,229.531,starting,5441933312,3286
1790730229.2321546,2756165,230.56,starting,5705748480,3286
1790730230.2587166,2756165,231.587,starting,5705748480,3286
1790730231.2854125,2756165,232.614,starting,5705748480,3286
1790730232.3102582,2756165,233.639,starting,5705748480,3286
1790730233.333833,2756165,234.662,starting,5443051520,3286
1790730234.354258,2756165,235.683,starting,5443051520,3286
1790730235.3786306,2756165,236.707,starting,5706866688,3286
1790730236.4021666,2756165,237.73,starting,5706866688,3286
1790730237.427318,2756165,238.756,starting,5706866688,3286
1790730238.4531715,2756165,239.781,starting,5706866688,3286
1790730239.4757507,2756165,240.804,starting,5443051520,3286
1790730240.5006838,2756165,241.829,starting,5443051520,3286
1790730241.524741,2756165,242.853,starting,5443051520,3286
1790730242.549698,2756165,243.878,starting,5706866688,3286
1790730243.5754154,2756165,244.904,starting,5706866688,3286
1790730244.5994768,2756165,245.928,starting,5706866688,3286
1790730245.6269844,2756165,246.955,starting,5706866688,3286
1790730246.650493,2756165,247.979,starting,5443051520,3286
1790730247.6759987,2756165,249.004,starting,5443051520,3286
1790730248.7056847,2756165,250.034,starting,5597888512,3286
1790730249.7324133,2756165,251.061,starting,5706813440,3286
1790730250.7598145,2756165,252.088,starting,5706813440,3286
1790730251.7850547,2756165,253.113,starting,5706813440,3286
1790730252.810044,2756165,254.138,expert1_fit,4889767936,554
1790730253.8356044,2756165,255.164,expert1_fit,4889767936,738
1790730254.860049,2756165,256.188,expert1_fit,4906729472,4222
1790730255.882139,2756165,257.21,expert1_fit,4906729472,4228
1790730256.9052038,2756165,258.234,expert1_fit,4906729472,4228
1790730257.9292994,2756165,259.258,expert1_fit,4906729472,4228
1790730258.9507606,2756165,260.279,expert1_fit,4906729472,4228
1790730259.9702284,2756165,261.299,expert1_fit,4906729472,4228
1790730260.9932108,2756165,262.322,expert1_fit,4906729472,4228
1790730262.012175,2756165,263.34,expert1_fit,4906729472,4228
1790730263.0333235,2756165,264.362,expert1_fit,4906729472,4228
1790730264.0549417,2756165,265.383,expert1_fit,4906729472,4228
1790730265.077589,2756165,266.406,expert1_fit,4906729472,4228
1790730266.101567,2756165,267.43,expert1_fit,4906729472,4228
1790730267.1257472,2756165,268.454,expert1_fit,4906729472,4248
1790730268.1491053,2756165,269.477,expert1_fit,4906729472,4288
1790730269.174478,2756165,270.503,expert1_fit,4906729472,4348
1790730270.1936274,2756165,271.522,expert1_fit,4906729472,4388
1790730271.215285,2756165,272.544,expert1_fit,4906729472,4448
1790730272.2388139,2756165,273.567,expert1_fit,4906729472,4488
1790730273.2638805,2756165,274.592,expert1_fit,4906729472,4548
1790730274.2870388,2756165,275.615,expert1_fit,4906729472,4588
1790730275.3088026,2756165,276.637,expert1_fit,4906729472,4628
1790730276.3298693,2756165,277.658,expert1_fit,4906729472,4688
1790730277.349682,2756165,278.678,expert1_fit,4906729472,4728
1790730278.3696907,2756165,279.698,expert1_fit,4906815488,4728
1790730279.3894143,2756165,280.718,expert1_fit,4906815488,4728
1790730280.4108555,2756165,281.739,expert1_fit,4906815488,4728
1790730281.4336286,2756165,282.762,expert1_fit,4906815488,4728
1790730282.4571977,2756165,283.786,expert1_fit,4906815488,4728
1790730283.5161161,2756165,284.844,expert1_fit,4906815488,4728
1790730284.5445426,2756165,285.873,expert1_fit,4906815488,4728
1790730285.565914,2756165,286.894,expert1_fit,4906815488,4728
1790730286.5907013,2756165,287.919,expert1_fit,4906815488,4728
1790730287.6090398,2756165,288.937,expert1_fit,4906815488,4728
1790730288.631396,2756165,289.96,expert1_fit,4906815488,4728
1790730289.652702,2756165,290.981,expert1_fit,4906815488,4728
1790730290.673223,2756165,292.002,expert1_fit,4906815488,4728
1790730291.6917975,2756165,293.02,expert1_fit,4906815488,4728
1790730292.7121246,2756165,294.04,expert1_fit,4906815488,4728
1790730293.7318015,2756165,295.06,expert1_fit,4906815488,4728
1790730294.755962,2756165,296.084,expert1_fit,4906815488,4728
1790730295.7800622,2756165,297.108,expert1_fit,4906815488,4728
1790730296.8025515,2756165,298.131,expert1_fit,4906815488,4728
1790730297.8215582,2756165,299.15,expert1_fit,4906815488,4728
1790730298.842097,2756165,300.17,expert1_fit,4906815488,4728
1790730299.8635619,2756165,301.192,expert1_fit,4906815488,4728
1790730300.8880098,2756165,302.216,expert1_fit,4906815488,4728
1790730301.9118953,2756165,303.24,expert1_fit,4906815488,4728
1790730302.9335206,2756165,304.262,expert1_fit,4906815488,4728
1790730303.9578052,2756165,305.286,expert1_fit,4906815488,4728
1790730304.9817522,2756165,306.31,expert1_fit,4906815488,4728
1790730306.0039601,2756165,307.332,expert1_fit,4906815488,4728
1790730307.024769,2756165,308.353,expert1_fit,4906815488,4728
1790730308.0469282,2756165,309.375,expert1_fit,4906815488,4728
1790730309.0704587,2756165,310.399,expert1_fit,4906815488,4728
1790730310.0902805,2756165,311.419,expert1_fit,4906815488,4728
1790730311.111551,2756165,312.44,expert1_fit,4906815488,4728
1790730312.1335418,2756165,313.462,expert1_fit,4906815488,4728
1790730313.158025,2756165,314.486,expert1_fit,4906815488,4728
1790730314.1797543,2756165,315.508,expert1_fit,5667872768,4728
1790730315.201189,2756165,316.53,expert1_fit,5667872768,4728
1790730316.2277827,2756165,317.556,expert1_fit,5667872768,4728
1790730317.2499678,2756165,318.578,expert1_fit,5667872768,4728
1790730318.2698061,2756165,319.598,expert1_fit,5667872768,4728
1790730319.291528,2756165,320.62,expert1_fit,5667872768,4728
1790730320.3106844,2756165,321.639,expert1_fit,5667872768,4728
1790730321.3293865,2756165,322.658,expert1_fit,5667872768,4728
1790730322.3503108,2756165,323.679,expert1_fit,5667872768,4728
1790730323.3713446,2756165,324.7,expert1_fit,5667872768,4728
1790730324.3939807,2756165,325.722,expert1_fit,5667872768,4728
1790730325.4138901,2756165,326.742,expert1_fit,5667872768,4728
1790730326.4350128,2756165,327.763,expert1_fit,5667872768,4728
1790730327.4572892,2756165,328.786,expert1_fit,5667872768,4728
1790730328.4776387,2756165,329.806,expert1_fit,5667872768,4728
1790730329.5004396,2756165,330.829,expert1_fit,5667872768,4728
1790730330.5197308,2756165,331.848,expert1_fit,5667872768,4728
1790730331.5406804,2756165,332.869,expert1_fit,5667872768,4728
1790730332.5650506,2756165,333.893,expert1_fit,5667872768,4728
1790730333.5860322,2756165,334.914,expert1_fit,5667872768,4728
1790730334.610975,2756165,335.939,expert1_fit,5667872768,4728
1790730335.6352696,2756165,336.964,expert1_fit,5667872768,4728
1790730336.6562603,2756165,337.985,expert1_fit,5667872768,4728
1790730337.6767468,2756165,339.005,expert1_fit,5667872768,4728
1790730338.7016068,2756165,340.03,expert1_fit,5667872768,4728
1790730339.7243855,2756165,341.053,expert1_fit,5680558080,4728
1790730340.7446077,2756165,342.073,expert1_fit,5837639680,4728
1790730341.7712283,2756165,343.1,expert1_fit,6479806464,4728
1790730342.7960787,2756165,344.124,expert1_fit,6479806464,4728
1790730343.8181403,2756165,345.146,expert1_fit,6479806464,4728
1790730344.84182,2756165,346.17,expert1_fit,6479806464,4728
1790730345.866555,2756165,347.195,expert1_fit,6479806464,4728
1790730346.8919003,2756165,348.22,expert1_fit,6479806464,4728
1790730347.9166543,2756165,349.245,expert1_fit,6479806464,4728
1790730348.9394886,2756165,350.268,expert1_fit,6479806464,4728
1790730349.964739,2756165,351.293,expert1_fit,6479806464,4728
1790730350.9914556,2756165,352.32,expert1_fit,6479806464,4728
1790730352.0174015,2756165,353.346,expert1_fit,6479806464,4728
1790730353.041505,2756165,354.37,expert1_fit,6479806464,4728
1790730354.063387,2756165,355.392,expert1_fit,6479806464,4728
1790730355.088921,2756165,356.417,expert1_fit,6479806464,4728
1790730356.114854,2756165,357.443,expert1_fit,6479806464,4728
1790730357.140641,2756165,358.469,expert1_fit,6492491776,4728
1790730358.1660903,2756165,359.494,starting,7291740160,4728
1790730359.1874282,2756165,360.516,starting,7291740160,4728
1790730517.714609,2769489,0.244,starting,518889472,0
1790730518.8724682,2769489,1.402,starting,801050624,0
1790730519.9018111,2769489,2.431,input_loading,4659212288,0
1790730520.9218187,2769489,3.451,input_loading,8787189760,0
1790730521.9418206,2769489,4.471,input_loading,12901621760,0
1790730523.065312,2769489,5.594,input_loading,16105938944,0
1790730524.368646,2769489,6.898,input_loading,19378810880,0
1790730525.5106363,2769489,8.04,input_loading,22414802944,0
1790730526.7122738,2769489,9.241,input_loading,25083031552,0
1790730527.7363021,2769489,10.265,input_loading,26586324992,0
1790730529.4976895,2769489,12.027,input_loading,23304237056,0
1790730532.4184594,2769489,14.948,input_loading,23551397888,0
1790730533.527431,2769489,16.057,input_loading,23910146048,0
1790730534.977611,2769489,17.507,input_loading,23557271552,0
1790730535.99899,2769489,18.528,input_loading,23601369088,0
1790730537.0207257,2769489,19.55,input_loading,23601369088,0
1790730538.1351166,2769489,20.664,input_loading,23651332096,0
1790730539.6506774,2769489,22.18,starting,1281687552,0
1790730540.6702743,2769489,23.199,starting,1281687552,0
1790730541.6930494,2769489,24.222,starting,1281687552,0
1790730542.713469,2769489,25.243,starting,1281687552,0
1790730543.7376916,2769489,26.267,starting,1281687552,0
1790730544.7583795,2769489,27.288,starting,1281687552,0
1790730545.7824867,2769489,28.312,starting,1281687552,0
1790730546.8185542,2769489,29.348,starting,4375375872,0
1790730547.8467646,2769489,30.376,starting,4823117824,656
1790730548.8708465,2769489,31.4,expert1_fit,4267212800,448
1790730549.9042668,2769489,32.433,expert1_fit,4336316416,4264
1790730550.9313152,2769489,33.461,expert1_fit,4337094656,4268
1790730551.9532576,2769489,34.482,expert1_fit,4337905664,4268
1790730552.9761987,2769489,35.505,expert1_fit,4337905664,4268
1790730554.000116,2769489,36.529,expert1_fit,4337905664,4268
1790730555.0241225,2769489,37.553,expert1_fit,4337905664,4268
1790730556.0513003,2769489,38.58,expert1_fit,4337905664,4288
1790730557.0709183,2769489,39.6,expert1_fit,4337905664,4328
1790730558.0969126,2769489,40.626,expert1_fit,4337905664,4388
1790730559.118494,2769489,41.648,expert1_fit,4337905664,4428
1790730560.1403418,2769489,42.67,expert1_fit,4337905664,4488
1790730561.1618028,2769489,43.691,expert1_fit,4337905664,4528
1790730562.1842027,2769489,44.713,expert1_fit,4337905664,4568
1790730563.210949,2769489,45.74,expert1_fit,4337905664,4628
1790730564.2332716,2769489,46.762,expert1_fit,4337905664,4668
1790730565.2598505,2769489,47.789,expert1_fit,4337905664,4728
1790730566.2812972,2769489,48.81,expert1_fit,4337991680,4728
1790730567.3054621,2769489,49.835,expert1_fit,4337991680,4728
1790730568.3303552,2769489,50.86,expert1_fit,4337991680,4728
1790730569.353226,2769489,51.882,expert1_fit,4337991680,4728
1790730570.3742986,2769489,52.903,expert1_fit,4337991680,4728
1790730571.397844,2769489,53.927,expert1_fit,4337991680,4728
1790730572.4269607,2769489,54.956,expert1_fit,4338503680,4728
1790730573.455188,2769489,55.984,expert1_fit,4338503680,4728
1790730574.480077,2769489,57.009,expert1_fit,4338503680,4728
1790730575.5038834,2769489,58.033,expert1_fit,4338503680,4728
1790730576.5249856,2769489,59.054,expert1_fit,4338503680,4728
1790730577.5459294,2769489,60.075,expert1_fit,4338503680,4728
1790730578.567977,2769489,61.097,expert1_fit,4338503680,4728
1790730579.5909574,2769489,62.12,expert1_fit,4338503680,4728
1790730580.6145403,2769489,63.144,expert1_fit,4338503680,4728
1790730581.6402435,2769489,64.169,expert1_fit,4338503680,4728
1790730582.6650777,2769489,65.194,expert1_fit,4338503680,4728
1790730583.689307,2769489,66.218,expert1_fit,4338503680,4728
1790730584.7113461,2769489,67.241,expert1_fit,4338503680,4728
1790730585.7354698,2769489,68.265,expert1_fit,4338503680,4728
1790730586.7574856,2769489,69.287,expert1_fit,4338503680,4728
1790730587.7828221,2769489,70.312,expert1_fit,4338503680,4728
1790730588.8081806,2769489,71.337,expert1_fit,4338503680,4728
1790730589.8406186,2769489,72.37,expert1_fit,4890173440,4728
1790730590.8659265,2769489,73.395,expert1_fit,4890173440,4728
1790730591.890681,2769489,74.42,expert1_fit,4890173440,4728
1790730592.9151645,2769489,75.444,expert1_fit,4890173440,4728
1790730593.9385226,2769489,76.468,expert1_fit,4890173440,4728
1790730594.9603827,2769489,77.49,expert1_fit,4890173440,4728
1790730595.9822564,2769489,78.511,expert1_fit,4890173440,4728
1790730597.0068836,2769489,79.536,expert1_fit,4890173440,4728
1790730598.0277393,2769489,80.557,expert1_fit,4890173440,4728
1790730599.0519552,2769489,81.581,expert1_fit,4890173440,4728
1790730600.0758626,2769489,82.605,expert1_fit,4890173440,4728
1790730601.0968409,2769489,83.626,expert1_fit,4890173440,4728
1790730602.1206045,2769489,84.65,expert1_fit,4890173440,4728
1790730603.1418242,2769489,85.671,expert1_fit,4890173440,4728
1790730604.1775107,2769489,86.707,expert1_fit,5708529664,4728
1790730605.2073755,2769489,87.737,expert1_fit,5708529664,4728
1790730606.2289104,2769489,88.758,expert1_fit,5708529664,4728
1790730607.2484992,2769489,89.778,expert1_fit,5708529664,4728
1790730608.268516,2769489,90.798,expert1_fit,5708529664,4728
1790730609.2876356,2769489,91.817,expert1_fit,5708529664,4728
1790730610.3081472,2769489,92.837,expert1_fit,5708529664,4728
1790730611.3325548,2769489,93.862,expert1_fit,5708529664,4728
1790730612.3568487,2769489,94.886,expert1_fit,5708529664,4728
1790730613.3811774,2769489,95.91,expert1_fit,5708529664,4728
1790730614.4021087,2769489,96.931,expert1_fit,5708529664,4728
1790730615.4251144,2769489,97.954,expert1_fit,5708529664,4728
1790730616.4493122,2769489,98.978,expert1_fit,5708529664,4728
1790730617.4698815,2769489,99.999,expert1_fit,5708529664,4728
1790730618.4984665,2769489,101.028,starting,7725285376,4822
1790730619.5192025,2769489,102.048,starting,6510559232,4822
1790730620.5427415,2769489,103.072,starting,6510559232,4822
1790730621.56333,2769489,104.093,starting,6510559232,4822
1790730622.5848014,2769489,105.114,starting,6510559232,4822
1790730623.6057618,2769489,106.135,starting,6510559232,4822
1790730624.6272814,2769489,107.156,starting,6510559232,4822
1790730625.6505694,2769489,108.18,starting,6510559232,4822
1790730626.6707501,2769489,109.2,starting,6510559232,4822
1790730627.69119,2769489,110.22,starting,6510559232,4822
1790730628.7089434,2769489,111.238,starting,6510559232,4822
1790730629.729334,2769489,112.259,starting,6510559232,4822
1790730630.7544944,2769489,113.284,starting,6510559232,4822
1790730631.7746246,2769489,114.304,starting,6510559232,4822
1790730632.7952778,2769489,115.324,starting,6510559232,4822
1790730633.8198621,2769489,116.349,starting,6510559232,4822
1790730634.8447359,2769489,117.374,starting,6510559232,4822
1790730635.8682532,2769489,118.397,starting,6510559232,4822
1790730636.889448,2769489,119.419,starting,6510559232,4822
1790730637.9105809,2769489,120.44,starting,6510559232,4822
1790730638.9359028,2769489,121.465,starting,6510559232,4822
1790730639.9574504,2769489,122.487,starting,6510559232,4822
1790730640.9828024,2769489,123.512,starting,6510559232,4822
1790730642.0065417,2769489,124.536,starting,6510559232,4822
1790730643.031629,2769489,125.561,starting,6510559232,4822
1790730644.056693,2769489,126.586,starting,6510559232,4822
1790730645.0819027,2769489,127.611,starting,6510559232,4822
1790730646.1062813,2769489,128.635,starting,6510559232,4822
1790730647.1309514,2769489,129.66,starting,6510559232,4822
1790730648.1545296,2769489,130.684,starting,6510559232,4822
1790730649.1801028,2769489,131.709,starting,6510559232,4822
1790730650.2045095,2769489,132.734,starting,6510559232,4822
1790730651.2256696,2769489,133.755,starting,6510559232,4822
1790730652.2468884,2769489,134.776,starting,6510559232,4822
1790730653.2711785,2769489,135.8,starting,6510559232,4822
1790730654.2955334,2769489,136.825,starting,6510559232,4822
1790730655.3182254,2769489,137.847,starting,6510559232,4822
1790730656.3427615,2769489,138.872,starting,6510559232,4822
1790730657.3672574,2769489,139.896,starting,6510559232,4822
1790730658.3917649,2769489,140.921,starting,6510559232,4822
1790730659.416571,2769489,141.946,starting,6510559232,4822
1790730660.441671,2769489,142.971,starting,6510559232,4822
1790730661.4643223,2769489,143.994,starting,6510559232,4822
1790730662.4876647,2769489,145.017,starting,6510559232,4822
1790730663.5116334,2769489,146.041,starting,6510559232,4822
1790730664.53494,2769489,147.064,starting,6510559232,4822
1790730665.559281,2769489,148.088,starting,6510559232,4822
1790730666.5833857,2769489,149.113,starting,6510559232,4822
1790730667.6081371,2769489,150.137,starting,6510559232,4822
1790730668.6306686,2769489,151.16,starting,6510559232,4822
1790730669.6544125,2769489,152.184,starting,6510559232,4822
1790730670.676421,2769489,153.206,starting,6510559232,4822
1790730671.701609,2769489,154.231,starting,6510559232,4822
1790730672.7243946,2769489,155.254,starting,6510559232,4822
1790730673.7491913,2769489,156.278,starting,6510559232,4822
1790730674.7732198,2769489,157.302,starting,6510559232,4822
1790730675.7984085,2769489,158.328,starting,6510559232,4822
1790730676.8232782,2769489,159.352,starting,6510559232,4822
1790730677.8454876,2769489,160.375,starting,6510559232,4822
1790730678.8700259,2769489,161.399,starting,6510559232,4822
1790730679.8937361,2769489,162.423,starting,6510559232,4822
1790730680.920076,2769489,163.449,starting,6510559232,4822
1790730681.9450476,2769489,164.474,starting,6510559232,4822
1790730682.9685886,2769489,165.498,starting,6598963200,4822
1790730683.992157,2769489,166.521,starting,6598963200,4822
1790730685.01509,2769489,167.544,starting,6599794688,4822
1790730686.0363204,2769489,168.566,starting,6599794688,4822
1790730687.059356,2769489,169.589,starting,6599794688,4822
1790730688.0816884,2769489,170.611,starting,6600081408,4822
1790730689.1014588,2769489,171.631,starting,6600081408,4822
1790730690.1216745,2769489,172.651,starting,6631616512,4822
1790730691.1521983,2769489,173.681,starting,6631616512,4822
1790730692.1735747,2769489,174.703,starting,6631616512,4862
1790730693.1933105,2769489,175.722,starting,6631616512,4862
1790730694.2130105,2769489,176.742,starting,6631616512,4882
1790730695.2361996,2769489,177.765,starting,6631616512,4882
1790730696.2599332,2769489,178.789,starting,6631616512,4882
1790730697.2835374,2769489,179.813,starting,6631616512,4882
1790730698.3054812,2769489,180.835,starting,6631616512,4882
1790730699.3305438,2769489,181.86,starting,6631616512,4882
1790730700.354268,2769489,182.883,starting,6631616512,4882
1790730701.378196,2769489,183.907,starting,6631616512,4882
1790730702.4000564,2769489,184.929,starting,6631616512,4882
1790730703.420267,2769489,185.949,starting,6631616512,4882
1790730704.4446309,2769489,186.974,starting,6631616512,4882
1790730705.468158,2769489,187.997,starting,6631616512,4882
1790730706.4911788,2769489,189.02,starting,6631616512,4882
1790730707.5094824,2769489,190.039,starting,6631616512,4882
1790730708.5292134,2769489,191.058,starting,6631616512,4882
1790730756.6289456,2776251,0.264,starting,525361152,0
1790730757.7811902,2776251,1.417,starting,815669248,0
1790730758.8048093,2776251,2.44,input_loading,4935217152,0
1790730759.8284698,2776251,3.464,input_loading,9170939904,0
1790730760.969965,2776251,4.605,input_loading,13605515264,0
1790730762.060029,2776251,5.695,input_loading,16622964736,0
1790730763.235642,2776251,6.871,input_loading,19556925440,0
1790730764.3653092,2776251,8.001,input_loading,22554300416,0
1790730765.5131812,2776251,9.149,input_loading,25093267456,0
1790730768.1390193,2776251,11.774,input_loading,23300501504,0
1790730771.1806777,2776251,14.816,input_loading,23561715712,0
1790730772.3580694,2776251,15.993,input_loading,23906963456,0
1790730773.7203343,2776251,17.356,input_loading,23554973696,0
1790730774.7440279,2776251,18.379,input_loading,23545937920,0
1790730775.7671795,2776251,19.403,input_loading,23575027712,0
1790730776.8236418,2776251,20.459,input_loading,23620878336,0
1790730778.4805248,2776251,22.116,starting,1281343488,0
1790730779.5000823,2776251,23.136,starting,1280311296,0
1790730780.524388,2776251,24.16,starting,1280311296,0
1790730781.547702,2776251,25.183,starting,1280311296,0
1790730782.598971,2776251,26.234,starting,1280311296,0
1790730783.6224008,2776251,27.258,starting,1280311296,0
1790730784.6470568,2776251,28.282,starting,1280311296,0
1790730785.673273,2776251,29.309,starting,4458303488,0
1790730786.6954658,2776251,30.331,starting,5180907520,656
1790730787.716483,2776251,31.352,starting,4274360320,448
1790730788.7388532,2776251,32.374,starting,4274360320,448
1790730789.7611291,2776251,33.397,starting,4274360320,448
1790730790.7832606,2776251,34.419,starting,4274360320,448
1790730791.8023949,2776251,35.438,starting,4274360320,448
1790730792.8236825,2776251,36.459,starting,4274360320,448
1790730793.8449273,2776251,37.48,starting,4274360320,448
1790730794.8697197,2776251,38.505,starting,4274360320,448
1790730795.8958776,2776251,39.531,starting,4274360320,448
1790730796.9234388,2776251,40.559,starting,4274360320,448
1790730797.9481723,2776251,41.584,starting,4274360320,448
1790730798.9704006,2776251,42.606,starting,4274360320,448
1790730799.9996846,2776251,43.635,starting,4745596928,448
1790730801.068662,2776251,44.704,starting,8143618048,450
1790730802.0884464,2776251,45.724,starting,8143618048,656
1790730803.1122627,2776251,46.748,starting,8143618048,656
1790730804.139395,2776251,47.775,expert1_route,8247107584,2098
1790730805.1641495,2776251,48.8,expert1_route,8250519552,2118
1790730806.189465,2776251,49.825,expert1_route,8250519552,2118
1790730807.213366,2776251,50.849,expert1_route,8251289600,2118
1790730808.2381952,2776251,51.874,expert1_route,8252006400,4658
1790730809.2593799,2776251,52.895,expert1_route,8252125184,4658
1790730810.2811077,2776251,53.917,expert1_route,8252125184,4658
1790730811.3059506,2776251,54.941,expert1_route,8252125184,4658
1790730812.3268,2776251,55.962,expert1_route,8252125184,4678
1790730813.349071,2776251,56.984,expert1_route,8252125184,4678
1790730814.3680706,2776251,58.003,expert1_route,8252125184,4678
1790730815.3878026,2776251,59.023,expert1_route,8252125184,4678
1790730816.4113688,2776251,60.047,expert1_route,8252125184,4678
1790730817.431738,2776251,61.067,expert1_route,8252125184,4698
1790730818.4535785,2776251,62.089,expert1_route,8252125184,4698
1790730819.4772782,2776251,63.113,expert1_route,8252125184,4698
1790730820.498778,2776251,64.134,expert1_route,8252125184,4698
1790730821.5207875,2776251,65.156,expert1_route,8252125184,4718
1790730822.5420024,2776251,66.177,expert1_route,8252125184,4718
1790730823.5616431,2776251,67.197,expert1_route,8252190720,4718
1790730824.5858057,2776251,68.221,expert1_route,8252190720,4718
1790730825.612061,2776251,69.247,expert1_route,8252190720,4718
1790730826.6364737,2776251,70.272,expert1_route,8252190720,4718
1790730827.657512,2776251,71.293,expert1_route,8252190720,4718
1790730828.6776116,2776251,72.313,expert1_route,8252190720,4718
1790730829.6989622,2776251,73.334,expert1_route,8252190720,4718
1790730830.7195957,2776251,74.355,expert1_route,8252190720,4738
1790730831.7425325,2776251,75.378,expert1_route,8252190720,4738
1790730832.763953,2776251,76.399,expert1_route,8252190720,4738
1790730833.7879045,2776251,77.423,expert1_route,8252190720,4738
1790730834.8123388,2776251,78.448,expert1_route,8252190720,4738
1790730835.839635,2776251,79.475,expert1_route,8252190720,4738
1790730836.8654184,2776251,80.501,expert1_route,8252190720,4738
1790730837.8839798,2776251,81.519,expert1_route,8252190720,4738
1790730838.9023778,2776251,82.538,expert1_route,8252190720,4738
1790730839.920036,2776251,83.555,expert1_route,8252190720,4738
1790730840.940885,2776251,84.576,expert1_route,8253415424,4738
1790730841.9624572,2776251,85.598,expert1_route,8253415424,4738
1790730842.984589,2776251,86.62,expert1_route,8253415424,4738
1790730844.0044703,2776251,87.64,expert1_route,8253415424,4738
1790730845.0239673,2776251,88.659,expert1_route,8253415424,4738
1790730846.043541,2776251,89.679,expert1_route,8253415424,4738
1790730847.0645232,2776251,90.7,expert1_route,8253415424,4738
1790730848.088083,2776251,91.724,expert1_route,8253415424,4738
1790730849.1103694,2776251,92.746,expert1_route,8253415424,4738
1790730850.1338122,2776251,93.769,expert1_route,8253415424,4738
1790730851.153587,2776251,94.789,expert1_route,8253415424,4738
1790730852.173126,2776251,95.809,expert1_route,8253415424,4738
1790730853.1922724,2776251,96.828,expert1_route,8253415424,4738
1790730854.211741,2776251,97.847,expert1_route,8253415424,4738
1790730855.2357802,2776251,98.871,expert1_route,8253415424,4738
1790730856.2552555,2776251,99.891,expert1_route,8253415424,4738
1790730857.2736602,2776251,100.909,expert1_route,8253415424,4738
1790730858.2955601,2776251,101.931,expert1_route,8253415424,4738
1790730859.3253005,2776251,102.961,expert1_route,8253415424,4738
1790730860.3499963,2776251,103.985,expert1_route,8253415424,4738
1790730861.3751667,2776251,105.011,expert1_route,8253415424,4738
1790730862.3988872,2776251,106.034,expert1_route,8253415424,4738
1790730863.423508,2776251,107.059,expert1_route,8253415424,4738
1790730864.4480202,2776251,108.083,expert1_route,8253415424,4738
1790730865.470146,2776251,109.106,expert1_route,8253415424,4738
1790730866.493877,2776251,110.129,expert1_route,8253415424,4738
1790730867.5209196,2776251,111.156,expert1_route,8253415424,4738
1790730868.5446627,2776251,112.18,expert1_route,8253415424,4738
1790730869.5673795,2776251,113.203,expert1_route,8253415424,4738
1790730870.591746,2776251,114.227,expert1_route,8253415424,4738
1790730871.6116993,2776251,115.247,expert1_route,8253415424,4738
1790730872.6344602,2776251,116.27,expert1_route,8253415424,4738
1790730873.658002,2776251,117.293,expert1_route,8253415424,4738
1790730874.6829221,2776251,118.318,expert1_route,8253415424,4738
1790730875.7091253,2776251,119.345,expert1_route,8253415424,4738
1790730876.7333,2776251,120.369,expert1_route,8253415424,4738
1790730877.7542884,2776251,121.39,expert1_route,8253415424,4738
1790730878.7815123,2776251,122.417,expert1_route,8253415424,4742
1790730879.8028426,2776251,123.438,expert1_route,8253415424,4742
1790730880.8299112,2776251,124.465,expert1_route,8253415424,4742
1790730881.8542588,2776251,125.49,expert1_route,8253415424,4742
1790730882.8772829,2776251,126.513,expert1_route,8253415424,4744
1790730883.9003897,2776251,127.536,expert1_route,8253415424,4744
1790730884.926493,2776251,128.562,expert1_route,8253415424,4744
1790730885.946221,2776251,129.582,expert1_route,8253415424,4744
1790730886.9690628,2776251,130.604,expert1_route,8253415424,4744
1790730887.989321,2776251,131.625,expert1_route,8253415424,4744
1790730889.0168078,2776251,132.652,expert1_route,8253415424,4744
1790730890.040085,2776251,133.676,expert1_route,8253415424,4744
1790730891.0593042,2776251,134.695,expert1_route,8253415424,4744
1790730892.0811794,2776251,135.717,expert1_route,8253415424,4744
1790730893.1084406,2776251,136.744,expert1_cal,8231223296,4744
1790730894.1339746,2776251,137.769,expert1_cal,8231223296,4744
1790730895.158953,2776251,138.794,expert1_cal,8231223296,4744
1790730896.1825328,2776251,139.818,expert1_cal,8231223296,4744
1790730897.2049735,2776251,140.84,expert1_cal,8231223296,4744
1790730898.225257,2776251,141.861,expert1_cal,8231223296,4744
1790730899.2457094,2776251,142.881,expert1_cal,8231223296,4744
1790730900.2698858,2776251,143.905,expert1_cal,8231223296,4744
1790730901.2940476,2776251,144.929,expert1_cal,8231223296,4744
1790730902.317264,2776251,145.953,expert1_cal,8231223296,4744
1790730903.343312,2776251,146.979,expert1_cal,8231223296,4744
1790730904.3658824,2776251,148.001,expert1_cal,8231223296,4744
1790730905.3904498,2776251,149.026,expert1_cal,8231223296,4744
1790730906.416085,2776251,150.052,expert1_cal,8231223296,4744
1790730907.4409387,2776251,151.076,expert1_cal,8231223296,4744
1790730908.4620345,2776251,152.097,expert1_cal,8231223296,4744
1790730909.4836614,2776251,153.119,expert1_cal,8231223296,4744
1790730910.507093,2776251,154.143,expert1_cal,8231223296,4744
1790730911.5336714,2776251,155.169,expert1_cal,8231223296,4744
1790730912.5560262,2776251,156.191,expert1_cal,8231223296,4744
1790730913.5774574,2776251,157.213,expert1_cal,8231223296,4744
1790730914.597871,2776251,158.233,expert1_cal,8231223296,4744
1790730915.6178322,2776251,159.253,expert1_cal,8231223296,4744
1790730916.6384974,2776251,160.274,expert1_cal,8231223296,4744
1790730917.6584034,2776251,161.294,expert1_cal,8231223296,4744
1790730918.678581,2776251,162.314,expert1_cal,8231223296,4744
1790730919.6990743,2776251,163.334,expert1_cal,8231223296,4744
1790730920.7213354,2776251,164.357,expert1_cal,8231223296,4744
1790730921.7433975,2776251,165.379,expert1_cal,8231223296,4744
1790730922.7674913,2776251,166.403,expert1_cal,8231223296,4744
1790730923.7876062,2776251,167.423,expert1_cal,8231223296,4744
1790730924.8067625,2776251,168.442,expert1_cal,8231223296,4744
1790730925.8279326,2776251,169.463,expert1_cal,8231223296,4744
1790730926.8511448,2776251,170.487,expert1_cal,8231223296,4744
1790730927.8717642,2776251,171.507,expert1_cal,8231223296,4744
1790730928.8924284,2776251,172.528,expert1_cal,8231223296,4744
1790730929.9149454,2776251,173.55,expert1_cal,8231223296,4744
1790730930.9386182,2776251,174.574,expert1_cal,8231223296,4744
1790730931.959054,2776251,175.594,expert1_cal,8231223296,4744
1790730932.9790833,2776251,176.615,expert1_cal,8231223296,4744
1790730934.000332,2776251,177.636,expert1_cal,8231223296,4744
1790730935.0224655,2776251,178.658,expert1_cal,8231223296,4744
1790730936.0453396,2776251,179.681,expert1_cal,8231223296,4744
1790730937.0676444,2776251,180.703,expert1_cal,8231223296,4744
1790730938.0902457,2776251,181.726,expert1_cal,8231223296,4744
1790730939.1107163,2776251,182.746,expert1_cal,8231223296,4744
1790730940.1304862,2776251,183.766,expert1_cal,8231223296,4744
1790730941.1505182,2776251,184.786,expert1_cal,8231223296,4744
1790730942.1709757,2776251,185.806,expert1_cal,8231223296,4744
1790730943.1931956,2776251,186.829,expert1_cal,8231223296,4744
1790730944.2175572,2776251,187.853,expert1_cal,8231223296,4744
1790730945.2421947,2776251,188.878,expert1_cal,8231223296,4744
1790730946.2648199,2776251,189.9,expert1_cal,8231223296,4744
1790730947.292375,2776251,190.928,expert1_cal,8231223296,4744
1790730948.3204405,2776251,191.956,expert1_cal,8231223296,4744
1790730949.3422484,2776251,192.978,expert1_cal,8231223296,4744
1790730950.3689923,2776251,194.004,expert1_cal,8231223296,4744
1790730951.391436,2776251,195.027,expert1_cal,8231223296,4744
1790730952.4125123,2776251,196.048,expert1_cal,8231223296,4744
1790730953.4362996,2776251,197.072,expert1_cal,8231223296,4744
1790730954.4625468,2776251,198.098,expert1_eval,9318457344,4744
1790730955.4887178,2776251,199.124,expert1_eval,8758640640,4744
1790730956.5096397,2776251,200.145,expert1_eval,8758640640,4744
1790730957.5306745,2776251,201.166,expert1_eval,8758640640,4744
1790730958.5559573,2776251,202.191,expert1_eval,8758640640,4744
1790730959.5772066,2776251,203.213,expert1_eval,8758640640,4744
1790730960.6027114,2776251,204.238,expert1_eval,8758640640,4744
1790730961.6244996,2776251,205.26,expert1_eval,8758640640,4744
1790730962.6459017,2776251,206.281,expert1_eval,8758640640,4744
1790730963.6678324,2776251,207.303,expert1_eval,8758640640,4744
1790730964.6876314,2776251,208.323,expert1_eval,8758640640,4744
1790730965.7103004,2776251,209.346,expert1_eval,8782233600,4744
1790730966.7328653,2776251,210.368,expert1_eval,8782233600,4744
1790730967.755072,2776251,211.39,expert1_eval,8782233600,4744
1790730968.7748506,2776251,212.41,expert1_eval,8782233600,4744
1790730969.796338,2776251,213.432,expert1_eval,8782233600,4744
1790730970.818362,2776251,214.454,expert1_eval,8782233600,4744
1790730971.8396616,2776251,215.475,expert1_eval,8782233600,4744
1790730972.8604956,2776251,216.496,expert1_eval,8782233600,4744
1790730973.8816822,2776251,217.517,expert1_eval,8782233600,4744
1790730974.9054139,2776251,218.541,expert1_eval,8782233600,4744
1790730975.926091,2776251,219.562,expert1_eval,8782233600,4744
1790730976.9494927,2776251,220.585,expert1_eval,8782233600,4744
1790730977.969341,2776251,221.605,expert1_eval,8782233600,4744
1790730978.9911473,2776251,222.627,expert1_eval,8782233600,4744
1790730980.012716,2776251,223.648,expert1_eval,8782233600,4744
1790730981.0361419,2776251,224.672,expert1_eval,8782233600,4744
1790730982.06126,2776251,225.697,expert1_eval,8782233600,4744
1790730983.0817437,2776251,226.717,expert1_eval,8782233600,4744
1790730984.104283,2776251,227.74,expert1_eval,8782233600,4744
1790730985.1262128,2776251,228.762,expert1_eval,8782233600,4744
1790730986.1454554,2776251,229.781,expert1_eval,8782233600,4744
1790730987.1663415,2776251,230.802,expert1_eval,8782233600,4744
1790730988.1878676,2776251,231.823,expert1_eval,8782233600,4744
1790730989.2107775,2776251,232.846,expert1_eval,8782233600,4744
1790730990.2316325,2776251,233.867,expert1_eval,8782233600,4744
1790730991.256724,2776251,234.892,expert1_eval,8782233600,4744
1790730992.2831323,2776251,235.919,expert1_eval,8782233600,4744
1790730993.3097239,2776251,236.945,expert1_eval,8782233600,4744
1790730994.3292031,2776251,237.965,expert1_eval,8782233600,4744
1790730995.3497639,2776251,238.985,expert1_eval,8782233600,4744
1790730996.3719554,2776251,240.007,expert1_eval,8782233600,4744
1790730997.3926291,2776251,241.028,expert1_eval,8782233600,4744
1790730998.4136426,2776251,242.049,expert1_eval,8782233600,4744
1790730999.4366405,2776251,243.072,expert1_eval,8782233600,4744
1790731000.4618855,2776251,244.097,expert1_eval,8782233600,4744
1790731001.484872,2776251,245.12,expert1_eval,8782233600,4744
1790731002.5084946,2776251,246.144,expert1_eval,8782233600,4744
1790731003.5340924,2776251,247.17,expert1_eval,8782233600,4744
1790731004.558053,2776251,248.193,expert1_eval,8782233600,4744
1790731005.5807161,2776251,249.216,expert1_eval,8782233600,4744
1790731006.6053793,2776251,250.241,expert1_eval,8782233600,4744
1790731007.6268034,2776251,251.262,expert1_eval,8782233600,4744
1790731008.6501803,2776251,252.286,expert1_eval,8782233600,4744
1790731009.67462,2776251,253.31,expert1_eval,8782233600,4744
1790731010.6959496,2776251,254.331,expert1_eval,8782233600,4744
1790731011.7157958,2776251,255.351,expert1_eval,8782233600,4744
1790731012.7384877,2776251,256.374,expert1_eval,8782233600,4744
1790731013.7635756,2776251,257.399,expert1_eval,8782233600,4744
1790731014.7885122,2776251,258.424,expert1_eval,8782233600,4744
1790731015.8137908,2776251,259.449,expert1_eval,8782233600,4744
1790731016.8358157,2776251,260.471,expert1_eval,8782233600,4744
1790731017.8554218,2776251,261.491,expert1_eval,8782233600,4744
1790731018.875665,2776251,262.511,expert1_eval,8782233600,4744
1790731019.89655,2776251,263.532,expert1_eval,8782233600,4744
1790731020.918902,2776251,264.554,expert1_eval,8782233600,4744
1790731021.940303,2776251,265.576,expert1_eval,8782233600,4744
1790731022.961377,2776251,266.597,expert1_eval,8782233600,4744
1790731023.980611,2776251,267.616,expert1_eval,8782233600,4744
1790731024.99953,2776251,268.635,expert1_eval,8782233600,4744
1790731026.0215664,2776251,269.657,expert1_eval,8782233600,4744
1790731027.045015,2776251,270.68,expert1_eval,8782233600,4744
1790731028.0696664,2776251,271.705,expert1_eval,8782233600,4744
1790731029.0937731,2776251,272.729,expert1_eval,8782233600,4744
1790731030.1166296,2776251,273.752,expert1_eval,8782233600,4744
1790731031.1425903,2776251,274.778,expert1_eval,8782233600,4744
1790731032.1671925,2776251,275.803,expert1_eval,8782233600,4744
1790731033.1911542,2776251,276.827,expert1_eval,8782233600,4744
1790731034.2128098,2776251,277.848,expert1_eval,8782233600,4744
1790731035.2379024,2776251,278.873,expert1_eval,8782233600,4744
1790731036.260985,2776251,279.896,expert1_eval,8782233600,4744
1790731037.2863863,2776251,280.922,expert1_eval,8782233600,4744
1790731038.3074725,2776251,281.943,expert1_eval,8782233600,4744
1790731039.3315384,2776251,282.967,expert1_eval,8782233600,4744
1790731040.3542168,2776251,283.99,expert1_eval,8782233600,4744
1790731041.375322,2776251,285.011,expert1_eval,8782233600,4744
1790731042.3978662,2776251,286.033,expert1_eval,8782233600,4744
1790731043.4212415,2776251,287.057,expert1_eval,8782233600,4744
1790731044.4458785,2776251,288.081,expert1_eval,8782233600,4744
1790731045.470022,2776251,289.105,expert1_eval,8782233600,4744
1790731046.4913805,2776251,290.127,expert1_eval,8782233600,4744
1790731047.5149186,2776251,291.15,expert1_eval,8782233600,4744
1790731048.5355616,2776251,292.171,expert1_eval,8782233600,4744
1790731049.5566154,2776251,293.192,expert1_eval,8782233600,4744
1790731050.5780187,2776251,294.213,expert1_eval,8782233600,4744
1790731051.598524,2776251,295.234,expert1_eval,8782233600,4744
1790731052.618229,2776251,296.254,expert1_eval,8782233600,4744
1790731053.6392,2776251,297.275,expert1_eval,8782233600,4744
1790731054.66006,2776251,298.295,expert1_eval,8782233600,4744
1790731055.6800368,2776251,299.315,expert1_eval,8782233600,4744
1790731056.6989121,2776251,300.334,expert1_eval,8782233600,4744
1790731057.717981,2776251,301.353,expert1_eval,8782233600,4744
1790731058.7393482,2776251,302.375,expert1_eval,8782233600,4744
1790731059.7640212,2776251,303.399,expert1_eval,8782233600,4744
1790731060.788494,2776251,304.424,expert1_eval,8782233600,4744
1790731061.8132772,2776251,305.449,expert1_eval,8782233600,4744
1790731062.8379188,2776251,306.473,expert1_eval,8782233600,4744
1790731063.8615794,2776251,307.497,expert1_eval,8782233600,4744
1790731064.887683,2776251,308.523,expert1_eval,8782233600,4744
1790731065.9079921,2776251,309.543,expert1_eval,8782233600,4744
1790731066.926875,2776251,310.562,expert1_eval,8782233600,4744
1790731067.9474397,2776251,311.583,expert1_eval,8782233600,4744
1790731068.9690826,2776251,312.605,expert1_eval,8782233600,4744
1790731069.9906363,2776251,313.626,expert1_eval,8782233600,4744
1790731071.0148869,2776251,314.65,expert1_eval,8782233600,4744
1790731072.03381,2776251,315.669,expert1_eval,8782233600,4744
1790731073.0547028,2776251,316.69,expert1_eval,8782233600,4744
1790731074.0756698,2776251,317.711,expert1_eval,8782233600,4744
1790731075.0989516,2776251,318.734,expert1_eval,8782233600,4744
1790731076.1182501,2776251,319.754,expert1_eval,8782233600,4744
1790731077.138025,2776251,320.773,expert1_eval,8782233600,4744
1790731078.1574817,2776251,321.793,expert1_eval,8782233600,4744
1790731079.1791391,2776251,322.815,expert1_eval,8782233600,4744
1790731080.205792,2776251,323.841,expert1_eval,8782233600,4744
1790731081.2304873,2776251,324.866,expert1_eval,8782233600,4744
1790731082.2538583,2776251,325.889,expert1_eval,8782233600,4744
1790731083.2772868,2776251,326.913,expert1_eval,8782233600,4744
1790731084.2985933,2776251,327.934,expert1_eval,8782233600,4744
1790731085.3229873,2776251,328.958,expert1_eval,8782233600,4744
1790731086.347537,2776251,329.983,expert1_eval,8782233600,4744
1790731087.372214,2776251,331.008,expert1_eval,8782233600,4744
1790731088.3972383,2776251,332.033,expert1_eval,8782233600,4744
1790731089.41804,2776251,333.053,expert1_eval,8782233600,4744
1790731090.4413056,2776251,334.077,expert1_eval,8782233600,4744
1790731091.4620194,2776251,335.097,expert1_eval,8782233600,4744
1790731092.4822335,2776251,336.118,expert1_eval,8782233600,4744
1790731093.505166,2776251,337.141,expert1_eval,8782233600,4744
1790731094.5244806,2776251,338.16,expert1_eval,8782233600,4744
1790731095.544112,2776251,339.18,expert1_eval,8782233600,4744
1790731096.5652628,2776251,340.201,expert1_eval,8782233600,4744
1790731097.5903852,2776251,341.226,expert1_eval,8782233600,4744
1790731098.6152194,2776251,342.251,expert1_eval,8782233600,4744
1790731099.6393967,2776251,343.275,expert1_eval,8782233600,4744
1790731100.6641316,2776251,344.3,expert1_eval,8782233600,4744
1790731101.6907816,2776251,345.326,expert1_eval,8782233600,4744
1790731102.7129748,2776251,346.348,expert1_eval,8782233600,4744
1790731103.7328973,2776251,347.368,expert1_eval,8782233600,4744
1790731104.7537296,2776251,348.389,expert1_eval,8782233600,4744
1790731105.7780483,2776251,349.413,expert1_eval,8782233600,4744
1790731106.8026278,2776251,350.438,expert1_eval,8782233600,4744
1790731107.8266778,2776251,351.462,expert1_eval,8782233600,4744
1790731108.8477762,2776251,352.483,expert1_eval,8782233600,4744
1790731109.869674,2776251,353.505,expert1_eval,8782233600,4744
1790731110.8940644,2776251,354.529,expert1_eval,8782233600,4744
1790731111.9130814,2776251,355.549,expert1_eval,8782233600,4744
1790731112.9323728,2776251,356.568,expert1_eval,8782233600,4744
1790731113.9528816,2776251,357.588,expert1_eval,8782233600,4744
1790731114.9748855,2776251,358.61,expert1_eval,8782233600,4744
1790731115.9973803,2776251,359.633,expert1_eval,8782233600,4744
1790731117.0402284,2776251,360.676,expert1_eval,8782233600,4744
1790731118.0593624,2776251,361.695,expert1_eval,8782233600,4744
1790731119.077731,2776251,362.713,expert1_eval,8782233600,4744
1790731120.0972414,2776251,363.733,expert1_eval,8782233600,4744
1790731121.1175303,2776251,364.753,expert1_eval,8782233600,4744
1790731122.146585,2776251,365.782,expert1_eval,8782233600,4744
1790731123.1701918,2776251,366.806,expert1_eval,8782233600,4744
1790731124.1907883,2776251,367.826,expert1_eval,8782233600,4744
1790731125.212917,2776251,368.848,expert1_eval,8782233600,4744
1790731126.2331576,2776251,369.869,expert1_eval,8782233600,4744
1790731127.2566125,2776251,370.892,expert1_eval,8782233600,4744
1790731128.2776515,2776251,371.913,expert1_eval,8782233600,4744
1790731129.2967799,2776251,372.932,expert1_eval,8782233600,4744
1790731130.3174763,2776251,373.953,expert1_eval,8782233600,4744
1790731131.3422177,2776251,374.978,expert1_eval,8782233600,4744
1790731132.3665495,2776251,376.002,expert1_eval,8782233600,4744
1790731133.386756,2776251,377.022,expert1_eval,8782233600,4744
1790731134.4055877,2776251,378.041,expert1_eval,8782233600,4744
1790731135.4259243,2776251,379.061,expert1_eval,8782233600,4744
1790731136.446954,2776251,380.082,expert1_eval,8782233600,4744
1790731137.4713492,2776251,381.107,expert1_eval,8782233600,4744
1790731138.4954145,2776251,382.131,expert1_eval,8782233600,4744
1790731139.5201416,2776251,383.156,expert1_eval,8782233600,4744
1790731140.5422807,2776251,384.178,expert1_eval,8782233600,4744
1790731141.5640738,2776251,385.199,expert1_eval,8782233600,4744
1790731142.584535,2776251,386.22,expert1_eval,8782233600,4744
1790731143.6033,2776251,387.239,expert1_eval,8782233600,4744
1790731144.6275558,2776251,388.263,expert1_eval,8782233600,4744
1790731145.650723,2776251,389.286,expert1_eval,8782233600,4744
1790731146.674088,2776251,390.31,expert1_eval,8782233600,4744
1790731147.6946225,2776251,391.33,expert1_eval,8782233600,4744
1790731148.7190561,2776251,392.354,expert1_eval,8782233600,4744
1790731149.7423692,2776251,393.378,expert1_eval,8782233600,4744
1790731150.766614,2776251,394.402,expert1_eval,8782233600,4744
1790731151.789758,2776251,395.425,expert1_eval,8782233600,4744
1790731152.8138509,2776251,396.449,expert1_eval,8782233600,4744
1790731153.8386877,2776251,397.474,expert1_eval,8782233600,4744
1790731154.8579366,2776251,398.493,expert1_eval,8782233600,4744
1790731155.8763945,2776251,399.512,expert1_eval,8782233600,4744
1790731156.8958883,2776251,400.531,expert1_eval,8782233600,4744
1790731157.9195025,2776251,401.555,expert1_eval,8782233600,4744
1790731158.9438035,2776251,402.579,expert1_eval,8782233600,4744
1790731159.9675977,2776251,403.603,expert1_eval,8782233600,4744
1790731160.9897819,2776251,404.625,expert1_eval,8782233600,4744
1790731162.016767,2776251,405.652,expert1_eval,8782233600,4744
1790731163.039427,2776251,406.675,expert1_eval,8782233600,4744
1790731164.0634694,2776251,407.699,expert1_eval,8782233600,4744
1790731165.0875268,2776251,408.723,expert1_eval,8782233600,4744
1790731166.1112578,2776251,409.747,expert1_eval,8782233600,4744
1790731167.1363528,2776251,410.772,expert1_eval,8782233600,4744
1790731168.155688,2776251,411.791,expert1_eval,8782233600,4744
1790731169.1749623,2776251,412.81,expert1_eval,8782233600,4744
1790731170.1957374,2776251,413.831,expert1_eval,8782233600,4744
1790731171.217059,2776251,414.852,expert1_eval,8782233600,4744
1790731172.2395363,2776251,415.875,expert1_eval,8782233600,4744
1790731173.2579944,2776251,416.893,expert1_eval,8782233600,4744
1790731174.2799273,2776251,417.915,expert1_eval,8782233600,4744
1790731175.2979722,2776251,418.933,expert1_eval,8782233600,4744
1790731176.3193827,2776251,419.955,expert1_eval,8782233600,4744
1790731177.3437276,2776251,420.979,expert1_eval,8782233600,4744
1790731178.3686123,2776251,422.004,expert1_eval,8782233600,4744
1790731179.3924737,2776251,423.028,expert1_eval,8782233600,4744
1790731180.4174876,2776251,424.053,expert1_eval,8782233600,4744
1790731181.4383657,2776251,425.074,expert1_eval,8782233600,4744
1790731182.4595056,2776251,426.095,expert1_eval,8782233600,4744
1790731183.480453,2776251,427.116,expert1_eval,8782233600,4744
1790731184.5021462,2776251,428.138,expert1_eval,8782233600,4744
1790731185.5214915,2776251,429.157,expert1_eval,8782233600,4744
1790731186.5437584,2776251,430.179,expert1_eval,8782233600,4744
1790731187.5649135,2776251,431.2,expert1_eval,8782233600,4744
1790731188.5897198,2776251,432.225,expert1_eval,8782233600,4744
1790731189.6151543,2776251,433.251,expert1_eval,8782233600,4744
1790731190.6393845,2776251,434.275,expert1_eval,8782233600,4744
1790731191.663761,2776251,435.299,expert1_eval,8782233600,4744
1790731192.6878777,2776251,436.323,expert1_eval,8782233600,4744
1790731193.7126448,2776251,437.348,expert1_eval,8782233600,4744
1790731194.7354286,2776251,438.371,expert1_eval,8782233600,4744
1790731195.759741,2776251,439.395,expert1_eval,8782233600,4744
1790731196.7818906,2776251,440.417,expert1_eval,8782233600,4744
1790731197.806368,2776251,441.442,expert1_eval,8782233600,4744
1790731198.82944,2776251,442.465,expert1_eval,8782233600,4744
1790731199.8525038,2776251,443.488,expert1_eval,8782233600,4744
1790731200.877009,2776251,444.512,expert1_eval,8782233600,4744
1790731201.9039857,2776251,445.539,expert1_eval,8782233600,4744
1790731202.9251091,2776251,446.561,expert1_eval,8782233600,4744
1790731203.9458277,2776251,447.581,expert1_eval,8782233600,4744
1790731204.9664416,2776251,448.602,expert1_eval,8782233600,4744
1790731205.9882176,2776251,449.624,expert1_eval,8782233600,4744
1790731207.006692,2776251,450.642,expert1_eval,8782233600,4744
1790731208.0247843,2776251,451.66,expert1_eval,8782233600,4744
1790731209.0448604,2776251,452.68,expert1_eval,8782233600,4744
1790731210.0673726,2776251,453.703,expert1_eval,8782233600,4744
1790731211.091619,2776251,454.727,expert1_eval,8782233600,4744
1790731212.1151662,2776251,455.751,expert1_eval,8782233600,4744
1790731213.1382165,2776251,456.774,expert1_eval,8782233600,4744
1790731214.156815,2776251,457.792,expert1_eval,8782233600,4744
1790731215.1753504,2776251,458.811,expert1_eval,8782233600,4744
1790731216.1967032,2776251,459.832,expert1_eval,8782233600,4744
1790731217.2217991,2776251,460.857,expert1_eval,8782233600,4744
1790731218.2476668,2776251,461.883,expert1_eval,8782233600,4744
1790731219.2713597,2776251,462.907,expert1_eval,8782233600,4744
1790731220.2958126,2776251,463.931,expert1_eval,8782233600,4744
1790731221.3205142,2776251,464.956,expert1_eval,8782233600,4744
1790731222.3448367,2776251,465.98,expert1_eval,8782233600,4744
1790731223.3660905,2776251,467.002,expert1_eval,8782233600,4744
1790731224.391085,2776251,468.027,expert1_eval,8782233600,4744
1790731225.414533,2776251,469.05,expert1_eval,8782233600,4744
1790731226.4365401,2776251,470.072,expert1_eval,8782233600,4744
1790731227.4560254,2776251,471.091,expert1_eval,8782233600,4744
1790731228.4776046,2776251,472.113,expert1_eval,8782233600,4744
1790731229.498486,2776251,473.134,expert1_eval,8782233600,4744
1790731230.522481,2776251,474.158,expert1_eval,8782233600,4744
1790731231.5469055,2776251,475.182,expert1_eval,8782233600,4744
1790731232.570865,2776251,476.206,expert1_eval,8782233600,4744
1790731233.5956078,2776251,477.231,expert1_eval,8782233600,4744
1790731234.6167839,2776251,478.252,expert1_eval,8782233600,4744
1790731235.641646,2776251,479.277,expert1_eval,8782233600,4744
1790731236.6619613,2776251,480.297,expert1_eval,8782233600,4744
1790731237.6858342,2776251,481.321,expert1_eval,8782233600,4744
1790731238.709522,2776251,482.345,expert1_eval,8782233600,4744
1790731239.7344954,2776251,483.37,expert1_eval,8782233600,4744
1790731240.758439,2776251,484.394,expert1_eval,8782233600,4744
1790731241.7831633,2776251,485.419,expert1_eval,8782233600,4744
1790731242.8078496,2776251,486.443,expert1_eval,8782233600,4744
1790731243.832539,2776251,487.468,expert1_eval,8782233600,4744
1790731244.8567412,2776251,488.492,expert1_eval,8782233600,4744
1790731245.877765,2776251,489.513,expert1_eval,8782233600,4744
1790731246.9076784,2776251,490.543,expert1_eval,8782233600,4744
1790731247.9317074,2776251,491.567,expert1_eval,8782233600,4744
1790731248.9568005,2776251,492.592,expert1_eval,8782233600,4744
1790731249.9787931,2776251,493.614,expert1_eval,8782233600,4744
1790731250.9998262,2776251,494.635,expert1_eval,8782233600,4744
1790731252.0195127,2776251,495.655,expert1_eval,8782233600,4744
1790731253.0401592,2776251,496.676,expert1_eval,8782233600,4744
1790731254.0617244,2776251,497.697,expert1_eval,8782233600,4744
1790731255.0860336,2776251,498.721,expert1_eval,8782233600,4744
1790731256.1083477,2776251,499.744,expert1_eval,8782233600,4744
1790731257.1334147,2776251,500.769,expert1_eval,8782233600,4744
1790731258.1576629,2776251,501.793,expert1_eval,8782233600,4744
1790731259.1822186,2776251,502.818,expert1_eval,8782233600,4744
1790731260.2076716,2776251,503.843,expert1_eval,8782233600,4744
1790731261.2305622,2776251,504.866,expert1_eval,8782233600,4744
1790731262.2531059,2776251,505.889,expert1_eval,8782233600,4744
1790731263.276489,2776251,506.912,expert1_eval,8782233600,4744
1790731264.2989893,2776251,507.934,expert1_eval,8782233600,4744
1790731265.3187473,2776251,508.954,expert1_eval,8782233600,4744
1790731266.3399184,2776251,509.975,expert1_eval,8782233600,4744
1790731267.3628266,2776251,510.998,expert1_eval,8782233600,4744
1790731268.383602,2776251,512.019,expert1_eval,8782233600,4744
1790731269.4077857,2776251,513.043,expert1_eval,8782233600,4744
1790731270.4315975,2776251,514.067,expert1_eval,8782233600,4744
1790731271.456242,2776251,515.092,expert1_eval,8782233600,4744
1790731272.4777968,2776251,516.113,expert1_eval,8782233600,4744
1790731273.5034115,2776251,517.139,expert1_eval,8782233600,4744
1790731274.5274684,2776251,518.163,expert1_eval,8782233600,4744
1790731275.5495808,2776251,519.185,expert1_eval,8782233600,4744
1790731276.57071,2776251,520.206,expert1_eval,8782233600,4744
1790731277.5913177,2776251,521.227,expert1_eval,8782233600,4744
1790731278.6168156,2776251,522.252,expert1_eval,8782233600,4744
1790731279.6354373,2776251,523.271,expert1_eval,8782233600,4744
1790731280.6573064,2776251,524.293,expert1_eval,8782233600,4744
1790731281.6801772,2776251,525.316,expert1_eval,8782233600,4744
1790731282.7040331,2776251,526.339,expert1_eval,8782233600,4744
1790731283.7271225,2776251,527.363,expert1_eval,8782233600,4744
1790731284.7467382,2776251,528.382,expert1_eval,8782233600,4744
1790731285.767503,2776251,529.403,expert1_eval,8782233600,4744
1790731286.789824,2776251,530.425,expert1_eval,8782233600,4744
1790731287.8138814,2776251,531.449,expert1_eval,8782233600,4744
1790731288.8382494,2776251,532.474,expert1_eval,8782233600,4744
1790731289.8603191,2776251,533.496,expert1_eval,8782233600,4744
1790731290.881802,2776251,534.517,expert1_eval,8782233600,4744
1790731291.9069653,2776251,535.542,expert1_eval,8782233600,4744
1790731292.9312468,2776251,536.567,expert1_eval,8782233600,4744
1790731293.9527311,2776251,537.588,expert1_eval,8782233600,4744
1790731294.9740021,2776251,538.609,expert1_eval,8782233600,4744
1790731295.9936204,2776251,539.629,expert1_eval,8782233600,4744
1790731297.014494,2776251,540.65,expert1_eval,8782233600,4744
1790731298.0395677,2776251,541.675,expert1_eval,8782233600,4744
1790731299.0651746,2776251,542.701,expert1_eval,8782233600,4744
1790731300.0854664,2776251,543.721,expert1_eval,8782233600,4744
1790731301.1107736,2776251,544.746,expert1_eval,8782233600,4744
1790731302.1361163,2776251,545.772,expert1_eval,8782233600,4744
1790731303.159509,2776251,546.795,expert1_eval,8782233600,4744
1790731304.1842248,2776251,547.82,expert1_eval,8782233600,4744
1790731305.2088664,2776251,548.844,expert1_eval,8782233600,4744
1790731306.2307234,2776251,549.866,expert1_eval,8782233600,4744
1790731307.2500541,2776251,550.885,expert1_eval,8782233600,4744
1790731308.2697687,2776251,551.905,expert1_eval,8782233600,4744
1790731309.2910154,2776251,552.926,expert1_eval,8782233600,4744
1790731310.3130543,2776251,553.948,expert1_eval,8782233600,4744
1790731311.335512,2776251,554.971,expert1_eval,8782233600,4744
1790731312.3589113,2776251,555.994,expert1_eval,8782233600,4744
1790731313.3868368,2776251,557.022,expert1_eval,8782233600,4744
1790731314.4095907,2776251,558.045,expert1_eval,8782233600,4744
1790731315.4316301,2776251,559.067,expert1_eval,8782233600,4744
1790731316.4561005,2776251,560.092,expert1_eval,8782233600,4744
1790731317.47692,2776251,561.112,expert1_eval,8782233600,4744
1790731318.4981112,2776251,562.134,expert1_eval,8782233600,4744
1790731319.518053,2776251,563.153,expert1_eval,8782233600,4744
1790731320.5391955,2776251,564.175,expert1_eval,8782233600,4744
1790731321.5631363,2776251,565.199,expert1_eval,8782233600,4744
1790731322.5846705,2776251,566.22,expert1_eval,8782233600,4744
1790731323.610353,2776251,567.246,expert1_eval,8782233600,4744
1790731324.6350832,2776251,568.271,expert1_eval,8782233600,4744
1790731325.659437,2776251,569.295,expert1_eval,8782233600,4744
1790731326.6846611,2776251,570.32,expert1_eval,8782233600,4744
1790731327.7086117,2776251,571.344,expert1_eval,8782233600,4744
1790731328.7335443,2776251,572.369,expert1_eval,8782233600,4744
1790731329.7575796,2776251,573.393,expert1_eval,8782233600,4744
1790731330.7823107,2776251,574.418,expert1_eval,8782233600,4744
1790731331.8036692,2776251,575.439,expert1_eval,8782233600,4744
1790731332.8282297,2776251,576.464,expert1_eval,8782233600,4744
1790731333.8495343,2776251,577.485,expert1_eval,8782233600,4744
1790731334.8691819,2776251,578.505,expert1_eval,8782233600,4744
1790731335.8876324,2776251,579.523,expert1_eval,8782233600,4744
1790731336.9078221,2776251,580.543,expert1_eval,8782233600,4744
1790731337.9286625,2776251,581.564,expert1_eval,8782233600,4744
1790731338.951774,2776251,582.587,expert1_eval,8782233600,4744
1790731339.9722874,2776251,583.608,expert1_eval,8782233600,4744
1790731340.9937427,2776251,584.629,expert1_eval,8782233600,4744
1790731342.0188546,2776251,585.654,expert1_eval,8782233600,4744
1790731343.0435798,2776251,586.679,expert1_eval,8782233600,4744
1790731344.068552,2776251,587.704,expert1_eval,8782233600,4744
1790731345.0964203,2776251,588.732,expert1_eval,8782233600,4744
1790731346.120969,2776251,589.756,expert1_eval,8782233600,4744
1790731347.1461463,2776251,590.782,expert1_eval,8782233600,4744
1790731348.1711073,2776251,591.807,expert1_eval,8782233600,4744
1790731349.192078,2776251,592.827,expert1_eval,8782233600,4744
1790731350.2131083,2776251,593.849,expert1_eval,8782233600,4744
1790731351.237878,2776251,594.873,expert1_eval,8782233600,4744
1790731352.2604656,2776251,595.896,expert1_eval,8782233600,4744
1790731353.2816083,2776251,596.917,expert1_eval,8782233600,4744
1790731354.3017578,2776251,597.937,expert1_eval,8782233600,4744
1790731355.3219323,2776251,598.957,expert1_eval,8782233600,4744
1790731356.3438408,2776251,599.979,expert1_eval,8782233600,4744
1790731357.3642664,2776251,601.0,expert1_eval,8782233600,4744
1790731358.385525,2776251,602.021,expert1_eval,8782233600,4744
1790731359.4097798,2776251,603.045,expert1_eval,8782233600,4744
1790731360.4346278,2776251,604.07,expert1_eval,8782233600,4744
1790731361.459957,2776251,605.095,expert1_eval,8782233600,4744
1790731362.4846396,2776251,606.12,expert1_eval,8782233600,4744
1790731363.5057075,2776251,607.141,expert1_eval,8782233600,4744
1790731364.5269802,2776251,608.162,expert1_eval,8782233600,4744
1790731365.547871,2776251,609.183,expert1_eval,8782233600,4744
1790731366.570714,2776251,610.206,expert1_eval,8782233600,4744
1790731367.5939171,2776251,611.229,expert1_eval,8782233600,4744
1790731368.6147606,2776251,612.25,expert1_eval,8782233600,4744
1790731369.637056,2776251,613.272,expert1_eval,8782233600,4744
1790731370.659405,2776251,614.295,expert1_eval,8782233600,4744
1790731371.680366,2776251,615.316,expert1_eval,8782233600,4744
1790731372.7002826,2776251,616.336,expert1_eval,8782233600,4744
1790731373.722124,2776251,617.358,expert1_eval,8782233600,4744
1790731374.7444966,2776251,618.38,expert1_eval,8782233600,4744
1790731375.7668045,2776251,619.402,expert1_eval,8782233600,4744
1790731376.7925138,2776251,620.428,expert1_eval,8782233600,4744
1790731377.8158748,2776251,621.451,expert1_eval,8782233600,4744
1790731378.8380532,2776251,622.473,expert1_eval,8782233600,4744
1790731379.8608165,2776251,623.496,expert1_eval,8782233600,4744
1790731380.8820465,2776251,624.517,expert1_eval,8782233600,4744
1790731381.9026606,2776251,625.538,expert1_eval,8782233600,4744
1790731382.923594,2776251,626.559,expert1_eval,8782233600,4744
1790731383.946821,2776251,627.582,expert1_eval,8782233600,4744
1790731384.9712942,2776251,628.607,expert1_eval,8782233600,4744
1790731385.9908435,2776251,629.626,expert1_eval,8782233600,4744
1790731387.0134122,2776251,630.649,expert1_eval,8782233600,4744
1790731388.036409,2776251,631.672,expert1_eval,8782233600,4744
1790731389.0574572,2776251,632.693,expert1_eval,8782233600,4744
1790731390.0829554,2776251,633.718,expert1_eval,8782233600,4744
1790731391.1042128,2776251,634.74,expert1_eval,8782233600,4744
1790731392.125823,2776251,635.761,expert1_eval,8782233600,4744
1790731393.147467,2776251,636.783,expert1_eval,8782233600,4744
1790731394.1697628,2776251,637.805,expert1_eval,8782233600,4744
1790731395.189142,2776251,638.825,expert1_eval,8782233600,4744
1790731396.2076383,2776251,639.843,expert1_eval,8782233600,4744
1790731397.2281196,2776251,640.864,expert1_eval,8782233600,4744
1790731398.2498739,2776251,641.885,expert1_eval,8782233600,4744
1790731399.273601,2776251,642.909,expert1_eval,8782233600,4744
1790731400.2980351,2776251,643.933,expert1_eval,8782233600,4744
1790731401.3196797,2776251,644.955,expert1_eval,8782233600,4744
1790731402.3413694,2776251,645.977,expert1_eval,8782233600,4744
1790731403.361359,2776251,646.997,expert1_eval,8782233600,4744
1790731404.381515,2776251,648.017,expert1_eval,8782233600,4744
1790731405.4021363,2776251,649.038,expert1_eval,8782233600,4744
1790731406.422877,2776251,650.058,expert1_eval,8782233600,4744
1790731407.444471,2776251,651.08,expert1_eval,8782233600,4744
1790731408.468693,2776251,652.104,expert1_eval,8782233600,4744
1790731409.490181,2776251,653.126,expert1_eval,8782233600,4744
1790731410.5150645,2776251,654.15,expert1_eval,8782233600,4744
1790731411.538582,2776251,655.174,expert1_eval,8782233600,4744
1790731412.56318,2776251,656.199,expert1_eval,8782233600,4744
1790731413.587474,2776251,657.223,expert1_eval,8782233600,4744
1790731414.6069813,2776251,658.242,expert1_eval,8782233600,4744
1790731415.6268663,2776251,659.262,expert1_eval,8782233600,4744
1790731416.6516128,2776251,660.287,expert1_eval,8782233600,4744
1790731417.6748123,2776251,661.31,expert1_eval,8782233600,4744
1790731418.6975925,2776251,662.333,expert1_eval,8782233600,4744
1790731419.7179523,2776251,663.353,expert1_eval,8782233600,4744
1790731420.7394316,2776251,664.375,expert1_eval,8782233600,4744
1790731421.7604706,2776251,665.396,expert1_eval,8782233600,4744
1790731422.7799294,2776251,666.415,expert1_eval,8782233600,4744
1790731423.79917,2776251,667.435,expert1_eval,8782233600,4744
1790731424.819203,2776251,668.455,expert1_eval,8782233600,4744
1790731425.8381515,2776251,669.474,expert1_eval,8782233600,4744
1790731426.8587277,2776251,670.494,expert1_eval,8782233600,4744
1790731427.8793797,2776251,671.515,expert1_eval,8782233600,4744
1790731428.9043329,2776251,672.54,expert1_eval,8782233600,4744
1790731429.9310172,2776251,673.566,expert1_eval,8782233600,4744
1790731430.953286,2776251,674.589,expert1_eval,8782233600,4744
1790731431.9754157,2776251,675.611,expert1_eval,8782233600,4744
1790731432.9988263,2776251,676.634,expert1_eval,8782233600,4744
1790731434.019811,2776251,677.655,expert1_eval,8782233600,4744
1790731435.0447242,2776251,678.68,expert1_eval,8782233600,4744
1790731436.0681589,2776251,679.704,expert1_eval,8782233600,4744
1790731437.0929048,2776251,680.728,expert1_eval,8782233600,4744
1790731438.1178045,2776251,681.753,expert1_eval,8782233600,4744
1790731439.1426241,2776251,682.778,expert1_eval,8782233600,4744
1790731440.163858,2776251,683.799,expert1_eval,8782233600,4744
1790731441.185598,2776251,684.821,expert1_eval,8782233600,4744
1790731442.2111206,2776251,685.847,expert1_eval,8782233600,4744
1790731443.2357512,2776251,686.871,expert1_eval,8782233600,4744
1790731444.2590907,2776251,687.895,expert1_eval,8782233600,4744
1790731445.2844317,2776251,688.92,expert1_eval,8782233600,4744
1790731446.3085039,2776251,689.944,expert1_eval,8782233600,4744
1790731447.3275535,2776251,690.963,expert1_eval,8782233600,4744
1790731448.348891,2776251,691.984,expert1_eval,8782233600,4744
1790731449.3700776,2776251,693.005,expert1_eval,8782233600,4744
1790731450.3894656,2776251,694.025,expert1_eval,8782233600,4744
1790731451.4131653,2776251,695.049,expert1_eval,8782233600,4744
1790731452.434615,2776251,696.07,expert1_eval,8782233600,4744
1790731453.4579554,2776251,697.093,expert1_eval,8782233600,4744
1790731454.481603,2776251,698.117,expert1_eval,8782233600,4744
1790731455.500424,2776251,699.136,expert1_eval,8782233600,4744
1790731456.5199206,2776251,700.155,expert1_eval,8782233600,4744
1790731457.5407472,2776251,701.176,expert1_eval,8782233600,4744
1790731458.5611842,2776251,702.197,expert1_eval,8782233600,4744
1790731459.5828378,2776251,703.218,expert1_eval,8782233600,4744
1790731460.603311,2776251,704.239,expert1_eval,8782233600,4744
1790731461.6242223,2776251,705.26,expert1_eval,8782233600,4744
1790731462.6426735,2776251,706.278,expert1_eval,8782233600,4744
1790731463.6640654,2776251,707.299,expert1_eval,8782233600,4744
1790731464.688931,2776251,708.324,expert1_eval,8782233600,4744
1790731465.7133594,2776251,709.349,expert1_eval,8782233600,4744
1790731466.7370396,2776251,710.372,expert1_eval,8782233600,4744
1790731467.7582002,2776251,711.394,expert1_eval,8782233600,4744
1790731468.7786517,2776251,712.414,expert1_eval,8782233600,4744
1790731469.797895,2776251,713.433,expert1_eval,8782233600,4744
1790731470.8191388,2776251,714.455,expert1_eval,8782233600,4744
1790731471.8405468,2776251,715.476,expert1_eval,8782233600,4744
1790731472.863757,2776251,716.499,expert1_eval,8782233600,4744
1790731473.8868759,2776251,717.522,expert1_eval,8782233600,4744
1790731474.9087644,2776251,718.544,expert1_eval,8782233600,4744
1790731475.9307485,2776251,719.566,expert1_eval,8782233600,4744
1790731476.9563582,2776251,720.592,expert1_eval,8782233600,4744
1790731477.9791796,2776251,721.615,expert1_eval,8782233600,4744
1790731479.0008848,2776251,722.636,expert1_eval,8782233600,4744
1790731480.0210748,2776251,723.656,expert1_eval,8782233600,4744
1790731481.0422363,2776251,724.678,expert1_eval,8782233600,4744
1790731482.0681126,2776251,725.704,expert1_eval,8782233600,4744
1790731483.093809,2776251,726.729,expert1_eval,8782233600,4744
1790731484.114749,2776251,727.75,expert1_eval,8782233600,4744
1790731485.140043,2776251,728.775,expert1_eval,8782233600,4744
1790731486.1634307,2776251,729.799,expert1_eval,8782233600,4744
1790731487.1856558,2776251,730.821,expert1_eval,8782233600,4744
1790731488.2072334,2776251,731.843,expert1_eval,8782233600,4744
1790731489.2266557,2776251,732.862,expert1_eval,8782233600,4744
1790731490.247633,2776251,733.883,expert1_eval,8782233600,4744
1790731491.2686584,2776251,734.904,expert1_eval,8782233600,4744
1790731492.2920978,2776251,735.928,expert1_eval,8782233600,4744
1790731493.3139203,2776251,736.949,expert1_eval,8782233600,4744
1790731494.3355753,2776251,737.971,expert1_eval,8782233600,4744
1790731495.3579843,2776251,738.993,expert1_eval,8782233600,4744
1790731496.3802068,2776251,740.016,expert1_eval,8782233600,4744
1790731497.4018059,2776251,741.037,expert1_eval,8782233600,4744
1790731498.4213786,2776251,742.057,expert1_eval,8782233600,4744
1790731499.442716,2776251,743.078,expert1_eval,8782233600,4744
1790731500.4639602,2776251,744.099,expert1_eval,8782233600,4744
1790731501.4890685,2776251,745.124,expert1_eval,8782233600,4744
1790731502.510615,2776251,746.146,expert1_eval,8782233600,4744
1790731503.5355413,2776251,747.171,expert1_eval,8782233600,4744
1790731504.557811,2776251,748.193,expert1_eval,8782233600,4744
1790731505.5765238,2776251,749.212,expert1_eval,8782233600,4744
1790731506.5965765,2776251,750.232,expert1_eval,8782233600,4744
1790731507.6157384,2776251,751.251,expert1_eval,8782233600,4744
1790731508.6344967,2776251,752.27,expert1_eval,8782233600,4744
1790731509.6554954,2776251,753.291,expert1_eval,8782233600,4744
1790731510.6784246,2776251,754.314,expert1_eval,8782233600,4744
1790731511.7020304,2776251,755.337,expert1_eval,8782233600,4744
1790731512.7243745,2776251,756.36,expert1_eval,8782233600,4744
1790731513.7456129,2776251,757.381,expert1_eval,8782233600,4744
1790731514.7705882,2776251,758.406,expert1_eval,8782233600,4744
1790731515.794131,2776251,759.43,expert1_eval,8782233600,4744
1790731516.8185015,2776251,760.454,expert1_eval,8782233600,4744
1790731517.841753,2776251,761.477,expert1_eval,8782233600,4744
1790731518.8685963,2776251,762.504,expert1_eval,8782233600,4744
1790731519.8895862,2776251,763.525,expert1_eval,8782233600,4744
1790731520.9144855,2776251,764.55,expert1_eval,8782233600,4744
1790731521.9385772,2776251,765.574,expert1_eval,8782233600,4744
1790731522.9640653,2776251,766.599,expert1_eval,8782233600,4744
1790731523.9915764,2776251,767.627,expert1_eval,8782233600,4744
1790731525.0130787,2776251,768.648,expert1_eval,8782233600,4744
1790731526.0378451,2776251,769.673,expert1_eval,8782233600,4744
1790731527.0620043,2776251,770.697,expert1_eval,8782233600,4744
1790731528.0862546,2776251,771.722,expert1_eval,8782233600,4744
1790731529.1078742,2776251,772.743,expert1_eval,8782233600,4744
1790731530.133353,2776251,773.769,expert1_eval,8782233600,4744
1790731531.1561174,2776251,774.792,expert1_eval,8782233600,4744
1790731532.1772113,2776251,775.813,expert1_eval,8782233600,4744
1790731533.201544,2776251,776.837,expert1_eval,8782233600,4744
1790731534.2252555,2776251,777.861,expert1_eval,8782233600,4744
1790731535.2467237,2776251,778.882,expert1_eval,8782233600,4744
1790731536.2688875,2776251,779.904,expert1_eval,8782233600,4744
1790731537.2883835,2776251,780.924,expert1_eval,8782233600,4744
1790731538.3079784,2776251,781.943,expert1_eval,8782233600,4744
1790731539.3272243,2776251,782.963,expert1_eval,8782233600,4744
1790731540.3483007,2776251,783.984,expert1_eval,8782233600,4744
1790731541.3727217,2776251,785.008,expert1_eval,8782233600,4744
1790731542.394128,2776251,786.03,expert1_eval,8782233600,4744
1790731543.4146025,2776251,787.05,expert1_eval,8782233600,4744
1790731544.433714,2776251,788.069,expert1_eval,8782233600,4744
1790731545.454084,2776251,789.09,expert1_eval,8782233600,4744
1790731546.476422,2776251,790.112,expert1_eval,8782233600,4744
1790731547.4997175,2776251,791.135,expert1_eval,8782233600,4744
1790731548.5246422,2776251,792.16,expert1_eval,8782233600,4744
1790731549.5437126,2776251,793.179,expert1_eval,8782233600,4744
1790731550.5668306,2776251,794.202,expert1_eval,8782233600,4744
1790731551.5895293,2776251,795.225,expert1_eval,8782233600,4744
1790731552.610729,2776251,796.246,expert1_eval,8782233600,4744
1790731553.633237,2776251,797.269,expert1_eval,8782233600,4744
1790731554.6545954,2776251,798.29,expert1_eval,8782233600,4744
1790731555.676029,2776251,799.311,expert1_eval,8782233600,4744
1790731556.701276,2776251,800.337,expert1_eval,8782233600,4744
1790731557.7259774,2776251,801.361,expert1_eval,8782233600,4744
1790731558.750053,2776251,802.385,expert1_eval,8782233600,4744
1790731559.7745664,2776251,803.41,expert1_eval,8782233600,4744
1790731560.7948413,2776251,804.43,expert1_eval,8782233600,4744
1790731561.8165421,2776251,805.452,expert1_eval,8782233600,4744
1790731562.8381348,2776251,806.474,expert1_eval,8782233600,4744
1790731563.862726,2776251,807.498,expert1_eval,8782233600,4744
1790731564.883965,2776251,808.519,expert1_eval,8782233600,4744
1790731565.9052355,2776251,809.541,expert1_eval,8782233600,4744
1790731566.9279687,2776251,810.563,expert1_eval,8782233600,4744
1790731567.947132,2776251,811.583,expert1_eval,8782233600,4744
1790731568.9687805,2776251,812.604,expert1_eval,8782233600,4744
1790731569.9912548,2776251,813.627,expert1_eval,8782233600,4744
1790731571.0097775,2776251,814.645,expert1_eval,8782233600,4744
1790731572.0289967,2776251,815.664,expert1_eval,8782233600,4744
1790731573.0488205,2776251,816.684,expert1_eval,8782233600,4744
1790731574.068633,2776251,817.704,expert1_eval,8782233600,4744
1790731575.0892825,2776251,818.725,expert1_eval,8782233600,4744
1790731576.1104026,2776251,819.746,expert1_eval,8782233600,4744
1790731577.1324084,2776251,820.768,expert1_eval,8782233600,4744
1790731578.1514585,2776251,821.787,expert1_eval,8782233600,4744
1790731579.1722865,2776251,822.808,expert1_eval,8782233600,4744
1790731580.1915925,2776251,823.827,expert1_eval,8782233600,4744
1790731581.2103417,2776251,824.846,expert1_eval,8782233600,4744
1790731582.2312179,2776251,825.867,expert1_eval,8782233600,4744
1790731583.2522929,2776251,826.888,expert1_eval,8782233600,4744
1790731584.273953,2776251,827.909,expert1_eval,8782233600,4744
1790731585.2990274,2776251,828.934,expert1_eval,8782233600,4744
1790731586.3217287,2776251,829.957,expert1_eval,8782233600,4744
1790731587.3446338,2776251,830.98,expert1_eval,8782233600,4744
1790731588.36991,2776251,832.005,expert1_eval,8782233600,4744
1790731589.3896818,2776251,833.025,expert1_eval,8782233600,4744
1790731590.4111824,2776251,834.047,expert1_eval,8782233600,4744
1790731591.4319267,2776251,835.067,expert1_eval,8782233600,4744
1790731592.45329,2776251,836.089,expert1_eval,8782233600,4744
1790731593.478388,2776251,837.114,expert1_eval,8782233600,4744
1790731594.5010056,2776251,838.136,expert1_eval,8782233600,4744
1790731595.520643,2776251,839.156,expert1_eval,8782233600,4744
1790731596.542176,2776251,840.178,expert1_eval,8782233600,4744
1790731597.5671906,2776251,841.203,expert1_eval,8782233600,4744
1790731598.5913832,2776251,842.227,expert1_eval,8782233600,4744
1790731599.6161382,2776251,843.252,expert1_eval,8782233600,4744
1790731600.6408098,2776251,844.276,expert1_eval,8782233600,4744
1790731601.666581,2776251,845.302,expert1_eval,8782233600,4744
1790731602.6891186,2776251,846.325,expert1_eval,8782233600,4744
1790731603.7093446,2776251,847.345,expert1_eval,8782233600,4744
1790731604.7304118,2776251,848.366,expert1_eval,8782233600,4744
1790731605.7520108,2776251,849.387,expert1_eval,8782233600,4744
1790731606.77057,2776251,850.406,expert1_eval,8782233600,4744
1790731607.7900908,2776251,851.426,expert1_eval,8782233600,4744
1790731608.8132424,2776251,852.449,expert1_eval,8782233600,4744
1790731609.8338249,2776251,853.469,expert1_eval,8782233600,4744
1790731610.8547533,2776251,854.49,expert1_eval,8782233600,4744
1790731611.8749013,2776251,855.51,expert1_eval,8782233600,4744
1790731612.8968701,2776251,856.532,expert1_eval,8782233600,4744
1790731613.924147,2776251,857.56,expert1_eval,8782233600,4744
1790731614.9453783,2776251,858.581,expert1_eval,8782233600,4744
1790731615.9675937,2776251,859.603,expert1_eval,8782233600,4744
1790731616.9898076,2776251,860.625,expert1_eval,8782233600,4744
1790731618.0129216,2776251,861.648,expert1_eval,8782233600,4744
1790731619.03145,2776251,862.667,expert1_eval,8782233600,4744
1790731620.0526845,2776251,863.688,expert1_eval,8782233600,4744
1790731621.0714679,2776251,864.707,expert1_eval,8782233600,4744
1790731622.0929196,2776251,865.728,expert1_eval,8782233600,4744
1790731623.1147382,2776251,866.75,expert1_eval,8782233600,4744
1790731624.1366043,2776251,867.772,expert1_eval,8782233600,4744
1790731625.1558247,2776251,868.791,expert1_eval,8782233600,4744
1790731626.175134,2776251,869.811,expert1_eval,8782233600,4744
1790731627.1958032,2776251,870.831,expert1_eval,8782233600,4744
1790731628.217496,2776251,871.853,expert1_eval,8782233600,4744
1790731629.2369368,2776251,872.872,expert1_eval,8782233600,4744
1790731630.2575798,2776251,873.893,expert1_eval,8782233600,4744
1790731631.2793033,2776251,874.915,expert1_eval,8782233600,4744
1790731632.3006365,2776251,875.936,expert1_eval,8782233600,4744
1790731633.3261693,2776251,876.962,expert1_eval,8782233600,4744
1790731634.3510118,2776251,877.986,expert1_eval,8782233600,4744
1790731635.3726447,2776251,879.008,expert1_eval,8782233600,4744
1790731636.3967645,2776251,880.032,expert1_eval,8782233600,4744
1790731637.4165115,2776251,881.052,expert1_eval,8782233600,4744
1790731638.435776,2776251,882.071,expert1_eval,8782233600,4744
1790731639.4569566,2776251,883.092,expert1_eval,8782233600,4744
1790731640.4799137,2776251,884.115,expert1_eval,8782233600,4744
1790731641.501516,2776251,885.137,expert1_eval,8782233600,4744
1790731642.526556,2776251,886.162,expert1_eval,8782233600,4744
1790731643.5491676,2776251,887.185,expert1_eval,8782233600,4744
1790731644.5739865,2776251,888.209,expert1_eval,8782233600,4744
1790731645.5986063,2776251,889.234,expert1_eval,8782233600,4744
1790731646.6198187,2776251,890.255,expert1_eval,8782233600,4744
1790731647.6444023,2776251,891.28,expert1_eval,8782233600,4744
1790731648.6674585,2776251,892.303,expert1_eval,8782233600,4744
1790731649.6885986,2776251,893.324,expert1_eval,8782233600,4744
1790731650.7092037,2776251,894.345,expert1_eval,8782233600,4744
1790731651.728378,2776251,895.364,expert1_eval,8782233600,4744
1790731652.7475052,2776251,896.383,expert1_eval,8782233600,4744
1790731653.7685578,2776251,897.404,expert1_eval,8782233600,4744
1790731654.789678,2776251,898.425,expert1_eval,8782233600,4744
1790731655.8157406,2776251,899.451,expert1_eval,8782233600,4744
1790731656.8392816,2776251,900.475,expert1_eval,8782233600,4744
1790731657.861608,2776251,901.497,expert1_eval,8782233600,4744
1790731658.882063,2776251,902.517,expert1_eval,8782233600,4744
1790731659.9032023,2776251,903.539,expert1_eval,8782233600,4744
1790731660.922637,2776251,904.558,expert1_eval,8782233600,4744
1790731661.9434102,2776251,905.579,expert1_eval,8782233600,4744
1790731662.965415,2776251,906.601,expert1_eval,8782233600,4744
1790731663.9865892,2776251,907.622,expert1_eval,8782233600,4744
1790731665.006526,2776251,908.642,expert1_eval,8782233600,4744
1790731666.0275857,2776251,909.663,expert1_eval,8782233600,4744
1790731667.052683,2776251,910.688,expert1_eval,8782233600,4744
1790731668.0728147,2776251,911.708,expert1_eval,8782233600,4744
1790731669.0947957,2776251,912.73,expert1_eval,8782233600,4744
1790731670.1173632,2776251,913.753,expert1_eval,8782233600,4744
1790731671.1380534,2776251,914.773,expert1_eval,8782233600,4744
1790731672.1620169,2776251,915.797,expert1_eval,8782233600,4744
1790731673.1817853,2776251,916.817,expert1_eval,8782233600,4744
1790731674.202458,2776251,917.838,expert1_eval,8782233600,4744
1790731675.2273235,2776251,918.863,expert1_eval,8782233600,4744
1790731676.251965,2776251,919.887,expert1_eval,8782233600,4744
1790731677.2767286,2776251,920.912,expert1_eval,8782233600,4744
1790731678.3005743,2776251,921.936,expert1_eval,8782233600,4744
1790731679.3260155,2776251,922.961,expert1_eval,8782233600,4744
1790731680.3488688,2776251,923.984,expert1_eval,8782233600,4744
1790731681.370077,2776251,925.005,expert1_eval,8782233600,4744
1790731682.396297,2776251,926.032,expert1_eval,8782233600,4744
1790731683.4178383,2776251,927.053,expert1_eval,8782233600,4744
1790731684.441372,2776251,928.077,expert1_eval,8782233600,4744
1790731685.4645588,2776251,929.1,expert1_eval,8782233600,4744
1790731686.489906,2776251,930.125,expert1_eval,8782233600,4744
1790731687.514825,2776251,931.15,expert1_eval,8782233600,4744
1790731688.540729,2776251,932.176,expert1_eval,8782233600,4744
1790731689.5629947,2776251,933.198,expert1_eval,8782233600,4744
1790731690.5869696,2776251,934.222,expert1_eval,8782233600,4744
1790731691.611233,2776251,935.247,expert1_eval,8782233600,4744
1790731692.6344552,2776251,936.27,expert1_eval,8782233600,4744
1790731693.6587648,2776251,937.294,expert1_eval,8782233600,4744
1790731694.682794,2776251,938.318,expert1_eval,8782233600,4744
1790731695.7064905,2776251,939.342,expert1_eval,8782233600,4744
1790731696.7307043,2776251,940.366,expert1_eval,8782233600,4744
1790731697.7543547,2776251,941.39,expert1_eval,8782233600,4744
1790731698.7771804,2776251,942.413,expert1_eval,8782233600,4744
1790731699.7969708,2776251,943.432,expert1_eval,8782233600,4744
1790731700.8173745,2776251,944.453,expert1_eval,8782233600,4744
1790731701.8388276,2776251,945.474,expert1_eval,8782233600,4744
1790731702.8642232,2776251,946.5,expert1_eval,8782233600,4744
1790731703.8853095,2776251,947.521,expert1_eval,8782233600,4744
1790731704.9069424,2776251,948.542,expert1_eval,8782233600,4744
1790731705.9318738,2776251,949.567,expert1_eval,8782233600,4744
1790731706.9570599,2776251,950.592,expert1_eval,8782233600,4744
1790731707.9819026,2776251,951.617,expert1_eval,8782233600,4744
1790731709.0046275,2776251,952.64,expert1_eval,8782233600,4744
1790731710.0302544,2776251,953.666,expert1_eval,8782233600,4744
1790731711.0557778,2776251,954.691,expert1_eval,8782233600,4744
1790731712.0795033,2776251,955.715,expert1_eval,8782233600,4744
1790731713.0998023,2776251,956.735,expert1_eval,8782233600,4744
1790731714.1190026,2776251,957.754,expert1_eval,8782233600,4744
1790731715.140421,2776251,958.776,expert1_eval,8782233600,4744
1790731716.1631768,2776251,959.799,expert1_eval,8782233600,4744
1790731717.1847634,2776251,960.82,expert1_eval,8782233600,4744
1790731718.2049196,2776251,961.84,expert1_eval,8782233600,4744
1790731719.225422,2776251,962.861,expert1_eval,8782233600,4744
1790731720.2465212,2776251,963.882,expert1_eval,8782233600,4744
1790731721.268072,2776251,964.903,expert1_eval,8782233600,4744
1790731722.2895398,2776251,965.925,expert1_eval,8782233600,4744
1790731723.3086653,2776251,966.944,expert1_eval,8782233600,4744
1790731724.332168,2776251,967.968,expert1_eval,8782233600,4744
1790731725.3574421,2776251,968.993,expert1_eval,8782233600,4744
1790731726.3790288,2776251,970.014,expert1_eval,8782233600,4744
1790731727.4003496,2776251,971.036,expert1_eval,8782233600,4744
1790731728.4254854,2776251,972.061,expert1_eval,8782233600,4744
1790731729.449955,2776251,973.085,expert1_eval,8782233600,4744
1790731730.4744062,2776251,974.11,expert1_eval,8782233600,4744
1790731731.499778,2776251,975.135,expert1_eval,8782233600,4744
1790731732.5227482,2776251,976.158,expert1_eval,8782233600,4744
1790731733.5443707,2776251,977.18,expert1_eval,8782233600,4744
1790731734.5661223,2776251,978.202,expert1_eval,8782233600,4744
1790731735.5921223,2776251,979.228,expert1_eval,8782233600,4744
1790731736.613773,2776251,980.249,expert1_eval,8782233600,4744
1790731737.6385095,2776251,981.274,expert1_eval,8782233600,4744
1790731738.6619556,2776251,982.297,expert1_eval,8782233600,4744
1790731739.6827483,2776251,983.318,expert1_eval,8782233600,4744
1790731740.7055213,2776251,984.341,expert1_eval,8782233600,4744
1790731741.7296631,2776251,985.365,expert1_eval,8782233600,4744
1790731742.7543857,2776251,986.39,expert1_eval,8782233600,4744
1790731743.7787583,2776251,987.414,expert1_eval,8782233600,4744
1790731744.8034303,2776251,988.439,expert1_eval,8782233600,4744
1790731745.8291502,2776251,989.465,expert1_eval,8782233600,4744
1790731746.8547049,2776251,990.49,expert1_eval,8782233600,4744
1790731747.8790934,2776251,991.515,expert1_eval,8782233600,4744
1790731748.9041667,2776251,992.54,expert1_eval,8782233600,4744
1790731749.9299242,2776251,993.565,expert1_eval,8782233600,4744
1790731750.951872,2776251,994.587,expert1_eval,8782233600,4744
1790731751.973313,2776251,995.609,expert1_eval,8782233600,4744
1790731752.9963765,2776251,996.632,expert1_eval,8782233600,4744
1790731754.017659,2776251,997.653,expert1_eval,8782233600,4744
1790731755.0402439,2776251,998.676,expert1_eval,8782233600,4744
1790731756.0623171,2776251,999.698,expert1_eval,8782233600,4744
1790731757.085184,2776251,1000.721,expert1_eval,8782233600,4744
1790731758.105561,2776251,1001.741,expert1_eval,8782233600,4744
1790731759.1270847,2776251,1002.763,expert1_eval,8782233600,4744
1790731760.1524017,2776251,1003.788,expert1_eval,8782233600,4744
1790731761.1758463,2776251,1004.811,expert1_eval,8782233600,4744
1790731762.1974146,2776251,1005.833,expert1_eval,8782233600,4744
1790731763.221452,2776251,1006.857,expert1_eval,8782233600,4744
1790731764.241236,2776251,1007.877,expert1_eval,8782233600,4744
1790731765.2652454,2776251,1008.901,expert1_eval,8782233600,4744
1790731766.2851968,2776251,1009.921,expert1_eval,8782233600,4744
1790731767.30439,2776251,1010.94,expert1_eval,8782233600,4744
1790731768.3252296,2776251,1011.961,expert1_eval,8782233600,4744
1790731769.3442473,2776251,1012.98,expert1_eval,8782233600,4744
1790731770.3646872,2776251,1014.0,expert1_eval,8782233600,4744
1790731771.3861558,2776251,1015.022,expert1_eval,8782233600,4744
1790731772.409315,2776251,1016.045,expert1_eval,8782233600,4744
1790731773.4308562,2776251,1017.066,expert1_eval,8782233600,4744
1790731774.4554055,2776251,1018.091,expert1_eval,8782233600,4744
1790731775.4797473,2776251,1019.115,expert1_eval,8782233600,4744
1790731776.5044653,2776251,1020.14,expert1_eval,8782233600,4744
1790731777.5284698,2776251,1021.164,expert1_eval,8782233600,4744
1790731778.5538588,2776251,1022.189,expert1_eval,8782233600,4744
1790731779.5790565,2776251,1023.214,expert1_eval,8782233600,4744
1790731780.6037624,2776251,1024.239,expert1_eval,8782233600,4744
1790731781.6289814,2776251,1025.264,expert1_eval,8782233600,4744
1790731782.6538382,2776251,1026.289,expert1_eval,8782233600,4744
1790731783.6810248,2776251,1027.316,expert1_eval,8782233600,4744
1790731784.7023814,2776251,1028.338,expert1_eval,8782233600,4744
1790731785.7267292,2776251,1029.362,expert1_eval,8782233600,4744
1790731786.7507167,2776251,1030.386,expert1_eval,8782233600,4744
1790731787.7745738,2776251,1031.41,expert1_eval,8782233600,4744
1790731788.7973363,2776251,1032.433,expert1_eval,8782233600,4744
1790731789.819352,2776251,1033.455,expert1_eval,8782233600,4744
1790731790.8435307,2776251,1034.479,expert1_eval,8782233600,4744
1790731791.8668137,2776251,1035.502,expert1_eval,8782233600,4744
1790731792.8904917,2776251,1036.526,expert1_eval,8782233600,4744
1790731793.915134,2776251,1037.551,expert1_eval,8782233600,4744
1790731794.9390469,2776251,1038.574,expert1_eval,8782233600,4744
1790731795.96412,2776251,1039.6,expert1_eval,8782233600,4744
1790731796.9871693,2776251,1040.623,expert1_eval,8782233600,4744
1790731798.0111866,2776251,1041.647,expert1_eval,8782233600,4744
1790731799.0325706,2776251,1042.668,expert1_eval,8782233600,4744
1790731800.0527127,2776251,1043.688,expert1_eval,8782233600,4744
1790731801.0740757,2776251,1044.709,expert1_eval,8782233600,4744
1790731802.0957475,2776251,1045.731,expert1_eval,8782233600,4744
1790731803.1205719,2776251,1046.756,expert1_eval,8782233600,4744
1790731804.1437216,2776251,1047.779,expert1_eval,8782233600,4744
1790731805.1635947,2776251,1048.799,expert1_eval,8782233600,4744
1790731806.1846113,2776251,1049.82,expert1_eval,8782233600,4744
1790731807.205451,2776251,1050.841,expert1_eval,8782233600,4744
1790731808.2265615,2776251,1051.862,expert1_eval,8782233600,4744
1790731809.249831,2776251,1052.885,expert1_eval,8782233600,4744
1790731810.2784576,2776251,1053.914,expert1_eval,8782233600,4744
1790731811.3024266,2776251,1054.938,expert1_eval,8782233600,4744
1790731812.3276098,2776251,1055.963,expert1_eval,8782233600,4744
1790731813.3486133,2776251,1056.984,expert1_eval,8782233600,4744
1790731814.3685083,2776251,1058.004,expert1_eval,8782233600,4744
1790731815.390428,2776251,1059.026,expert1_eval,8782233600,4744
1790731816.412903,2776251,1060.048,expert1_eval,8782233600,4744
1790731817.4331348,2776251,1061.069,expert1_eval,8782233600,4744
1790731818.4536226,2776251,1062.089,expert1_eval,8782233600,4744
1790731819.4745297,2776251,1063.11,expert1_eval,8782233600,4744
1790731820.4983268,2776251,1064.134,expert1_eval,8782233600,4744
1790731821.5224273,2776251,1065.158,expert1_eval,8782233600,4744
1790731822.5465996,2776251,1066.182,expert1_eval,8782233600,4744
1790731823.5722988,2776251,1067.208,expert1_eval,8782233600,4744
1790731824.5974255,2776251,1068.233,expert1_eval,8782233600,4744
1790731825.6223938,2776251,1069.258,expert1_eval,8782233600,4744
1790731826.6469443,2776251,1070.282,expert1_eval,8782233600,4744
1790731827.670621,2776251,1071.306,expert1_eval,8782233600,4744
1790731828.6928167,2776251,1072.328,expert1_eval,8782233600,4744
1790731829.714148,2776251,1073.35,expert1_eval,8782233600,4744
1790731830.7357447,2776251,1074.371,expert1_eval,8782233600,4744
1790731831.7580698,2776251,1075.393,expert1_eval,8782233600,4744
1790731832.7790573,2776251,1076.414,expert1_eval,8782233600,4744
1790731833.7973063,2776251,1077.433,expert1_eval,8782233600,4744
1790731834.819915,2776251,1078.455,expert1_eval,8782233600,4744
1790731835.8416202,2776251,1079.477,expert1_eval,8782233600,4744
1790731836.8635669,2776251,1080.499,expert1_eval,8782233600,4744
1790731837.884482,2776251,1081.52,expert1_eval,8782233600,4744
1790731838.903995,2776251,1082.539,expert1_eval,8782233600,4744
1790731839.924726,2776251,1083.56,expert1_eval,8782233600,4744
1790731840.9497397,2776251,1084.585,expert1_eval,8782233600,4744
1790731841.9760501,2776251,1085.611,expert1_eval,8782233600,4744
1790731842.9985442,2776251,1086.634,expert1_eval,8782233600,4744
1790731844.0227368,2776251,1087.658,expert1_eval,8782233600,4744
1790731845.0444086,2776251,1088.68,expert1_eval,8782233600,4744
1790731846.0702312,2776251,1089.706,expert1_eval,8782233600,4744
1790731847.0952606,2776251,1090.731,expert1_eval,8782233600,4744
1790731848.1149373,2776251,1091.75,expert1_eval,8782233600,4744
1790731849.1355,2776251,1092.771,expert1_eval,8782233600,4744
1790731850.156354,2776251,1093.792,expert1_eval,8782233600,4744
1790731851.1791234,2776251,1094.815,expert1_eval,8782233600,4744
1790731852.203462,2776251,1095.839,expert1_eval,8782233600,4744
1790731853.2269685,2776251,1096.862,expert1_eval,8782233600,4744
1790731854.2519758,2776251,1097.887,expert1_eval,8782233600,4744
1790731855.2767348,2776251,1098.912,expert1_eval,8782233600,4744
1790731856.3007982,2776251,1099.936,expert1_eval,8782233600,4744
1790731857.3228877,2776251,1100.958,expert1_eval,8782233600,4744
1790731858.347663,2776251,1101.983,expert1_eval,8782233600,4744
1790731859.3725076,2776251,1103.008,expert1_eval,8782233600,4744
1790731860.3973343,2776251,1104.033,expert1_eval,8782233600,4744
1790731861.420544,2776251,1105.056,expert1_eval,8782233600,4744
1790731862.4442832,2776251,1106.08,expert1_eval,8782233600,4744
1790731863.4685352,2776251,1107.104,expert1_eval,8782233600,4744
1790731864.4882374,2776251,1108.124,expert1_eval,8782233600,4744
1790731865.5104878,2776251,1109.146,expert1_eval,8782233600,4744
1790731866.5314834,2776251,1110.167,expert1_eval,8782233600,4744
1790731867.55623,2776251,1111.192,expert1_eval,8782233600,4744
1790731868.5798862,2776251,1112.215,expert1_eval,8782233600,4744
1790731869.6014946,2776251,1113.237,expert1_eval,8782233600,4744
1790731870.6205041,2776251,1114.256,expert1_eval,8782233600,4744
1790731871.6420505,2776251,1115.277,expert1_eval,8782233600,4744
1790731872.6650782,2776251,1116.3,expert1_eval,8782233600,4744
1790731873.686518,2776251,1117.322,expert1_eval,8782233600,4744
1790731874.704763,2776251,1118.34,expert1_eval,8782233600,4744
1790731875.724269,2776251,1119.36,expert1_eval,8782233600,4744
1790731876.7435763,2776251,1120.379,expert1_eval,8782233600,4744
1790731877.7644815,2776251,1121.4,expert1_eval,8782233600,4744
1790731878.7839444,2776251,1122.419,expert1_eval,8782233600,4744
1790731879.8049066,2776251,1123.44,expert1_eval,8782233600,4744
1790731880.8259673,2776251,1124.461,expert1_eval,8782233600,4744
1790731881.850552,2776251,1125.486,expert1_eval,8782233600,4744
1790731882.872736,2776251,1126.508,expert1_eval,8782233600,4744
1790731883.8926506,2776251,1127.528,expert1_eval,8782233600,4744
1790731884.9139993,2776251,1128.549,expert1_eval,8782233600,4744
1790731885.9351656,2776251,1129.571,expert1_eval,8782233600,4744
1790731886.960031,2776251,1130.595,expert1_eval,8782233600,4744
1790731887.984066,2776251,1131.619,expert1_eval,8782233600,4744
1790731889.0046146,2776251,1132.64,expert1_eval,8782233600,4744
1790731890.0293105,2776251,1133.665,expert1_eval,8782233600,4744
1790731891.0541196,2776251,1134.69,expert1_eval,8782233600,4744
1790731892.0788765,2776251,1135.714,expert1_eval,8782233600,4744
1790731893.1034532,2776251,1136.739,expert1_eval,8782233600,4744
1790731894.1283379,2776251,1137.764,expert1_eval,8782233600,4744
1790731895.1552489,2776251,1138.791,expert1_eval,8782233600,4744
1790731896.1786354,2776251,1139.814,expert1_eval,8782233600,4744
1790731897.2000294,2776251,1140.835,expert1_eval,8782233600,4744
1790731898.223767,2776251,1141.859,expert1_eval,8782233600,4744
1790731899.2474954,2776251,1142.883,expert1_eval,8782233600,4744
1790731900.2690048,2776251,1143.904,expert1_eval,8782233600,4744
1790731901.28721,2776251,1144.923,expert1_eval,8782233600,4744
1790731902.3072507,2776251,1145.943,expert1_eval,8782233600,4744
1790731903.328378,2776251,1146.964,expert1_eval,8782233600,4744
1790731904.3521426,2776251,1147.988,expert1_eval,8782233600,4744
1790731905.3738842,2776251,1149.009,expert1_eval,8782233600,4744
1790731906.3968937,2776251,1150.032,expert1_eval,8782233600,4744
1790731907.420414,2776251,1151.056,expert1_eval,8782233600,4744
1790731908.4423988,2776251,1152.078,expert1_eval,8782233600,4744
1790731909.4606576,2776251,1153.096,expert1_eval,8782233600,4744
1790731910.4806342,2776251,1154.116,expert1_eval,8782233600,4744
1790731911.4995935,2776251,1155.135,expert1_eval,8782233600,4744
1790731912.5221167,2776251,1156.158,expert1_eval,8782233600,4744
1790731913.5467641,2776251,1157.182,expert1_eval,8782233600,4744
1790731914.5697706,2776251,1158.205,expert1_eval,8782233600,4744
1790731915.589796,2776251,1159.225,expert1_eval,8782233600,4744
1790731916.6124623,2776251,1160.248,expert1_eval,8782233600,4744
1790731917.633765,2776251,1161.269,expert1_eval,8782233600,4744
1790731918.656701,2776251,1162.292,expert1_eval,8782233600,4744
1790731919.680906,2776251,1163.316,expert1_eval,8782233600,4744
1790731920.7061942,2776251,1164.342,expert1_eval,8782233600,4744
1790731921.731314,2776251,1165.367,expert1_eval,8782233600,4744
1790731922.7574828,2776251,1166.393,expert1_eval,8782233600,4744
1790731923.7842836,2776251,1167.42,expert1_eval,8782233600,4744
1790731924.811619,2776251,1168.447,expert1_eval,8782233600,4744
1790731925.836037,2776251,1169.471,expert1_eval,8782233600,4744
1790731926.8591318,2776251,1170.495,expert1_eval,8782233600,4744
1790731927.881795,2776251,1171.517,expert1_eval,8782233600,4744
1790731928.9055045,2776251,1172.541,expert1_eval,8782233600,4744
1790731929.928656,2776251,1173.564,expert1_eval,8782233600,4744
1790731930.9478226,2776251,1174.583,expert1_eval,8782233600,4744
1790731931.9688828,2776251,1175.604,expert1_eval,8782233600,4744
1790731932.9886942,2776251,1176.624,expert1_eval,8782233600,4744
1790731934.0077918,2776251,1177.643,expert1_eval,8782233600,4744
1790731935.0288525,2776251,1178.664,expert1_eval,8782233600,4744
1790731936.050002,2776251,1179.685,expert1_eval,8782233600,4744
1790731937.0755277,2776251,1180.711,expert1_eval,8782233600,4744
1790731938.1004703,2776251,1181.736,expert1_eval,8782233600,4744
1790731939.1208515,2776251,1182.756,expert1_eval,8782233600,4744
1790731940.1398213,2776251,1183.775,expert1_eval,8782233600,4744
1790731941.1597147,2776251,1184.795,expert1_eval,8782233600,4744
1790731942.179328,2776251,1185.815,expert1_eval,8782233600,4744
1790731943.1988332,2776251,1186.834,expert1_eval,8782233600,4744
1790731944.218475,2776251,1187.854,expert1_eval,8782233600,4744
1790731945.239591,2776251,1188.875,expert1_eval,8782233600,4744
1790731946.2646124,2776251,1189.9,expert1_eval,8782233600,4744
1790731947.2890844,2776251,1190.925,expert1_eval,8782233600,4744
1790731948.3097923,2776251,1191.945,expert1_eval,8782233600,4744
1790731949.3307116,2776251,1192.966,expert1_eval,8782233600,4744
1790731950.355903,2776251,1193.991,expert1_eval,8782233600,4744
1790731951.3787775,2776251,1195.014,expert1_eval,8782233600,4744
1790731952.4032853,2776251,1196.039,expert1_eval,8782233600,4744
1790731953.4285986,2776251,1197.064,expert1_eval,8782233600,4744
1790731954.4488742,2776251,1198.084,expert1_eval,8782233600,4744
1790731955.469759,2776251,1199.105,expert1_eval,8782233600,4744
1790731956.4933982,2776251,1200.129,expert1_eval,8782233600,4744
1790731957.5160792,2776251,1201.152,expert1_eval,8782233600,4744
1790731958.5362835,2776251,1202.172,expert1_eval,8782233600,4744
1790731959.5666635,2776251,1203.202,expert1_eval,8782233600,4744
1790731960.595998,2776251,1204.231,expert1_eval,8782233600,4744
1790731961.6229177,2776251,1205.258,expert1_eval,8782233600,4744
1790731962.6436687,2776251,1206.279,expert1_eval,8782233600,4744
1790731963.6648421,2776251,1207.3,expert1_eval,8782233600,4744
1790731964.6838198,2776251,1208.319,expert1_eval,8782233600,4744
1790731965.7046137,2776251,1209.34,expert1_eval,8782233600,4744
1790731966.726257,2776251,1210.362,expert1_eval,8782233600,4744
1790731967.7495275,2776251,1211.385,expert1_eval,8782233600,4744
1790731968.7748523,2776251,1212.41,expert1_eval,8782233600,4744
1790731969.8040214,2776251,1213.439,expert1_eval,8782233600,4744
1790731970.8301713,2776251,1214.466,expert1_eval,8782233600,4744
1790731971.8549623,2776251,1215.49,expert1_eval,8782233600,4744
1790731972.8803084,2776251,1216.516,expert1_eval,8782233600,4744
1790731973.9057097,2776251,1217.541,expert1_eval,8782233600,4744
1790731974.9309125,2776251,1218.566,expert1_eval,8782233600,4744
1790731975.957123,2776251,1219.593,expert1_eval,8782233600,4744
1790731976.9819283,2776251,1220.617,expert1_eval,8782233600,4744
1790731978.0064566,2776251,1221.642,expert1_eval,8782233600,4744
1790731979.0315661,2776251,1222.667,expert1_eval,8782233600,4744
1790731980.0528326,2776251,1223.688,expert1_eval,8782233600,4744
1790731981.0735912,2776251,1224.709,expert1_eval,8782233600,4744
1790731982.0963457,2776251,1225.732,expert1_eval,8782233600,4744
1790731983.1174843,2776251,1226.753,expert1_eval,8782233600,4744
1790731984.1468554,2776251,1227.782,expert1_eval,8782233600,4744
1790731985.1737938,2776251,1228.809,expert1_eval,8782233600,4744
1790731986.1990292,2776251,1229.834,expert1_eval,8782233600,4744
1790731987.224285,2776251,1230.86,expert1_eval,8782233600,4744
1790731988.2492654,2776251,1231.885,expert1_eval,8782233600,4744
1790731989.2736444,2776251,1232.909,expert1_eval,8782233600,4744
1790731990.301036,2776251,1233.936,expert1_eval,8782233600,4744
1790731991.326065,2776251,1234.961,expert1_eval,8782233600,4744
1790731992.350773,2776251,1235.986,expert1_eval,8782233600,4744
1790731993.3756642,2776251,1237.011,expert1_eval,8782233600,4744
1790731994.400843,2776251,1238.036,expert1_eval,8782233600,4744
1790731995.4228787,2776251,1239.058,expert1_eval,8782233600,4744
1790731996.4462614,2776251,1240.082,expert1_eval,8782233600,4744
1790731997.47155,2776251,1241.107,expert1_eval,8782233600,4744
1790731998.4960728,2776251,1242.131,expert1_eval,8782233600,4744
1790731999.520076,2776251,1243.155,expert1_eval,8782233600,4744
1790732000.5438032,2776251,1244.179,expert1_eval,8782233600,4744
1790732001.5690691,2776251,1245.204,expert1_eval,8782233600,4744
1790732002.5934017,2776251,1246.229,expert1_eval,8782233600,4744
1790732003.6180527,2776251,1247.253,expert1_eval,8782233600,4744
1790732004.6413653,2776251,1248.277,expert1_eval,8782233600,4744
1790732005.6655648,2776251,1249.301,expert1_eval,8782233600,4744
1790732006.6938734,2776251,1250.329,expert1_eval,8782233600,4744
1790732007.7147887,2776251,1251.35,expert1_eval,8782233600,4744
1790732008.737029,2776251,1252.372,expert1_eval,8782233600,4744
1790732009.7578444,2776251,1253.393,expert1_eval,8782233600,4744
1790732010.777291,2776251,1254.413,expert1_eval,8782233600,4744
1790732011.8242092,2776251,1255.46,expert1_eval,8782233600,4744
1790732012.8458734,2776251,1256.481,expert1_eval,8782233600,4744
1790732013.8710887,2776251,1257.507,expert1_eval,8782233600,4744
1790732014.9019344,2776251,1258.537,expert1_eval,8782233600,4744
1790732015.9269104,2776251,1259.562,expert1_eval,8782233600,4744
1790732016.9517257,2776251,1260.587,expert1_eval,8782233600,4744
1790732017.9715025,2776251,1261.607,expert1_eval,8782233600,4744
1790732018.9963067,2776251,1262.632,expert1_eval,8782233600,4744
1790732020.0173976,2776251,1263.653,expert1_eval,8782233600,4744
1790732021.0426102,2776251,1264.678,expert1_eval,8782233600,4744
1790732022.0670176,2776251,1265.702,expert1_eval,8782233600,4744
1790732023.0866334,2776251,1266.722,expert1_eval,8782233600,4744
1790732024.105932,2776251,1267.741,expert1_eval,8782233600,4744
1790732025.1277955,2776251,1268.763,expert1_eval,8782233600,4744
1790732026.1531074,2776251,1269.789,expert1_eval,8782233600,4744
1790732027.1789007,2776251,1270.814,expert1_eval,8782233600,4744
1790732028.199675,2776251,1271.835,expert1_eval,8782233600,4744
1790732029.2187147,2776251,1272.854,expert1_eval,8782233600,4744
1790732030.240528,2776251,1273.876,expert1_eval,8782233600,4744
1790732031.2646313,2776251,1274.9,expert1_eval,8782233600,4744
1790732032.2884939,2776251,1275.924,expert1_eval,8782233600,4744
1790732033.3135254,2776251,1276.949,expert1_eval,8782233600,4744
1790732034.3392556,2776251,1277.975,expert1_eval,8782233600,4744
1790732035.3620203,2776251,1278.997,expert1_eval,8782233600,4744
1790732036.3815439,2776251,1280.017,expert1_eval,8782233600,4744
1790732037.4013689,2776251,1281.037,expert1_eval,8782233600,4744
1790732038.4241288,2776251,1282.06,expert1_eval,8782233600,4744
1790732039.443803,2776251,1283.079,expert1_eval,8782233600,4744
1790732040.465204,2776251,1284.101,expert1_eval,8782233600,4744
1790732041.484184,2776251,1285.12,expert1_eval,8782233600,4744
1790732042.5028086,2776251,1286.138,expert1_eval,8782233600,4744
1790732043.5241203,2776251,1287.16,expert1_eval,8782233600,4744
1790732044.5469046,2776251,1288.182,expert1_eval,8782233600,4744
1790732045.5706663,2776251,1289.206,expert1_eval,8782233600,4744
1790732046.592924,2776251,1290.228,expert1_eval,8782233600,4744
1790732047.614984,2776251,1291.25,expert1_eval,8782233600,4744
1790732048.6393538,2776251,1292.275,expert1_eval,8782233600,4744
1790732049.6579578,2776251,1293.293,expert1_eval,8782233600,4744
1790732050.678249,2776251,1294.314,expert1_eval,8782233600,4744
1790732051.7004893,2776251,1295.336,expert1_eval,8782233600,4744
1790732052.7188482,2776251,1296.354,expert1_eval,8782233600,4744
1790732053.738615,2776251,1297.374,expert1_eval,8782233600,4744
1790732054.7604513,2776251,1298.396,expert1_eval,8782233600,4744
1790732055.7818449,2776251,1299.417,expert1_eval,8782233600,4744
1790732056.801345,2776251,1300.437,expert1_eval,8782233600,4744
1790732057.821399,2776251,1301.457,expert1_eval,8782233600,4744
1790732058.842731,2776251,1302.478,expert1_eval,8782233600,4744
1790732059.8644505,2776251,1303.5,expert1_eval,8782233600,4744
1790732060.8854027,2776251,1304.521,expert1_eval,8782233600,4744
1790732061.9087152,2776251,1305.544,expert1_eval,8782233600,4744
1790732062.929349,2776251,1306.565,expert1_eval,8782233600,4744
1790732063.9551625,2776251,1307.591,expert1_eval,8782233600,4744
1790732064.9809594,2776251,1308.616,expert1_eval,8782233600,4744
1790732066.0038831,2776251,1309.639,expert1_eval,8782233600,4744
1790732067.0234058,2776251,1310.659,expert1_eval,8782233600,4744
1790732068.0443745,2776251,1311.68,expert1_eval,8782233600,4744
1790732069.0702252,2776251,1312.706,expert1_eval,8782233600,4744
1790732070.094892,2776251,1313.73,expert1_eval,8782233600,4744
1790732071.1156137,2776251,1314.751,expert1_eval,8782233600,4744
1790732072.139188,2776251,1315.775,expert1_eval,8782233600,4744
1790732073.1603897,2776251,1316.796,expert1_eval,8782233600,4744
1790732074.1830864,2776251,1317.819,expert1_eval,8782233600,4744
1790732075.2242427,2776251,1318.86,expert1_eval,8782233600,4744
1790732076.2497811,2776251,1319.885,expert1_eval,8782233600,4744
1790732077.2717237,2776251,1320.907,expert1_eval,8782233600,4744
1790732078.2918873,2776251,1321.927,expert1_eval,8782233600,4744
1790732079.3131979,2776251,1322.949,expert1_eval,8782233600,4744
1790732080.334289,2776251,1323.97,expert1_eval,8782233600,4744
1790732081.3553357,2776251,1324.991,expert1_eval,8782233600,4744
1790732082.3742282,2776251,1326.01,expert1_eval,8782233600,4744
1790732083.394468,2776251,1327.03,expert1_eval,8782233600,4744
1790732084.4150312,2776251,1328.05,expert1_eval,8782233600,4744
1790732085.438894,2776251,1329.074,expert1_eval,8782233600,4744
1790732086.4630456,2776251,1330.098,expert1_eval,8782233600,4744
1790732087.4870374,2776251,1331.122,expert1_eval,8782233600,4744
1790732088.5107386,2776251,1332.146,expert1_eval,8782233600,4744
1790732089.5341752,2776251,1333.17,expert1_eval,8782233600,4744
1790732090.5559332,2776251,1334.191,expert1_eval,8782233600,4744
1790732091.5744388,2776251,1335.21,expert1_eval,8782233600,4744
1790732092.5937736,2776251,1336.229,expert1_eval,8782233600,4744
1790732093.6119022,2776251,1337.247,expert1_eval,8782233600,4744
1790732094.6313744,2776251,1338.267,expert1_eval,8782233600,4744
1790732095.65014,2776251,1339.286,expert1_eval,8782233600,4744
1790732096.6713421,2776251,1340.307,expert1_eval,8782233600,4744
1790732097.6952598,2776251,1341.331,expert1_eval,8782233600,4744
1790732098.7206042,2776251,1342.356,expert1_eval,8782233600,4744
1790732099.7509637,2776251,1343.386,expert1_eval,8782233600,4744
1790732100.7770715,2776251,1344.412,expert1_eval,8782233600,4744
1790732101.8030992,2776251,1345.439,expert1_eval,8782233600,4744
1790732102.8243623,2776251,1346.46,expert1_eval,8782233600,4744
1790732103.8464441,2776251,1347.482,expert1_eval,8782233600,4744
1790732104.8687391,2776251,1348.504,expert1_eval,8782233600,4744
1790732105.890673,2776251,1349.526,expert1_eval,8782233600,4744
1790732106.9143598,2776251,1350.55,expert1_eval,8782233600,4744
1790732107.9399838,2776251,1351.575,expert1_eval,8782233600,4744
1790732108.9689717,2776251,1352.604,expert1_eval,8782233600,4744
1790732109.993532,2776251,1353.629,expert1_eval,8782233600,4744
1790732111.0191538,2776251,1354.655,expert1_eval,8782233600,4744
1790732112.0450084,2776251,1355.68,expert1_eval,8782233600,4744
1790732113.0670435,2776251,1356.702,expert1_eval,8782233600,4744
1790732114.087657,2776251,1357.723,expert1_eval,8782233600,4744
1790732115.10946,2776251,1358.745,expert1_eval,8782233600,4744
1790732116.1341107,2776251,1359.77,expert1_eval,8782233600,4744
1790732117.1607766,2776251,1360.796,expert1_eval,8782233600,4744
1790732118.1862106,2776251,1361.822,expert1_eval,8782233600,4744
1790732119.2066247,2776251,1362.842,expert1_eval,8782233600,4744
1790732120.2301118,2776251,1363.866,expert1_eval,8782233600,4744
1790732121.2551425,2776251,1364.891,expert1_eval,8782233600,4744
1790732122.2791605,2776251,1365.915,expert1_eval,8782233600,4744
1790732123.3041465,2776251,1366.94,expert1_eval,8782233600,4744
1790732124.3283765,2776251,1367.964,expert1_eval,8782233600,4744
1790732125.3530457,2776251,1368.988,expert1_eval,8782233600,4744
1790732126.3783479,2776251,1370.014,expert1_eval,8782233600,4744
1790732127.4015365,2776251,1371.037,expert1_eval,8782233600,4744
1790732128.4241,2776251,1372.06,expert1_eval,8782233600,4744
1790732129.4498162,2776251,1373.085,expert1_eval,8782233600,4744
1790732130.4712265,2776251,1374.107,expert1_eval,8782233600,4744
1790732131.4980476,2776251,1375.133,expert1_eval,8782233600,4744
1790732132.5248568,2776251,1376.16,expert1_eval,8782233600,4744
1790732133.5483804,2776251,1377.184,expert1_eval,8782233600,4744
1790732134.569201,2776251,1378.205,expert1_eval,8782233600,4744
1790732135.5926974,2776251,1379.228,expert1_eval,8782233600,4744
1790732136.6173267,2776251,1380.253,expert1_eval,8782233600,4744
1790732137.6369064,2776251,1381.272,expert1_eval,8782233600,4744
1790732138.659906,2776251,1382.295,expert1_eval,8782233600,4744
1790732139.6835399,2776251,1383.319,expert1_eval,8782233600,4744
1790732140.707944,2776251,1384.343,expert1_eval,8782233600,4744
1790732141.7293386,2776251,1385.365,expert1_eval,8782233600,4744
1790732142.75438,2776251,1386.39,expert1_eval,8782233600,4744
1790732143.7791417,2776251,1387.415,expert1_eval,8782233600,4744
1790732144.8034742,2776251,1388.439,expert1_eval,8782233600,4744
1790732145.8275256,2776251,1389.463,expert1_eval,8782233600,4744
1790732146.8492532,2776251,1390.485,expert1_eval,8782233600,4744
1790732147.8738124,2776251,1391.509,expert1_eval,8782233600,4744
1790732148.8981295,2776251,1392.534,expert1_eval,8782233600,4744
1790732149.9229734,2776251,1393.558,expert1_eval,8782233600,4744
1790732150.9467702,2776251,1394.582,expert1_eval,8782233600,4744
1790732151.9701796,2776251,1395.606,expert1_eval,8782233600,4744
1790732152.993586,2776251,1396.629,expert1_eval,8782233600,4744
1790732154.017214,2776251,1397.653,expert1_eval,8782233600,4744
1790732155.0415764,2776251,1398.677,expert1_eval,8782233600,4744
1790732156.0655909,2776251,1399.701,expert1_eval,8782233600,4744
1790732157.0913541,2776251,1400.727,expert1_eval,8782233600,4744
1790732158.1168742,2776251,1401.752,expert1_eval,8782233600,4744
1790732159.141048,2776251,1402.776,expert1_eval,8782233600,4744
1790732160.1628814,2776251,1403.798,expert1_eval,8782233600,4744
1790732161.1841195,2776251,1404.82,expert1_eval,8782233600,4744
1790732162.2046237,2776251,1405.84,expert1_eval,8782233600,4744
1790732163.228932,2776251,1406.864,expert1_eval,8782233600,4744
1790732164.2524743,2776251,1407.888,expert1_eval,8782233600,4744
1790732165.278606,2776251,1408.914,expert1_eval,8782233600,4744
1790732166.3024995,2776251,1409.938,expert1_eval,8782233600,4744
1790732167.3260932,2776251,1410.962,expert1_eval,8782233600,4744
1790732168.3472722,2776251,1411.983,expert1_eval,8782233600,4744
1790732169.369992,2776251,1413.005,expert1_eval,8782233600,4744
1790732170.4055827,2776251,1414.041,expert1_eval,8782233600,4744
1790732171.4261575,2776251,1415.062,expert1_eval,8782233600,4744
1790732172.4472213,2776251,1416.083,expert1_eval,8782233600,4744
1790732173.4675257,2776251,1417.103,expert1_eval,8782233600,4744
1790732174.4877625,2776251,1418.123,expert1_eval,8782233600,4744
1790732175.5135415,2776251,1419.149,expert1_eval,8782233600,4744
1790732176.5397613,2776251,1420.175,expert1_eval,8782233600,4744
1790732177.562375,2776251,1421.198,expert1_eval,8782233600,4744
1790732178.5875704,2776251,1422.223,expert1_eval,8782233600,4744
1790732179.611938,2776251,1423.247,expert1_eval,8782233600,4744
1790732180.6375415,2776251,1424.273,expert1_eval,8782233600,4744
1790732181.6617193,2776251,1425.297,expert1_eval,8782233600,4744
1790732182.6839917,2776251,1426.319,expert1_eval,8782233600,4744
1790732183.7072277,2776251,1427.343,expert1_eval,8782233600,4744
1790732184.7290936,2776251,1428.365,expert1_eval,8782233600,4744
1790732185.7490034,2776251,1429.384,expert1_eval,8782233600,4744
1790732186.7708573,2776251,1430.406,expert1_eval,8782233600,4744
1790732187.7970452,2776251,1431.432,expert1_eval,8782233600,4744
1790732188.8218381,2776251,1432.457,expert1_eval,8782233600,4744
1790732189.844455,2776251,1433.48,expert1_eval,8782233600,4744
1790732190.8733478,2776251,1434.509,expert1_eval,8782233600,4744
1790732191.8969028,2776251,1435.532,expert1_eval,8782233600,4744
1790732192.917494,2776251,1436.553,expert1_eval,8782233600,4744
1790732193.939362,2776251,1437.575,expert1_eval,8782233600,4744
1790732194.9581852,2776251,1438.594,expert1_eval,8782233600,4744
1790732195.9800246,2776251,1439.615,expert1_eval,8782233600,4744
1790732197.0019283,2776251,1440.637,expert1_eval,8782520320,4744
1790732198.0266929,2776251,1441.662,expert1_eval,8782520320,4744
1790732199.0493014,2776251,1442.685,expert1_eval,8782520320,4744
1790732200.0740066,2776251,1443.709,expert1_eval,8782520320,4744
1790732201.096239,2776251,1444.732,expert1_eval,8782520320,4744
1790732202.1243584,2776251,1445.76,expert1_eval,8782520320,4744
1790732203.146489,2776251,1446.782,expert1_eval,8782520320,4744
1790732204.1695406,2776251,1447.805,expert1_eval,8782520320,4744
1790732205.1920085,2776251,1448.827,expert1_eval,8782520320,4744
1790732206.2190669,2776251,1449.854,expert1_eval,8782520320,4744
1790732207.2379549,2776251,1450.873,expert1_eval,8782520320,4744
1790732208.26273,2776251,1451.898,expert1_eval,8782520320,4744
1790732209.284598,2776251,1452.92,expert1_eval,8782520320,4744
1790732210.3079445,2776251,1453.943,expert1_eval,8782520320,4744
1790732211.3281176,2776251,1454.964,expert1_eval,8782520320,4744
1790732212.354158,2776251,1455.99,expert1_eval,8782520320,4744
1790732213.3848603,2776251,1457.02,expert1_eval,8782520320,4744
1790732214.4089322,2776251,1458.044,expert1_eval,8782520320,4744
1790732215.4294784,2776251,1459.065,expert1_eval,8782520320,4744
1790732216.4532406,2776251,1460.089,expert1_eval,8782520320,4744
1790732217.475878,2776251,1461.111,expert1_eval,8782520320,4744
1790732218.5022566,2776251,1462.138,expert2_fit,7631380480,1526
1790732219.5419822,2776251,1463.177,expert2_fit,7631466496,1626
1790732220.577177,2776251,1464.213,expert2_fit,7631466496,1626
1790732221.6112754,2776251,1465.247,expert2_fit,7631466496,1626
1790732222.633876,2776251,1466.269,expert2_fit,7631466496,1626
1790732223.6602924,2776251,1467.296,starting,7631486976,1722
1790732224.6796126,2776251,1468.315,starting,7631486976,1722
1790732225.6999466,2776251,1469.335,starting,7631486976,1722
1790732226.720149,2776251,1470.356,starting,7631486976,1722
1790732227.7401733,2776251,1471.376,starting,7631486976,1722
1790732228.7618444,2776251,1472.397,starting,7631486976,1722
1790732229.7855833,2776251,1473.421,starting,7631486976,1722
1790732230.8070028,2776251,1474.442,starting,7631486976,1722
1790732231.8277907,2776251,1475.463,starting,7631486976,1722
1790732232.85059,2776251,1476.486,starting,7631486976,1722
1790732233.8741004,2776251,1477.51,starting,7631486976,1722
1790732234.8955488,2776251,1478.531,starting,7631486976,1722
1790732235.9217434,2776251,1479.557,starting,7631486976,1722
1790732236.9485524,2776251,1480.584,expert2_route,7686078464,1722
1790732237.9735494,2776251,1481.609,expert2_route,7686078464,2082
1790732238.9967191,2776251,1482.632,expert2_route,7686078464,2102
1790732240.0191987,2776251,1483.655,expert2_route,7686078464,2102
1790732241.044164,2776251,1484.68,expert2_route,7686078464,2122
1790732242.0722108,2776251,1485.708,expert2_route,7686078464,2142
1790732243.099457,2776251,1486.735,expert2_route,7686078464,2142
1790732244.1281164,2776251,1487.764,expert2_route,7686078464,2142
1790732245.1567383,2776251,1488.792,expert2_route,7686078464,2142
1790732246.1876097,2776251,1489.823,expert2_route,7686078464,2142
1790732247.2111313,2776251,1490.847,expert2_route,7686078464,2142
1790732248.2364175,2776251,1491.872,expert2_route,7686078464,2142
1790732249.2624326,2776251,1492.898,expert2_route,7686078464,2142
1790732250.2897894,2776251,1493.925,expert2_route,7686078464,2142
1790732251.3161871,2776251,1494.952,expert2_route,7686078464,2142
1790732252.3437462,2776251,1495.979,expert2_route,7686078464,2142
1790732253.371919,2776251,1497.007,expert2_route,7686078464,2142
1790732254.3971727,2776251,1498.033,expert2_route,7686078464,2142
1790732255.424012,2776251,1499.059,expert2_route,7686078464,2142
1790732256.4461312,2776251,1500.082,expert2_route,7686078464,2142
1790732257.4682212,2776251,1501.104,expert2_route,7686078464,2142
1790732258.494776,2776251,1502.13,expert2_route,7686078464,2142
1790732259.5180535,2776251,1503.153,expert2_route,7686078464,2142
1790732260.5432348,2776251,1504.179,expert2_route,7686078464,2142
1790732261.573688,2776251,1505.209,expert2_route,7686078464,2142
1790732262.597548,2776251,1506.233,expert2_route,7686078464,2142
1790732263.6254184,2776251,1507.261,expert2_cal,7663886336,2142
1790732264.6510367,2776251,1508.286,expert2_cal,7663886336,2142
1790732265.675283,2776251,1509.311,expert2_cal,7663886336,2142
1790732266.6987464,2776251,1510.334,expert2_cal,7663886336,2142
1790732267.720959,2776251,1511.356,expert2_cal,7663886336,2142
1790732268.7404363,2776251,1512.376,expert2_cal,7663886336,2142
1790732269.7637,2776251,1513.399,expert2_cal,7663886336,2142
1790732270.7855797,2776251,1514.421,expert2_cal,7663886336,2142
1790732271.812088,2776251,1515.448,expert2_cal,7663886336,2142
1790732272.8358934,2776251,1516.471,expert2_cal,7663886336,2142
1790732273.858849,2776251,1517.494,expert2_cal,7663886336,2142
1790732274.87963,2776251,1518.515,expert2_cal,7663886336,2142
1790732275.9127588,2776251,1519.548,expert2_cal,7663886336,2142
1790732276.9340017,2776251,1520.569,expert2_cal,7663886336,2142
1790732277.9602494,2776251,1521.596,expert2_cal,7663886336,2142
1790732278.986183,2776251,1522.622,expert2_cal,7663886336,2142
1790732280.0108588,2776251,1523.646,expert2_cal,7663886336,2142
1790732281.0370004,2776251,1524.672,expert2_cal,7663886336,2142
1790732282.0617394,2776251,1525.697,expert2_eval,8191303680,2142
1790732283.0836928,2776251,1526.719,expert2_eval,8191303680,2142
1790732284.1063087,2776251,1527.742,expert2_eval,8191303680,2142
1790732285.1301959,2776251,1528.766,expert2_eval,8191303680,2142
1790732286.1547327,2776251,1529.79,expert2_eval,8191303680,2142
1790732287.178146,2776251,1530.814,expert2_eval,8191303680,2142
1790732288.1990502,2776251,1531.834,expert2_eval,8191303680,2142
1790732289.2257473,2776251,1532.861,expert2_eval,8191303680,2142
1790732290.2500134,2776251,1533.885,expert2_eval,8191303680,2142
1790732291.274116,2776251,1534.91,expert2_eval,8191303680,2142
1790732292.300603,2776251,1535.936,expert2_eval,8191303680,2142
1790732293.3293986,2776251,1536.965,expert2_eval,8191303680,2142
1790732294.3507931,2776251,1537.986,expert2_eval,8191303680,2142
1790732295.3726625,2776251,1539.008,expert2_eval,8191303680,2142
1790732296.4019632,2776251,1540.037,expert2_eval,8191303680,2142
1790732297.4264464,2776251,1541.062,expert2_eval,8191303680,2142
1790732298.4498198,2776251,1542.085,expert2_eval,8191303680,2142
1790732299.474826,2776251,1543.11,expert2_eval,8191303680,2142
1790732300.4993014,2776251,1544.135,expert2_eval,8191303680,2142
1790732301.5193884,2776251,1545.155,expert2_eval,8191303680,2142
1790732302.5428529,2776251,1546.178,expert2_eval,8191303680,2142
1790732303.567852,2776251,1547.203,expert2_eval,8191303680,2142
1790732304.5868201,2776251,1548.222,expert2_eval,8191303680,2142
1790732305.6072347,2776251,1549.243,expert2_eval,8191303680,2142
1790732306.6292512,2776251,1550.265,expert2_eval,8191303680,2142
1790732307.6515112,2776251,1551.287,expert2_eval,8191303680,2142
1790732308.6768417,2776251,1552.312,expert2_eval,8191303680,2142
1790732309.7003465,2776251,1553.336,expert2_eval,8191303680,2142
1790732310.724537,2776251,1554.36,expert2_eval,8191303680,2142
1790732311.7468803,2776251,1555.382,expert2_eval,8191303680,2142
1790732312.7705534,2776251,1556.406,expert2_eval,8191303680,2142
1790732313.7970755,2776251,1557.432,expert2_eval,8191303680,2142
1790732314.8222759,2776251,1558.458,expert2_eval,8191303680,2142
1790732315.8451726,2776251,1559.481,expert2_eval,8191303680,2142
1790732316.867272,2776251,1560.503,expert2_eval,8191303680,2142
1790732317.8925686,2776251,1561.528,expert2_eval,8191303680,2142
1790732318.9164605,2776251,1562.552,expert2_eval,8191303680,2142
1790732319.9390507,2776251,1563.574,expert2_eval,8191303680,2142
1790732320.964384,2776251,1564.6,expert2_eval,8191303680,2142
1790732321.9898968,2776251,1565.625,expert2_eval,8191303680,2142
1790732323.025979,2776251,1566.661,expert2_eval,8191303680,2142
1790732324.049566,2776251,1567.685,expert2_eval,8191303680,2142
1790732325.0705137,2776251,1568.706,expert2_eval,8191303680,2142
1790732326.092345,2776251,1569.728,expert2_eval,8191303680,2142
1790732327.1165264,2776251,1570.752,expert2_eval,8191303680,2142
1790732328.141479,2776251,1571.777,expert2_eval,8191303680,2142
1790732329.1670983,2776251,1572.803,expert2_eval,8191303680,2142
1790732330.188755,2776251,1573.824,expert2_eval,8191303680,2142
1790732331.2139935,2776251,1574.849,expert2_eval,8191303680,2142
1790732332.2776911,2776251,1575.913,expert2_eval,8191303680,2142
1790732333.2973764,2776251,1576.933,expert2_eval,8191303680,2142
1790732334.3185732,2776251,1577.954,expert2_eval,8191303680,2142
1790732335.3404007,2776251,1578.976,expert2_eval,8191303680,2142
1790732336.360524,2776251,1579.996,expert2_eval,8191303680,2142
1790732337.3815792,2776251,1581.017,expert2_eval,8191303680,2142
1790732338.402493,2776251,1582.038,expert2_eval,8191303680,2142
1790732339.42231,2776251,1583.058,expert2_eval,8191303680,2142
1790732340.442087,2776251,1584.078,expert2_eval,8191303680,2142
1790732341.465792,2776251,1585.101,expert2_eval,8191303680,2142
1790732342.486892,2776251,1586.122,expert2_eval,8191303680,2142
1790732343.506487,2776251,1587.142,expert2_eval,8191303680,2142
1790732344.5297248,2776251,1588.165,expert2_eval,8191303680,2142
1790732345.5505056,2776251,1589.186,expert2_eval,8191303680,2142
1790732346.5686214,2776251,1590.204,expert2_eval,8191303680,2142
1790732347.589286,2776251,1591.225,expert2_eval,8191303680,2142
1790732348.6153107,2776251,1592.251,expert2_eval,8191303680,2142
1790732349.6408744,2776251,1593.276,expert2_eval,8191303680,2142
1790732350.6631734,2776251,1594.299,expert2_eval,8191303680,2142
1790732351.6851897,2776251,1595.321,expert2_eval,8191303680,2142
1790732352.7111707,2776251,1596.347,expert2_eval,8191303680,2142
1790732353.735175,2776251,1597.371,expert2_eval,8191303680,2142
1790732354.756043,2776251,1598.391,expert2_eval,8191303680,2142
1790732355.7829847,2776251,1599.418,expert2_eval,8191303680,2142
1790732356.8112717,2776251,1600.447,expert2_eval,8191303680,2142
1790732357.8376663,2776251,1601.473,expert2_eval,8191303680,2142
1790732358.862919,2776251,1602.498,expert2_eval,8191303680,2142
1790732359.8876204,2776251,1603.523,expert2_eval,8191303680,2142
1790732360.9115748,2776251,1604.547,expert2_eval,8191303680,2142
1790732361.932768,2776251,1605.568,expert2_eval,8191303680,2142
1790732362.95834,2776251,1606.594,expert2_eval,8191303680,2142
1790732363.9788446,2776251,1607.614,expert2_eval,8191303680,2142
1790732365.0027497,2776251,1608.638,expert2_eval,8191303680,2142
1790732366.0257304,2776251,1609.661,expert2_eval,8191303680,2142
1790732367.0500562,2776251,1610.685,expert2_eval,8191303680,2142
1790732368.0698094,2776251,1611.705,expert2_eval,8191303680,2142
1790732369.0926366,2776251,1612.728,expert2_eval,8191303680,2142
1790732370.1238105,2776251,1613.759,expert2_eval,8191303680,2142
1790732371.151875,2776251,1614.787,expert2_eval,8191303680,2142
1790732372.174367,2776251,1615.81,expert2_eval,8191303680,2142
1790732373.1991081,2776251,1616.835,expert2_eval,8191303680,2142
1790732374.224567,2776251,1617.86,expert2_eval,8191303680,2142
1790732375.2481468,2776251,1618.884,expert2_eval,8191303680,2142
1790732376.2700455,2776251,1619.905,expert2_eval,8191303680,2142
1790732377.2941685,2776251,1620.93,expert2_eval,8191303680,2142
1790732378.318165,2776251,1621.954,expert2_eval,8191303680,2142
1790732379.3445392,2776251,1622.98,expert2_eval,8191303680,2142
1790732380.3675194,2776251,1624.003,expert2_eval,8191303680,2142
1790732381.391332,2776251,1625.027,expert2_eval,8191303680,2142
1790732382.4132266,2776251,1626.049,expert2_eval,8191303680,2142
1790732383.43722,2776251,1627.073,expert2_eval,8191303680,2142
1790732384.461478,2776251,1628.097,expert2_eval,8191303680,2142
1790732385.4866216,2776251,1629.122,expert2_eval,8191303680,2142
1790732386.5080986,2776251,1630.144,expert2_eval,8191303680,2142
1790732387.531739,2776251,1631.167,expert2_eval,8191303680,2142
1790732388.5536644,2776251,1632.189,expert2_eval,8191303680,2142
1790732389.5772007,2776251,1633.213,expert2_eval,8191303680,2142
1790732390.6051087,2776251,1634.241,expert2_eval,8191303680,2142
1790732391.6311343,2776251,1635.267,expert2_eval,8191303680,2142
1790732392.653572,2776251,1636.289,expert2_eval,8191303680,2142
1790732393.67708,2776251,1637.313,expert2_eval,8191303680,2142
1790732394.7006547,2776251,1638.336,expert2_eval,8191303680,2142
1790732395.7246757,2776251,1639.36,expert2_eval,8191303680,2142
1790732396.7493947,2776251,1640.385,expert2_eval,8191303680,2142
1790732397.7737548,2776251,1641.409,expert2_eval,8191303680,2142
1790732398.8010747,2776251,1642.436,expert2_eval,8191303680,2142
1790732399.8258631,2776251,1643.461,expert2_eval,8191303680,2142
1790732400.8524022,2776251,1644.488,expert2_eval,8191303680,2142
1790732401.875114,2776251,1645.511,expert2_eval,8191303680,2142
1790732402.8942072,2776251,1646.53,expert2_eval,8191303680,2142
1790732403.917993,2776251,1647.553,expert2_eval,8191303680,2142
1790732404.9453206,2776251,1648.581,expert2_eval,8191303680,2142
1790732405.9708827,2776251,1649.606,expert2_eval,8191303680,2142
1790732406.99287,2776251,1650.628,expert2_eval,8191303680,2142
1790732408.018543,2776251,1651.654,expert2_eval,8191303680,2142
1790732409.0762656,2776251,1652.712,expert2_eval,8191303680,2142
1790732410.1007292,2776251,1653.736,expert2_eval,8191303680,2142
1790732411.1187825,2776251,1654.754,expert2_eval,8191303680,2142
1790732412.1394143,2776251,1655.775,expert2_eval,8191303680,2142
1790732413.1618469,2776251,1656.797,expert2_eval,8191303680,2142
1790732414.1821313,2776251,1657.818,expert2_eval,8191303680,2142
1790732415.202324,2776251,1658.838,expert2_eval,8191303680,2142
1790732416.2261686,2776251,1659.862,expert2_eval,8191303680,2142
1790732417.2491064,2776251,1660.885,expert2_eval,8191303680,2142
1790732418.2701252,2776251,1661.906,expert2_eval,8191303680,2142
1790732419.2951312,2776251,1662.931,expert2_eval,8191303680,2142
1790732420.3165827,2776251,1663.952,expert2_eval,8191303680,2142
1790732421.3383415,2776251,1664.974,expert2_eval,8191303680,2142
1790732422.3579152,2776251,1665.993,expert2_eval,8191303680,2142
1790732423.3771737,2776251,1667.013,expert2_eval,8191303680,2142
1790732424.398814,2776251,1668.034,expert2_eval,8191303680,2142
1790732425.4245667,2776251,1669.06,expert2_eval,8191303680,2142
1790732426.4481707,2776251,1670.084,expert2_eval,8191303680,2142
1790732427.4721,2776251,1671.108,expert2_eval,8191303680,2142
1790732428.498095,2776251,1672.134,expert2_eval,8191303680,2142
1790732429.5209675,2776251,1673.156,expert2_eval,8191303680,2142
1790732430.5450773,2776251,1674.18,expert2_eval,8191303680,2142
1790732431.569102,2776251,1675.205,expert2_eval,8191303680,2142
1790732432.5982804,2776251,1676.234,expert2_eval,8191303680,2142
1790732433.6188543,2776251,1677.254,expert2_eval,8191303680,2142
1790732434.6392546,2776251,1678.275,expert2_eval,8191303680,2142
1790732435.6638074,2776251,1679.299,expert2_eval,8191303680,2142
1790732436.7288432,2776251,1680.364,expert2_eval,8191303680,2142
1790732437.7514102,2776251,1681.387,expert2_eval,8191303680,2142
1790732438.773988,2776251,1682.409,expert2_eval,8191303680,2142
1790732439.8061702,2776251,1683.442,expert2_eval,8191303680,2142
1790732440.828857,2776251,1684.464,expert2_eval,8191303680,2142
1790732441.8485794,2776251,1685.484,expert2_eval,8191303680,2142
1790732442.8695579,2776251,1686.505,expert2_eval,8191303680,2142
1790732443.8881736,2776251,1687.524,expert2_eval,8191303680,2142
1790732444.9061968,2776251,1688.542,expert2_eval,8191303680,2142
1790732445.926522,2776251,1689.562,expert2_eval,8191303680,2142
1790732446.9480283,2776251,1690.583,expert2_eval,8191303680,2142
1790732447.9670124,2776251,1691.602,expert2_eval,8191303680,2142
1790732448.989591,2776251,1692.625,expert2_eval,8191303680,2142
1790732450.0167754,2776251,1693.652,expert2_eval,8191303680,2142
1790732451.0394702,2776251,1694.675,expert2_eval,8191303680,2142
1790732452.0587595,2776251,1695.694,expert2_eval,8191303680,2142
1790732453.085933,2776251,1696.721,expert2_eval,8191303680,2142
1790732454.1098053,2776251,1697.745,expert2_eval,8191303680,2142
1790732455.1357849,2776251,1698.771,expert2_eval,8191303680,2142
1790732456.1575406,2776251,1699.793,expert2_eval,8191303680,2142
1790732457.1830378,2776251,1700.818,expert2_eval,8191303680,2142
1790732458.2022083,2776251,1701.838,expert2_eval,8191303680,2142
1790732459.2296376,2776251,1702.865,expert2_eval,8191303680,2142
1790732460.25469,2776251,1703.89,expert2_eval,8191303680,2142
1790732461.2810163,2776251,1704.916,expert2_eval,8191303680,2142
1790732462.3088684,2776251,1705.944,expert2_eval,8191303680,2142
1790732463.3323517,2776251,1706.968,expert2_eval,8191303680,2142
1790732464.3561778,2776251,1707.992,expert2_eval,8191303680,2142
1790732465.3795557,2776251,1709.015,expert2_eval,8191303680,2142
1790732466.4044013,2776251,1710.04,expert2_eval,8191303680,2142
1790732467.426461,2776251,1711.062,expert2_eval,8191303680,2142
1790732468.4511213,2776251,1712.087,expert2_eval,8191303680,2142
1790732469.4736147,2776251,1713.109,expert2_eval,8191303680,2142
1790732470.495868,2776251,1714.131,expert2_eval,8191303680,2142
1790732471.5222597,2776251,1715.158,expert2_eval,8191303680,2142
1790732472.5503561,2776251,1716.186,expert2_eval,8191303680,2142
1790732473.5708022,2776251,1717.206,expert2_eval,8191303680,2142
1790732474.5914862,2776251,1718.227,expert2_eval,8191303680,2142
1790732475.61194,2776251,1719.247,expert2_eval,8191303680,2142
1790732476.6355774,2776251,1720.271,expert2_eval,8191303680,2142
1790732477.662162,2776251,1721.298,expert2_eval,8191303680,2142
1790732478.6876748,2776251,1722.323,expert2_eval,8191303680,2142
1790732479.708599,2776251,1723.344,expert2_eval,8191303680,2142
1790732480.7349281,2776251,1724.37,expert2_eval,8191303680,2142
1790732481.7660694,2776251,1725.401,expert2_eval,8191303680,2142
1790732482.7870793,2776251,1726.423,expert2_eval,8191303680,2142
1790732483.8078058,2776251,1727.443,expert2_eval,8191303680,2142
1790732484.8361428,2776251,1728.472,expert2_eval,8191303680,2142
1790732485.8552146,2776251,1729.491,expert2_eval,8191303680,2142
1790732486.8746612,2776251,1730.51,expert2_eval,8191303680,2142
1790732487.8955083,2776251,1731.531,expert2_eval,8191303680,2142
1790732488.9191284,2776251,1732.555,expert2_eval,8191303680,2142
1790732489.9398572,2776251,1733.575,expert2_eval,8191303680,2142
1790732490.959852,2776251,1734.595,expert2_eval,8191303680,2142
1790732491.9819725,2776251,1735.617,expert2_eval,8191303680,2142
1790732493.0257046,2776251,1736.661,expert2_eval,8191303680,2142
1790732494.051407,2776251,1737.687,expert2_eval,8191303680,2142
1790732495.0720155,2776251,1738.707,expert2_eval,8191303680,2142
1790732496.0952666,2776251,1739.731,expert2_eval,8191303680,2142
1790732497.1202245,2776251,1740.756,expert2_eval,8191303680,2142
1790732498.1405804,2776251,1741.776,expert2_eval,8191303680,2142
1790732499.1606658,2776251,1742.796,expert2_eval,8191303680,2142
1790732500.1803486,2776251,1743.816,expert2_eval,8191303680,2142
1790732501.204296,2776251,1744.84,expert2_eval,8191303680,2142
1790732502.2311847,2776251,1745.867,expert2_eval,8191303680,2142
1790732503.260405,2776251,1746.896,expert2_eval,8191303680,2142
1790732504.2856164,2776251,1747.921,expert2_eval,8191303680,2142
1790732505.3121119,2776251,1748.948,expert2_eval,8191303680,2142
1790732506.334427,2776251,1749.97,expert2_eval,8191303680,2142
1790732507.3542264,2776251,1750.99,expert2_eval,8191303680,2142
1790732508.380567,2776251,1752.016,expert2_eval,8191303680,2142
1790732509.4087813,2776251,1753.044,expert2_eval,8191303680,2142
1790732510.430486,2776251,1754.066,expert2_eval,8191303680,2142
1790732511.4541237,2776251,1755.09,expert2_eval,8191303680,2142
1790732512.477532,2776251,1756.113,expert2_eval,8191303680,2142
1790732513.5284598,2776251,1757.164,expert2_eval,8191303680,2142
1790732514.553073,2776251,1758.188,expert2_eval,8191303680,2142
1790732515.5718117,2776251,1759.207,expert2_eval,8191303680,2142
1790732516.5951693,2776251,1760.231,expert2_eval,8191303680,2142
1790732517.6198606,2776251,1761.255,expert2_eval,8191303680,2142
1790732518.641709,2776251,1762.277,expert2_eval,8191303680,2142
1790732519.667806,2776251,1763.303,expert2_eval,8191303680,2142
1790732520.6898532,2776251,1764.325,expert2_eval,8191303680,2142
1790732521.71004,2776251,1765.345,expert2_eval,8191303680,2142
1790732522.732566,2776251,1766.368,expert2_eval,8191303680,2142
1790732523.757027,2776251,1767.392,expert2_eval,8191303680,2142
1790732524.7797914,2776251,1768.415,expert2_eval,8191303680,2142
1790732525.8046553,2776251,1769.44,expert2_eval,8191303680,2142
1790732526.8249297,2776251,1770.46,expert2_eval,8191303680,2142
1790732527.847825,2776251,1771.483,expert2_eval,8191303680,2142
1790732528.8676615,2776251,1772.503,expert2_eval,8191303680,2142
1790732529.8922675,2776251,1773.528,expert2_eval,8191303680,2142
1790732530.9149866,2776251,1774.55,expert2_eval,8191303680,2142
1790732531.9370098,2776251,1775.572,expert2_eval,8191303680,2142
1790732532.957472,2776251,1776.593,expert2_eval,8191303680,2142
1790732533.9824367,2776251,1777.618,expert2_eval,8191303680,2142
1790732535.0050862,2776251,1778.641,expert2_eval,8191303680,2142
1790732536.0263467,2776251,1779.662,expert2_eval,8191303680,2142
1790732537.04728,2776251,1780.683,expert2_eval,8191303680,2142
1790732538.0681581,2776251,1781.704,expert2_eval,8191303680,2142
1790732539.0879576,2776251,1782.723,expert2_eval,8191303680,2142
1790732540.108138,2776251,1783.744,expert2_eval,8191303680,2142
1790732541.1268427,2776251,1784.762,expert2_eval,8191303680,2142
1790732542.1483445,2776251,1785.784,expert2_eval,8191303680,2142
1790732543.169228,2776251,1786.805,expert2_eval,8191303680,2142
1790732544.1911492,2776251,1787.827,expert2_eval,8191303680,2142
1790732545.2106972,2776251,1788.846,expert2_eval,8191303680,2142
1790732546.234026,2776251,1789.869,expert2_eval,8191303680,2142
1790732547.2581046,2776251,1790.894,expert2_eval,8191303680,2142
1790732548.2806613,2776251,1791.916,expert2_eval,8191303680,2142
1790732549.3015583,2776251,1792.937,expert2_eval,8191303680,2142
1790732550.3224256,2776251,1793.958,expert2_eval,8191303680,2142
1790732551.3425326,2776251,1794.978,expert2_eval,8191303680,2142
1790732552.3637016,2776251,1795.999,expert2_eval,8191303680,2142
1790732553.3887765,2776251,1797.024,expert2_eval,8191303680,2142
1790732554.412435,2776251,1798.048,expert2_eval,8191303680,2142
1790732555.4345732,2776251,1799.07,expert2_eval,8191303680,2142
1790732556.4605136,2776251,1800.096,expert2_eval,8191303680,2142
1790732557.483857,2776251,1801.119,expert2_eval,8191303680,2142
1790732558.5054538,2776251,1802.141,expert2_eval,8191303680,2142
1790732559.5308683,2776251,1803.166,expert2_eval,8191303680,2142
1790732560.556857,2776251,1804.192,expert2_eval,8191303680,2142
1790732561.5821366,2776251,1805.218,expert2_eval,8191303680,2142
1790732562.606358,2776251,1806.242,expert2_eval,8191303680,2142
1790732563.6313338,2776251,1807.267,expert2_eval,8191303680,2142
1790732564.6539752,2776251,1808.289,expert2_eval,8191303680,2142
1790732565.6780717,2776251,1809.313,expert2_eval,8191303680,2142
1790732566.700413,2776251,1810.336,expert2_eval,8191303680,2142
1790732567.7266252,2776251,1811.362,expert2_eval,8191303680,2142
1790732568.7478747,2776251,1812.383,expert2_eval,8191303680,2142
1790732569.7736125,2776251,1813.409,expert2_eval,8191303680,2142
1790732570.7975125,2776251,1814.433,expert2_eval,8191303680,2142
1790732571.819173,2776251,1815.455,expert2_eval,8191303680,2142
1790732572.844862,2776251,1816.48,expert2_eval,8191303680,2142
1790732573.8692846,2776251,1817.505,expert2_eval,8191303680,2142
1790732574.8918037,2776251,1818.527,expert2_eval,8191303680,2142
1790732575.9154518,2776251,1819.551,expert2_eval,8191303680,2142
1790732576.9364831,2776251,1820.572,expert2_eval,8191303680,2142
1790732577.965371,2776251,1821.601,expert2_eval,8191303680,2142
1790732578.9892101,2776251,1822.625,expert2_eval,8191303680,2142
1790732580.0114872,2776251,1823.647,expert2_eval,8191303680,2142
1790732581.0329568,2776251,1824.668,expert2_eval,8191303680,2142
1790732582.0577898,2776251,1825.693,expert2_eval,8191303680,2142
1790732583.0838172,2776251,1826.719,expert2_eval,8191303680,2142
1790732584.1114967,2776251,1827.747,expert2_eval,8191303680,2142
1790732585.1344368,2776251,1828.77,expert2_eval,8191303680,2142
1790732586.1582053,2776251,1829.794,expert2_eval,8191303680,2142
1790732587.1813366,2776251,1830.817,expert2_eval,8191303680,2142
1790732588.2033527,2776251,1831.839,expert2_eval,8191303680,2142
1790732589.2230587,2776251,1832.858,expert2_eval,8191303680,2142
1790732590.2471688,2776251,1833.883,expert2_eval,8191303680,2142
1790732591.2731974,2776251,1834.909,expert2_eval,8191303680,2142
1790732592.2947476,2776251,1835.93,expert2_eval,8191303680,2142
1790732593.3204396,2776251,1836.956,expert2_eval,8191303680,2142
1790732594.344941,2776251,1837.98,expert2_eval,8191303680,2142
1790732595.3697224,2776251,1839.005,expert2_eval,8191303680,2142
1790732596.393507,2776251,1840.029,expert2_eval,8191303680,2142
1790732597.414804,2776251,1841.05,expert2_eval,8191303680,2142
1790732598.436824,2776251,1842.072,expert2_eval,8191303680,2142
1790732599.4614975,2776251,1843.097,expert2_eval,8191303680,2142
1790732600.4846451,2776251,1844.12,expert2_eval,8191303680,2142
1790732601.5078855,2776251,1845.143,expert2_eval,8191303680,2142
1790732602.5333772,2776251,1846.169,expert2_eval,8191303680,2142
1790732603.5746706,2776251,1847.21,expert2_eval,8191303680,2142
1790732604.6042056,2776251,1848.24,expert2_eval,8191303680,2142
1790732605.6352596,2776251,1849.271,expert2_eval,8191303680,2142
1790732606.6713524,2776251,1850.307,expert2_eval,8191303680,2142
1790732607.7038999,2776251,1851.339,expert2_eval,8191303680,2142
1790732608.7319033,2776251,1852.367,expert2_eval,8191303680,2142
1790732609.7560005,2776251,1853.391,expert2_eval,8191303680,2142
1790732610.782154,2776251,1854.418,expert2_eval,8191303680,2142
1790732611.818393,2776251,1855.454,expert2_eval,8191303680,2142
1790732612.8490515,2776251,1856.484,expert2_eval,8191303680,2142
1790732613.872853,2776251,1857.508,expert2_eval,8191303680,2142
1790732614.9009075,2776251,1858.536,expert2_eval,8191303680,2142
1790732615.9256191,2776251,1859.561,expert2_eval,8191303680,2142
1790732616.9573195,2776251,1860.593,expert2_eval,8191303680,2142
1790732617.9877098,2776251,1861.623,expert2_eval,8191303680,2142
1790732619.0137968,2776251,1862.649,expert2_eval,8191303680,2142
1790732620.0406644,2776251,1863.676,expert2_eval,8191303680,2142
1790732621.0737617,2776251,1864.709,expert2_eval,8191303680,2142
1790732622.1017473,2776251,1865.737,expert2_eval,8191303680,2142
1790732623.137144,2776251,1866.773,expert3_fit,7631712256,1366
1790732624.1639159,2776251,1867.799,expert3_fit,7631712256,1366
1790732625.18721,2776251,1868.823,starting,7631712256,1462
1790732626.2148428,2776251,1869.85,starting,7631712256,1462
1790732627.2445168,2776251,1870.88,starting,7631712256,1462
1790732628.2757862,2776251,1871.911,starting,7631712256,1462
1790732629.3024063,2776251,1872.938,starting,7631712256,1462
1790732630.3304875,2776251,1873.966,starting,7631712256,1462
1790732631.3600228,2776251,1874.995,starting,7631712256,1462
1790732632.3881702,2776251,1876.024,starting,7631712256,1462
1790732633.4226677,2776251,1877.058,expert3_route,7686303744,1542
1790732634.456921,2776251,1878.092,expert3_route,7686303744,1722
1790732635.490538,2776251,1879.126,expert3_route,7686303744,1762
1790732636.5268998,2776251,1880.162,expert3_route,7686303744,1782
1790732637.5571978,2776251,1881.193,expert3_route,7686303744,1802
1790732638.5846047,2776251,1882.22,expert3_route,7686303744,1802
1790732639.6161127,2776251,1883.252,expert3_route,7686303744,1802
1790732640.643465,2776251,1884.279,expert3_route,7686303744,1802
1790732641.6707575,2776251,1885.306,expert3_route,7686303744,1802
1790732642.6989465,2776251,1886.334,expert3_route,7686303744,1802
1790732643.7226148,2776251,1887.358,expert3_cal,7664111616,1802
1790732644.7502418,2776251,1888.386,expert3_cal,7664111616,1802
1790732645.7735069,2776251,1889.409,expert3_cal,7664111616,1802
1790732646.7942767,2776251,1890.43,expert3_cal,7664111616,1802
1790732647.8224976,2776251,1891.458,expert3_cal,7664111616,1802
1790732648.8446822,2776251,1892.48,expert3_cal,7664111616,1802
1790732649.8702068,2776251,1893.506,expert3_eval,8191528960,1802
1790732650.8945417,2776251,1894.53,expert3_eval,8191528960,1802
1790732651.918842,2776251,1895.554,expert3_eval,8191528960,1802
1790732652.9439926,2776251,1896.579,expert3_eval,8191528960,1802
1790732653.9631693,2776251,1897.599,expert3_eval,8191528960,1802
1790732654.984958,2776251,1898.62,expert3_eval,8191528960,1802
1790732656.009988,2776251,1899.645,expert3_eval,8191528960,1802
1790732657.0309083,2776251,1900.666,expert3_eval,8191528960,1802
1790732658.0549262,2776251,1901.69,expert3_eval,8191528960,1802
1790732659.0808084,2776251,1902.716,expert3_eval,8191528960,1802
1790732660.1035194,2776251,1903.739,expert3_eval,8191528960,1802
1790732661.128487,2776251,1904.764,expert3_eval,8191528960,1802
1790732662.1554475,2776251,1905.791,expert3_eval,8191528960,1802
1790732663.2233152,2776251,1906.859,expert3_eval,8191528960,1802
1790732664.2625878,2776251,1907.898,expert3_eval,8191528960,1802
1790732665.2870018,2776251,1908.922,expert3_eval,8191528960,1802
1790732666.3107808,2776251,1909.946,expert3_eval,8191528960,1802
1790732667.333573,2776251,1910.969,expert3_eval,8191528960,1802
1790732668.3561616,2776251,1911.992,expert3_eval,8191528960,1802
1790732669.3809278,2776251,1913.016,expert3_eval,8191528960,1802
1790732670.4074411,2776251,1914.043,expert3_eval,8191528960,1802
1790732671.4287994,2776251,1915.064,expert3_eval,8191528960,1802
1790732672.4502494,2776251,1916.086,expert3_eval,8191528960,1802
1790732673.4728897,2776251,1917.108,expert3_eval,8191528960,1802
1790732674.4966035,2776251,1918.132,expert3_eval,8191528960,1802
1790732675.5198886,2776251,1919.155,expert3_eval,8191528960,1802
1790732676.5429428,2776251,1920.178,expert3_eval,8191528960,1802
1790732677.5671692,2776251,1921.203,expert3_eval,8191528960,1802
1790732678.5891743,2776251,1922.225,expert3_eval,8191528960,1802
1790732679.6124873,2776251,1923.248,expert3_eval,8191528960,1802
1790732680.6358533,2776251,1924.271,expert3_eval,8191528960,1802
1790732681.6547306,2776251,1925.29,expert3_eval,8191528960,1802
1790732682.6764252,2776251,1926.312,expert3_eval,8191528960,1802
1790732683.6998992,2776251,1927.335,expert3_eval,8191528960,1802
1790732684.7183137,2776251,1928.354,expert3_eval,8191528960,1802
1790732685.7374365,2776251,1929.373,expert3_eval,8191528960,1802
1790732686.7583096,2776251,1930.394,expert3_eval,8191528960,1802
1790732687.7823908,2776251,1931.418,expert3_eval,8191528960,1802
1790732688.8062668,2776251,1932.442,expert3_eval,8191528960,1802
1790732689.8312442,2776251,1933.467,expert3_eval,8191528960,1802
1790732690.854296,2776251,1934.49,expert3_eval,8191528960,1802
1790732691.8758256,2776251,1935.511,expert3_eval,8191528960,1802
1790732692.8959765,2776251,1936.531,expert3_eval,8191528960,1802
1790732693.9175234,2776251,1937.553,expert3_eval,8191528960,1802
1790732694.9411125,2776251,1938.577,expert3_eval,8191528960,1802
1790732695.9619431,2776251,1939.597,expert3_eval,8191528960,1802
1790732696.9836767,2776251,1940.619,expert3_eval,8191528960,1802
1790732698.006898,2776251,1941.642,expert3_eval,8191528960,1802
1790732699.0310087,2776251,1942.666,expert3_eval,8191528960,1802
1790732700.054033,2776251,1943.689,expert3_eval,8191528960,1802
1790732701.078243,2776251,1944.714,expert3_eval,8191528960,1802
1790732702.1014915,2776251,1945.737,expert3_eval,8191528960,1802
1790732703.128199,2776251,1946.764,expert3_eval,8191528960,1802
1790732704.151,2776251,1947.786,expert3_eval,8191528960,1802
1790732705.1773942,2776251,1948.813,expert3_eval,8191528960,1802
1790732706.2012873,2776251,1949.837,expert3_eval,8191528960,1802
1790732707.228928,2776251,1950.864,expert3_eval,8191528960,1802
1790732708.2572079,2776251,1951.893,expert3_eval,8191528960,1802
1790732709.280335,2776251,1952.916,expert3_eval,8191528960,1802
1790732710.303118,2776251,1953.939,expert3_eval,8191528960,1802
1790732711.3280275,2776251,1954.963,expert3_eval,8191528960,1802
1790732712.3501177,2776251,1955.986,expert3_eval,8191528960,1802
1790732713.3772097,2776251,1957.013,expert3_eval,8191528960,1802
1790732714.4016442,2776251,1958.037,expert3_eval,8191528960,1802
1790732715.4237432,2776251,1959.059,expert3_eval,8191528960,1802
1790732716.4481125,2776251,1960.084,expert3_eval,8191528960,1802
1790732717.473769,2776251,1961.109,expert3_eval,8191528960,1802
1790732718.4991238,2776251,1962.135,expert3_eval,8191528960,1802
1790732719.5190148,2776251,1963.154,expert3_eval,8191528960,1802
1790732720.5396118,2776251,1964.175,expert3_eval,8191528960,1802
1790732721.5652735,2776251,1965.201,expert3_eval,8191528960,1802
1790732722.5887616,2776251,1966.224,expert3_eval,8191528960,1802
1790732723.6129842,2776251,1967.248,expert3_eval,8191528960,1802
1790732724.6381342,2776251,1968.274,expert3_eval,8191528960,1802
1790732725.663554,2776251,1969.299,expert3_eval,8191528960,1802
1790732726.6883233,2776251,1970.324,expert3_eval,8191528960,1802
1790732727.713034,2776251,1971.348,expert3_eval,8191528960,1802
1790732728.732658,2776251,1972.368,expert3_eval,8191528960,1802
1790732729.753793,2776251,1973.389,expert3_eval,8191528960,1802
1790732730.7744474,2776251,1974.41,expert3_eval,8191528960,1802
1790732731.797963,2776251,1975.433,expert3_eval,8191528960,1802
1790732732.8225565,2776251,1976.458,expert3_eval,8191528960,1802
1790732733.8463032,2776251,1977.482,expert3_eval,8191528960,1802
1790732734.9011416,2776251,1978.537,expert3_eval,8191528960,1802
1790732735.927374,2776251,1979.563,expert3_eval,8191528960,1802
1790732736.9538481,2776251,1980.589,expert3_eval,8191528960,1802
1790732737.9873347,2776251,1981.623,expert3_eval,8191528960,1802
1790732739.0160897,2776251,1982.652,expert3_eval,8191528960,1802
1790732740.0402257,2776251,1983.676,expert3_eval,8191528960,1802
1790732741.0670688,2776251,1984.702,expert3_eval,8191528960,1802
1790732742.0941942,2776251,1985.73,expert3_eval,8191528960,1802
1790732743.122567,2776251,1986.758,expert3_eval,8191528960,1802
1790732744.1527,2776251,1987.788,expert3_eval,8191528960,1802
1790732745.1772175,2776251,1988.813,expert3_eval,8191528960,1802
1790732746.2050896,2776251,1989.841,expert3_eval,8191528960,1802
1790732747.2270062,2776251,1990.862,expert3_eval,8191528960,1802
1790732748.2489254,2776251,1991.884,expert3_eval,8191528960,1802
1790732749.272603,2776251,1992.908,expert3_eval,8191528960,1802
1790732750.2930343,2776251,1993.928,expert3_eval,8191528960,1802
1790732751.316702,2776251,1994.952,expert3_eval,8191528960,1802
1790732752.3377874,2776251,1995.973,expert3_eval,8191528960,1802
1790732753.358585,2776251,1996.994,expert3_eval,8191528960,1802
1790732754.37841,2776251,1998.014,expert3_eval,8191528960,1802
1790732755.3996148,2776251,1999.035,expert3_eval,8191528960,1802
1790732756.4243503,2776251,2000.06,expert3_eval,8191528960,1802
1790732757.4463658,2776251,2001.082,expert3_eval,8191528960,1802
1790732758.4687703,2776251,2002.104,expert3_eval,8191528960,1802
1790732759.4873922,2776251,2003.123,expert3_eval,8191528960,1802
1790732760.5085268,2776251,2004.144,expert3_eval,8191528960,1802
1790732761.5328941,2776251,2005.168,expert3_eval,8191528960,1802
1790732762.5580702,2776251,2006.193,expert3_eval,8191528960,1802
1790732763.5787117,2776251,2007.214,expert3_eval,8191528960,1802
1790732764.602439,2776251,2008.238,expert3_eval,8191528960,1802
1790732765.6269176,2776251,2009.262,expert3_eval,8191528960,1802
1790732766.6510065,2776251,2010.286,expert3_eval,8191528960,1802
1790732767.6750388,2776251,2011.31,expert3_eval,8191528960,1802
1790732768.7035878,2776251,2012.339,expert3_eval,8191528960,1802
1790732769.726448,2776251,2013.362,expert3_eval,8191528960,1802
1790732770.7493591,2776251,2014.385,expert3_eval,8191528960,1802
1790732771.7724257,2776251,2015.408,expert3_eval,8191528960,1802
1790732772.8010213,2776251,2016.436,expert3_eval,8191528960,1802
1790732773.8263128,2776251,2017.462,expert3_eval,8191528960,1802
1790732774.8490045,2776251,2018.484,expert3_eval,8191528960,1802
1790732775.8723464,2776251,2019.508,expert3_eval,8191528960,1802
1790732776.8934405,2776251,2020.529,expert3_eval,8191528960,1802
1790732777.9230628,2776251,2021.558,expert3_eval,8191528960,1802
1790732778.947862,2776251,2022.583,expert3_eval,8191528960,1802
1790732779.9719086,2776251,2023.607,expert4_fit,7631712256,1326
1790732780.990925,2776251,2024.626,starting,7631712256,1422
1790732782.0113993,2776251,2025.647,starting,7631712256,1422
1790732783.0315962,2776251,2026.667,starting,7631712256,1422
1790732784.052569,2776251,2027.688,starting,7631712256,1422
1790732785.072399,2776251,2028.708,starting,7631712256,1422
1790732786.0905685,2776251,2029.726,starting,7631712256,1422
1790732787.1119566,2776251,2030.747,expert4_route,7686303744,1502
1790732788.1327977,2776251,2031.768,expert4_route,7686303744,1582
1790732789.1559849,2776251,2032.791,expert4_route,7686303744,1602
1790732790.1801035,2776251,2033.816,expert4_route,7686303744,1602
1790732791.2424157,2776251,2034.878,expert4_route,7686303744,1602
1790732792.269455,2776251,2035.905,expert4_route,7686303744,1602
1790732793.2900264,2776251,2036.925,expert4_route,7686303744,1602
1790732794.3129072,2776251,2037.948,expert4_route,7686303744,1602
1790732795.3361104,2776251,2038.972,expert4_cal,7664111616,1602
1790732796.3579764,2776251,2039.993,expert4_cal,7664111616,1602
1790732797.380932,2776251,2041.016,expert4_cal,7664111616,1602
1790732798.4049969,2776251,2042.04,expert4_cal,7664111616,1602
1790732799.4289324,2776251,2043.064,expert4_cal,7664111616,1602
1790732800.4506388,2776251,2044.086,expert4_cal,7664111616,1602
1790732801.4772024,2776251,2045.113,expert4_eval,8191528960,1602
1790732802.4992583,2776251,2046.135,expert4_eval,8191528960,1602
1790732803.5270307,2776251,2047.162,expert4_eval,8191528960,1602
1790732804.547195,2776251,2048.183,expert4_eval,8191528960,1602
1790732805.5741925,2776251,2049.21,expert4_eval,8191528960,1602
1790732806.6028554,2776251,2050.238,expert4_eval,8191528960,1602
1790732807.627239,2776251,2051.263,expert4_eval,8191528960,1602
1790732808.6564438,2776251,2052.292,expert4_eval,8191528960,1602
1790732809.6839497,2776251,2053.319,expert4_eval,8191528960,1602
1790732810.709517,2776251,2054.345,expert4_eval,8191528960,1602
1790732811.7384772,2776251,2055.374,expert4_eval,8191528960,1602
1790732812.7607222,2776251,2056.396,expert4_eval,8191528960,1602
1790732813.781526,2776251,2057.417,expert4_eval,8191528960,1602
1790732814.8028564,2776251,2058.438,expert4_eval,8191528960,1602
1790732815.8246346,2776251,2059.46,expert4_eval,8191528960,1602
1790732816.8515153,2776251,2060.487,expert4_eval,8191528960,1602
1790732817.878682,2776251,2061.514,expert4_eval,8191528960,1602
1790732818.8986957,2776251,2062.534,expert4_eval,8191528960,1602
1790732819.9196537,2776251,2063.555,expert4_eval,8191528960,1602
1790732820.9440517,2776251,2064.579,expert4_eval,8191528960,1602
1790732821.9668202,2776251,2065.602,expert4_eval,8191528960,1602
1790732822.9925115,2776251,2066.628,expert4_eval,8191528960,1602
1790732824.021697,2776251,2067.657,expert4_eval,8191528960,1602
1790732825.0401745,2776251,2068.676,expert4_eval,8191528960,1602
1790732826.064297,2776251,2069.7,expert4_eval,8191528960,1602
1790732827.0860558,2776251,2070.721,expert4_eval,8191528960,1602
1790732828.1069293,2776251,2071.742,expert4_eval,8191528960,1602
1790732829.1348047,2776251,2072.77,expert4_eval,8191528960,1602
1790732830.1597672,2776251,2073.795,expert4_eval,8191528960,1602
1790732831.1834219,2776251,2074.819,expert4_eval,8191528960,1602
1790732832.2088425,2776251,2075.844,expert4_eval,8191528960,1602
1790732833.2314384,2776251,2076.867,expert4_eval,8191528960,1602
1790732834.2596705,2776251,2077.895,expert4_eval,8191528960,1602
1790732835.280026,2776251,2078.915,expert4_eval,8191528960,1602
1790732836.303914,2776251,2079.939,expert4_eval,8191528960,1602
1790732837.3260636,2776251,2080.961,expert4_eval,8191528960,1602
1790732838.3503745,2776251,2081.986,expert4_eval,8191528960,1602
1790732839.407329,2776251,2083.043,expert4_eval,8191528960,1602
1790732840.4346964,2776251,2084.07,expert4_eval,8191528960,1602
1790732841.4560258,2776251,2085.091,expert4_eval,8191528960,1602
1790732842.484528,2776251,2086.12,expert4_eval,8191528960,1602
1790732843.5106413,2776251,2087.146,expert4_eval,8191528960,1602
1790732844.5337777,2776251,2088.169,expert4_eval,8191528960,1602
1790732845.560049,2776251,2089.195,expert4_eval,8191528960,1602
1790732846.5850034,2776251,2090.22,expert4_eval,8191528960,1602
1790732847.6099384,2776251,2091.245,expert4_eval,8191528960,1602
1790732848.6352751,2776251,2092.271,expert4_eval,8191528960,1602
1790732849.6598268,2776251,2093.295,expert4_eval,8191528960,1602
1790732850.6876543,2776251,2094.323,expert4_eval,8191528960,1602
1790732851.7107587,2776251,2095.346,expert4_eval,8191528960,1602
1790732852.7328255,2776251,2096.368,expert4_eval,8191528960,1602
1790732853.7590346,2776251,2097.394,expert4_eval,8191528960,1602
1790732854.7827327,2776251,2098.418,expert4_eval,8191528960,1602
1790732855.8039603,2776251,2099.439,expert4_eval,8191528960,1602
1790732856.8328338,2776251,2100.468,expert4_eval,8191528960,1602
1790732857.857639,2776251,2101.493,expert4_eval,8191528960,1602
1790732858.8803375,2776251,2102.516,expert4_eval,8191528960,1602
1790732859.9060204,2776251,2103.541,expert4_eval,8191528960,1602
1790732860.9301002,2776251,2104.566,expert4_eval,8191528960,1602
1790732861.9598484,2776251,2105.595,expert4_eval,8191528960,1602
1790732862.984967,2776251,2106.62,expert4_eval,8191528960,1602
1790732864.0066316,2776251,2107.642,expert4_eval,8191528960,1602
1790732865.0343018,2776251,2108.67,expert4_eval,8191528960,1602
1790732866.0599272,2776251,2109.695,expert4_eval,8191528960,1602
1790732867.1055887,2776251,2110.741,expert4_eval,8191528960,1602
1790732868.1297643,2776251,2111.765,expert4_eval,8191528960,1602
1790732869.1510067,2776251,2112.786,expert4_eval,8191528960,1602
1790732870.1754155,2776251,2113.811,expert4_eval,8191528960,1602
1790732871.1963959,2776251,2114.832,expert4_eval,8191528960,1602
1790732872.2200654,2776251,2115.855,expert4_eval,8191528960,1602
1790732873.246632,2776251,2116.882,expert4_eval,8191528960,1602
1790732874.2666893,2776251,2117.902,expert4_eval,8191528960,1602
1790732875.2918959,2776251,2118.927,expert4_eval,8191528960,1602
1790732876.3206265,2776251,2119.956,expert4_eval,8191528960,1602
1790732877.3444123,2776251,2120.98,expert4_eval,8191528960,1602
1790732878.3769767,2776251,2122.012,expert4_eval,8191528960,1602
1790732879.4034715,2776251,2123.039,expert4_eval,8191528960,1602
1790732880.4243453,2776251,2124.06,expert4_eval,8191528960,1602
1790732881.4479117,2776251,2125.083,expert4_eval,8191528960,1602
1790732882.4713645,2776251,2126.107,expert4_eval,8191528960,1602
1790732883.4915671,2776251,2127.127,expert4_eval,8191528960,1602
1790732884.5140264,2776251,2128.149,expert4_eval,8191528960,1602
1790732885.5360496,2776251,2129.171,expert4_eval,8191528960,1602
1790732886.5608494,2776251,2130.196,expert4_eval,8191528960,1602
1790732887.5896983,2776251,2131.225,expert4_eval,8191528960,1602
1790732888.6093795,2776251,2132.245,expert4_eval,8191528960,1602
1790732889.651579,2776251,2133.287,expert4_eval,8191528960,1602
1790732890.6726234,2776251,2134.308,expert4_eval,8191528960,1602
1790732891.6919308,2776251,2135.327,expert4_eval,8191528960,1602
1790732892.7149248,2776251,2136.35,expert4_eval,8191528960,1602
1790732893.73583,2776251,2137.371,expert4_eval,8191528960,1602
1790732894.759572,2776251,2138.395,expert4_eval,8191528960,1602
1790732895.7840316,2776251,2139.419,expert4_eval,8191528960,1602
1790732896.8068416,2776251,2140.442,expert4_eval,8191528960,1602
1790732897.8325355,2776251,2141.468,expert4_eval,8191528960,1602
1790732898.8558357,2776251,2142.491,expert4_eval,8191528960,1602
1790732899.8769279,2776251,2143.512,expert4_eval,8191528960,1602
1790732900.9201272,2776251,2144.556,expert4_eval,8191528960,1602
1790732901.9417527,2776251,2145.577,expert4_eval,8191528960,1602
1790732902.9651546,2776251,2146.601,expert4_eval,8191528960,1602
1790732903.9873853,2776251,2147.623,expert4_eval,8191528960,1602
1790732905.0076575,2776251,2148.643,expert4_eval,8191528960,1602
1790732906.0679846,2776251,2149.703,expert4_eval,8191528960,1602
1790732907.0930245,2776251,2150.728,expert4_eval,8191528960,1602
1790732908.1179886,2776251,2151.753,expert4_eval,8191528960,1602
1790732909.140287,2776251,2152.776,expert4_eval,8191528960,1602
1790732910.1901696,2776251,2153.826,expert4_eval,8191528960,1602
1790732911.2119896,2776251,2154.847,expert4_eval,8191528960,1602
1790732912.3182948,2776251,2155.954,starting,7631712256,1602
1790732913.342278,2776251,2156.978,fit_scorer,7461744640,590
1790732914.3697953,2776251,2158.005,fit_scorer,7461744640,590
1790732915.3969162,2776251,2159.032,fit_scorer,7461744640,590
1790732916.4186954,2776251,2160.054,fit_verifier,7466553344,590
1790732917.4464896,2776251,2161.082,fit_verifier,7467110400,590
1790732918.4702666,2776251,2162.106,fit_verifier,7467110400,590
1790732919.4965105,2776251,2163.132,fit_verifier,7467110400,590
1790732920.5183744,2776251,2164.154,fit_verifier,7467110400,590
1790732921.5409024,2776251,2165.176,fit_verifier,7467192320,590
1790732922.565697,2776251,2166.201,fit_verifier,7467192320,590
1790732923.5895813,2776251,2167.225,fit_verifier,7467192320,590
1790732924.6133432,2776251,2168.249,fit_verifier,7467192320,590
1790732925.6390667,2776251,2169.274,fit_verifier,7467192320,590
1790732926.6648362,2776251,2170.3,fit_verifier,7467192320,590
1790732927.691475,2776251,2171.327,fit_verifier,7467192320,590
1790732928.7196162,2776251,2172.355,fit_verifier,7467192320,590
1790732929.748073,2776251,2173.383,fit_verifier,7467192320,590
1790732930.7721562,2776251,2174.408,fit_verifier,7467192320,590
1790732931.7963288,2776251,2175.432,test_policy_scoring,7563665408,590
1790732932.8224688,2776251,2176.458,test_policy_scoring,7904366592,590
1790732933.8790276,2776251,2177.514,test_policy_scoring,7904366592,590
1790732934.905118,2776251,2178.541,test_policy_scoring,7904366592,590
1790732935.9298425,2776251,2179.565,test_policy_scoring,7904366592,590
1790732936.9559755,2776251,2180.591,test_policy_scoring,8000618496,590
1790732937.9829247,2776251,2181.618,test_policy_scoring,8196464640,590
1790732939.0054605,2776251,2182.641,test_policy_scoring,8293830656,590
