Expert,Epoch,Accuracy,F1_Score
0,1,0.9841290112850044,0.984100086649918
1,1,1.0,1.0
2,1,0.31528177356574716,0.16483110116016964
3,1,1.0,1.0
