component,explained_variance_ratio
1,0.19567169
2,0.14059283
3,0.12337356
4,0.079476476
5,0.06941037
6,0.041379422
7,0.040463667
8,0.038979176
9,0.029144133
10,0.027926266
11,0.024566017
12,0.021625983
13,0.018373534
14,0.01640314
15,0.01567262
16,0.014153164
17,0.013682011
18,0.01178463
19,0.010826721
20,0.010136293
