label,count,ratio
benign,23768,0.5
dos-goldeneye,10293,0.21653062941770448
dos-slowloris,5796,0.1219286435543588
dos-slowhttptest,5499,0.11568074722315719
web-attack-brute-force,1507,0.03170228879165264
web-attack-xss,652,0.013715920565466173
web-attack-sql-injection,21,0.0004417704476607203
