label,count,ratio
benign,19014,0.5
dos-goldeneye,8234,0.21652466603555276
dos-slowloris,4637,0.1219364678657831
dos-slowhttptest,4399,0.11567792153150311
web-attack-brute-force,1205,0.031687177868938675
web-attack-xss,522,0.01372672767434522
web-attack-sql-injection,17,0.00044703902387714314
