label,count,ratio
benign,2271320,0.9896439700787072
dos-goldeneye,10293,0.0044847953542522115
dos-slowloris,5796,0.0025253933618231634
dos-slowhttptest,5499,0.0023959865591210447
web-attack-brute-force,1507,0.0006566197025996388
web-attack-xss,652,0.0002840849675480853
web-attack-sql-injection,21,9.14997594863465e-06
