label,count,ratio
benign,4754,0.5
dos-goldeneye,2059,0.2165544804375263
dos-slowloris,1159,0.12189734960033656
dos-slowhttptest,1100,0.11569204880100968
web-attack-brute-force,302,0.03176272612536811
web-attack-xss,130,0.013672696676482961
web-attack-sql-injection,4,0.00042069835927639884
