Expert,Epoch,Accuracy,F1_Score
0,1,0.8647581186431927,0.8633882021173231
1,1,0.8883248730964467,0.83578953113913
2,1,1.0,1.0
3,1,0.2021340676361759,0.06797608087006114
