epoch,pid,elapsed_seconds,phase,rss_bytes,gpu_used_mib
1790747246.4849272,2992126,0.28,starting,527581184,0
1790747247.6145446,2992126,1.409,starting,824635392,0
1790747248.6446044,2992126,2.44,residual_clustering,1727205376,0
1790747249.671346,2992126,3.466,starting,2624262144,0
1790747250.6917553,2992126,4.487,starting,6748700672,0
1790747251.7128081,2992126,5.508,starting,10877698048,0
1790747252.8379915,2992126,6.633,starting,14872477696,0
1790747253.9312484,2992126,7.726,starting,17926766592,0
1790747255.0442328,2992126,8.839,starting,20667662336,0
1790747256.593475,2992126,10.388,starting,24030679040,0
1790747258.0568225,2992126,11.852,starting,27141582848,0
1790747261.1296868,2992126,14.925,block1_selection,1552109568,0
1790747262.1527176,2992126,15.948,block1_selection,1798230016,0
1790747263.1767943,2992126,16.972,block1_selection,1798230016,0
1790747264.2011905,2992126,17.996,block1_selection,1805438976,0
1790747265.2253397,2992126,19.02,block1_selection,1805438976,0
1790747266.2486596,2992126,20.044,block1_selection,1805438976,0
1790747267.272025,2992126,21.067,block1_selection,1806327808,0
1790747268.296232,2992126,22.091,block1_selection,1806327808,0
1790747269.322206,2992126,23.117,block1_selection,1814233088,0
1790747270.3501902,2992126,24.145,starting,954847232,0
1790747271.3772793,2992126,25.172,input_loading,2557100032,0
1790747272.4036162,2992126,26.199,input_loading,6269939712,0
1790747273.4263754,2992126,27.221,input_loading,10341228544,0
1790747274.5561426,2992126,28.351,input_loading,14314942464,0
1790747275.645155,2992126,29.44,input_loading,17309814784,0
1790747276.7809408,2992126,30.576,input_loading,20266266624,0
1790747278.1898105,2992126,31.985,input_loading,23500664832,0
1790747279.552495,2992126,33.347,input_loading,26591678464,0
1790747281.0838978,2992126,34.879,input_loading,23349235712,0
1790747282.6450033,2992126,36.44,starting,1024987136,0
1790747283.6649592,2992126,37.46,starting,1145671680,0
1790747284.686663,2992126,38.482,starting,1133506560,0
1790747285.7071075,2992126,39.502,starting,1177632768,0
1790747286.7276633,2992126,40.523,starting,1132474368,0
1790747287.7469864,2992126,41.542,starting,1132474368,0
1790747288.7667537,2992126,42.562,starting,1132474368,0
1790747289.7887583,2992126,43.584,starting,1132474368,0
1790747290.8103755,2992126,44.605,starting,1132474368,0
1790747291.8328118,2992126,45.628,starting,1132474368,0
1790747292.8594956,2992126,46.654,starting,2026586112,0
1790747293.8837957,2992126,47.679,starting,4570099712,656
1790747294.9112236,2992126,48.706,starting,4979941376,2784
1790747295.9378006,2992126,49.733,affinity1_eval,5344546816,2784
1790747296.9638104,2992126,50.759,affinity1_eval,5259075584,2784
1790747297.986162,2992126,51.781,affinity1_eval,5259075584,2784
1790747299.0118546,2992126,52.807,affinity1_eval,5259075584,2784
1790747300.0376043,2992126,53.833,affinity1_eval,5259075584,2784
1790747301.0667603,2992126,54.862,affinity1_eval,5259075584,2784
1790747302.0904822,2992126,55.885,affinity2_route,4990267392,2784
1790747303.111015,2992126,56.906,affinity2_eval,5438251008,2784
1790747304.1332576,2992126,57.928,affinity2_eval,5251985408,2784
1790747305.1595876,2992126,58.955,affinity2_eval,5251985408,2784
1790747306.1913476,2992126,59.986,affinity2_eval,5251985408,2784
1790747307.2187715,2992126,61.014,affinity2_eval,5251985408,2784
1790747308.2402527,2992126,62.035,expert1_fit,4411043840,552
1790747309.2619767,2992126,63.057,expert1_fit,4411043840,706
1790747310.2848132,2992126,64.08,expert1_fit,4427636736,4260
1790747311.3067389,2992126,65.102,expert1_fit,4427636736,4268
1790747312.3320346,2992126,66.127,expert1_fit,4427702272,4268
1790747313.353379,2992126,67.148,expert1_fit,4427702272,4268
1790747314.3748424,2992126,68.17,expert1_fit,4427702272,4268
1790747315.3988786,2992126,69.194,expert1_fit,4427702272,4268
1790747316.4250243,2992126,70.22,expert1_fit,4427702272,4268
1790747317.4483895,2992126,71.243,expert1_fit,4427702272,4268
1790747318.469743,2992126,72.265,expert1_fit,4427702272,4268
1790747319.494357,2992126,73.289,expert1_fit,4427702272,4268
1790747320.513614,2992126,74.309,expert1_fit,4427702272,4268
1790747321.5352523,2992126,75.33,expert1_fit,4427702272,4268
1790747322.5601108,2992126,76.355,expert1_fit,4427702272,4268
1790747323.5847027,2992126,77.38,expert1_fit,4427702272,4268
1790747324.606449,2992126,78.401,expert1_fit,4427702272,4268
1790747325.6252904,2992126,79.42,expert1_fit,4427702272,4328
1790747326.6465373,2992126,80.441,expert1_fit,4427702272,4368
1790747327.6665103,2992126,81.461,expert1_fit,4427702272,4408
1790747328.6863606,2992126,82.481,expert1_fit,4427702272,4468
1790747329.707469,2992126,83.502,expert1_fit,4427702272,4508
1790747330.7281313,2992126,84.523,expert1_fit,4427702272,4508
1790747331.752954,2992126,85.548,expert1_fit,4427702272,4568
1790747332.7743042,2992126,86.569,expert1_fit,4427702272,4608
1790747333.7991397,2992126,87.594,expert1_fit,4427702272,4668
1790747334.823465,2992126,88.618,expert1_fit,4427702272,4708
1790747335.8450837,2992126,89.64,expert1_fit,4427788288,4708
1790747336.866583,2992126,90.662,expert1_fit,4427788288,4708
1790747337.8891234,2992126,91.684,expert1_fit,4427788288,4708
1790747338.9099317,2992126,92.705,expert1_fit,4427788288,4708
1790747339.9310927,2992126,93.726,expert1_fit,4427788288,4708
1790747340.973364,2992126,94.768,expert1_fit,4427796480,4708
1790747341.995521,2992126,95.79,expert1_fit,4427796480,4708
1790747343.0185285,2992126,96.813,expert1_fit,4427796480,4708
1790747344.0441217,2992126,97.839,expert1_fit,4427796480,4708
1790747345.0672014,2992126,98.862,expert1_fit,4427796480,4708
1790747346.090735,2992126,99.886,expert1_fit,4427796480,4708
1790747347.1148393,2992126,100.91,expert1_fit,4427796480,4708
1790747348.1385736,2992126,101.934,expert1_fit,4427796480,4708
1790747349.1636004,2992126,102.959,expert1_fit,4427796480,4708
1790747350.1897478,2992126,103.985,expert1_fit,4427796480,4708
1790747351.2133176,2992126,105.008,expert1_fit,4427796480,4708
1790747352.2347052,2992126,106.03,expert1_fit,4427796480,4708
1790747353.2588649,2992126,107.054,expert1_fit,4427796480,4708
1790747354.2833087,2992126,108.078,expert1_fit,4427796480,4708
1790747355.3078103,2992126,109.103,expert1_fit,4427796480,4708
1790747356.332528,2992126,110.127,expert1_fit,4427796480,4708
1790747357.3575368,2992126,111.152,expert1_fit,4427796480,4708
1790747358.382046,2992126,112.177,expert1_fit,4427796480,4708
1790747359.403637,2992126,113.199,expert1_fit,4427796480,4708
1790747360.4284327,2992126,114.223,expert1_fit,4427796480,4708
1790747361.4508731,2992126,115.246,expert1_fit,4427796480,4708
1790747362.469991,2992126,116.265,expert1_fit,4427796480,4708
1790747363.4924362,2992126,117.287,expert1_fit,4427796480,4708
1790747364.513643,2992126,118.309,expert1_fit,4427796480,4708
1790747365.539037,2992126,119.334,expert1_fit,4427796480,4708
1790747366.5627203,2992126,120.358,expert1_fit,4427796480,4708
1790747367.5841808,2992126,121.379,expert1_fit,4427796480,4708
1790747368.6037786,2992126,122.399,expert1_fit,4427796480,4708
1790747369.625091,2992126,123.42,expert1_fit,4427796480,4708
1790747370.646779,2992126,124.442,expert1_fit,4427796480,4708
1790747371.6744192,2992126,125.469,expert1_fit,4935122944,4708
1790747372.698833,2992126,126.494,expert1_fit,5226909696,4708
1790747373.720793,2992126,127.516,expert1_fit,5226909696,4708
1790747374.7429013,2992126,128.538,expert1_fit,5226909696,4708
1790747375.7624958,2992126,129.557,expert1_fit,5226909696,4708
1790747376.7841747,2992126,130.579,expert1_fit,5226909696,4708
1790747377.8085222,2992126,131.603,expert1_fit,5226909696,4708
1790747378.8301952,2992126,132.625,expert1_fit,5226909696,4708
1790747379.8541355,2992126,133.649,expert1_fit,5226909696,4708
1790747380.8769379,2992126,134.672,expert1_fit,5226909696,4708
1790747381.9002573,2992126,135.695,expert1_fit,5226909696,4708
1790747382.9240816,2992126,136.719,expert1_fit,5226909696,4708
1790747383.9485366,2992126,137.743,expert1_fit,5226909696,4708
1790747384.9677234,2992126,138.763,expert1_fit,5226909696,4708
1790747385.9875934,2992126,139.783,expert1_fit,5226909696,4708
1790747387.007658,2992126,140.803,expert1_fit,5226909696,4708
1790747388.028192,2992126,141.823,expert1_fit,5226909696,4708
1790747389.0526443,2992126,142.848,expert1_fit,5226909696,4708
1790747390.0764368,2992126,143.871,expert1_fit,5226909696,4708
1790747391.097978,2992126,144.893,expert1_fit,5226909696,4708
1790747392.121858,2992126,145.917,expert1_fit,5226909696,4708
1790747393.14644,2992126,146.941,expert1_fit,5226909696,4708
1790747394.1720958,2992126,147.967,expert1_fit,5226909696,4708
1790747395.197185,2992126,148.992,expert1_fit,5226909696,4708
1790747396.222042,2992126,150.017,expert1_fit,5226909696,4708
1790747397.247236,2992126,151.042,expert1_fit,5226909696,4708
1790747398.2690618,2992126,152.064,expert1_fit,5226909696,4708
1790747399.293455,2992126,153.088,expert1_fit,5226909696,4708
1790747400.3198025,2992126,154.115,expert1_fit,5239599104,4708
1790747401.3450162,2992126,155.14,expert1_fit,5239599104,4708
1790747402.3685002,2992126,156.163,expert1_fit,6038843392,4708
1790747403.3939447,2992126,157.189,expert1_fit,6038843392,4708
1790747404.4171572,2992126,158.212,expert1_fit,6038843392,4708
1790747405.4384549,2992126,159.233,expert1_fit,6038843392,4708
1790747406.4579446,2992126,160.253,expert1_fit,6038843392,4708
1790747407.4785712,2992126,161.274,expert1_fit,6038843392,4708
1790747408.5031962,2992126,162.298,expert1_fit,6038843392,4708
1790747409.5273929,2992126,163.322,expert1_fit,6038843392,4708
1790747410.551379,2992126,164.346,expert1_fit,6038843392,4708
1790747411.5758371,2992126,165.371,expert1_fit,6038843392,4708
1790747412.5966027,2992126,166.392,expert1_fit,6038843392,4708
1790747413.6205115,2992126,167.415,expert1_fit,6038843392,4708
1790747414.6444197,2992126,168.439,expert1_fit,6038843392,4708
1790747415.6697166,2992126,169.465,expert1_fit,6038843392,4708
1790747416.6947272,2992126,170.49,expert1_fit,6038843392,4708
1790747417.7148356,2992126,171.51,expert1_fit,6038843392,4708
1790747418.7392058,2992126,172.534,expert1_fit,6038843392,4708
1790747419.7639062,2992126,173.559,expert1_fit,6038843392,4708
1790747420.7883773,2992126,174.583,expert1_fit,6038843392,4708
1790747421.8133922,2992126,175.608,expert1_fit,6038843392,4708
1790747422.8380778,2992126,176.633,expert1_fit,6038843392,4708
1790747423.8625987,2992126,177.658,expert1_fit,6038843392,4708
1790747424.884446,2992126,178.679,expert1_fit,6038843392,4708
1790747425.9084918,2992126,179.703,expert1_fit,6038843392,4708
1790747426.9327693,2992126,180.728,expert1_fit,6038843392,4708
1790747427.9577172,2992126,181.753,expert1_fit,6038843392,4708
1790747428.9815571,2992126,182.777,expert1_fit,6038843392,4708
1790747430.0061119,2992126,183.801,expert1_fit,6038843392,4708
1790747431.0300784,2992126,184.825,expert1_fit,6051528704,4708
1790747432.0565767,2992126,185.852,expert1_fit,6051528704,4708
1790747433.1016266,2992126,186.897,starting,8282812416,4802
1790747434.1225142,2992126,187.917,starting,6850932736,4802
1790747435.148774,2992126,188.944,starting,6850932736,4802
1790747436.1711159,2992126,189.966,starting,6850932736,4802
1790747437.1952913,2992126,190.99,starting,6850932736,4802
1790747438.2155704,2992126,192.011,starting,6850932736,4802
1790747439.2344952,2992126,193.029,starting,6850932736,4802
1790747440.2551398,2992126,194.05,starting,6850932736,4802
1790747441.273727,2992126,195.069,starting,6850932736,4802
1790747442.296501,2992126,196.091,starting,6850932736,4802
1790747443.3203092,2992126,197.115,starting,6850932736,4802
1790747444.341482,2992126,198.136,starting,6850932736,4802
1790747445.3630161,2992126,199.158,starting,6850932736,4802
1790747446.3853006,2992126,200.18,starting,6850932736,4802
1790747447.4042375,2992126,201.199,starting,6850932736,4802
1790747448.4232605,2992126,202.218,starting,6850932736,4802
1790747449.4442408,2992126,203.239,starting,6850932736,4802
1790747450.4681907,2992126,204.263,starting,6850932736,4802
1790747451.4900794,2992126,205.285,starting,6850932736,4802
1790747452.5147784,2992126,206.31,starting,6850932736,4802
1790747453.5365841,2992126,207.332,starting,6850932736,4802
1790747454.5608509,2992126,208.356,starting,6850932736,4802
1790747455.5856009,2992126,209.381,starting,6850932736,4802
1790747456.6081626,2992126,210.403,starting,6850932736,4802
1790747457.6298642,2992126,211.425,starting,6850932736,4802
1790747458.6544776,2992126,212.449,starting,6850932736,4802
1790747459.6791804,2992126,213.474,starting,6850932736,4802
1790747460.7037988,2992126,214.499,starting,6850932736,4802
1790747461.7271984,2992126,215.522,starting,6850932736,4802
1790747462.7468276,2992126,216.542,starting,6850932736,4802
1790747463.7658305,2992126,217.561,starting,6850932736,4802
1790747464.7867851,2992126,218.582,starting,6850932736,4802
1790747465.8120673,2992126,219.607,starting,6850932736,4802
1790747466.8373199,2992126,220.632,starting,6850932736,4802
1790747467.8619287,2992126,221.657,starting,6850932736,4802
1790747468.8839774,2992126,222.679,starting,6850932736,4802
1790747469.9068348,2992126,223.702,starting,6850932736,4802
1790747470.92861,2992126,224.724,starting,6850932736,4802
1790747471.9478223,2992126,225.743,starting,6850932736,4802
1790747472.9676092,2992126,226.763,starting,6850932736,4802
1790747473.9895787,2992126,227.785,starting,6850932736,4802
1790747475.0132797,2992126,228.808,starting,6850932736,4802
1790747476.0349681,2992126,229.83,starting,6850932736,4802
1790747477.0596275,2992126,230.855,starting,6850932736,4802
1790747478.0842142,2992126,231.879,starting,6850932736,4802
1790747479.1057472,2992126,232.901,starting,6850932736,4802
1790747480.130669,2992126,233.926,starting,6850932736,4802
1790747481.1554294,2992126,234.95,starting,6850932736,4802
1790747482.1810608,2992126,235.976,starting,6850932736,4802
1790747483.202631,2992126,236.998,starting,6850932736,4802
1790747484.2248116,2992126,238.02,starting,6850932736,4802
1790747485.2465086,2992126,239.041,starting,6850932736,4802
1790747486.2653573,2992126,240.06,starting,6850932736,4802
1790747487.2857673,2992126,241.081,starting,6850932736,4802
1790747488.3050466,2992126,242.1,starting,6850932736,4802
1790747489.3246152,2992126,243.12,starting,6850932736,4802
1790747490.3453135,2992126,244.14,starting,6850932736,4802
1790747491.3675084,2992126,245.162,starting,6850932736,4802
1790747492.3911846,2992126,246.186,starting,6850932736,4802
1790747493.41291,2992126,247.208,starting,6850932736,4802
1790747494.4315915,2992126,248.227,starting,6850932736,4802
1790747495.4518807,2992126,249.247,starting,6850932736,4802
1790747496.4736817,2992126,250.269,starting,6850932736,4802
1790747497.4970121,2992126,251.292,starting,6850932736,4802
1790747498.520949,2992126,252.316,starting,6850932736,4802
1790747499.542641,2992126,253.338,starting,6850998272,4802
1790747500.562176,2992126,254.357,expert1_route,6929072128,4802
1790747501.5828745,2992126,255.378,expert1_route,6929072128,4802
1790747502.601535,2992126,256.396,expert1_route,6929072128,4802
1790747503.6202447,2992126,257.415,expert1_route,6929072128,4802
1790747504.6383545,2992126,258.433,expert1_route,6929072128,4802
1790747505.6594377,2992126,259.454,expert1_route,6929072128,4802
1790747506.6834598,2992126,260.478,expert1_route,6929072128,4802
1790747507.702288,2992126,261.497,expert1_route,6929072128,4802
1790747508.7206426,2992126,262.516,expert1_route,6929072128,4802
1790747509.740528,2992126,263.535,expert1_route,6929072128,4822
1790747510.764643,2992126,264.56,expert1_route,6929072128,4822
1790747511.7856464,2992126,265.581,expert1_route,6952665088,4822
1790747512.8093698,2992126,266.604,expert1_route,6952665088,4822
1790747513.8326404,2992126,267.628,expert1_route,6952665088,4822
1790747514.8568823,2992126,268.652,expert1_route,6952665088,4822
1790747515.8830948,2992126,269.678,expert1_route,6952665088,4842
1790747516.9086587,2992126,270.704,expert1_route,6952665088,4842
1790747517.933501,2992126,271.728,expert1_route,6952665088,4842
1790747518.9551818,2992126,272.75,expert1_route,6952665088,4842
1790747519.9746525,2992126,273.77,expert1_route,6952665088,4842
1790747520.9948733,2992126,274.79,expert1_route,6952665088,4862
1790747522.017795,2992126,275.813,expert1_route,6952665088,4862
1790747523.0380955,2992126,276.833,expert1_route,6952665088,4862
1790747524.061544,2992126,277.856,expert1_route,6952665088,4862
1790747525.0828857,2992126,278.878,expert1_route,6952665088,4862
1790747526.1039586,2992126,279.899,expert1_route,6952665088,4862
1790747527.123289,2992126,280.918,expert1_route,6952665088,4862
1790747528.141928,2992126,281.937,expert1_route,6952665088,4862
1790747529.1645906,2992126,282.96,expert1_route,6952665088,4862
1790747530.1887374,2992126,283.984,expert1_route,6952665088,4862
1790747531.2115006,2992126,285.006,expert1_route,6952665088,4882
1790747532.2434614,2992126,286.038,expert1_route,6952665088,4882
1790747533.2613935,2992126,287.056,expert1_route,6952665088,4882
1790747534.2826421,2992126,288.078,expert1_route,6952665088,4882
1790747535.3063667,2992126,289.101,expert1_route,6952665088,4882
1790747536.3300893,2992126,290.125,expert1_route,6952665088,4882
1790747537.3516803,2992126,291.147,expert1_route,6952665088,4882
1790747538.3757007,2992126,292.171,expert1_route,6952665088,4882
1790747539.3994503,2992126,293.194,expert1_route,6952665088,4882
1790747540.4250777,2992126,294.22,expert1_route,6952665088,4882
1790747541.449681,2992126,295.245,expert1_route,6952665088,4882
1790747542.4727073,2992126,296.268,expert1_route,6952665088,4882
1790747543.4938934,2992126,297.289,expert1_route,6953824256,4882
1790747544.513347,2992126,298.308,expert1_route,6953824256,4882
1790747545.5324051,2992126,299.327,expert1_route,6953824256,4882
1790747546.5519338,2992126,300.347,expert1_route,6953824256,4882
1790747547.5721233,2992126,301.367,expert1_route,6953824256,4882
1790747548.5976276,2992126,302.393,expert1_route,6953824256,4882
1790747549.6187348,2992126,303.414,expert1_route,6953824256,4882
1790747550.6426528,2992126,304.438,expert1_route,6953824256,4882
1790747551.667839,2992126,305.463,expert1_route,6953824256,4882
1790747552.6905584,2992126,306.486,expert1_route,6953824256,4882
1790747553.7126212,2992126,307.508,expert1_route,6953824256,4882
1790747554.7328155,2992126,308.528,expert1_route,6953824256,4882
1790747555.7572696,2992126,309.552,expert1_route,6953824256,4882
1790747556.7821271,2992126,310.577,expert1_route,6953824256,4882
1790747557.8070524,2992126,311.602,expert1_route,6953824256,4882
1790747558.826706,2992126,312.622,expert1_route,6953824256,4882
1790747559.8478782,2992126,313.643,expert1_route,6953824256,4882
1790747560.8688793,2992126,314.664,expert1_route,6953824256,4882
1790747561.8897896,2992126,315.685,expert1_route,6953824256,4882
1790747562.9113014,2992126,316.706,expert1_route,6953824256,4882
1790747563.9320726,2992126,317.727,expert1_route,6953824256,4882
1790747564.9526165,2992126,318.748,expert1_route,6953824256,4882
1790747565.9746602,2992126,319.77,expert1_route,6953824256,4882
1790747566.9957232,2992126,320.791,expert1_route,6953824256,4882
1790747568.0206285,2992126,321.816,expert1_route,6953824256,4882
1790747569.044139,2992126,322.839,expert1_route,6953824256,4882
1790747570.0650654,2992126,323.86,expert1_route,6953824256,4882
1790747571.0859761,2992126,324.881,expert1_route,6953824256,4882
1790747572.1045468,2992126,325.899,expert1_route,6953824256,4882
1790747573.1258495,2992126,326.921,expert1_route,6953824256,4882
1790747574.1460679,2992126,327.941,expert1_route,6953824256,4882
1790747575.167489,2992126,328.962,expert1_route,6953824256,4882
1790747576.18977,2992126,329.985,expert1_route,6953824256,4882
1790747577.210913,2992126,331.006,expert1_route,6953824256,4882
1790747578.2356038,2992126,332.031,expert1_route,6953824256,4882
1790747579.2600648,2992126,333.055,expert1_route,6953824256,4882
1790747580.2848203,2992126,334.08,expert1_route,6953824256,4882
1790747581.3068194,2992126,335.102,expert1_route,6953824256,4882
1790747582.3277526,2992126,336.123,expert1_route,6953824256,4882
1790747583.3503742,2992126,337.145,expert1_route,6953824256,4882
1790747584.3709605,2992126,338.166,expert1_route,6953824256,4882
1790747585.3932116,2992126,339.188,expert1_route,6953824256,4882
1790747586.4129686,2992126,340.208,expert1_route,6953824256,4882
1790747587.434369,2992126,341.229,expert1_route,6953824256,4882
1790747588.4589233,2992126,342.254,expert1_route,6953824256,4882
1790747589.4821205,2992126,343.277,expert1_route,6953824256,4882
1790747590.5019414,2992126,344.297,expert1_route,6953824256,4882
1790747591.523034,2992126,345.318,expert1_route,6953824256,4882
1790747592.5442398,2992126,346.339,expert1_route,6953824256,4882
1790747593.563199,2992126,347.358,expert1_route,6953824256,4882
1790747594.5841086,2992126,348.379,expert1_route,6953824256,4882
1790747595.6078548,2992126,349.403,expert1_route,6953824256,4882
1790747596.63243,2992126,350.427,expert1_route,6953824256,4882
1790747597.6564934,2992126,351.451,expert1_route,6953824256,4882
1790747598.6758177,2992126,352.471,expert1_route,6953824256,4882
1790747599.698558,2992126,353.494,expert1_route,6953824256,4882
1790747600.7199314,2992126,354.515,expert1_cal,6931632128,4882
1790747601.739454,2992126,355.534,expert1_cal,6931632128,4882
1790747602.7603362,2992126,356.555,expert1_cal,6931632128,4882
1790747603.7843666,2992126,357.579,expert1_cal,6931632128,4882
1790747604.8055463,2992126,358.6,expert1_cal,6931632128,4882
1790747605.828048,2992126,359.623,expert1_cal,6931632128,4882
1790747606.8486972,2992126,360.644,expert1_cal,6931632128,4882
1790747607.8684678,2992126,361.663,expert1_cal,6931632128,4882
1790747608.8864896,2992126,362.681,expert1_cal,6931632128,4882
1790747609.905679,2992126,363.701,expert1_cal,6931632128,4882
1790747610.9275298,2992126,364.722,expert1_cal,6931632128,4882
1790747611.9452128,2992126,365.74,expert1_cal,6931632128,4882
1790747612.966611,2992126,366.762,expert1_cal,6931632128,4882
1790747613.9898863,2992126,367.785,expert1_cal,6931632128,4882
1790747615.0098069,2992126,368.805,expert1_cal,6931632128,4882
1790747616.0283802,2992126,369.823,expert1_cal,6931632128,4882
1790747617.0478492,2992126,370.843,expert1_cal,6931632128,4882
1790747618.0673492,2992126,371.862,expert1_cal,6931632128,4882
1790747619.0886846,2992126,372.884,expert1_cal,6931632128,4882
1790747620.1099813,2992126,373.905,expert1_cal,6931632128,4882
1790747621.1339948,2992126,374.929,expert1_cal,6931632128,4882
1790747622.1573145,2992126,375.952,expert1_cal,6931632128,4882
1790747623.1799636,2992126,376.975,expert1_cal,6931632128,4882
1790747624.199327,2992126,377.994,expert1_cal,6931632128,4882
1790747625.2214577,2992126,379.016,expert1_cal,6931632128,4882
1790747626.2408204,2992126,380.036,expert1_cal,6931632128,4882
1790747627.2653456,2992126,381.06,expert1_cal,6931632128,4882
1790747628.2900934,2992126,382.085,expert1_cal,6931632128,4882
1790747629.3138523,2992126,383.109,expert1_cal,6931632128,4882
1790747630.3361807,2992126,384.131,expert1_cal,6931632128,4882
1790747631.355809,2992126,385.151,expert1_cal,6931632128,4882
1790747632.3768046,2992126,386.172,expert1_cal,6931632128,4882
1790747633.399568,2992126,387.195,expert1_cal,6931632128,4882
1790747634.419961,2992126,388.215,expert1_cal,6931632128,4882
1790747635.4399514,2992126,389.235,expert1_cal,6931632128,4882
1790747636.4609365,2992126,390.256,expert1_cal,6931632128,4882
1790747637.4859188,2992126,391.281,expert1_cal,6931632128,4882
1790747638.507334,2992126,392.302,expert1_cal,6931632128,4882
1790747639.5275934,2992126,393.323,expert1_cal,6931632128,4882
1790747640.5488188,2992126,394.344,expert1_cal,6931632128,4882
1790747641.5672553,2992126,395.362,expert1_cal,6931632128,4882
1790747642.5884733,2992126,396.383,expert1_cal,6931632128,4882
1790747643.6073835,2992126,397.402,expert1_cal,6931632128,4882
1790747644.6261575,2992126,398.421,expert1_cal,6931632128,4882
1790747645.6490183,2992126,399.444,expert1_cal,6931632128,4882
1790747646.675812,2992126,400.471,expert1_cal,6931632128,4882
1790747647.6989043,2992126,401.494,expert1_cal,6931632128,4882
1790747648.7204547,2992126,402.515,expert1_cal,6931632128,4882
1790747649.7470963,2992126,403.542,expert1_cal,6931632128,4882
1790747650.766564,2992126,404.562,expert1_cal,6931632128,4882
1790747651.7865481,2992126,405.581,expert1_cal,6931632128,4882
1790747652.8052125,2992126,406.6,expert1_cal,6931632128,4882
1790747653.8247054,2992126,407.62,expert1_cal,6931632128,4882
1790747654.844455,2992126,408.639,expert1_cal,6931632128,4882
1790747655.863879,2992126,409.659,expert1_cal,6931632128,4882
1790747656.8822072,2992126,410.677,expert1_cal,6931632128,4882
1790747657.9011889,2992126,411.696,expert1_cal,6931632128,4882
1790747658.9214928,2992126,412.716,expert1_cal,6931632128,4882
1790747659.9458275,2992126,413.741,expert1_cal,6931632128,4882
1790747660.9675245,2992126,414.762,expert1_cal,6931632128,4882
1790747661.9929543,2992126,415.788,expert1_cal,6931632128,4882
1790747663.0160027,2992126,416.811,expert1_cal,6931632128,4882
1790747664.039289,2992126,417.834,expert1_cal,6931632128,4882
1790747665.060529,2992126,418.855,expert1_cal,6931632128,4882
1790747666.085866,2992126,419.881,expert1_cal,6931632128,4882
1790747667.1087475,2992126,420.904,expert1_cal,6931632128,4882
1790747668.1285374,2992126,421.923,expert1_cal,6931632128,4882
1790747669.1513536,2992126,422.946,expert1_eval,8044699648,4882
1790747670.172979,2992126,423.968,expert1_eval,7525879808,4882
1790747671.194727,2992126,424.99,expert1_eval,7525879808,4882
1790747672.217571,2992126,426.013,expert1_eval,7525879808,4882
1790747673.241211,2992126,427.036,expert1_eval,7525879808,4882
1790747674.2649739,2992126,428.06,expert1_eval,7525879808,4882
1790747675.2883806,2992126,429.083,expert1_eval,7525879808,4882
1790747676.3130147,2992126,430.108,expert1_eval,7525879808,4882
1790747677.3368683,2992126,431.132,expert1_eval,7525879808,4882
1790747678.3590112,2992126,432.154,expert1_eval,7525879808,4882
1790747679.3779986,2992126,433.173,expert1_eval,7525879808,4882
1790747680.3981745,2992126,434.193,expert1_eval,7525879808,4882
1790747681.4199915,2992126,435.215,expert1_eval,7549472768,4882
1790747682.44328,2992126,436.238,expert1_eval,7549472768,4882
1790747683.4645088,2992126,437.259,expert1_eval,7549472768,4882
1790747684.4843125,2992126,438.279,expert1_eval,7549472768,4882
1790747685.5091941,2992126,439.304,expert1_eval,7549472768,4882
1790747686.532231,2992126,440.327,expert1_eval,7549472768,4882
1790747687.5510595,2992126,441.346,expert1_eval,7549472768,4882
1790747688.5713325,2992126,442.366,expert1_eval,7549472768,4882
1790747689.59251,2992126,443.387,expert1_eval,7549472768,4882
1790747690.6142018,2992126,444.409,expert1_eval,7549472768,4882
1790747691.635062,2992126,445.43,expert1_eval,7549472768,4882
1790747692.656518,2992126,446.451,expert1_eval,7549472768,4882
1790747693.6804996,2992126,447.475,expert1_eval,7549472768,4882
1790747694.6995873,2992126,448.495,expert1_eval,7549472768,4882
1790747695.7193418,2992126,449.514,expert1_eval,7549472768,4882
1790747696.7398784,2992126,450.535,expert1_eval,7549472768,4882
1790747697.7615223,2992126,451.556,expert1_eval,7549472768,4882
1790747698.784985,2992126,452.58,expert1_eval,7549472768,4882
1790747699.808979,2992126,453.604,expert1_eval,7549472768,4882
1790747700.832765,2992126,454.628,expert1_eval,7549472768,4882
1790747701.8546226,2992126,455.65,expert1_eval,7549472768,4882
1790747702.8776379,2992126,456.673,expert1_eval,7549472768,4882
1790747703.8997407,2992126,457.695,expert1_eval,7549472768,4882
1790747704.91895,2992126,458.714,expert1_eval,7549472768,4882
1790747705.9378202,2992126,459.733,expert1_eval,7549472768,4882
1790747706.9595315,2992126,460.754,expert1_eval,7549472768,4882
1790747707.9795117,2992126,461.774,expert1_eval,7549472768,4882
1790747708.9988935,2992126,462.794,expert1_eval,7549472768,4882
1790747710.0203526,2992126,463.815,expert1_eval,7549472768,4882
1790747711.044089,2992126,464.839,expert1_eval,7549472768,4882
1790747712.1103916,2992126,465.905,expert1_eval,7549472768,4882
1790747713.132059,2992126,466.927,expert1_eval,7549472768,4882
1790747714.1539152,2992126,467.949,expert1_eval,7549472768,4882
1790747715.178447,2992126,468.973,expert1_eval,7549472768,4882
1790747716.2027783,2992126,469.998,expert1_eval,7549472768,4882
1790747717.2277133,2992126,471.023,expert1_eval,7549472768,4882
1790747718.252879,2992126,472.048,expert1_eval,7549472768,4882
1790747719.2777164,2992126,473.073,expert1_eval,7549472768,4882
1790747720.3023899,2992126,474.097,expert1_eval,7549472768,4882
1790747721.3282278,2992126,475.123,expert1_eval,7549472768,4882
1790747722.3523264,2992126,476.147,expert1_eval,7549472768,4882
1790747723.3750062,2992126,477.17,expert1_eval,7549472768,4882
1790747724.3997092,2992126,478.195,expert1_eval,7549472768,4882
1790747725.424661,2992126,479.22,expert1_eval,7549472768,4882
1790747726.4470375,2992126,480.242,expert1_eval,7549472768,4882
1790747727.4715254,2992126,481.266,expert1_eval,7549472768,4882
1790747728.4967506,2992126,482.292,expert1_eval,7549472768,4882
1790747729.5212638,2992126,483.316,expert1_eval,7549472768,4882
1790747730.543102,2992126,484.338,expert1_eval,7549472768,4882
1790747731.567342,2992126,485.362,expert1_eval,7549472768,4882
1790747732.591837,2992126,486.387,expert1_eval,7549472768,4882
1790747733.6120324,2992126,487.407,expert1_eval,7549472768,4882
1790747734.632349,2992126,488.427,expert1_eval,7549472768,4882
1790747735.6518757,2992126,489.447,expert1_eval,7549472768,4882
1790747736.6736352,2992126,490.469,expert1_eval,7549472768,4882
1790747737.6961875,2992126,491.491,expert1_eval,7549472768,4882
1790747738.7184696,2992126,492.513,expert1_eval,7549472768,4882
1790747739.742751,2992126,493.538,expert1_eval,7549472768,4882
1790747740.7665632,2992126,494.562,expert1_eval,7549472768,4882
1790747741.791021,2992126,495.586,expert1_eval,7549472768,4882
1790747742.8159442,2992126,496.611,expert1_eval,7549472768,4882
1790747743.836535,2992126,497.631,expert1_eval,7549472768,4882
1790747744.8551307,2992126,498.65,expert1_eval,7549472768,4882
1790747745.8736749,2992126,499.669,expert1_eval,7549472768,4882
1790747746.8943958,2992126,500.689,expert1_eval,7549472768,4882
1790747747.915998,2992126,501.711,expert1_eval,7549472768,4882
1790747748.9368281,2992126,502.732,expert1_eval,7549472768,4882
1790747749.9575138,2992126,503.752,expert1_eval,7549472768,4882
1790747750.9794488,2992126,504.774,expert1_eval,7549472768,4882
1790747752.0021355,2992126,505.797,expert1_eval,7549472768,4882
1790747753.0239787,2992126,506.819,expert1_eval,7549472768,4882
1790747754.0481637,2992126,507.843,expert1_eval,7549472768,4882
1790747755.0716178,2992126,508.867,expert1_eval,7549472768,4882
1790747756.0952518,2992126,509.89,expert1_eval,7549472768,4882
1790747757.1155097,2992126,510.91,expert1_eval,7549472768,4882
1790747758.1383896,2992126,511.933,expert1_eval,7549472768,4882
1790747759.1610432,2992126,512.956,expert1_eval,7549472768,4882
1790747760.1876621,2992126,513.983,expert1_eval,7549472768,4882
1790747761.2119832,2992126,515.007,expert1_eval,7549472768,4882
1790747762.2366374,2992126,516.032,expert1_eval,7549472768,4882
1790747763.2612882,2992126,517.056,expert1_eval,7549472768,4882
1790747764.283472,2992126,518.078,expert1_eval,7549472768,4882
1790747765.3054428,2992126,519.1,expert1_eval,7549472768,4882
1790747766.3276367,2992126,520.123,expert1_eval,7549472768,4882
1790747767.3532107,2992126,521.148,expert1_eval,7549472768,4882
1790747768.3747072,2992126,522.17,expert1_eval,7549472768,4882
1790747769.397279,2992126,523.192,expert1_eval,7549472768,4882
1790747770.416339,2992126,524.211,expert1_eval,7549472768,4882
1790747771.4355626,2992126,525.231,expert1_eval,7549472768,4882
1790747772.4554176,2992126,526.25,expert1_eval,7549472768,4882
1790747773.4750714,2992126,527.27,expert1_eval,7549472768,4882
1790747774.4958477,2992126,528.291,expert1_eval,7549472768,4882
1790747775.5197315,2992126,529.315,expert1_eval,7549472768,4882
1790747776.5453088,2992126,530.34,expert1_eval,7549472768,4882
1790747777.5667872,2992126,531.362,expert1_eval,7549472768,4882
1790747778.5858324,2992126,532.381,expert1_eval,7549472768,4882
1790747779.606025,2992126,533.401,expert1_eval,7549472768,4882
1790747780.6295319,2992126,534.424,expert1_eval,7549472768,4882
1790747781.6502163,2992126,535.445,expert1_eval,7549472768,4882
1790747782.66951,2992126,536.464,expert1_eval,7549472768,4882
1790747783.6898625,2992126,537.485,expert1_eval,7549472768,4882
1790747784.7110908,2992126,538.506,expert1_eval,7549472768,4882
1790747785.7338524,2992126,539.529,expert1_eval,7549472768,4882
1790747786.7586808,2992126,540.554,expert1_eval,7549472768,4882
1790747787.781314,2992126,541.576,expert1_eval,7549472768,4882
1790747788.79954,2992126,542.594,expert1_eval,7549472768,4882
1790747789.8208256,2992126,543.616,expert1_eval,7549472768,4882
1790747790.8447464,2992126,544.64,expert1_eval,7549472768,4882
1790747791.8682392,2992126,545.663,expert1_eval,7549472768,4882
1790747792.8901527,2992126,546.685,expert1_eval,7549472768,4882
1790747793.9117367,2992126,547.707,expert1_eval,7549472768,4882
1790747794.932862,2992126,548.728,expert1_eval,7549472768,4882
1790747795.9579422,2992126,549.753,expert1_eval,7549472768,4882
1790747796.9835865,2992126,550.779,expert1_eval,7549472768,4882
1790747798.0083094,2992126,551.803,expert1_eval,7549472768,4882
1790747799.0296433,2992126,552.825,expert1_eval,7549472768,4882
1790747800.053741,2992126,553.849,expert1_eval,7549472768,4882
1790747801.0768197,2992126,554.872,expert1_eval,7549472768,4882
1790747802.0972233,2992126,555.892,expert1_eval,7549472768,4882
1790747803.1195047,2992126,556.914,expert1_eval,7549472768,4882
1790747804.1415975,2992126,557.937,expert1_eval,7549472768,4882
1790747805.1633239,2992126,558.958,expert1_eval,7549472768,4882
1790747806.182667,2992126,559.978,expert1_eval,7549472768,4882
1790747807.203333,2992126,560.998,expert1_eval,7549472768,4882
1790747808.2255929,2992126,562.021,expert1_eval,7549472768,4882
1790747809.2475193,2992126,563.042,expert1_eval,7549472768,4882
1790747810.2716184,2992126,564.067,expert1_eval,7549472768,4882
1790747811.291414,2992126,565.086,expert1_eval,7549472768,4882
1790747812.3132536,2992126,566.108,expert1_eval,7549472768,4882
1790747813.3374717,2992126,567.132,expert1_eval,7549472768,4882
1790747814.3600845,2992126,568.155,expert1_eval,7549472768,4882
1790747815.385171,2992126,569.18,expert1_eval,7549472768,4882
1790747816.4100645,2992126,570.205,expert1_eval,7549472768,4882
1790747817.4350052,2992126,571.23,expert1_eval,7549472768,4882
1790747818.4599588,2992126,572.255,expert1_eval,7549472768,4882
1790747819.4856603,2992126,573.281,expert1_eval,7549472768,4882
1790747820.5079508,2992126,574.303,expert1_eval,7549472768,4882
1790747821.5298817,2992126,575.325,expert1_eval,7549472768,4882
1790747822.5498133,2992126,576.345,expert1_eval,7549472768,4882
1790747823.5752957,2992126,577.37,expert1_eval,7549472768,4882
1790747824.5938742,2992126,578.389,expert1_eval,7549472768,4882
1790747825.6143942,2992126,579.409,expert1_eval,7549472768,4882
1790747826.6343372,2992126,580.429,expert1_eval,7549472768,4882
1790747827.6544845,2992126,581.449,expert1_eval,7549472768,4882
1790747828.6766896,2992126,582.472,expert1_eval,7549472768,4882
1790747829.6999042,2992126,583.495,expert1_eval,7549472768,4882
1790747830.7230256,2992126,584.518,expert1_eval,7549472768,4882
1790747831.7444515,2992126,585.539,expert1_eval,7549472768,4882
1790747832.764374,2992126,586.559,expert1_eval,7549472768,4882
1790747833.7858722,2992126,587.581,expert1_eval,7549472768,4882
1790747834.8106194,2992126,588.606,expert1_eval,7549472768,4882
1790747835.8339791,2992126,589.629,expert1_eval,7549472768,4882
1790747836.8567412,2992126,590.652,expert1_eval,7549472768,4882
1790747837.8777263,2992126,591.673,expert1_eval,7549472768,4882
1790747838.904375,2992126,592.699,expert1_eval,7549472768,4882
1790747839.9234388,2992126,593.718,expert1_eval,7549472768,4882
1790747840.945055,2992126,594.74,expert1_eval,7549472768,4882
1790747841.9697323,2992126,595.765,expert1_eval,7549472768,4882
1790747842.9944515,2992126,596.789,expert1_eval,7549472768,4882
1790747844.0158045,2992126,597.811,expert1_eval,7549472768,4882
1790747845.0348237,2992126,598.83,expert1_eval,7549472768,4882
1790747846.0538347,2992126,599.849,expert1_eval,7549472768,4882
1790747847.0748925,2992126,600.87,expert1_eval,7549472768,4882
1790747848.0972762,2992126,601.892,expert1_eval,7549472768,4882
1790747849.1172357,2992126,602.912,expert1_eval,7549472768,4882
1790747850.1366534,2992126,603.932,expert1_eval,7549472768,4882
1790747851.1577435,2992126,604.953,expert1_eval,7549472768,4882
1790747852.1776257,2992126,605.973,expert1_eval,7549472768,4882
1790747853.1978312,2992126,606.993,expert1_eval,7549472768,4882
1790747854.2190032,2992126,608.014,expert1_eval,7549472768,4882
1790747855.24585,2992126,609.041,expert1_eval,7549472768,4882
1790747856.2715416,2992126,610.066,expert1_eval,7549472768,4882
1790747857.2940838,2992126,611.089,expert1_eval,7549472768,4882
1790747858.31929,2992126,612.114,expert1_eval,7549472768,4882
1790747859.3377552,2992126,613.133,expert1_eval,7549472768,4882
1790747860.3625991,2992126,614.158,expert1_eval,7549472768,4882
1790747861.3834386,2992126,615.178,expert1_eval,7549472768,4882
1790747862.4051926,2992126,616.2,expert1_eval,7549472768,4882
1790747863.4276836,2992126,617.223,expert1_eval,7549472768,4882
1790747864.4521313,2992126,618.247,expert1_eval,7549472768,4882
1790747865.474778,2992126,619.27,expert1_eval,7549472768,4882
1790747866.4992316,2992126,620.294,expert1_eval,7549472768,4882
1790747867.5219562,2992126,621.317,expert1_eval,7549472768,4882
1790747868.545259,2992126,622.34,expert1_eval,7549472768,4882
1790747869.566995,2992126,623.362,expert1_eval,7549472768,4882
1790747870.5882957,2992126,624.383,expert1_eval,7549472768,4882
1790747871.6082132,2992126,625.403,expert1_eval,7549472768,4882
1790747872.6292233,2992126,626.424,expert1_eval,7549472768,4882
1790747873.6504843,2992126,627.445,expert1_eval,7549472768,4882
1790747874.6688087,2992126,628.464,expert1_eval,7549472768,4882
1790747875.6905665,2992126,629.486,expert1_eval,7549472768,4882
1790747876.7105467,2992126,630.505,expert1_eval,7549472768,4882
1790747877.7306159,2992126,631.526,expert1_eval,7549472768,4882
1790747878.750275,2992126,632.545,expert1_eval,7549472768,4882
1790747879.7694483,2992126,633.564,expert1_eval,7549472768,4882
1790747880.789415,2992126,634.584,expert1_eval,7549472768,4882
1790747881.810528,2992126,635.605,expert1_eval,7549472768,4882
1790747882.8304567,2992126,636.625,expert1_eval,7549472768,4882
1790747883.849903,2992126,637.645,expert1_eval,7549472768,4882
1790747884.8708878,2992126,638.666,expert1_eval,7549472768,4882
1790747885.8928885,2992126,639.688,expert1_eval,7549472768,4882
1790747886.9169025,2992126,640.712,expert1_eval,7549472768,4882
1790747887.9421992,2992126,641.737,expert1_eval,7549472768,4882
1790747888.9655674,2992126,642.761,expert1_eval,7549472768,4882
1790747889.9906287,2992126,643.786,expert1_eval,7549472768,4882
1790747891.0138485,2992126,644.809,expert1_eval,7549472768,4882
1790747892.035255,2992126,645.83,expert1_eval,7549472768,4882
1790747893.0568547,2992126,646.852,expert1_eval,7549472768,4882
1790747894.0803168,2992126,647.875,expert1_eval,7549472768,4882
1790747895.1015122,2992126,648.896,expert1_eval,7549472768,4882
1790747896.123288,2992126,649.918,expert1_eval,7549472768,4882
1790747897.1444418,2992126,650.939,expert1_eval,7549472768,4882
1790747898.1658957,2992126,651.961,expert1_eval,7549472768,4882
1790747899.1906602,2992126,652.986,expert1_eval,7549472768,4882
1790747900.2147822,2992126,654.01,expert1_eval,7549472768,4882
1790747901.2409055,2992126,655.036,expert1_eval,7549472768,4882
1790747902.2675269,2992126,656.062,expert1_eval,7549472768,4882
1790747903.2930658,2992126,657.088,expert1_eval,7549472768,4882
1790747904.3147154,2992126,658.11,expert1_eval,7549472768,4882
1790747905.3362544,2992126,659.131,expert1_eval,7549472768,4882
1790747906.360737,2992126,660.156,expert1_eval,7549472768,4882
1790747907.385795,2992126,661.181,expert1_eval,7549472768,4882
1790747908.4095008,2992126,662.204,expert1_eval,7549472768,4882
1790747909.4337478,2992126,663.229,expert1_eval,7549472768,4882
1790747910.4563284,2992126,664.251,expert1_eval,7549472768,4882
1790747911.4777555,2992126,665.273,expert1_eval,7549472768,4882
1790747912.501487,2992126,666.296,expert1_eval,7549472768,4882
1790747913.5257685,2992126,667.321,expert1_eval,7549472768,4882
1790747914.547636,2992126,668.343,expert1_eval,7549472768,4882
1790747915.5685127,2992126,669.363,expert1_eval,7549472768,4882
1790747916.5935695,2992126,670.389,expert1_eval,7549472768,4882
1790747917.6173615,2992126,671.412,expert1_eval,7549472768,4882
1790747918.6437016,2992126,672.439,expert1_eval,7549472768,4882
1790747919.6673036,2992126,673.462,expert1_eval,7549472768,4882
1790747920.6915314,2992126,674.486,expert1_eval,7549472768,4882
1790747921.7158418,2992126,675.511,expert1_eval,7549472768,4882
1790747922.738182,2992126,676.533,expert1_eval,7549472768,4882
1790747923.7601326,2992126,677.555,expert1_eval,7549472768,4882
1790747924.7810295,2992126,678.576,expert1_eval,7549472768,4882
1790747925.8057556,2992126,679.601,expert1_eval,7549472768,4882
1790747926.8313072,2992126,680.626,expert1_eval,7549472768,4882
1790747927.8542676,2992126,681.649,expert1_eval,7549472768,4882
1790747928.8752835,2992126,682.67,expert1_eval,7549472768,4882
1790747929.8957553,2992126,683.691,expert1_eval,7549472768,4882
1790747930.9161918,2992126,684.711,expert1_eval,7549472768,4882
1790747931.9369495,2992126,685.732,expert1_eval,7549472768,4882
1790747932.9618258,2992126,686.757,expert1_eval,7549472768,4882
1790747933.9853835,2992126,687.78,expert1_eval,7549472768,4882
1790747935.0123446,2992126,688.807,expert1_eval,7549472768,4882
1790747936.033087,2992126,689.828,expert1_eval,7549472768,4882
1790747937.0578914,2992126,690.853,expert1_eval,7549472768,4882
1790747938.0818858,2992126,691.877,expert1_eval,7549472768,4882
1790747939.1067805,2992126,692.902,expert1_eval,7549472768,4882
1790747940.1340067,2992126,693.929,expert1_eval,7549472768,4882
1790747941.154492,2992126,694.949,expert1_eval,7549472768,4882
1790747942.175425,2992126,695.97,expert1_eval,7549472768,4882
1790747943.1979053,2992126,696.993,expert1_eval,7549472768,4882
1790747944.2203968,2992126,698.015,expert1_eval,7549472768,4882
1790747945.242113,2992126,699.037,expert1_eval,7549472768,4882
1790747946.2639165,2992126,700.059,expert1_eval,7549472768,4882
1790747947.2863626,2992126,701.081,expert1_eval,7549472768,4882
1790747948.310709,2992126,702.106,expert1_eval,7549472768,4882
1790747949.3358822,2992126,703.131,expert1_eval,7549472768,4882
1790747950.3571968,2992126,704.152,expert1_eval,7549472768,4882
1790747951.3770468,2992126,705.172,expert1_eval,7549472768,4882
1790747952.3972855,2992126,706.192,expert1_eval,7549472768,4882
1790747953.418203,2992126,707.213,expert1_eval,7549472768,4882
1790747954.44292,2992126,708.238,expert1_eval,7549472768,4882
1790747955.466476,2992126,709.261,expert1_eval,7549472768,4882
1790747956.493024,2992126,710.288,expert1_eval,7549472768,4882
1790747957.5154703,2992126,711.31,expert1_eval,7549472768,4882
1790747958.5366056,2992126,712.332,expert1_eval,7549472768,4882
1790747959.560311,2992126,713.355,expert1_eval,7549472768,4882
1790747960.584634,2992126,714.38,expert1_eval,7549472768,4882
1790747961.609511,2992126,715.404,expert1_eval,7549472768,4882
1790747962.634898,2992126,716.43,expert1_eval,7549472768,4882
1790747963.659559,2992126,717.455,expert1_eval,7549472768,4882
1790747964.6839252,2992126,718.479,expert1_eval,7549472768,4882
1790747965.7085397,2992126,719.503,expert1_eval,7549472768,4882
1790747966.735142,2992126,720.53,expert1_eval,7549472768,4882
1790747967.7602735,2992126,721.555,expert1_eval,7549472768,4882
1790747968.7830527,2992126,722.578,expert1_eval,7549472768,4882
1790747969.802631,2992126,723.598,expert1_eval,7549472768,4882
1790747970.8217485,2992126,724.617,expert1_eval,7549472768,4882
1790747971.843769,2992126,725.639,expert1_eval,7549472768,4882
1790747972.8645868,2992126,726.66,expert1_eval,7549472768,4882
1790747973.8859644,2992126,727.681,expert1_eval,7549472768,4882
1790747974.9086397,2992126,728.704,expert1_eval,7549472768,4882
1790747975.929301,2992126,729.724,expert1_eval,7549472768,4882
1790747976.9518223,2992126,730.747,expert1_eval,7549472768,4882
1790747977.9757793,2992126,731.771,expert1_eval,7549472768,4882
1790747978.998093,2992126,732.793,expert1_eval,7549472768,4882
1790747980.018507,2992126,733.813,expert1_eval,7549472768,4882
1790747981.0424545,2992126,734.837,expert1_eval,7549472768,4882
1790747982.0667276,2992126,735.862,expert1_eval,7549472768,4882
1790747983.090796,2992126,736.886,expert1_eval,7549472768,4882
1790747984.115762,2992126,737.911,expert1_eval,7549472768,4882
1790747985.1397438,2992126,738.935,expert1_eval,7549472768,4882
1790747986.16472,2992126,739.96,expert1_eval,7549472768,4882
1790747987.189575,2992126,740.985,expert1_eval,7549472768,4882
1790747988.2160718,2992126,742.011,expert1_eval,7549472768,4882
1790747989.2391963,2992126,743.034,expert1_eval,7549472768,4882
1790747990.2638822,2992126,744.059,expert1_eval,7549472768,4882
1790747991.288664,2992126,745.084,expert1_eval,7549472768,4882
1790747992.3097947,2992126,746.105,expert1_eval,7549472768,4882
1790747993.332557,2992126,747.128,expert1_eval,7549472768,4882
1790747994.3557746,2992126,748.151,expert1_eval,7549472768,4882
1790747995.3788412,2992126,749.174,expert1_eval,7549472768,4882
1790747996.4030292,2992126,750.198,expert1_eval,7549472768,4882
1790747997.4281657,2992126,751.223,expert1_eval,7549472768,4882
1790747998.4523764,2992126,752.247,expert1_eval,7549472768,4882
1790747999.4765158,2992126,753.271,expert1_eval,7549472768,4882
1790748000.4988463,2992126,754.294,expert1_eval,7549472768,4882
1790748001.5194855,2992126,755.314,expert1_eval,7549472768,4882
1790748002.5405028,2992126,756.335,expert1_eval,7549472768,4882
1790748003.5653613,2992126,757.36,expert1_eval,7549472768,4882
1790748004.5847414,2992126,758.38,expert1_eval,7549472768,4882
1790748005.6038995,2992126,759.399,expert1_eval,7549472768,4882
1790748006.6265852,2992126,760.422,expert1_eval,7549472768,4882
1790748007.6517208,2992126,761.447,expert1_eval,7549472768,4882
1790748008.6727145,2992126,762.468,expert1_eval,7549472768,4882
1790748009.6943116,2992126,763.489,expert1_eval,7549472768,4882
1790748010.7136524,2992126,764.509,expert1_eval,7549472768,4882
1790748011.7337203,2992126,765.529,expert1_eval,7549472768,4882
1790748012.7651472,2992126,766.56,expert1_eval,7549472768,4882
1790748013.7870853,2992126,767.582,expert1_eval,7549472768,4882
1790748014.8109057,2992126,768.606,expert1_eval,7549472768,4882
1790748015.8348682,2992126,769.63,expert1_eval,7549472768,4882
1790748016.8591287,2992126,770.654,expert1_eval,7549472768,4882
1790748017.883694,2992126,771.679,expert1_eval,7549472768,4882
1790748018.9074268,2992126,772.702,expert1_eval,7549472768,4882
1790748019.9313629,2992126,773.726,expert1_eval,7549472768,4882
1790748020.951025,2992126,774.746,expert1_eval,7549472768,4882
1790748021.971597,2992126,775.767,expert1_eval,7549472768,4882
1790748022.9910564,2992126,776.786,expert1_eval,7549472768,4882
1790748024.0118241,2992126,777.807,expert1_eval,7549472768,4882
1790748025.0329242,2992126,778.828,expert1_eval,7549472768,4882
1790748026.056776,2992126,779.852,expert1_eval,7549472768,4882
1790748027.0804129,2992126,780.875,expert1_eval,7549472768,4882
1790748028.1047301,2992126,781.9,expert1_eval,7549472768,4882
1790748029.1296575,2992126,782.925,expert1_eval,7549472768,4882
1790748030.1551564,2992126,783.95,expert1_eval,7549472768,4882
1790748031.1799693,2992126,784.975,expert1_eval,7549472768,4882
1790748032.2025971,2992126,785.998,expert1_eval,7549472768,4882
1790748033.2265413,2992126,787.021,expert1_eval,7549472768,4882
1790748034.251689,2992126,788.047,expert1_eval,7549472768,4882
1790748035.2785523,2992126,789.074,expert1_eval,7549472768,4882
1790748036.299456,2992126,790.094,expert1_eval,7549472768,4882
1790748037.3239763,2992126,791.119,expert1_eval,7549472768,4882
1790748038.348072,2992126,792.143,expert1_eval,7549472768,4882
1790748039.3724992,2992126,793.167,expert1_eval,7549472768,4882
1790748040.399286,2992126,794.194,expert1_eval,7549472768,4882
1790748041.421268,2992126,795.216,expert1_eval,7549472768,4882
1790748042.4398212,2992126,796.235,expert1_eval,7549472768,4882
1790748043.4603617,2992126,797.255,expert1_eval,7549472768,4882
1790748044.4829824,2992126,798.278,expert1_eval,7549472768,4882
1790748045.5059805,2992126,799.301,expert1_eval,7549472768,4882
1790748046.5289865,2992126,800.324,expert1_eval,7549472768,4882
1790748047.5499039,2992126,801.345,expert1_eval,7549472768,4882
1790748048.5690706,2992126,802.364,expert1_eval,7549472768,4882
1790748049.5889995,2992126,803.384,expert1_eval,7549472768,4882
1790748050.6097953,2992126,804.405,expert1_eval,7549472768,4882
1790748051.635995,2992126,805.431,expert1_eval,7549472768,4882
1790748052.6581202,2992126,806.453,expert1_eval,7549472768,4882
1790748053.6827343,2992126,807.478,expert1_eval,7549472768,4882
1790748054.7075222,2992126,808.502,expert1_eval,7549472768,4882
1790748055.7277179,2992126,809.523,expert1_eval,7549472768,4882
1790748056.7526624,2992126,810.548,expert1_eval,7549472768,4882
1790748057.777271,2992126,811.572,expert1_eval,7549472768,4882
1790748058.7988737,2992126,812.594,expert1_eval,7549472768,4882
1790748059.8241239,2992126,813.619,expert1_eval,7549472768,4882
1790748060.8484027,2992126,814.643,expert1_eval,7549472768,4882
1790748061.8735735,2992126,815.669,expert1_eval,7549472768,4882
1790748062.8949063,2992126,816.69,expert1_eval,7549472768,4882
1790748063.9182594,2992126,817.713,expert1_eval,7549472768,4882
1790748064.9437277,2992126,818.739,expert1_eval,7549472768,4882
1790748065.9683146,2992126,819.763,expert1_eval,7549472768,4882
1790748066.9953926,2992126,820.79,expert1_eval,7549472768,4882
1790748068.0200028,2992126,821.815,expert1_eval,7549472768,4882
1790748069.042868,2992126,822.838,expert1_eval,7549472768,4882
1790748070.0653243,2992126,823.86,expert1_eval,7549472768,4882
1790748071.0908995,2992126,824.886,expert1_eval,7549472768,4882
1790748072.117002,2992126,825.912,expert1_eval,7549472768,4882
1790748073.140105,2992126,826.935,expert1_eval,7549472768,4882
1790748074.1655104,2992126,827.96,expert1_eval,7549472768,4882
1790748075.1904924,2992126,828.985,expert1_eval,7549472768,4882
1790748076.2151256,2992126,830.01,expert1_eval,7549472768,4882
1790748077.2385888,2992126,831.034,expert1_eval,7549472768,4882
1790748078.2611122,2992126,832.056,expert1_eval,7549472768,4882
1790748079.2861967,2992126,833.081,expert1_eval,7549472768,4882
1790748080.310783,2992126,834.106,expert1_eval,7549472768,4882
1790748081.3340285,2992126,835.129,expert1_eval,7549472768,4882
1790748082.3549953,2992126,836.15,expert1_eval,7549472768,4882
1790748083.3818233,2992126,837.177,expert1_eval,7549472768,4882
1790748084.4031193,2992126,838.198,expert1_eval,7549472768,4882
1790748085.420821,2992126,839.216,expert1_eval,7549472768,4882
1790748086.4412289,2992126,840.236,expert1_eval,7549472768,4882
1790748087.4598954,2992126,841.255,expert1_eval,7549472768,4882
1790748088.4816206,2992126,842.277,expert1_eval,7549472768,4882
1790748089.5035963,2992126,843.299,expert1_eval,7549472768,4882
1790748090.5272727,2992126,844.322,expert1_eval,7549472768,4882
1790748091.548954,2992126,845.344,expert1_eval,7549472768,4882
1790748092.573801,2992126,846.369,expert1_eval,7549472768,4882
1790748093.5966241,2992126,847.392,expert1_eval,7549472768,4882
1790748094.6186762,2992126,848.414,expert1_eval,7549472768,4882
1790748095.6435506,2992126,849.439,expert1_eval,7549472768,4882
1790748096.6674693,2992126,850.462,expert1_eval,7549472768,4882
1790748097.6917179,2992126,851.487,expert1_eval,7549472768,4882
1790748098.7124763,2992126,852.507,expert1_eval,7549472768,4882
1790748099.7375898,2992126,853.533,expert1_eval,7549472768,4882
1790748100.7613668,2992126,854.556,expert1_eval,7549472768,4882
1790748101.7849097,2992126,855.58,expert1_eval,7549472768,4882
1790748102.8060992,2992126,856.601,expert1_eval,7549472768,4882
1790748103.830422,2992126,857.625,expert1_eval,7549472768,4882
1790748104.8526306,2992126,858.648,expert1_eval,7549472768,4882
1790748105.8748817,2992126,859.67,expert1_eval,7549472768,4882
1790748106.900476,2992126,860.695,expert1_eval,7549472768,4882
1790748107.9239497,2992126,861.719,expert1_eval,7549472768,4882
1790748108.9441595,2992126,862.739,expert1_eval,7549472768,4882
1790748109.966618,2992126,863.762,expert1_eval,7549472768,4882
1790748110.9878285,2992126,864.783,expert1_eval,7549472768,4882
1790748112.0128546,2992126,865.808,expert1_eval,7549472768,4882
1790748113.0371325,2992126,866.832,expert1_eval,7549472768,4882
1790748114.061898,2992126,867.857,expert1_eval,7549472768,4882
1790748115.0842419,2992126,868.879,expert1_eval,7549472768,4882
1790748116.1097322,2992126,869.905,expert1_eval,7549472768,4882
1790748117.1342034,2992126,870.929,expert1_eval,7549472768,4882
1790748118.1564698,2992126,871.951,expert1_eval,7549472768,4882
1790748119.1784918,2992126,872.973,expert1_eval,7549472768,4882
1790748120.2042153,2992126,873.999,expert1_eval,7549472768,4882
1790748121.2297351,2992126,875.025,expert1_eval,7549472768,4882
1790748122.253579,2992126,876.049,expert1_eval,7549472768,4882
1790748123.2755358,2992126,877.07,expert1_eval,7549472768,4882
1790748124.301047,2992126,878.096,expert1_eval,7549472768,4882
1790748125.3268516,2992126,879.122,expert1_eval,7549472768,4882
1790748126.3483217,2992126,880.143,expert1_eval,7549472768,4882
1790748127.3727114,2992126,881.168,expert1_eval,7549472768,4882
1790748128.3979373,2992126,882.193,expert1_eval,7549472768,4882
1790748129.4229143,2992126,883.218,expert1_eval,7549472768,4882
1790748130.4475946,2992126,884.243,expert1_eval,7549472768,4882
1790748131.4704702,2992126,885.265,expert1_eval,7549472768,4882
1790748132.4913988,2992126,886.286,expert1_eval,7549472768,4882
1790748133.513981,2992126,887.309,expert1_eval,7549472768,4882
1790748134.5379803,2992126,888.333,expert1_eval,7549472768,4882
1790748135.5656636,2992126,889.361,expert1_eval,7549472768,4882
1790748136.5899177,2992126,890.385,expert1_eval,7549472768,4882
1790748137.6146953,2992126,891.41,expert1_eval,7549472768,4882
1790748138.6336877,2992126,892.429,expert1_eval,7549472768,4882
1790748139.6530175,2992126,893.448,expert1_eval,7549472768,4882
1790748140.6722639,2992126,894.467,expert1_eval,7549472768,4882
1790748141.6926188,2992126,895.488,expert1_eval,7549472768,4882
1790748142.7125087,2992126,896.507,expert1_eval,7549472768,4882
1790748143.7338314,2992126,897.529,expert1_eval,7549472768,4882
1790748144.7588909,2992126,898.554,expert1_eval,7549472768,4882
1790748145.7849886,2992126,899.58,expert1_eval,7549472768,4882
1790748146.811894,2992126,900.607,expert1_eval,7549472768,4882
1790748147.8332913,2992126,901.628,expert1_eval,7549472768,4882
1790748148.8580832,2992126,902.653,expert1_eval,7549472768,4882
1790748149.8801396,2992126,903.675,expert1_eval,7549472768,4882
1790748150.9013891,2992126,904.696,expert1_eval,7549472768,4882
1790748151.924054,2992126,905.719,expert1_eval,7549472768,4882
1790748152.9459333,2992126,906.741,expert1_eval,7549472768,4882
1790748153.9648294,2992126,907.76,expert1_eval,7549472768,4882
1790748154.984105,2992126,908.779,expert1_eval,7549472768,4882
1790748156.0059628,2992126,909.801,expert1_eval,7549472768,4882
1790748157.0315504,2992126,910.826,expert1_eval,7549472768,4882
1790748158.0524352,2992126,911.847,expert1_eval,7549472768,4882
1790748159.0736232,2992126,912.869,expert1_eval,7549472768,4882
1790748160.0964513,2992126,913.891,expert1_eval,7549472768,4882
1790748161.1211798,2992126,914.916,expert1_eval,7549472768,4882
1790748162.1446037,2992126,915.94,expert1_eval,7549472768,4882
1790748163.16935,2992126,916.964,expert1_eval,7549472768,4882
1790748164.1926446,2992126,917.988,expert1_eval,7549472768,4882
1790748165.2164686,2992126,919.011,expert1_eval,7549472768,4882
1790748166.2409146,2992126,920.036,expert1_eval,7549472768,4882
1790748167.2654488,2992126,921.06,expert1_eval,7549472768,4882
1790748168.290537,2992126,922.085,expert1_eval,7549472768,4882
1790748169.3137255,2992126,923.109,expert1_eval,7549472768,4882
1790748170.3357782,2992126,924.131,expert1_eval,7549472768,4882
1790748171.3606143,2992126,925.156,expert1_eval,7549472768,4882
1790748172.3841317,2992126,926.179,expert1_eval,7549472768,4882
1790748173.4052029,2992126,927.2,expert1_eval,7549472768,4882
1790748174.426692,2992126,928.222,expert1_eval,7549472768,4882
1790748175.448863,2992126,929.244,expert1_eval,7549472768,4882
1790748176.472018,2992126,930.267,expert1_eval,7549472768,4882
1790748177.4938228,2992126,931.289,expert1_eval,7549472768,4882
1790748178.5144336,2992126,932.309,expert1_eval,7549472768,4882
1790748179.535785,2992126,933.331,expert1_eval,7549472768,4882
1790748180.5574248,2992126,934.352,expert1_eval,7549472768,4882
1790748181.5792587,2992126,935.374,expert1_eval,7549472768,4882
1790748182.604164,2992126,936.399,expert1_eval,7549472768,4882
1790748183.630967,2992126,937.426,expert1_eval,7549472768,4882
1790748184.6543632,2992126,938.449,expert1_eval,7549472768,4882
1790748185.6790595,2992126,939.474,expert1_eval,7549472768,4882
1790748186.7005665,2992126,940.496,expert1_eval,7549472768,4882
1790748187.7205048,2992126,941.515,expert1_eval,7549472768,4882
1790748188.7755575,2992126,942.571,expert1_eval,7549472768,4882
1790748189.7959316,2992126,943.591,expert1_eval,7549472768,4882
1790748190.817453,2992126,944.612,expert1_eval,7549472768,4882
1790748191.8384411,2992126,945.633,expert1_eval,7549472768,4882
1790748192.8630602,2992126,946.658,expert1_eval,7549472768,4882
1790748193.884821,2992126,947.68,expert1_eval,7549472768,4882
1790748194.9057422,2992126,948.701,expert1_eval,7549472768,4882
1790748195.9299557,2992126,949.725,expert1_eval,7549472768,4882
1790748196.9515085,2992126,950.746,expert1_eval,7549472768,4882
1790748197.9736507,2992126,951.769,expert1_eval,7549472768,4882
1790748198.9945784,2992126,952.79,expert1_eval,7549472768,4882
1790748200.0222728,2992126,953.817,expert1_eval,7549472768,4882
1790748201.0425775,2992126,954.838,expert1_eval,7549472768,4882
1790748202.0640917,2992126,955.859,expert1_eval,7549472768,4882
1790748203.0889647,2992126,956.884,expert1_eval,7549472768,4882
1790748204.1139152,2992126,957.909,expert1_eval,7549472768,4882
1790748205.135842,2992126,958.931,expert1_eval,7549472768,4882
1790748206.1575933,2992126,959.953,expert1_eval,7549472768,4882
1790748207.178512,2992126,960.973,expert1_eval,7549472768,4882
1790748208.2021515,2992126,961.997,expert1_eval,7549472768,4882
1790748209.2260747,2992126,963.021,expert1_eval,7549472768,4882
1790748210.2468371,2992126,964.042,expert1_eval,7549472768,4882
1790748211.2684593,2992126,965.063,expert1_eval,7549472768,4882
1790748212.2932103,2992126,966.088,expert1_eval,7549472768,4882
1790748213.3146856,2992126,967.11,expert1_eval,7549472768,4882
1790748214.3343787,2992126,968.129,expert1_eval,7549472768,4882
1790748215.355156,2992126,969.15,expert1_eval,7549472768,4882
1790748216.3791938,2992126,970.174,expert1_eval,7549472768,4882
1790748217.4033628,2992126,971.198,expert1_eval,7549472768,4882
1790748218.4284654,2992126,972.223,expert1_eval,7549472768,4882
1790748219.4524698,2992126,973.247,expert1_eval,7549472768,4882
1790748220.4765828,2992126,974.272,expert1_eval,7549472768,4882
1790748221.500143,2992126,975.295,expert1_eval,7549472768,4882
1790748222.5238032,2992126,976.319,expert1_eval,7549472768,4882
1790748223.548526,2992126,977.343,expert1_eval,7549472768,4882
1790748224.5726225,2992126,978.368,expert1_eval,7549472768,4882
1790748225.597145,2992126,979.392,expert1_eval,7549472768,4882
1790748226.622172,2992126,980.417,expert1_eval,7549472768,4882
1790748227.6416602,2992126,981.437,expert1_eval,7549472768,4882
1790748228.6620271,2992126,982.457,expert1_eval,7549472768,4882
1790748229.6815307,2992126,983.476,expert1_eval,7549472768,4882
1790748230.7009697,2992126,984.496,expert1_eval,7549472768,4882
1790748231.7217224,2992126,985.517,expert1_eval,7549472768,4882
1790748232.7443526,2992126,986.539,expert1_eval,7549472768,4882
1790748233.7687788,2992126,987.564,expert1_eval,7549472768,4882
1790748234.7895532,2992126,988.585,expert1_eval,7549472768,4882
1790748235.8131082,2992126,989.608,expert1_eval,7549472768,4882
1790748236.8375733,2992126,990.633,expert1_eval,7549472768,4882
1790748237.859766,2992126,991.655,expert1_eval,7549472768,4882
1790748238.8822522,2992126,992.677,expert1_eval,7549472768,4882
1790748239.9051385,2992126,993.7,expert1_eval,7549472768,4882
1790748240.9290898,2992126,994.724,expert1_eval,7549472768,4882
1790748241.9517524,2992126,995.747,expert1_eval,7549472768,4882
1790748242.9793952,2992126,996.774,expert1_eval,7549472768,4882
1790748244.003038,2992126,997.798,expert1_eval,7549472768,4882
1790748245.0244973,2992126,998.819,expert1_eval,7549472768,4882
1790748246.043676,2992126,999.839,expert1_eval,7549472768,4882
1790748247.0641472,2992126,1000.859,expert1_eval,7549472768,4882
1790748248.0858872,2992126,1001.881,expert1_eval,7549472768,4882
1790748249.1111112,2992126,1002.906,expert1_eval,7549472768,4882
1790748250.1361098,2992126,1003.931,expert1_eval,7549472768,4882
1790748251.1616433,2992126,1004.957,expert1_eval,7549472768,4882
1790748252.1869256,2992126,1005.982,expert1_eval,7549472768,4882
1790748253.2123594,2992126,1007.007,expert1_eval,7549472768,4882
1790748254.2336164,2992126,1008.029,expert1_eval,7549472768,4882
1790748255.2562938,2992126,1009.051,expert1_eval,7549472768,4882
1790748256.2809713,2992126,1010.076,expert1_eval,7549472768,4882
1790748257.3054192,2992126,1011.1,expert1_eval,7549472768,4882
1790748258.3261201,2992126,1012.121,expert1_eval,7549472768,4882
1790748259.3471467,2992126,1013.142,expert1_eval,7549472768,4882
1790748260.3681462,2992126,1014.163,expert1_eval,7549472768,4882
1790748261.3937075,2992126,1015.189,expert1_eval,7549472768,4882
1790748262.4148676,2992126,1016.21,expert1_eval,7549472768,4882
1790748263.4393344,2992126,1017.234,expert1_eval,7549472768,4882
1790748264.460245,2992126,1018.255,expert1_eval,7549472768,4882
1790748265.4816668,2992126,1019.277,expert1_eval,7549472768,4882
1790748266.5062215,2992126,1020.301,expert1_eval,7549472768,4882
1790748267.529437,2992126,1021.324,expert1_eval,7549472768,4882
1790748268.5488303,2992126,1022.344,expert1_eval,7549472768,4882
1790748269.567242,2992126,1023.362,expert1_eval,7549472768,4882
1790748270.5875638,2992126,1024.383,expert1_eval,7549472768,4882
1790748271.613167,2992126,1025.408,expert1_eval,7549472768,4882
1790748272.6355336,2992126,1026.43,expert1_eval,7549472768,4882
1790748273.6597946,2992126,1027.455,expert1_eval,7549472768,4882
1790748274.6828496,2992126,1028.478,expert1_eval,7549472768,4882
1790748275.705766,2992126,1029.501,expert1_eval,7549472768,4882
1790748276.7328293,2992126,1030.528,expert1_eval,7549472768,4882
1790748277.756124,2992126,1031.551,expert1_eval,7549472768,4882
1790748278.7766247,2992126,1032.572,expert1_eval,7549472768,4882
1790748279.7996578,2992126,1033.595,expert1_eval,7549472768,4882
1790748280.8205225,2992126,1034.615,expert1_eval,7549472768,4882
1790748281.844007,2992126,1035.639,expert1_eval,7549472768,4882
1790748282.8656294,2992126,1036.661,expert1_eval,7549472768,4882
1790748283.887539,2992126,1037.682,expert1_eval,7549472768,4882
1790748284.9129357,2992126,1038.708,expert1_eval,7549472768,4882
1790748285.9355175,2992126,1039.73,expert1_eval,7549472768,4882
1790748286.956439,2992126,1040.751,expert1_eval,7549472768,4882
1790748287.9772067,2992126,1041.772,expert1_eval,7549472768,4882
1790748288.9993134,2992126,1042.794,expert1_eval,7549472768,4882
1790748290.0216722,2992126,1043.817,expert1_eval,7549472768,4882
1790748291.0447865,2992126,1044.84,expert1_eval,7549472768,4882
1790748292.0692184,2992126,1045.864,expert1_eval,7549472768,4882
1790748293.0902991,2992126,1046.885,expert1_eval,7549472768,4882
1790748294.1093552,2992126,1047.904,expert1_eval,7549472768,4882
1790748295.131077,2992126,1048.926,expert1_eval,7549472768,4882
1790748296.1523812,2992126,1049.947,expert1_eval,7549472768,4882
1790748297.1766365,2992126,1050.972,expert1_eval,7549472768,4882
1790748298.201557,2992126,1051.997,expert1_eval,7549472768,4882
1790748299.2273037,2992126,1053.022,expert1_eval,7549472768,4882
1790748300.2468307,2992126,1054.042,expert1_eval,7549472768,4882
1790748301.2673576,2992126,1055.062,expert1_eval,7549472768,4882
1790748302.2891748,2992126,1056.084,expert1_eval,7549472768,4882
1790748303.3148725,2992126,1057.11,expert1_eval,7549472768,4882
1790748304.3412368,2992126,1058.136,expert1_eval,7549472768,4882
1790748305.360327,2992126,1059.155,expert1_eval,7549472768,4882
1790748306.3828416,2992126,1060.178,expert1_eval,7549472768,4882
1790748307.4050503,2992126,1061.2,expert1_eval,7549472768,4882
1790748308.42961,2992126,1062.225,expert1_eval,7549472768,4882
1790748309.4534674,2992126,1063.248,expert1_eval,7549472768,4882
1790748310.4737713,2992126,1064.269,expert1_eval,7549472768,4882
1790748311.4952788,2992126,1065.29,expert1_eval,7549472768,4882
1790748312.5165186,2992126,1066.311,expert1_eval,7549472768,4882
1790748313.5382228,2992126,1067.333,expert1_eval,7549472768,4882
1790748314.559767,2992126,1068.355,expert1_eval,7549472768,4882
1790748315.5785918,2992126,1069.374,expert1_eval,7549472768,4882
1790748316.5990105,2992126,1070.394,expert1_eval,7549472768,4882
1790748317.6200397,2992126,1071.415,expert1_eval,7549472768,4882
1790748318.6447563,2992126,1072.44,expert1_eval,7549472768,4882
1790748319.665598,2992126,1073.461,expert1_eval,7549472768,4882
1790748320.6908376,2992126,1074.486,expert1_eval,7549472768,4882
1790748321.7099454,2992126,1075.505,expert1_eval,7549472768,4882
1790748322.7307396,2992126,1076.526,expert1_eval,7549472768,4882
1790748323.7520082,2992126,1077.547,expert1_eval,7549472768,4882
1790748324.7764895,2992126,1078.571,expert1_eval,7549472768,4882
1790748325.8012602,2992126,1079.596,expert1_eval,7549472768,4882
1790748326.821189,2992126,1080.616,expert1_eval,7549472768,4882
1790748327.8414617,2992126,1081.636,expert1_eval,7549472768,4882
1790748328.8630118,2992126,1082.658,expert1_eval,7549472768,4882
1790748329.8870661,2992126,1083.682,expert1_eval,7549472768,4882
1790748330.9085565,2992126,1084.704,expert1_eval,7549472768,4882
1790748331.9307084,2992126,1085.726,expert1_eval,7549472768,4882
1790748332.9528809,2992126,1086.748,expert1_eval,7549472768,4882
1790748333.9726877,2992126,1087.768,expert1_eval,7549472768,4882
1790748334.9929597,2992126,1088.788,expert1_eval,7549472768,4882
1790748336.013828,2992126,1089.809,expert1_eval,7549472768,4882
1790748337.0351768,2992126,1090.83,expert1_eval,7549472768,4882
1790748338.0627623,2992126,1091.858,expert1_eval,7549472768,4882
1790748339.0888884,2992126,1092.884,expert1_eval,7549472768,4882
1790748340.1125214,2992126,1093.907,expert1_eval,7549472768,4882
1790748341.1332688,2992126,1094.928,expert1_eval,7549472768,4882
1790748342.1555269,2992126,1095.95,expert1_eval,7549472768,4882
1790748343.1855466,2992126,1096.98,expert1_eval,7549472768,4882
1790748344.210547,2992126,1098.005,expert1_eval,7549472768,4882
1790748345.229292,2992126,1099.024,expert1_eval,7549472768,4882
1790748346.2513373,2992126,1100.046,expert1_eval,7549472768,4882
1790748347.271821,2992126,1101.067,expert1_eval,7549472768,4882
1790748348.3287783,2992126,1102.124,expert1_eval,7549472768,4882
1790748349.352353,2992126,1103.147,expert1_eval,7549472768,4882
1790748350.374142,2992126,1104.169,expert1_eval,7549472768,4882
1790748351.3982077,2992126,1105.193,expert1_eval,7549472768,4882
1790748352.4198277,2992126,1106.215,expert1_eval,7549472768,4882
1790748353.4455528,2992126,1107.241,expert1_eval,7549472768,4882
1790748354.4723628,2992126,1108.267,expert1_eval,7549472768,4882
1790748355.4960907,2992126,1109.291,expert1_eval,7549472768,4882
1790748356.5212986,2992126,1110.316,expert1_eval,7549472768,4882
1790748357.542302,2992126,1111.337,expert1_eval,7549472768,4882
1790748358.5639496,2992126,1112.359,expert1_eval,7549472768,4882
1790748359.5860424,2992126,1113.381,expert1_eval,7549472768,4882
1790748360.607678,2992126,1114.403,expert1_eval,7549472768,4882
1790748361.6325226,2992126,1115.427,expert1_eval,7549472768,4882
1790748362.6545181,2992126,1116.449,expert1_eval,7549472768,4882
1790748363.6791656,2992126,1117.474,expert1_eval,7549472768,4882
1790748364.707474,2992126,1118.502,expert1_eval,7549472768,4882
1790748365.7298703,2992126,1119.525,expert1_eval,7549472768,4882
1790748366.753155,2992126,1120.548,expert1_eval,7549472768,4882
1790748367.7726889,2992126,1121.568,expert1_eval,7549472768,4882
1790748368.7917235,2992126,1122.587,expert1_eval,7549472768,4882
1790748369.8138764,2992126,1123.609,expert1_eval,7549472768,4882
1790748370.8382869,2992126,1124.633,expert1_eval,7549472768,4882
1790748371.8603854,2992126,1125.655,expert1_eval,7549472768,4882
1790748372.8913488,2992126,1126.686,expert1_eval,7549472768,4882
1790748373.9167047,2992126,1127.712,expert1_eval,7549472768,4882
1790748374.938518,2992126,1128.733,expert1_eval,7549472768,4882
1790748375.9598854,2992126,1129.755,expert1_eval,7549472768,4882
1790748376.9848585,2992126,1130.78,expert1_eval,7549472768,4882
1790748378.0086505,2992126,1131.804,expert1_eval,7549472768,4882
1790748379.0283248,2992126,1132.823,expert1_eval,7549472768,4882
1790748380.0865257,2992126,1133.881,expert1_eval,7549472768,4882
1790748381.1116464,2992126,1134.907,expert1_eval,7549472768,4882
1790748382.134115,2992126,1135.929,expert1_eval,7549472768,4882
1790748383.1574779,2992126,1136.952,expert1_eval,7549472768,4882
1790748384.176998,2992126,1137.972,expert1_eval,7549472768,4882
1790748385.1985667,2992126,1138.994,expert1_eval,7549472768,4882
1790748386.2224567,2992126,1140.017,expert1_eval,7549472768,4882
1790748387.2442446,2992126,1141.039,expert1_eval,7549472768,4882
1790748388.2663436,2992126,1142.061,expert1_eval,7549472768,4882
1790748389.2885792,2992126,1143.084,expert1_eval,7549472768,4882
1790748390.3116353,2992126,1144.107,expert1_eval,7549472768,4882
1790748391.3314738,2992126,1145.126,expert1_eval,7549472768,4882
1790748392.352182,2992126,1146.147,expert1_eval,7549472768,4882
1790748393.3737345,2992126,1147.169,expert1_eval,7549472768,4882
1790748394.3981123,2992126,1148.193,expert1_eval,7549472768,4882
1790748395.420141,2992126,1149.215,expert1_eval,7549472768,4882
1790748396.4406292,2992126,1150.236,expert1_eval,7549472768,4882
1790748397.4599602,2992126,1151.255,expert1_eval,7549472768,4882
1790748398.4823196,2992126,1152.277,expert1_eval,7549472768,4882
1790748399.504479,2992126,1153.299,expert1_eval,7549472768,4882
1790748400.5301535,2992126,1154.325,expert1_eval,7549472768,4882
1790748401.5548527,2992126,1155.35,expert1_eval,7549472768,4882
1790748402.5757926,2992126,1156.371,expert1_eval,7549472768,4882
1790748403.5953627,2992126,1157.39,expert1_eval,7549472768,4882
1790748404.6152933,2992126,1158.41,expert1_eval,7549472768,4882
1790748405.6402369,2992126,1159.435,expert1_eval,7549472768,4882
1790748406.6628613,2992126,1160.458,expert1_eval,7549472768,4882
1790748407.683941,2992126,1161.479,expert1_eval,7549472768,4882
1790748408.7081497,2992126,1162.503,expert1_eval,7549472768,4882
1790748409.7322447,2992126,1163.527,expert1_eval,7549472768,4882
1790748410.751412,2992126,1164.546,expert1_eval,7549472768,4882
1790748411.7741432,2992126,1165.569,expert1_eval,7549472768,4882
1790748412.7937405,2992126,1166.589,expert1_eval,7549472768,4882
1790748413.8127131,2992126,1167.608,expert1_eval,7549472768,4882
1790748414.831263,2992126,1168.626,expert1_eval,7549472768,4882
1790748415.851176,2992126,1169.646,expert1_eval,7549472768,4882
1790748416.8715425,2992126,1170.666,expert1_eval,7549472768,4882
1790748417.8911142,2992126,1171.686,expert1_eval,7549472768,4882
1790748418.9108813,2992126,1172.706,expert1_eval,7549472768,4882
1790748419.9317734,2992126,1173.727,expert1_eval,7549472768,4882
1790748420.9537168,2992126,1174.749,expert1_eval,7549472768,4882
1790748421.9746711,2992126,1175.77,expert1_eval,7549472768,4882
1790748422.9935057,2992126,1176.788,expert1_eval,7549472768,4882
1790748424.0129688,2992126,1177.808,expert1_eval,7549472768,4882
1790748425.0348957,2992126,1178.83,expert1_eval,7549472768,4882
1790748426.0560684,2992126,1179.851,expert1_eval,7549472768,4882
1790748427.077294,2992126,1180.872,expert1_eval,7549472768,4882
1790748428.1014373,2992126,1181.896,expert1_eval,7549472768,4882
1790748429.1212065,2992126,1182.916,expert1_eval,7549472768,4882
1790748430.142544,2992126,1183.937,expert1_eval,7549472768,4882
1790748431.1655538,2992126,1184.961,expert1_eval,7549472768,4882
1790748432.190718,2992126,1185.986,expert1_eval,7549472768,4882
1790748433.2163358,2992126,1187.011,expert1_eval,7549472768,4882
1790748434.2408426,2992126,1188.036,expert1_eval,7549472768,4882
1790748435.2658625,2992126,1189.061,expert1_eval,7549472768,4882
1790748436.2888985,2992126,1190.084,expert1_eval,7549472768,4882
1790748437.308903,2992126,1191.104,expert1_eval,7549472768,4882
1790748438.329412,2992126,1192.124,expert1_eval,7549472768,4882
1790748439.3509157,2992126,1193.146,expert1_eval,7549472768,4882
1790748440.3756845,2992126,1194.171,expert1_eval,7549472768,4882
1790748441.400978,2992126,1195.196,expert1_eval,7549472768,4882
1790748442.4218369,2992126,1196.217,expert1_eval,7549472768,4882
1790748443.4436774,2992126,1197.239,expert1_eval,7549472768,4882
1790748444.4688158,2992126,1198.264,expert1_eval,7549472768,4882
1790748445.4915025,2992126,1199.286,expert1_eval,7549472768,4882
1790748446.5142994,2992126,1200.309,expert1_eval,7549472768,4882
1790748447.5345926,2992126,1201.33,expert1_eval,7549472768,4882
1790748448.5564098,2992126,1202.351,expert1_eval,7549472768,4882
1790748449.579225,2992126,1203.374,expert1_eval,7549472768,4882
1790748450.6027274,2992126,1204.398,expert1_eval,7549472768,4882
1790748451.6254041,2992126,1205.42,expert1_eval,7549472768,4882
1790748452.644089,2992126,1206.439,expert1_eval,7549472768,4882
1790748453.6655705,2992126,1207.461,expert1_eval,7549472768,4882
1790748454.687975,2992126,1208.483,expert1_eval,7549472768,4882
1790748455.710989,2992126,1209.506,expert1_eval,7549472768,4882
1790748456.7325153,2992126,1210.527,expert1_eval,7549472768,4882
1790748457.7538955,2992126,1211.549,expert1_eval,7549472768,4882
1790748458.7767408,2992126,1212.572,expert1_eval,7549472768,4882
1790748459.8040304,2992126,1213.599,expert1_eval,7549472768,4882
1790748460.8254313,2992126,1214.62,expert1_eval,7549472768,4882
1790748461.8507464,2992126,1215.646,expert1_eval,7549472768,4882
1790748462.8737543,2992126,1216.669,expert1_eval,7549472768,4882
1790748463.897312,2992126,1217.692,expert1_eval,7549472768,4882
1790748464.9191647,2992126,1218.714,expert1_eval,7549472768,4882
1790748465.9379923,2992126,1219.733,expert1_eval,7549472768,4882
1790748466.959185,2992126,1220.754,expert1_eval,7549472768,4882
1790748467.9785688,2992126,1221.774,expert1_eval,7549472768,4882
1790748468.9995828,2992126,1222.795,expert1_eval,7549472768,4882
1790748470.0188327,2992126,1223.814,expert1_eval,7549472768,4882
1790748471.0401242,2992126,1224.835,expert1_eval,7549472768,4882
1790748472.0643232,2992126,1225.859,expert1_eval,7549472768,4882
1790748473.082123,2992126,1226.877,expert1_eval,7549472768,4882
1790748474.1007693,2992126,1227.896,expert1_eval,7549472768,4882
1790748475.1215436,2992126,1228.916,expert1_eval,7549472768,4882
1790748476.1420074,2992126,1229.937,expert1_eval,7549472768,4882
1790748477.16171,2992126,1230.957,expert1_eval,7549472768,4882
1790748478.1820617,2992126,1231.977,expert1_eval,7549472768,4882
1790748479.205387,2992126,1233.0,expert1_eval,7549472768,4882
1790748480.2269852,2992126,1234.022,expert1_eval,7549472768,4882
1790748481.2487452,2992126,1235.044,expert1_eval,7549472768,4882
1790748482.2695587,2992126,1236.065,expert1_eval,7549472768,4882
1790748483.292756,2992126,1237.088,expert1_eval,7549472768,4882
1790748484.3134725,2992126,1238.108,expert1_eval,7549472768,4882
1790748485.3340645,2992126,1239.129,expert1_eval,7549472768,4882
1790748486.3549454,2992126,1240.15,expert1_eval,7549472768,4882
1790748487.3795698,2992126,1241.175,expert1_eval,7549472768,4882
1790748488.4049957,2992126,1242.2,expert1_eval,7549472768,4882
1790748489.4298038,2992126,1243.225,expert1_eval,7549472768,4882
1790748490.4541855,2992126,1244.249,expert1_eval,7549472768,4882
1790748491.4784825,2992126,1245.273,expert1_eval,7549472768,4882
1790748492.5052571,2992126,1246.3,expert1_eval,7549472768,4882
1790748493.5302896,2992126,1247.325,expert1_eval,7549472768,4882
1790748494.5518935,2992126,1248.347,expert1_eval,7549472768,4882
1790748495.5770087,2992126,1249.372,expert1_eval,7549472768,4882
1790748496.5989475,2992126,1250.394,expert1_eval,7549472768,4882
1790748497.6251261,2992126,1251.42,expert1_eval,7549472768,4882
1790748498.646656,2992126,1252.442,expert1_eval,7549472768,4882
1790748499.6684465,2992126,1253.463,expert1_eval,7549472768,4882
1790748500.6941447,2992126,1254.489,expert1_eval,7549472768,4882
1790748501.7190955,2992126,1255.514,expert1_eval,7549472768,4882
1790748502.7391872,2992126,1256.534,expert1_eval,7549472768,4882
1790748503.763004,2992126,1257.558,expert1_eval,7549472768,4882
1790748504.7905817,2992126,1258.586,expert1_eval,7549472768,4882
1790748505.8153543,2992126,1259.61,expert1_eval,7549472768,4882
1790748506.8442159,2992126,1260.639,expert1_eval,7549472768,4882
1790748507.8660698,2992126,1261.661,expert1_eval,7549472768,4882
1790748508.8909178,2992126,1262.686,expert1_eval,7549472768,4882
1790748509.9144087,2992126,1263.709,expert1_eval,7549472768,4882
1790748510.9402695,2992126,1264.735,expert1_eval,7549472768,4882
1790748511.9640212,2992126,1265.759,expert1_eval,7549472768,4882
1790748512.9934149,2992126,1266.788,expert1_eval,7549472768,4882
1790748514.018214,2992126,1267.813,expert1_eval,7549472768,4882
1790748515.0414608,2992126,1268.836,expert1_eval,7549472768,4882
1790748516.066253,2992126,1269.861,expert1_eval,7549472768,4882
1790748517.0910816,2992126,1270.886,expert1_eval,7549472768,4882
1790748518.1137328,2992126,1271.909,expert1_eval,7549472768,4882
1790748519.137972,2992126,1272.933,expert1_eval,7549472768,4882
1790748520.158606,2992126,1273.954,expert1_eval,7549472768,4882
1790748521.1839995,2992126,1274.979,expert1_eval,7549472768,4882
1790748522.2130826,2992126,1276.008,expert1_eval,7549472768,4882
1790748523.2386045,2992126,1277.034,expert1_eval,7549472768,4882
1790748524.2641888,2992126,1278.059,expert1_eval,7549472768,4882
1790748525.2867494,2992126,1279.082,expert1_eval,7549472768,4882
1790748526.3104904,2992126,1280.105,expert1_eval,7549472768,4882
1790748527.3321216,2992126,1281.127,expert1_eval,7549472768,4882
1790748528.353346,2992126,1282.148,expert1_eval,7549472768,4882
1790748529.3719018,2992126,1283.167,expert1_eval,7549472768,4882
1790748530.3925767,2992126,1284.188,expert1_eval,7549472768,4882
1790748531.4150257,2992126,1285.21,expert1_eval,7549472768,4882
1790748532.439905,2992126,1286.235,expert1_eval,7549472768,4882
1790748533.465008,2992126,1287.26,expert1_eval,7549472768,4882
1790748534.4905238,2992126,1288.285,expert1_eval,7549472768,4882
1790748535.512208,2992126,1289.307,expert1_eval,7549472768,4882
1790748536.5377054,2992126,1290.333,expert1_eval,7549472768,4882
1790748537.5613327,2992126,1291.356,expert1_eval,7549472768,4882
1790748538.5829523,2992126,1292.378,expert1_eval,7549472768,4882
1790748539.6037428,2992126,1293.399,expert1_eval,7549472768,4882
1790748540.6251688,2992126,1294.42,expert1_eval,7549472768,4882
1790748541.6504695,2992126,1295.445,expert1_eval,7549472768,4882
1790748542.6749384,2992126,1296.47,expert1_eval,7549472768,4882
1790748543.6999185,2992126,1297.495,expert1_eval,7549472768,4882
1790748544.7210042,2992126,1298.516,expert1_eval,7549472768,4882
1790748545.7424219,2992126,1299.537,expert1_eval,7549472768,4882
1790748546.7657015,2992126,1300.561,expert1_eval,7549472768,4882
1790748547.7876148,2992126,1301.583,expert1_eval,7549472768,4882
1790748548.8079524,2992126,1302.603,expert1_eval,7549472768,4882
1790748549.8289425,2992126,1303.624,expert1_eval,7549472768,4882
1790748550.8479507,2992126,1304.643,expert1_eval,7549472768,4882
1790748551.8699088,2992126,1305.665,expert1_eval,7549472768,4882
1790748552.8921478,2992126,1306.687,expert1_eval,7549472768,4882
1790748553.9161036,2992126,1307.711,expert1_eval,7549472768,4882
1790748554.937122,2992126,1308.732,expert1_eval,7549472768,4882
1790748555.9600482,2992126,1309.755,expert1_eval,7549472768,4882
1790748556.984969,2992126,1310.78,expert1_eval,7549472768,4882
1790748558.006835,2992126,1311.802,expert1_eval,7549472768,4882
1790748559.0269518,2992126,1312.822,expert1_eval,7549472768,4882
1790748560.0477746,2992126,1313.843,expert1_eval,7549472768,4882
1790748561.0690854,2992126,1314.864,expert1_eval,7549472768,4882
1790748562.0945516,2992126,1315.89,expert1_eval,7549472768,4882
1790748563.1168094,2992126,1316.912,expert1_eval,7549472768,4882
1790748564.1405818,2992126,1317.936,expert1_eval,7549472768,4882
1790748565.1617796,2992126,1318.957,expert1_eval,7549472768,4882
1790748566.1842086,2992126,1319.979,expert1_eval,7549472768,4882
1790748567.2124026,2992126,1321.007,expert1_eval,7549472768,4882
1790748568.2352533,2992126,1322.03,expert1_eval,7549472768,4882
1790748569.2610238,2992126,1323.056,expert1_eval,7549472768,4882
1790748570.2868114,2992126,1324.082,expert1_eval,7549472768,4882
1790748571.309934,2992126,1325.105,expert1_eval,7549472768,4882
1790748572.3319497,2992126,1326.127,expert1_eval,7549472768,4882
1790748573.3506682,2992126,1327.146,expert1_eval,7549472768,4882
1790748574.3725667,2992126,1328.168,expert1_eval,7549472768,4882
1790748575.399503,2992126,1329.194,expert1_eval,7549472768,4882
1790748576.424403,2992126,1330.219,expert1_eval,7549472768,4882
1790748577.4471421,2992126,1331.242,expert1_eval,7549472768,4882
1790748578.470538,2992126,1332.265,expert1_eval,7549472768,4882
1790748579.4961364,2992126,1333.291,expert1_eval,7549472768,4882
1790748580.522215,2992126,1334.317,expert1_eval,7549472768,4882
1790748581.5477438,2992126,1335.343,expert1_eval,7549472768,4882
1790748582.5695329,2992126,1336.364,expert1_eval,7549472768,4882
1790748583.5915527,2992126,1337.387,expert1_eval,7549472768,4882
1790748584.6098185,2992126,1338.405,expert1_eval,7549472768,4882
1790748585.6291125,2992126,1339.424,expert1_eval,7549472768,4882
1790748586.658123,2992126,1340.453,expert1_eval,7549472768,4882
1790748587.6769333,2992126,1341.472,expert1_eval,7549472768,4882
1790748588.6970956,2992126,1342.492,expert1_eval,7549472768,4882
1790748589.7164817,2992126,1343.511,expert1_eval,7549472768,4882
1790748590.7391784,2992126,1344.534,expert1_eval,7549472768,4882
1790748591.7615976,2992126,1345.557,expert1_eval,7549472768,4882
1790748592.7850842,2992126,1346.58,expert1_eval,7549472768,4882
1790748593.8068998,2992126,1347.602,expert1_eval,7549472768,4882
1790748594.8264878,2992126,1348.621,expert1_eval,7549472768,4882
1790748595.849868,2992126,1349.645,expert1_eval,7549472768,4882
1790748596.870035,2992126,1350.665,expert1_eval,7549472768,4882
1790748597.889148,2992126,1351.684,expert1_eval,7549472768,4882
1790748598.9089262,2992126,1352.704,expert1_eval,7549472768,4882
1790748599.9317431,2992126,1353.727,expert1_eval,7549472768,4882
1790748600.9528146,2992126,1354.748,expert1_eval,7549472768,4882
1790748601.9730937,2992126,1355.768,expert1_eval,7549472768,4882
1790748602.9965487,2992126,1356.791,expert1_eval,7549472768,4882
1790748604.0185544,2992126,1357.814,expert1_eval,7549472768,4882
1790748605.0703313,2992126,1358.865,expert1_eval,7549472768,4882
1790748606.0947392,2992126,1359.89,expert1_eval,7549472768,4882
1790748607.119728,2992126,1360.915,expert1_eval,7549472768,4882
1790748608.1467373,2992126,1361.942,expert1_eval,7549472768,4882
1790748609.167504,2992126,1362.962,expert1_eval,7549472768,4882
1790748610.1884103,2992126,1363.983,expert1_eval,7549472768,4882
1790748611.211323,2992126,1365.006,expert1_eval,7549472768,4882
1790748612.2351263,2992126,1366.03,expert1_eval,7549472768,4882
1790748613.2596185,2992126,1367.055,expert1_eval,7549472768,4882
1790748614.287407,2992126,1368.082,expert1_eval,7549472768,4882
1790748615.3109722,2992126,1369.106,expert1_eval,7549472768,4882
1790748616.3313353,2992126,1370.126,expert1_eval,7549472768,4882
1790748617.3507516,2992126,1371.146,expert1_eval,7549472768,4882
1790748618.3722227,2992126,1372.167,expert1_eval,7549472768,4882
1790748619.3985636,2992126,1373.194,expert1_eval,7549472768,4882
1790748620.4236147,2992126,1374.219,expert1_eval,7549472768,4882
1790748621.4444537,2992126,1375.239,expert1_eval,7549472768,4882
1790748622.4633977,2992126,1376.258,expert1_eval,7549472768,4882
1790748623.4851432,2992126,1377.28,expert1_eval,7549472768,4882
1790748624.5041795,2992126,1378.299,expert1_eval,7549472768,4882
1790748625.5265474,2992126,1379.321,expert1_eval,7549472768,4882
1790748626.551535,2992126,1380.346,expert1_eval,7549472768,4882
1790748627.5770466,2992126,1381.372,expert1_eval,7549472768,4882
1790748628.6048121,2992126,1382.4,expert1_eval,7549472768,4882
1790748629.6247234,2992126,1383.42,expert1_eval,7549472768,4882
1790748630.6473064,2992126,1384.442,expert1_eval,7549472768,4882
1790748631.6747463,2992126,1385.47,expert1_eval,7549472768,4882
1790748632.7009144,2992126,1386.496,expert1_eval,7549472768,4882
1790748633.7238913,2992126,1387.519,expert1_eval,7549472768,4882
1790748634.7462897,2992126,1388.541,expert1_eval,7549472768,4882
1790748635.7693417,2992126,1389.564,expert1_eval,7549472768,4882
1790748636.79234,2992126,1390.587,expert1_eval,7549472768,4882
1790748637.817536,2992126,1391.612,expert1_eval,7549472768,4882
1790748638.8422253,2992126,1392.637,expert1_eval,7549472768,4882
1790748639.8643825,2992126,1393.659,expert1_eval,7549472768,4882
1790748640.8895187,2992126,1394.684,expert1_eval,7549472768,4882
1790748641.9125223,2992126,1395.707,expert1_eval,7549472768,4882
1790748642.9333885,2992126,1396.728,expert1_eval,7549472768,4882
1790748643.9563875,2992126,1397.751,expert1_eval,7549472768,4882
1790748644.9786534,2992126,1398.774,expert1_eval,7549472768,4882
1790748645.9998777,2992126,1399.795,expert1_eval,7549472768,4882
1790748647.0258276,2992126,1400.821,expert1_eval,7549472768,4882
1790748648.0529206,2992126,1401.848,expert1_eval,7549472768,4882
1790748649.074888,2992126,1402.87,expert1_eval,7549472768,4882
1790748650.0984116,2992126,1403.893,expert1_eval,7549472768,4882
1790748651.124404,2992126,1404.919,expert1_eval,7549472768,4882
1790748652.1486773,2992126,1405.944,expert1_eval,7549472768,4882
1790748653.172627,2992126,1406.968,expert1_eval,7549472768,4882
1790748654.1971831,2992126,1407.992,expert1_eval,7549472768,4882
1790748655.2233267,2992126,1409.018,expert1_eval,7549472768,4882
1790748656.2465837,2992126,1410.042,expert1_eval,7549472768,4882
1790748657.2684598,2992126,1411.063,expert1_eval,7549472768,4882
1790748658.29437,2992126,1412.089,expert1_eval,7549472768,4882
1790748659.3191483,2992126,1413.114,expert1_eval,7549472768,4882
1790748660.3460789,2992126,1414.141,expert1_eval,7549472768,4882
1790748661.3684897,2992126,1415.163,expert1_eval,7549472768,4882
1790748662.3941245,2992126,1416.189,expert1_eval,7549472768,4882
1790748663.4177227,2992126,1417.213,expert1_eval,7549472768,4882
1790748664.442609,2992126,1418.238,expert1_eval,7549472768,4882
1790748665.4672902,2992126,1419.262,expert1_eval,7549472768,4882
1790748666.4913013,2992126,1420.286,expert1_eval,7549472768,4882
1790748667.5150516,2992126,1421.31,expert1_eval,7549472768,4882
1790748668.539465,2992126,1422.334,expert1_eval,7549472768,4882
1790748669.5597255,2992126,1423.355,expert1_eval,7549472768,4882
1790748670.579877,2992126,1424.375,expert1_eval,7549472768,4882
1790748671.6023166,2992126,1425.397,expert1_eval,7549472768,4882
1790748672.629198,2992126,1426.424,expert1_eval,7549472768,4882
1790748673.6508176,2992126,1427.446,expert1_eval,7549472768,4882
1790748674.6710346,2992126,1428.466,expert1_eval,7549472768,4882
1790748675.6919746,2992126,1429.487,expert1_eval,7549472768,4882
1790748676.717506,2992126,1430.512,expert1_eval,7549472768,4882
1790748677.7399137,2992126,1431.535,expert1_eval,7549472768,4882
1790748678.7609339,2992126,1432.556,expert1_eval,7549472768,4882
1790748679.7826357,2992126,1433.578,expert1_eval,7549472768,4882
1790748680.8067286,2992126,1434.602,expert1_eval,7549472768,4882
1790748681.8314142,2992126,1435.626,expert1_eval,7549472768,4882
1790748682.8540106,2992126,1436.649,expert1_eval,7549472768,4882
1790748683.8800473,2992126,1437.675,expert1_eval,7549472768,4882
1790748684.9049907,2992126,1438.7,expert1_eval,7549472768,4882
1790748685.9301012,2992126,1439.725,expert1_eval,7549472768,4882
1790748686.95578,2992126,1440.751,expert1_eval,7549472768,4882
1790748687.9808524,2992126,1441.776,expert1_eval,7549472768,4882
1790748689.0045037,2992126,1442.799,expert1_eval,7549472768,4882
1790748690.0296268,2992126,1443.825,expert1_eval,7549472768,4882
1790748691.0543244,2992126,1444.849,expert1_eval,7549472768,4882
1790748692.0804036,2992126,1445.875,expert1_eval,7549472768,4882
1790748693.1061552,2992126,1446.901,expert1_eval,7549472768,4882
1790748694.129523,2992126,1447.924,expert1_eval,7549472768,4882
1790748695.1561856,2992126,1448.951,expert1_eval,7549472768,4882
1790748696.1814568,2992126,1449.976,expert1_eval,7549472768,4882
1790748697.203169,2992126,1450.998,expert1_eval,7549472768,4882
1790748698.228042,2992126,1452.023,expert1_eval,7549472768,4882
1790748699.2520213,2992126,1453.047,expert1_eval,7549472768,4882
1790748700.2727594,2992126,1454.068,expert1_eval,7549472768,4882
1790748701.2994719,2992126,1455.094,expert1_eval,7549472768,4882
1790748702.3223832,2992126,1456.117,expert1_eval,7549472768,4882
1790748703.3431187,2992126,1457.138,expert1_eval,7549472768,4882
1790748704.3672082,2992126,1458.162,expert1_eval,7549472768,4882
1790748705.3940685,2992126,1459.189,expert1_eval,7549472768,4882
1790748706.4208705,2992126,1460.216,expert1_eval,7549472768,4882
1790748707.4398682,2992126,1461.235,expert1_eval,7549472768,4882
1790748708.46462,2992126,1462.26,expert1_eval,7549472768,4882
1790748709.4914505,2992126,1463.286,expert1_eval,7549472768,4882
1790748710.5182655,2992126,1464.313,expert1_eval,7549472768,4882
1790748711.5467646,2992126,1465.342,expert1_eval,7549472768,4882
1790748712.5730593,2992126,1466.368,expert1_eval,7549472768,4882
1790748713.5972686,2992126,1467.392,expert1_eval,7549472768,4882
1790748714.6190667,2992126,1468.414,expert1_eval,7549472768,4882
1790748715.6453347,2992126,1469.44,expert1_eval,7549472768,4882
1790748716.6713972,2992126,1470.466,expert1_eval,7549472768,4882
1790748717.6969712,2992126,1471.492,expert1_eval,7549472768,4882
1790748718.7230728,2992126,1472.518,expert1_eval,7549472768,4882
1790748719.74546,2992126,1473.54,expert1_eval,7549472768,4882
1790748720.7780313,2992126,1474.573,expert1_eval,7549472768,4882
1790748721.803162,2992126,1475.598,expert1_eval,7549472768,4882
1790748722.8254623,2992126,1476.62,expert1_eval,7549472768,4882
1790748723.8525436,2992126,1477.647,expert1_eval,7549472768,4882
1790748724.876666,2992126,1478.672,expert1_eval,7549472768,4882
1790748725.899348,2992126,1479.694,expert1_eval,7549472768,4882
1790748726.9250085,2992126,1480.72,expert1_eval,7549472768,4882
1790748727.95242,2992126,1481.747,expert1_eval,7549472768,4882
1790748728.9739625,2992126,1482.769,expert1_eval,7549472768,4882
1790748729.9937367,2992126,1483.789,expert1_eval,7549472768,4882
1790748731.0152035,2992126,1484.81,expert1_eval,7549472768,4882
1790748732.0384767,2992126,1485.833,expert1_eval,7549472768,4882
1790748733.063571,2992126,1486.859,expert1_eval,7549472768,4882
1790748734.090557,2992126,1487.886,expert1_eval,7549472768,4882
1790748735.1186626,2992126,1488.914,expert1_eval,7549472768,4882
1790748736.1393435,2992126,1489.934,expert1_eval,7549472768,4882
1790748737.159349,2992126,1490.954,expert1_eval,7549472768,4882
1790748738.1832318,2992126,1491.978,expert1_eval,7549472768,4882
1790748739.2103457,2992126,1493.005,expert1_eval,7549472768,4882
1790748740.2428143,2992126,1494.038,expert1_eval,7549472768,4882
1790748741.2677836,2992126,1495.063,expert1_eval,7549472768,4882
1790748742.2903273,2992126,1496.085,expert1_eval,7549472768,4882
1790748743.3134232,2992126,1497.108,expert1_eval,7549472768,4882
1790748744.3379455,2992126,1498.133,expert1_eval,7549472768,4882
1790748745.3593187,2992126,1499.154,expert1_eval,7549472768,4882
1790748746.3825407,2992126,1500.177,expert1_eval,7549472768,4882
1790748747.4065788,2992126,1501.202,expert1_eval,7549472768,4882
1790748748.4286664,2992126,1502.224,expert1_eval,7549472768,4882
1790748749.4530647,2992126,1503.248,expert1_eval,7549472768,4882
1790748750.4791045,2992126,1504.274,expert1_eval,7549472768,4882
1790748751.5002556,2992126,1505.295,expert1_eval,7549472768,4882
1790748752.5245879,2992126,1506.32,expert1_eval,7549472768,4882
1790748753.5468705,2992126,1507.342,expert1_eval,7549472768,4882
1790748754.569367,2992126,1508.364,expert1_eval,7549472768,4882
1790748755.5924232,2992126,1509.387,expert1_eval,7549472768,4882
1790748756.614233,2992126,1510.409,expert1_eval,7549472768,4882
1790748757.6380792,2992126,1511.433,expert1_eval,7549472768,4882
1790748758.6623242,2992126,1512.457,expert1_eval,7549472768,4882
1790748759.6840398,2992126,1513.479,expert1_eval,7549472768,4882
1790748760.7034135,2992126,1514.498,expert1_eval,7549472768,4882
1790748761.7243865,2992126,1515.519,expert1_eval,7549472768,4882
1790748762.7440069,2992126,1516.539,expert1_eval,7549472768,4882
1790748763.7661595,2992126,1517.561,expert1_eval,7549472768,4882
1790748764.786549,2992126,1518.581,expert1_eval,7549472768,4882
1790748765.8161116,2992126,1519.611,expert1_eval,7549472768,4882
1790748766.8445911,2992126,1520.64,expert1_eval,7549472768,4882
1790748767.8697336,2992126,1521.665,expert1_eval,7549472768,4882
1790748768.899903,2992126,1522.695,expert1_eval,7549472768,4882
1790748769.9333148,2992126,1523.728,expert1_eval,7549472768,4882
1790748770.9625635,2992126,1524.758,expert1_eval,7549472768,4882
1790748772.017673,2992126,1525.813,expert1_eval,7549472768,4882
1790748773.0471194,2992126,1526.842,expert1_eval,7549472768,4882
1790748774.0701528,2992126,1527.865,expert1_eval,7549472768,4882
1790748775.0905702,2992126,1528.886,expert1_eval,7549472768,4882
1790748776.1138632,2992126,1529.909,expert1_eval,7549472768,4882
1790748777.143553,2992126,1530.939,expert1_eval,7549472768,4882
1790748778.1689968,2992126,1531.964,expert1_eval,7549472768,4882
1790748779.1961849,2992126,1532.991,expert1_eval,7549472768,4882
1790748780.2234359,2992126,1534.018,expert1_eval,7549472768,4882
1790748781.2500172,2992126,1535.045,expert1_eval,7549472768,4882
1790748782.2813191,2992126,1536.076,expert1_eval,7549472768,4882
1790748783.3062518,2992126,1537.101,expert1_eval,7549472768,4882
1790748784.32769,2992126,1538.123,expert1_eval,7549472768,4882
1790748785.3518155,2992126,1539.147,expert1_eval,7549472768,4882
1790748786.3750122,2992126,1540.17,expert1_eval,7549472768,4882
1790748787.3980536,2992126,1541.193,expert1_eval,7549472768,4882
1790748788.4180617,2992126,1542.213,expert1_eval,7549472768,4882
1790748789.445091,2992126,1543.24,expert1_eval,7549472768,4882
1790748790.4669547,2992126,1544.262,expert1_eval,7549472768,4882
1790748791.490036,2992126,1545.285,expert1_eval,7549472768,4882
1790748792.509157,2992126,1546.304,expert1_eval,7549472768,4882
1790748793.5298529,2992126,1547.325,expert1_eval,7549472768,4882
1790748794.5496843,2992126,1548.345,expert1_eval,7549472768,4882
1790748795.570758,2992126,1549.366,expert1_eval,7549472768,4882
1790748796.5953128,2992126,1550.39,expert1_eval,7549472768,4882
1790748797.6190863,2992126,1551.414,expert1_eval,7549472768,4882
1790748798.6452293,2992126,1552.44,expert1_eval,7549472768,4882
1790748799.6755595,2992126,1553.471,expert1_eval,7549472768,4882
1790748800.6966047,2992126,1554.492,expert1_eval,7549472768,4882
1790748801.716325,2992126,1555.511,expert1_eval,7549472768,4882
1790748802.7364883,2992126,1556.531,expert1_eval,7549472768,4882
1790748803.7580042,2992126,1557.553,expert1_eval,7549472768,4882
1790748804.783126,2992126,1558.578,expert1_eval,7549472768,4882
1790748805.8062558,2992126,1559.601,expert1_eval,7549472768,4882
1790748806.8309166,2992126,1560.626,expert1_eval,7549472768,4882
1790748807.8520277,2992126,1561.647,expert1_eval,7549472768,4882
1790748808.8746164,2992126,1562.67,expert1_eval,7549472768,4882
1790748809.8990674,2992126,1563.694,expert1_eval,7549472768,4882
1790748810.923092,2992126,1564.718,expert1_eval,7549472768,4882
1790748811.9459682,2992126,1565.741,expert1_eval,7549472768,4882
1790748812.9661396,2992126,1566.761,expert1_eval,7549472768,4882
1790748813.9853718,2992126,1567.78,expert1_eval,7549472768,4882
1790748815.0050032,2992126,1568.8,expert1_eval,7549472768,4882
1790748816.026242,2992126,1569.821,expert1_eval,7549472768,4882
1790748817.0475664,2992126,1570.843,expert1_eval,7549472768,4882
1790748818.0706372,2992126,1571.866,expert1_eval,7549472768,4882
1790748819.0923564,2992126,1572.887,expert1_eval,7549472768,4882
1790748820.1144722,2992126,1573.909,expert1_eval,7549472768,4882
1790748821.140457,2992126,1574.935,expert1_eval,7549472768,4882
1790748822.2114973,2992126,1576.006,expert1_eval,7549472768,4882
1790748823.2371235,2992126,1577.032,expert1_eval,7549472768,4882
1790748824.2630908,2992126,1578.058,expert1_eval,7549472768,4882
1790748825.2911716,2992126,1579.086,expert1_eval,7549472768,4882
1790748826.3163044,2992126,1580.111,expert1_eval,7549472768,4882
1790748827.3448963,2992126,1581.14,expert1_eval,7549472768,4882
1790748828.369987,2992126,1582.165,expert1_eval,7549472768,4882
1790748829.3921354,2992126,1583.187,expert1_eval,7549472768,4882
1790748830.4184577,2992126,1584.213,expert1_eval,7549472768,4882
1790748831.4433413,2992126,1585.238,expert1_eval,7549472768,4882
1790748832.4675362,2992126,1586.262,expert1_eval,7549472768,4882
1790748833.4870677,2992126,1587.282,expert1_eval,7549472768,4882
1790748834.5088203,2992126,1588.304,expert1_eval,7549472768,4882
1790748835.529053,2992126,1589.324,expert1_eval,7549472768,4882
1790748836.5498583,2992126,1590.345,expert1_eval,7549472768,4882
1790748837.5720303,2992126,1591.367,expert1_eval,7549472768,4882
1790748838.5955732,2992126,1592.391,expert1_eval,7549472768,4882
1790748839.6173625,2992126,1593.412,expert1_eval,7549472768,4882
1790748840.6409335,2992126,1594.436,expert1_eval,7549472768,4882
1790748841.6611629,2992126,1595.456,expert1_eval,7549472768,4882
1790748842.6808243,2992126,1596.476,expert1_eval,7549472768,4882
1790748843.7023973,2992126,1597.497,expert1_eval,7549472768,4882
1790748844.7303865,2992126,1598.525,expert1_eval,7549472768,4882
1790748845.7498498,2992126,1599.545,expert1_eval,7549472768,4882
1790748846.7709513,2992126,1600.566,expert1_eval,7549472768,4882
1790748847.792589,2992126,1601.588,expert1_eval,7549472768,4882
1790748848.8145957,2992126,1602.61,expert1_eval,7549472768,4882
1790748849.8436754,2992126,1603.639,expert1_eval,7549472768,4882
1790748850.8690135,2992126,1604.664,expert1_eval,7549472768,4882
1790748851.8940065,2992126,1605.689,expert1_eval,7549472768,4882
1790748852.9200072,2992126,1606.715,expert1_eval,7549472768,4882
1790748853.9452345,2992126,1607.74,expert1_eval,7549472768,4882
1790748854.9704804,2992126,1608.765,expert1_eval,7549472768,4882
1790748855.9909275,2992126,1609.786,expert1_eval,7549472768,4882
1790748857.0125415,2992126,1610.807,expert1_eval,7549472768,4882
1790748858.0368567,2992126,1611.832,expert1_eval,7549472768,4882
1790748859.0636017,2992126,1612.859,expert1_eval,7549472768,4882
1790748860.0873258,2992126,1613.882,expert1_eval,7549472768,4882
1790748861.1122818,2992126,1614.907,expert1_eval,7549472768,4882
1790748862.1371179,2992126,1615.932,expert1_eval,7549472768,4882
1790748863.163456,2992126,1616.958,expert1_eval,7549472768,4882
1790748864.192098,2992126,1617.987,expert1_eval,7549472768,4882
1790748865.2174723,2992126,1619.012,expert1_eval,7549472768,4882
1790748866.2432601,2992126,1620.038,expert1_eval,7549472768,4882
1790748867.2677846,2992126,1621.063,expert1_eval,7549472768,4882
1790748868.2915595,2992126,1622.087,expert1_eval,7549472768,4882
1790748869.3167677,2992126,1623.112,expert1_eval,7549472768,4882
1790748870.4063458,2992126,1624.201,starting,6243221504,4042
1790748871.4347067,2992126,1625.23,expert2_fit,6243221504,1706
1790748872.4636815,2992126,1626.259,expert2_fit,6243221504,1826
1790748873.4899182,2992126,1627.285,expert2_fit,6243221504,1826
1790748874.5140278,2992126,1628.309,expert2_fit,6243221504,1826
1790748875.5360804,2992126,1629.331,expert2_fit,6243221504,1826
1790748876.5610034,2992126,1630.356,expert2_fit,6243221504,1826
1790748877.5868824,2992126,1631.382,expert2_fit,6243221504,1826
1790748878.6147158,2992126,1632.41,starting,6243221504,1922
1790748879.6380084,2992126,1633.433,starting,6243221504,1922
1790748880.6594656,2992126,1634.454,starting,6243221504,1922
1790748881.684204,2992126,1635.479,starting,6243221504,1922
1790748882.7082975,2992126,1636.503,starting,6243221504,1922
1790748883.7354257,2992126,1637.53,starting,6243221504,1922
1790748884.7581708,2992126,1638.553,starting,6243221504,1922
1790748885.7800944,2992126,1639.575,starting,6243221504,1922
1790748886.802387,2992126,1640.597,starting,6243221504,1922
1790748887.826966,2992126,1641.622,starting,6243221504,1922
1790748888.8476107,2992126,1642.643,starting,6243221504,1922
1790748889.8695107,2992126,1643.664,starting,6243221504,1922
1790748890.890493,2992126,1644.685,starting,6243221504,1922
1790748891.9132736,2992126,1645.708,starting,6243221504,1922
1790748892.9345849,2992126,1646.73,starting,6243221504,1922
1790748893.961322,2992126,1647.756,starting,6243221504,1922
1790748894.988643,2992126,1648.784,expert2_route,6297812992,1922
1790748896.0177186,2992126,1649.813,expert2_route,6297812992,1922
1790748897.0408957,2992126,1650.836,expert2_route,6297812992,2222
1790748898.0616724,2992126,1651.857,expert2_route,6297812992,2242
1790748899.080744,2992126,1652.876,expert2_route,6297812992,2242
1790748900.102249,2992126,1653.897,expert2_route,6297812992,2282
1790748901.123403,2992126,1654.918,expert2_route,6297812992,2282
1790748902.1500611,2992126,1655.945,expert2_route,6297812992,2302
1790748903.175892,2992126,1656.971,expert2_route,6297812992,2302
1790748904.2029812,2992126,1657.998,expert2_route,6297812992,2302
1790748905.230026,2992126,1659.025,expert2_route,6297812992,2302
1790748906.2541447,2992126,1660.049,expert2_route,6297812992,2302
1790748907.2772024,2992126,1661.072,expert2_route,6297812992,2302
1790748908.3032246,2992126,1662.098,expert2_route,6297812992,2302
1790748909.3308234,2992126,1663.126,expert2_route,6297812992,2302
1790748910.3514886,2992126,1664.146,expert2_route,6297812992,2302
1790748911.3749056,2992126,1665.17,expert2_route,6297812992,2302
1790748912.3974462,2992126,1666.192,expert2_route,6297812992,2302
1790748913.4200473,2992126,1667.215,expert2_route,6297812992,2302
1790748914.445068,2992126,1668.24,expert2_route,6297812992,2302
1790748915.466241,2992126,1669.261,expert2_route,6297812992,2302
1790748916.4900117,2992126,1670.285,expert2_route,6297812992,2302
1790748917.5116289,2992126,1671.307,expert2_route,6297812992,2302
1790748918.533132,2992126,1672.328,expert2_route,6297812992,2302
1790748919.5546398,2992126,1673.35,expert2_route,6297812992,2302
1790748920.5792284,2992126,1674.374,expert2_route,6297812992,2302
1790748921.6001916,2992126,1675.395,expert2_route,6297812992,2302
1790748922.6221862,2992126,1676.417,expert2_route,6297812992,2302
1790748923.641857,2992126,1677.437,expert2_route,6297812992,2302
1790748924.6644661,2992126,1678.459,expert2_cal,6275620864,2302
1790748925.6853476,2992126,1679.48,expert2_cal,6275620864,2302
1790748926.7060063,2992126,1680.501,expert2_cal,6275620864,2302
1790748927.7268026,2992126,1681.522,expert2_cal,6275620864,2302
1790748928.7499087,2992126,1682.545,expert2_cal,6275620864,2302
1790748929.7755268,2992126,1683.57,expert2_cal,6275620864,2302
1790748930.8000176,2992126,1684.595,expert2_cal,6275620864,2302
1790748931.8260329,2992126,1685.621,expert2_cal,6275620864,2302
1790748932.851563,2992126,1686.647,expert2_cal,6275620864,2302
1790748933.8768246,2992126,1687.672,expert2_cal,6275620864,2302
1790748934.8972642,2992126,1688.692,expert2_cal,6275620864,2302
1790748935.9191754,2992126,1689.714,expert2_cal,6275620864,2302
1790748936.945882,2992126,1690.741,expert2_cal,6275620864,2302
1790748937.9660141,2992126,1691.761,expert2_cal,6275620864,2302
1790748938.9892097,2992126,1692.784,expert2_cal,6275620864,2302
1790748940.0109532,2992126,1693.806,expert2_cal,6275620864,2302
1790748941.0353646,2992126,1694.83,expert2_cal,6275620864,2302
1790748942.0561786,2992126,1695.851,expert2_cal,6275620864,2302
1790748943.0782824,2992126,1696.873,expert2_cal,6275620864,2302
1790748944.0989857,2992126,1697.894,expert2_cal,6275620864,2302
1790748945.1216607,2992126,1698.917,expert2_eval,7304134656,2302
1790748946.144959,2992126,1699.94,expert2_eval,6803038208,2302
1790748947.1685808,2992126,1700.964,expert2_eval,6803038208,2302
1790748948.1908,2992126,1701.986,expert2_eval,6803038208,2302
1790748949.21352,2992126,1703.008,expert2_eval,6803038208,2302
1790748950.239371,2992126,1704.034,expert2_eval,6803038208,2302
1790748951.2652893,2992126,1705.06,expert2_eval,6803038208,2302
1790748952.2869873,2992126,1706.082,expert2_eval,6803038208,2302
1790748953.3130686,2992126,1707.108,expert2_eval,6803038208,2302
1790748954.338387,2992126,1708.133,expert2_eval,6803038208,2302
1790748955.3592343,2992126,1709.154,expert2_eval,6803038208,2302
1790748956.3787386,2992126,1710.174,expert2_eval,6803038208,2302
1790748957.400942,2992126,1711.196,expert2_eval,6803038208,2302
1790748958.4259405,2992126,1712.221,expert2_eval,6803038208,2302
1790748959.450454,2992126,1713.245,expert2_eval,6803038208,2302
1790748960.4719725,2992126,1714.267,expert2_eval,6803038208,2302
1790748961.4986663,2992126,1715.294,expert2_eval,6803038208,2302
1790748962.5258586,2992126,1716.321,expert2_eval,6803038208,2302
1790748963.5481515,2992126,1717.343,expert2_eval,6803038208,2302
1790748964.5723872,2992126,1718.367,expert2_eval,6803038208,2302
1790748965.5945754,2992126,1719.39,expert2_eval,6803038208,2302
1790748966.619596,2992126,1720.415,expert2_eval,6803038208,2302
1790748967.6406355,2992126,1721.436,expert2_eval,6803038208,2302
1790748968.6662548,2992126,1722.461,expert2_eval,6803038208,2302
1790748969.6912487,2992126,1723.486,expert2_eval,6803038208,2302
1790748970.7178385,2992126,1724.513,expert2_eval,6803038208,2302
1790748971.7407944,2992126,1725.536,expert2_eval,6803038208,2302
1790748972.7642663,2992126,1726.559,expert2_eval,6803038208,2302
1790748973.7895188,2992126,1727.584,expert2_eval,6803038208,2302
1790748974.8122818,2992126,1728.607,expert2_eval,6803038208,2302
1790748975.835082,2992126,1729.63,expert2_eval,6803038208,2302
1790748976.8581836,2992126,1730.653,expert2_eval,6803038208,2302
1790748977.8822863,2992126,1731.677,expert2_eval,6803038208,2302
1790748978.9054205,2992126,1732.7,expert2_eval,6803038208,2302
1790748979.930013,2992126,1733.725,expert2_eval,6803038208,2302
1790748980.9557042,2992126,1734.751,expert2_eval,6803038208,2302
1790748981.9797523,2992126,1735.775,expert2_eval,6803038208,2302
1790748983.003775,2992126,1736.799,expert2_eval,6803038208,2302
1790748984.0240371,2992126,1737.819,expert2_eval,6803038208,2302
1790748985.0446968,2992126,1738.84,expert2_eval,6803038208,2302
1790748986.0656426,2992126,1739.861,expert2_eval,6803038208,2302
1790748987.0882616,2992126,1740.883,expert2_eval,6803038208,2302
1790748988.1140587,2992126,1741.909,expert2_eval,6803038208,2302
1790748989.1354814,2992126,1742.93,expert2_eval,6803038208,2302
1790748990.1537483,2992126,1743.949,expert2_eval,6803038208,2302
1790748991.175363,2992126,1744.97,expert2_eval,6803038208,2302
1790748992.2008598,2992126,1745.996,expert2_eval,6803038208,2302
1790748993.2259576,2992126,1747.021,expert2_eval,6803038208,2302
1790748994.247575,2992126,1748.043,expert2_eval,6803038208,2302
1790748995.2744412,2992126,1749.069,expert2_eval,6803038208,2302
1790748996.297703,2992126,1750.093,expert2_eval,6803038208,2302
1790748997.3191655,2992126,1751.114,expert2_eval,6803038208,2302
1790748998.3405066,2992126,1752.135,expert2_eval,6803038208,2302
1790748999.3654907,2992126,1753.16,expert2_eval,6803038208,2302
1790749000.3919754,2992126,1754.187,expert2_eval,6803038208,2302
1790749001.4139047,2992126,1755.209,expert2_eval,6803038208,2302
1790749002.4381075,2992126,1756.233,expert2_eval,6803038208,2302
1790749003.460477,2992126,1757.255,expert2_eval,6803038208,2302
1790749004.4851317,2992126,1758.28,expert2_eval,6803038208,2302
1790749005.5093389,2992126,1759.304,expert2_eval,6803038208,2302
1790749006.5349448,2992126,1760.33,expert2_eval,6803038208,2302
1790749007.5594234,2992126,1761.354,expert2_eval,6803038208,2302
1790749008.5854533,2992126,1762.38,expert2_eval,6803038208,2302
1790749009.6081145,2992126,1763.403,expert2_eval,6803038208,2302
1790749010.6305907,2992126,1764.426,expert2_eval,6803038208,2302
1790749011.6541996,2992126,1765.449,expert2_eval,6803038208,2302
1790749012.6742828,2992126,1766.469,expert2_eval,6803038208,2302
1790749013.6993525,2992126,1767.494,expert2_eval,6803038208,2302
1790749014.7211926,2992126,1768.516,expert2_eval,6803038208,2302
1790749015.746895,2992126,1769.542,expert2_eval,6803038208,2302
1790749016.7677414,2992126,1770.563,expert2_eval,6803038208,2302
1790749017.7886944,2992126,1771.584,expert2_eval,6803038208,2302
1790749018.8115885,2992126,1772.607,expert2_eval,6803038208,2302
1790749019.8338666,2992126,1773.629,expert2_eval,6803038208,2302
1790749020.85839,2992126,1774.653,expert2_eval,6803038208,2302
1790749021.8807476,2992126,1775.676,expert2_eval,6803038208,2302
1790749022.902803,2992126,1776.698,expert2_eval,6803038208,2302
1790749023.924625,2992126,1777.72,expert2_eval,6803038208,2302
1790749024.976996,2992126,1778.772,expert2_eval,6803038208,2302
1790749026.0026941,2992126,1779.798,expert2_eval,6803038208,2302
1790749027.028289,2992126,1780.823,expert2_eval,6803038208,2302
1790749028.0490296,2992126,1781.844,expert2_eval,6803038208,2302
1790749029.0715811,2992126,1782.867,expert2_eval,6803038208,2302
1790749030.0958307,2992126,1783.891,expert2_eval,6803038208,2302
1790749031.1198497,2992126,1784.915,expert2_eval,6803038208,2302
1790749032.1448889,2992126,1785.94,expert2_eval,6803038208,2302
1790749033.167635,2992126,1786.963,expert2_eval,6803038208,2302
1790749034.189791,2992126,1787.985,expert2_eval,6803038208,2302
1790749035.2118657,2992126,1789.007,expert2_eval,6803038208,2302
1790749036.236901,2992126,1790.032,expert2_eval,6803038208,2302
1790749037.2570136,2992126,1791.052,expert2_eval,6803038208,2302
1790749038.2784073,2992126,1792.073,expert2_eval,6803038208,2302
1790749039.3044748,2992126,1793.099,expert2_eval,6803038208,2302
1790749040.334879,2992126,1794.13,expert2_eval,6803038208,2302
1790749041.361381,2992126,1795.156,expert2_eval,6803038208,2302
1790749042.384917,2992126,1796.18,expert2_eval,6803038208,2302
1790749043.4107833,2992126,1797.206,expert2_eval,6803038208,2302
1790749044.4360006,2992126,1798.231,expert2_eval,6803038208,2302
1790749045.463161,2992126,1799.258,expert2_eval,6803038208,2302
1790749046.4866538,2992126,1800.282,expert2_eval,6803038208,2302
1790749047.51497,2992126,1801.31,expert2_eval,6803038208,2302
1790749048.543151,2992126,1802.338,expert2_eval,6803038208,2302
1790749049.5734344,2992126,1803.368,expert2_eval,6803038208,2302
1790749050.5991843,2992126,1804.394,expert2_eval,6803038208,2302
1790749051.621529,2992126,1805.416,expert2_eval,6803038208,2302
1790749052.6488125,2992126,1806.444,expert2_eval,6803038208,2302
1790749053.6720405,2992126,1807.467,expert2_eval,6803038208,2302
1790749054.698922,2992126,1808.494,expert2_eval,6803038208,2302
1790749055.7246392,2992126,1809.52,expert2_eval,6803038208,2302
1790749056.74686,2992126,1810.542,expert2_eval,6803038208,2302
1790749057.769285,2992126,1811.564,expert2_eval,6803038208,2302
1790749058.7923512,2992126,1812.587,expert2_eval,6803038208,2302
1790749059.810908,2992126,1813.606,expert2_eval,6803038208,2302
1790749060.8323655,2992126,1814.627,expert2_eval,6803038208,2302
1790749061.8524282,2992126,1815.647,expert2_eval,6803038208,2302
1790749062.8718414,2992126,1816.667,expert2_eval,6803038208,2302
1790749063.8952503,2992126,1817.69,expert2_eval,6803038208,2302
1790749064.9177554,2992126,1818.713,expert2_eval,6803038208,2302
1790749065.9453852,2992126,1819.74,expert2_eval,6803038208,2302
1790749066.9674306,2992126,1820.762,expert2_eval,6803038208,2302
1790749067.9915156,2992126,1821.786,expert2_eval,6803038208,2302
1790749069.0153713,2992126,1822.81,expert2_eval,6803038208,2302
1790749070.0368745,2992126,1823.832,expert2_eval,6803038208,2302
1790749071.0603328,2992126,1824.855,expert2_eval,6803038208,2302
1790749072.0853448,2992126,1825.88,expert2_eval,6803038208,2302
1790749073.1100106,2992126,1826.905,expert2_eval,6803038208,2302
1790749074.1302485,2992126,1827.925,expert2_eval,6803038208,2302
1790749075.1512318,2992126,1828.946,expert2_eval,6803038208,2302
1790749076.173245,2992126,1829.968,expert2_eval,6803038208,2302
1790749077.1988738,2992126,1830.994,expert2_eval,6803038208,2302
1790749078.2241256,2992126,1832.019,expert2_eval,6803038208,2302
1790749079.2529125,2992126,1833.048,expert2_eval,6803038208,2302
1790749080.2781286,2992126,1834.073,expert2_eval,6803038208,2302
1790749081.3038461,2992126,1835.099,expert2_eval,6803038208,2302
1790749082.3268235,2992126,1836.122,expert2_eval,6803038208,2302
1790749083.3489356,2992126,1837.144,expert2_eval,6803038208,2302
1790749084.3739052,2992126,1838.169,expert2_eval,6803038208,2302
1790749085.39594,2992126,1839.191,expert2_eval,6803038208,2302
1790749086.4200559,2992126,1840.215,expert2_eval,6803038208,2302
1790749087.4438243,2992126,1841.239,expert2_eval,6803038208,2302
1790749088.468271,2992126,1842.263,expert2_eval,6803038208,2302
1790749089.4942775,2992126,1843.289,expert2_eval,6803038208,2302
1790749090.5182347,2992126,1844.313,expert2_eval,6803038208,2302
1790749091.5405455,2992126,1845.335,expert2_eval,6803038208,2302
1790749092.5631742,2992126,1846.358,expert2_eval,6803038208,2302
1790749093.5843503,2992126,1847.379,expert2_eval,6803038208,2302
1790749094.605964,2992126,1848.401,expert2_eval,6803038208,2302
1790749095.6315148,2992126,1849.426,expert2_eval,6803038208,2302
1790749096.657424,2992126,1850.452,expert2_eval,6803038208,2302
1790749097.6783,2992126,1851.473,expert2_eval,6803038208,2302
1790749098.7019365,2992126,1852.497,expert2_eval,6803038208,2302
1790749099.72375,2992126,1853.519,expert2_eval,6803038208,2302
1790749100.7508307,2992126,1854.546,expert2_eval,6803038208,2302
1790749101.772309,2992126,1855.567,expert2_eval,6803038208,2302
1790749102.7974014,2992126,1856.592,expert2_eval,6803038208,2302
1790749103.8219013,2992126,1857.617,expert2_eval,6803038208,2302
1790749104.842848,2992126,1858.638,expert2_eval,6803038208,2302
1790749105.8642282,2992126,1859.659,expert2_eval,6803038208,2302
1790749106.8867261,2992126,1860.682,expert2_eval,6803038208,2302
1790749107.9071784,2992126,1861.702,expert2_eval,6803038208,2302
1790749108.9304168,2992126,1862.725,expert2_eval,6803038208,2302
1790749109.9522371,2992126,1863.747,expert2_eval,6803038208,2302
1790749110.972747,2992126,1864.768,expert2_eval,6803038208,2302
1790749112.000548,2992126,1865.795,expert2_eval,6803038208,2302
1790749113.0323954,2992126,1866.827,expert2_eval,6803038208,2302
1790749114.0596535,2992126,1867.855,expert2_eval,6803038208,2302
1790749115.084086,2992126,1868.879,expert2_eval,6803038208,2302
1790749116.1038358,2992126,1869.899,expert2_eval,6803038208,2302
1790749117.1265352,2992126,1870.921,expert2_eval,6803038208,2302
1790749118.150774,2992126,1871.946,expert2_eval,6803038208,2302
1790749119.1743164,2992126,1872.969,expert2_eval,6803038208,2302
1790749120.1950634,2992126,1873.99,expert2_eval,6803038208,2302
1790749121.21539,2992126,1875.01,expert2_eval,6803038208,2302
1790749122.2373908,2992126,1876.032,expert2_eval,6803038208,2302
1790749123.2620814,2992126,1877.057,expert2_eval,6803038208,2302
1790749124.2932456,2992126,1878.088,expert2_eval,6803038208,2302
1790749125.3275127,2992126,1879.122,expert2_eval,6803038208,2302
1790749126.353286,2992126,1880.148,expert2_eval,6803038208,2302
1790749127.3780303,2992126,1881.173,expert2_eval,6803038208,2302
1790749128.4031894,2992126,1882.198,expert2_eval,6803038208,2302
1790749129.429356,2992126,1883.224,expert2_eval,6803038208,2302
1790749130.457095,2992126,1884.252,expert2_eval,6803038208,2302
1790749131.4787683,2992126,1885.274,expert2_eval,6803038208,2302
1790749132.5041347,2992126,1886.299,expert2_eval,6803038208,2302
1790749133.5301957,2992126,1887.325,expert2_eval,6803038208,2302
1790749134.553233,2992126,1888.348,expert2_eval,6803038208,2302
1790749135.5745263,2992126,1889.369,expert2_eval,6803038208,2302
1790749136.5987396,2992126,1890.394,expert2_eval,6803038208,2302
1790749137.6194713,2992126,1891.414,expert2_eval,6803038208,2302
1790749138.6470768,2992126,1892.442,expert2_eval,6803038208,2302
1790749139.678178,2992126,1893.473,expert2_eval,6803038208,2302
1790749140.7119315,2992126,1894.507,expert2_eval,6803038208,2302
1790749141.7374327,2992126,1895.532,expert2_eval,6803038208,2302
1790749142.7668242,2992126,1896.562,expert2_eval,6803038208,2302
1790749143.7896585,2992126,1897.585,expert2_eval,6803038208,2302
1790749144.8108695,2992126,1898.606,expert2_eval,6803038208,2302
1790749145.8326046,2992126,1899.628,expert2_eval,6803038208,2302
1790749146.8525257,2992126,1900.647,expert2_eval,6803038208,2302
1790749147.8747692,2992126,1901.67,expert2_eval,6803038208,2302
1790749148.895635,2992126,1902.691,expert2_eval,6803038208,2302
1790749149.9189174,2992126,1903.714,expert2_eval,6803038208,2302
1790749150.9406986,2992126,1904.736,expert2_eval,6803038208,2302
1790749151.9641695,2992126,1905.759,expert2_eval,6803038208,2302
1790749152.9840312,2992126,1906.779,expert2_eval,6803038208,2302
1790749154.0039217,2992126,1907.799,expert2_eval,6803038208,2302
1790749155.0246608,2992126,1908.82,expert2_eval,6803038208,2302
1790749156.0475817,2992126,1909.843,expert2_eval,6803038208,2302
1790749157.0677416,2992126,1910.863,expert2_eval,6803038208,2302
1790749158.0894942,2992126,1911.884,expert2_eval,6803038208,2302
1790749159.1145263,2992126,1912.909,expert2_eval,6803038208,2302
1790749160.1353638,2992126,1913.93,expert2_eval,6803038208,2302
1790749161.157943,2992126,1914.953,expert2_eval,6803038208,2302
1790749162.181313,2992126,1915.976,expert2_eval,6803038208,2302
1790749163.2037442,2992126,1916.999,expert2_eval,6803038208,2302
1790749164.2234051,2992126,1918.018,expert2_eval,6803038208,2302
1790749165.2458587,2992126,1919.041,expert2_eval,6803038208,2302
1790749166.2665923,2992126,1920.062,expert2_eval,6803038208,2302
1790749167.2892175,2992126,1921.084,expert2_eval,6803038208,2302
1790749168.3131196,2992126,1922.108,expert2_eval,6803038208,2302
1790749169.3369043,2992126,1923.132,expert2_eval,6803038208,2302
1790749170.3651211,2992126,1924.16,expert2_eval,6803038208,2302
1790749171.3890703,2992126,1925.184,expert2_eval,6803038208,2302
1790749172.4149818,2992126,1926.21,expert2_eval,6803038208,2302
1790749173.4399145,2992126,1927.235,expert2_eval,6803038208,2302
1790749174.4659102,2992126,1928.261,expert2_eval,6803038208,2302
1790749175.4872117,2992126,1929.282,expert2_eval,6803038208,2302
1790749176.5134685,2992126,1930.308,expert2_eval,6803038208,2302
1790749177.5393379,2992126,1931.334,expert2_eval,6803038208,2302
1790749178.5629358,2992126,1932.358,expert2_eval,6803038208,2302
1790749179.5881577,2992126,1933.383,expert2_eval,6803038208,2302
1790749180.6101942,2992126,1934.405,expert2_eval,6803038208,2302
1790749181.6351435,2992126,1935.43,expert2_eval,6803038208,2302
1790749182.6564136,2992126,1936.451,expert2_eval,6803038208,2302
1790749183.6827857,2992126,1937.478,expert2_eval,6803038208,2302
1790749184.7018318,2992126,1938.497,expert2_eval,6803038208,2302
1790749185.7230916,2992126,1939.518,expert2_eval,6803038208,2302
1790749186.7440972,2992126,1940.539,expert2_eval,6803038208,2302
1790749187.7686741,2992126,1941.564,expert2_eval,6803038208,2302
1790749188.7940443,2992126,1942.589,expert2_eval,6803038208,2302
1790749189.8256364,2992126,1943.621,expert2_eval,6803038208,2302
1790749190.8546903,2992126,1944.65,expert2_eval,6803038208,2302
1790749191.8848896,2992126,1945.68,expert2_eval,6803038208,2302
1790749192.9054163,2992126,1946.7,expert2_eval,6803038208,2302
1790749193.9283257,2992126,1947.723,expert2_eval,6803038208,2302
1790749194.9498086,2992126,1948.745,expert2_eval,6803038208,2302
1790749195.9707565,2992126,1949.766,expert2_eval,6803038208,2302
1790749196.995312,2992126,1950.79,expert2_eval,6803038208,2302
1790749198.018168,2992126,1951.813,expert2_eval,6803038208,2302
1790749199.0425868,2992126,1952.838,expert2_eval,6803038208,2302
1790749200.068095,2992126,1953.863,expert2_eval,6803038208,2302
1790749201.092177,2992126,1954.887,expert2_eval,6803038208,2302
1790749202.1129782,2992126,1955.908,expert2_eval,6803038208,2302
1790749203.1364818,2992126,1956.931,expert2_eval,6803038208,2302
1790749204.1586025,2992126,1957.954,expert2_eval,6803038208,2302
1790749205.179388,2992126,1958.974,expert2_eval,6803038208,2302
1790749206.2015793,2992126,1959.997,expert2_eval,6803038208,2302
1790749207.220876,2992126,1961.016,expert2_eval,6803038208,2302
1790749208.2402942,2992126,1962.035,expert2_eval,6803038208,2302
1790749209.2611842,2992126,1963.056,expert2_eval,6803038208,2302
1790749210.2842128,2992126,1964.079,expert2_eval,6803038208,2302
1790749211.3072782,2992126,1965.102,expert2_eval,6803038208,2302
1790749212.3280435,2992126,1966.123,expert2_eval,6803038208,2302
1790749213.3491173,2992126,1967.144,expert2_eval,6803038208,2302
1790749214.3711963,2992126,1968.166,expert2_eval,6803038208,2302
1790749215.3948717,2992126,1969.19,expert2_eval,6803038208,2302
1790749216.4197884,2992126,1970.215,expert2_eval,6803038208,2302
1790749217.4436545,2992126,1971.239,expert2_eval,6803038208,2302
1790749218.4651353,2992126,1972.26,expert2_eval,6803038208,2302
1790749219.4903312,2992126,1973.285,expert2_eval,6803038208,2302
1790749220.5095873,2992126,1974.305,expert2_eval,6803038208,2302
1790749221.529396,2992126,1975.324,expert2_eval,6803038208,2302
1790749222.549581,2992126,1976.345,expert2_eval,6803038208,2302
1790749223.5720484,2992126,1977.367,expert2_eval,6803038208,2302
1790749224.59776,2992126,1978.393,expert2_eval,6803038208,2302
1790749225.6229577,2992126,1979.418,expert2_eval,6803038208,2302
1790749226.644434,2992126,1980.439,expert2_eval,6803038208,2302
1790749227.6670594,2992126,1981.462,expert2_eval,6803038208,2302
1790749228.6922238,2992126,1982.487,expert2_eval,6803038208,2302
1790749229.7129676,2992126,1983.508,expert2_eval,6803038208,2302
1790749230.7380388,2992126,1984.533,expert2_eval,6803038208,2302
1790749231.7630072,2992126,1985.558,expert2_eval,6803038208,2302
1790749232.782351,2992126,1986.577,expert2_eval,6803038208,2302
1790749233.8043504,2992126,1987.599,expert2_eval,6803038208,2302
1790749234.8256574,2992126,1988.621,expert2_eval,6803038208,2302
1790749235.8496914,2992126,1989.645,expert2_eval,6803038208,2302
1790749236.8709278,2992126,1990.666,expert2_eval,6803038208,2302
1790749237.892911,2992126,1991.688,expert2_eval,6803038208,2302
1790749238.91506,2992126,1992.71,expert2_eval,6803038208,2302
1790749239.9336154,2992126,1993.729,expert2_eval,6803038208,2302
1790749240.9526331,2992126,1994.748,expert2_eval,6803038208,2302
1790749241.97305,2992126,1995.768,expert2_eval,6803038208,2302
1790749242.9932818,2992126,1996.788,expert2_eval,6803038208,2302
1790749244.0166907,2992126,1997.812,expert2_eval,6803038208,2302
1790749245.039803,2992126,1998.835,expert2_eval,6803038208,2302
1790749246.066091,2992126,1999.861,expert2_eval,6803038208,2302
1790749247.0880113,2992126,2000.883,expert2_eval,6803038208,2302
1790749248.1069772,2992126,2001.902,expert2_eval,6803038208,2302
1790749249.1267953,2992126,2002.922,expert2_eval,6803038208,2302
1790749250.1500273,2992126,2003.945,expert2_eval,6803038208,2302
1790749251.1709485,2992126,2004.966,expert2_eval,6803038208,2302
1790749252.194423,2992126,2005.989,expert2_eval,6803038208,2302
1790749253.2188964,2992126,2007.014,expert2_eval,6803038208,2302
1790749254.2401261,2992126,2008.035,expert2_eval,6803038208,2302
1790749255.265168,2992126,2009.06,expert2_eval,6803038208,2302
1790749256.2886374,2992126,2010.084,expert2_eval,6803038208,2302
1790749257.3179467,2992126,2011.113,expert2_eval,6803038208,2302
1790749258.3387175,2992126,2012.134,expert2_eval,6803038208,2302
1790749259.362729,2992126,2013.158,expert2_eval,6803038208,2302
1790749260.387011,2992126,2014.182,expert2_eval,6803038208,2302
1790749261.426487,2992126,2015.221,expert2_eval,6803038208,2302
1790749262.4557397,2992126,2016.251,expert2_eval,6803038208,2302
1790749263.4793706,2992126,2017.274,expert2_eval,6803038208,2302
1790749264.5035112,2992126,2018.298,expert2_eval,6803038208,2302
1790749265.5260952,2992126,2019.321,expert2_eval,6803038208,2302
1790749266.547565,2992126,2020.343,expert2_eval,6803038208,2302
1790749267.5681808,2992126,2021.363,expert2_eval,6803038208,2302
1790749268.5884695,2992126,2022.383,expert2_eval,6803038208,2302
1790749269.6121507,2992126,2023.407,expert2_eval,6803038208,2302
1790749270.635587,2992126,2024.431,expert2_eval,6803038208,2302
1790749271.6574981,2992126,2025.452,expert2_eval,6803038208,2302
1790749272.6769886,2992126,2026.472,expert2_eval,6803038208,2302
1790749273.6954377,2992126,2027.49,expert2_eval,6803038208,2302
1790749274.7143767,2992126,2028.509,expert2_eval,6803038208,2302
1790749275.7341657,2992126,2029.529,expert2_eval,6803038208,2302
1790749276.7635667,2992126,2030.559,expert2_eval,6803038208,2302
1790749277.7845767,2992126,2031.58,expert2_eval,6803038208,2302
1790749278.8053946,2992126,2032.6,expert2_eval,6803038208,2302
1790749279.8295429,2992126,2033.624,expert2_eval,6803038208,2302
1790749280.8544993,2992126,2034.649,expert2_eval,6803038208,2302
1790749281.8789835,2992126,2035.674,expert2_eval,6803038208,2302
1790749282.902381,2992126,2036.697,expert2_eval,6803038208,2302
1790749283.9243543,2992126,2037.719,expert2_eval,6803038208,2302
1790749284.9429803,2992126,2038.738,expert2_eval,6803038208,2302
1790749285.9619563,2992126,2039.757,expert2_eval,6803038208,2302
1790749286.9883285,2992126,2040.783,expert2_eval,6803038208,2302
1790749288.0098114,2992126,2041.805,expert2_eval,6803038208,2302
1790749289.0339668,2992126,2042.829,expert2_eval,6803038208,2302
1790749290.0576396,2992126,2043.853,expert2_eval,6803038208,2302
1790749291.0818622,2992126,2044.877,expert2_eval,6803038208,2302
1790749292.1096609,2992126,2045.905,expert2_eval,6803038208,2302
1790749293.130083,2992126,2046.925,expert2_eval,6803038208,2302
1790749294.1542912,2992126,2047.949,expert2_eval,6803038208,2302
1790749295.1785085,2992126,2048.973,expert2_eval,6803038208,2302
1790749296.2015114,2992126,2049.996,expert2_eval,6803038208,2302
1790749297.22582,2992126,2051.021,expert2_eval,6803038208,2302
1790749298.2481356,2992126,2052.043,expert2_eval,6803038208,2302
1790749299.2714765,2992126,2053.066,expert2_eval,6803038208,2302
1790749300.2946126,2992126,2054.09,expert2_eval,6803038208,2302
1790749301.31468,2992126,2055.11,expert2_eval,6803038208,2302
1790749302.3392606,2992126,2056.134,expert2_eval,6803038208,2302
1790749303.359498,2992126,2057.154,expert2_eval,6803038208,2302
1790749304.3804393,2992126,2058.175,expert2_eval,6803038208,2302
1790749305.4039931,2992126,2059.199,expert2_eval,6803038208,2302
1790749306.4289913,2992126,2060.224,expert2_eval,6803038208,2302
1790749307.453027,2992126,2061.248,expert2_eval,6803038208,2302
1790749308.4769685,2992126,2062.272,expert2_eval,6803038208,2302
1790749309.4990733,2992126,2063.294,expert2_eval,6803038208,2302
1790749310.5214257,2992126,2064.316,expert2_eval,6803038208,2302
1790749311.543086,2992126,2065.338,expert2_eval,6803038208,2302
1790749312.5709248,2992126,2066.366,expert2_eval,6803038208,2302
1790749313.5913537,2992126,2067.386,expert2_eval,6803038208,2302
1790749314.6133292,2992126,2068.408,expert2_eval,6803038208,2302
1790749315.634261,2992126,2069.429,expert2_eval,6803038208,2302
1790749316.6525698,2992126,2070.448,expert2_eval,6803038208,2302
1790749317.6728492,2992126,2071.468,expert2_eval,6803038208,2302
1790749318.693116,2992126,2072.488,expert2_eval,6803038208,2302
1790749319.7177503,2992126,2073.513,fit_scorer,6275010560,590
1790749320.758057,2992126,2074.553,fit_scorer,6281121792,590
1790749321.7782395,2992126,2075.573,fit_verifier,6288760832,590
1790749322.80143,2992126,2076.596,fit_verifier,6288760832,590
1790749323.8285327,2992126,2077.623,fit_verifier,6288760832,590
1790749324.8523147,2992126,2078.647,fit_verifier,6288760832,590
1790749325.8776786,2992126,2079.673,fit_verifier,6288760832,590
1790749326.9004629,2992126,2080.695,fit_verifier,6288760832,590
1790749327.9228406,2992126,2081.718,fit_verifier,6288760832,590
1790749328.9480493,2992126,2082.743,fit_verifier,6288760832,590
1790749329.9704106,2992126,2083.765,fit_verifier,6288826368,590
1790749330.9911237,2992126,2084.786,fit_verifier,6288826368,590
1790749332.0135586,2992126,2085.809,fit_verifier,6288826368,590
1790749333.0354774,2992126,2086.83,fit_verifier,6288826368,590
1790749334.0605085,2992126,2087.855,fit_verifier,6288826368,590
1790749335.0822308,2992126,2088.877,fit_verifier,6288826368,590
1790749336.1071653,2992126,2089.902,test_policy_scoring,6687318016,590
1790749337.1338015,2992126,2090.929,test_policy_scoring,6687580160,590
1790749338.1595097,2992126,2091.954,test_policy_scoring,6687580160,590
1790749339.1826541,2992126,2092.978,test_policy_scoring,6882312192,590
1790749340.2076325,2992126,2094.003,test_policy_scoring,6882312192,590
1790749341.236722,2992126,2095.032,starting,6339112960,590
