dataset,baseline_macro_f1,dce_macro_f1,delta
cifar100tasks,0.14593824667864175,0.15254929417044769,0.006611047491805938
