epoch,pid,elapsed_seconds,phase,rss_bytes,gpu_used_mib
1790685362.539002,1947239,0.115,input_loading,559083520,0
1790685363.5623126,1947239,1.139,input_loading,717639680,0
1790685364.5886683,1947239,2.165,input_loading,717647872,0
1790685365.6144156,1947239,3.191,input_loading,717651968,0
1790685366.6371741,1947239,4.213,input_loading,717651968,0
1790685367.660436,1947239,5.237,input_loading,717656064,0
1790685368.68959,1947239,6.266,input_loading,717664256,0
1790685369.7158442,1947239,7.292,input_loading,2172116992,0
1790685370.7381248,1947239,8.314,input_loading,6429790208,0
1790685371.7669425,1947239,9.343,input_loading,10723627008,0
1790685372.923625,1947239,10.5,input_loading,14700380160,0
1790685374.5428822,1947239,12.119,input_loading,19168497664,0
1790685375.7400815,1947239,13.316,input_loading,22357504000,0
1790685376.929497,1947239,14.506,input_loading,25250107392,0
1790685379.2864964,1947239,16.863,input_loading,23160516608,0
1790685388.8436198,1947239,26.42,input_loading,23781650432,0
1790685399.1994407,1947239,36.776,input_loading,23327977472,0
1790685400.8593524,1947239,38.436,input_loading,24237735936,0
1790685402.84661,1947239,40.423,input_loading,24262742016,0
1790685404.7922356,1947239,42.368,input_loading,23385079808,0
1790685406.862755,1947239,44.439,input_loading,1318170624,0
1790685407.885112,1947239,45.461,model_load,1534095360,432
1790685408.9089916,1947239,46.485,fit,1974059008,904
1790685409.9348662,1947239,47.511,fit,2051039232,908
1790685410.9603748,1947239,48.537,fit,2059812864,908
1790685411.9852574,1947239,49.561,fit,2074812416,908
1790685413.0055313,1947239,50.582,fit,2078224384,908
1790685414.0286756,1947239,51.605,fit,2078224384,908
1790685415.0532196,1947239,52.629,fit,2090225664,908
1790685416.075672,1947239,53.652,fit,2090225664,908
1790685417.1054397,1947239,54.682,fit,2103058432,908
1790685418.1321626,1947239,55.708,fit,2103062528,908
1790685419.1557708,1947239,56.732,fit,2116657152,908
1790685420.1874611,1947239,57.764,fit,2124660736,908
1790685421.2137885,1947239,58.79,fit,2131058688,908
1790685422.2413814,1947239,59.818,fit,2138857472,908
1790685423.2664218,1947239,60.843,fit,2143858688,908
1790685424.2867672,1947239,61.863,fit,2153463808,908
1790685425.3093495,1947239,62.886,fit,2156658688,908
1790685426.3338287,1947239,63.91,fit,2167058432,908
1790685427.3583376,1947239,64.935,fit,2170257408,908
1790685428.3801384,1947239,65.956,fit,2183860224,908
1790685429.4033592,1947239,66.98,fit,2183860224,908
1790685430.4299395,1947239,68.006,fit,2196660224,908
1790685431.4529088,1947239,69.029,fit,2196660224,908
1790685432.479305,1947239,70.056,fit,2210258944,908
1790685433.5059843,1947239,71.082,fit,2210258944,908
1790685434.53311,1947239,72.109,fit,2223058944,908
1790685435.559453,1947239,73.136,fit,2229460992,908
1790685436.58512,1947239,74.161,fit,2235879424,908
1790685437.6081522,1947239,75.184,fit,2242879488,908
1790685438.6304133,1947239,76.207,fit,2249478144,908
1790685439.6570053,1947239,77.233,fit,2258878464,908
1790685440.6795783,1947239,78.256,fit,2262278144,908
1790685441.7043235,1947239,79.281,fit,2271080448,908
1790685442.729913,1947239,80.306,fit,2275078144,908
1790685443.7553282,1947239,81.332,fit,2288697344,908
1790685444.7815297,1947239,82.358,fit,2288697344,908
1790685445.8064942,1947239,83.383,fit,2301497344,908
1790685446.8324254,1947239,84.409,fit,2301497344,908
1790685447.8579786,1947239,85.434,fit,2314297344,908
1790685448.8821476,1947239,86.458,fit,2314297344,908
1790685449.9084263,1947239,87.485,fit,2327896064,908
1790685450.9339197,1947239,88.51,fit,2327896064,908
1790685451.9567506,1947239,89.533,fit,2340696064,908
1790685452.9813151,1947239,90.558,fit,2340696064,908
1790685454.0077875,1947239,91.584,fit,2353496064,908
1790685455.0373564,1947239,92.614,fit,2353496064,908
1790685456.06635,1947239,93.643,fit,2367094784,908
1790685457.0932887,1947239,94.669,fit,2378895360,908
1790685458.1147542,1947239,95.691,fit,2379694080,908
1790685459.1380928,1947239,96.714,fit,2387697664,908
1790685460.1653945,1947239,97.742,fit,2392694784,908
1790685461.195311,1947239,98.772,fit,2404696064,908
1790685462.2205591,1947239,99.797,fit,2406297600,908
1790685463.2443557,1947239,100.821,fit,2418896896,908
1790685464.2714853,1947239,101.848,fit,2418896896,908
1790685465.2979336,1947239,102.874,fit,2431897600,908
1790685466.32233,1947239,103.899,fit,2431897600,908
1790685467.3497283,1947239,104.926,fit,2445496320,908
1790685468.3720417,1947239,105.948,fit,2445496320,908
1790685469.3988104,1947239,106.975,fit,2458894336,908
1790685470.420899,1947239,107.997,fit,2458894336,908
1790685471.4466665,1947239,109.023,fit,2471096320,908
1790685472.4757526,1947239,110.052,fit,2471096320,908
1790685473.4974077,1947239,111.074,fit,2484695040,908
1790685474.5191495,1947239,112.095,fit,2498895872,908
1790685475.5405538,1947239,113.117,fit,2498895872,908
1790685476.566758,1947239,114.143,fit,2506895360,908
1790685477.591823,1947239,115.168,fit,2510295040,908
1790685478.6194563,1947239,116.196,fit,2522894336,908
1790685479.6434867,1947239,117.22,fit,2523697152,908
1790685480.6702518,1947239,118.246,fit,2538897408,908
1790685481.6969311,1947239,119.273,fit,2538897408,908
1790685482.7252035,1947239,120.301,fit,2549497856,908
1790685483.7522848,1947239,121.328,fit,2549497856,908
1790685484.7773066,1947239,122.354,fit,2562895872,908
1790685485.803075,1947239,123.379,fit,2562895872,908
1790685486.8296921,1947239,124.406,fit,2578911232,908
1790685487.8543231,1947239,125.431,fit,2578911232,908
1790685488.8768706,1947239,126.453,fit,2588717056,908
1790685489.8973968,1947239,127.474,fit,2588717056,908
1790685490.9189749,1947239,128.495,fit,2602917888,908
1790685491.9456797,1947239,129.522,fit,2602917888,908
1790685492.972423,1947239,130.549,fit,2618916864,908
1790685494.000543,1947239,131.577,fit,2626916352,908
1790685495.0291018,1947239,132.605,fit,2627715072,908
1790685496.0531056,1947239,133.629,fit,2642915328,908
1790685497.0768447,1947239,134.653,fit,2642915328,908
1790685498.1003377,1947239,135.677,fit,2658918400,908
1790685499.1258698,1947239,136.702,fit,2658918400,908
1790685500.15131,1947239,137.728,fit,2666917888,908
1790685501.176797,1947239,138.753,fit,2666917888,908
1790685502.203491,1947239,139.78,fit,2682916864,908
1790685503.2277927,1947239,140.804,fit,2682916864,908
1790685504.251633,1947239,141.828,fit,2698915840,908
1790685505.2716682,1947239,142.848,fit,2698915840,908
1790685506.2944798,1947239,143.871,predict,2706935808,908
1790685507.3156757,1947239,144.892,predict,2706935808,908
1790685508.3365438,1947239,145.913,predict,2706935808,908
1790685509.359912,1947239,146.936,predict,2706935808,908
1790685510.385678,1947239,147.962,predict,2706935808,908
1790685511.4086125,1947239,148.985,predict,2706935808,908
1790685512.4344864,1947239,150.011,predict,2706935808,908
1790685513.4532228,1947239,151.029,predict,2706935808,908
1790685514.474108,1947239,152.05,predict,2706935808,908
1790685515.4986258,1947239,153.075,predict,2706935808,908
1790685516.5200372,1947239,154.096,predict,2706935808,908
1790685517.5407,1947239,155.117,predict,2706935808,908
1790685518.5644982,1947239,156.141,predict,2706935808,908
1790685519.586258,1947239,157.162,predict,2706935808,908
1790685520.605203,1947239,158.181,predict,2706935808,908
1790685521.6255732,1947239,159.202,predict,2706935808,908
1790685522.6493316,1947239,160.226,predict,2706935808,908
1790685523.6743536,1947239,161.251,predict,2706935808,908
1790685524.695617,1947239,162.272,predict,2706935808,908
1790685525.7139094,1947239,163.29,predict,2706935808,908
1790685526.7338963,1947239,164.31,predict,2706935808,908
1790685527.754026,1947239,165.33,predict,2706935808,908
1790685528.7770681,1947239,166.353,predict,2706935808,908
1790685529.8006277,1947239,167.377,predict,2706935808,908
1790685530.8254774,1947239,168.402,predict,2706935808,908
1790685531.8489008,1947239,169.425,predict,2706935808,908
1790685532.8741496,1947239,170.45,predict,2706935808,908
1790685533.8990357,1947239,171.475,predict,2706935808,908
1790685534.9245648,1947239,172.501,predict,2706935808,908
1790685535.945156,1947239,173.521,predict,2707353600,908
1790685536.966114,1947239,174.542,predict,2709975040,908
1790685537.9875371,1947239,175.564,predict,2712649728,908
1790685539.0113344,1947239,176.588,predict,2715549696,908
1790685540.0329483,1947239,177.609,predict,2988154880,908
1790685541.0578897,1947239,178.634,predict,2988154880,908
1790685542.0812488,1947239,179.657,predict,2988154880,908
1790685543.1064098,1947239,180.683,predict,2988154880,908
1790685544.1312263,1947239,181.707,predict,2988154880,908
1790685545.1554751,1947239,182.732,predict,2988154880,908
1790685546.1780176,1947239,183.754,predict,2988154880,908
1790685547.1989627,1947239,184.775,predict,2988154880,908
1790685548.2188482,1947239,185.795,predict,2988154880,908
1790685549.2404299,1947239,186.817,predict,2988154880,908
1790685550.2612977,1947239,187.837,predict,2988154880,908
1790685551.2821767,1947239,188.858,predict,2988154880,908
1790685552.3027117,1947239,189.879,predict,2988154880,908
1790685553.3238034,1947239,190.9,predict,2988154880,908
1790685554.3482168,1947239,191.924,predict,2988154880,908
1790685555.3739376,1947239,192.95,predict,2988154880,908
1790685556.3972042,1947239,193.973,predict,2988154880,908
1790685557.41665,1947239,194.993,predict,2988154880,908
1790685558.4372768,1947239,196.013,predict,2988154880,908
1790685559.4584022,1947239,197.035,predict,2988154880,908
1790685560.4810677,1947239,198.057,predict,2988154880,908
1790685561.5035992,1947239,199.08,predict,2988154880,908
1790685562.5240884,1947239,200.1,predict,2988154880,908
1790685563.5460792,1947239,201.122,predict,2988154880,908
1790685564.5699773,1947239,202.146,predict,2988154880,908
1790685565.5949624,1947239,203.171,predict,2988154880,908
1790685566.6177378,1947239,204.194,predict,2988154880,908
1790685567.6399996,1947239,205.216,predict,2988154880,908
1790685568.6622684,1947239,206.238,predict,2988154880,908
1790685569.6845026,1947239,207.261,predict,2988154880,908
1790685570.7056997,1947239,208.282,predict,2988154880,908
1790685571.7264504,1947239,209.303,predict,2988154880,908
1790685572.7477353,1947239,210.324,predict,2988154880,908
1790685573.7711303,1947239,211.347,predict,2990170112,908
1790685574.7915688,1947239,212.368,predict,2990776320,908
1790685575.8130147,1947239,213.389,predict,2990776320,908
1790685576.8359241,1947239,214.412,predict,2990776320,908
1790685577.8558733,1947239,215.432,predict,2990776320,908
1790685578.8781366,1947239,216.454,predict,2990776320,908
1790685579.9016204,1947239,217.478,predict,2990776320,908
1790685580.9241815,1947239,218.5,predict,2990776320,908
1790685581.947743,1947239,219.524,predict,2990776320,908
1790685582.9756413,1947239,220.552,predict,2990776320,908
1790685583.9993718,1947239,221.576,predict,2990776320,908
1790685585.0239692,1947239,222.6,predict,2990776320,908
1790685586.0481067,1947239,223.624,predict,2990776320,908
1790685587.0773897,1947239,224.654,predict,2990776320,908
1790685588.1021974,1947239,225.678,predict,2990776320,908
1790685589.1283412,1947239,226.705,predict,2990776320,908
1790685590.1530843,1947239,227.729,predict,2990776320,908
1790685591.1739216,1947239,228.75,predict,2990776320,908
1790685592.1974592,1947239,229.774,predict,2990776320,908
1790685593.2228644,1947239,230.799,predict,2990776320,908
1790685594.2492948,1947239,231.825,predict,2990776320,908
1790685595.271022,1947239,232.847,predict,2990776320,908
1790685596.294837,1947239,233.871,predict,2990776320,908
1790685597.3239915,1947239,234.9,predict,2990776320,908
1790685598.351485,1947239,235.928,predict,2990776320,908
1790685599.3757243,1947239,236.952,predict,2990776320,908
1790685600.400604,1947239,237.977,predict,2990776320,908
1790685601.4273775,1947239,239.004,predict,2990776320,908
1790685602.4546208,1947239,240.031,predict,2990776320,908
1790685603.4808738,1947239,241.057,predict,2990776320,908
1790685604.5065095,1947239,242.083,predict,2990776320,908
1790685605.5293012,1947239,243.106,predict,2990776320,908
1790685606.5509417,1947239,244.127,predict,2990776320,908
1790685607.5704114,1947239,245.147,predict,2990776320,908
1790685608.5900607,1947239,246.166,predict,2990776320,908
1790685609.6110845,1947239,247.187,predict,2990809088,908
1790685610.633727,1947239,248.21,predict,2990809088,908
1790685611.6544766,1947239,249.231,predict,2990809088,908
1790685612.6782959,1947239,250.254,predict,2990809088,908
1790685613.7024865,1947239,251.279,predict,2990809088,908
1790685614.7264988,1947239,252.303,predict,2990809088,908
1790685615.75147,1947239,253.328,predict,2990809088,908
1790685616.7812576,1947239,254.357,predict,2990809088,908
1790685617.810961,1947239,255.387,predict,2990809088,908
1790685618.8390098,1947239,256.415,predict,2990809088,908
1790685619.8609626,1947239,257.437,predict,2990809088,908
1790685620.8829112,1947239,258.459,predict,2990809088,908
1790685621.9062767,1947239,259.482,predict,2990809088,908
1790685622.9333916,1947239,260.51,predict,2990809088,908
1790685623.9552922,1947239,261.531,predict,2990809088,908
1790685624.9804196,1947239,262.557,predict,2990809088,908
1790685626.0080476,1947239,263.584,predict,2990809088,908
1790685627.0343032,1947239,264.611,predict,2990809088,908
1790685628.058209,1947239,265.634,predict,2990809088,908
1790685629.081741,1947239,266.658,predict,2990809088,908
1790685630.107604,1947239,267.684,predict,2990809088,908
1790685631.135566,1947239,268.712,predict,2990809088,908
1790685632.1633072,1947239,269.74,predict,2990809088,908
1790685633.1907415,1947239,270.767,predict,2990809088,908
1790685634.2150035,1947239,271.791,predict,2990809088,908
1790685635.244745,1947239,272.821,predict,2990809088,908
1790685636.2713907,1947239,273.848,predict,2990809088,908
1790685637.2950053,1947239,274.871,predict,2990809088,908
1790685638.3158987,1947239,275.892,predict,2990809088,908
1790685639.3370697,1947239,276.913,predict,2990809088,908
1790685640.358188,1947239,277.934,predict,2990809088,908
1790685641.383452,1947239,278.96,predict,2990809088,908
1790685642.4135127,1947239,279.99,predict,2990809088,908
1790685643.440643,1947239,281.017,predict,2990809088,908
1790685644.4672725,1947239,282.043,predict,2990809088,908
1790685645.492067,1947239,283.068,predict,2990809088,908
1790685646.5175674,1947239,284.094,predict,2990809088,908
1790685647.54492,1947239,285.121,predict,2990809088,908
1790685648.5693452,1947239,286.146,predict,2990809088,908
1790685649.59232,1947239,287.169,predict,2990809088,908
1790685650.6185706,1947239,288.195,predict,2990809088,908
1790685651.641416,1947239,289.218,predict,2990809088,908
1790685652.6611552,1947239,290.237,predict,2990809088,908
1790685653.6817632,1947239,291.258,predict,2990809088,908
1790685654.7054994,1947239,292.282,predict,2990809088,908
1790685655.7295449,1947239,293.306,predict,2990809088,908
1790685656.7563915,1947239,294.333,predict,2990809088,908
1790685657.7781608,1947239,295.354,predict,2990809088,908
1790685658.7994425,1947239,296.376,predict,2990809088,908
1790685659.8206654,1947239,297.397,predict,2990809088,908
1790685660.8439708,1947239,298.42,predict,2990809088,908
1790685661.8709226,1947239,299.447,predict,2990809088,908
1790685662.8982842,1947239,300.474,predict,2990809088,908
1790685663.9267938,1947239,301.503,predict,2990809088,908
1790685664.951996,1947239,302.528,predict,2990809088,908
1790685665.974541,1947239,303.551,predict,2990809088,908
1790685667.0031476,1947239,304.579,predict,2990809088,908
1790685668.029154,1947239,305.605,predict,2990809088,908
1790685669.0539799,1947239,306.63,predict,2990809088,908
1790685670.076314,1947239,307.653,predict,2990809088,908
1790685671.0962956,1947239,308.672,predict,2990809088,908
1790685672.118406,1947239,309.695,predict,2990809088,908
1790685673.1434433,1947239,310.72,predict,2990809088,908
1790685674.1690319,1947239,311.745,predict,2990809088,908
1790685675.1915815,1947239,312.768,predict,2990809088,908
1790685676.2141662,1947239,313.79,predict,2990809088,908
1790685677.2415605,1947239,314.818,predict,2990809088,908
1790685678.2652144,1947239,315.841,predict,2990809088,908
1790685679.288893,1947239,316.865,predict,2990809088,908
1790685680.3209167,1947239,317.897,predict,2990809088,908
1790685681.3488085,1947239,318.925,predict,2990809088,908
1790685682.3722885,1947239,319.948,predict,2990809088,908
1790685683.3922536,1947239,320.968,predict,2990809088,908
1790685684.415669,1947239,321.992,predict,2990809088,908
1790685685.4375405,1947239,323.014,predict,2990809088,908
1790685686.4596617,1947239,324.036,predict,2990809088,908
1790685687.4823067,1947239,325.059,predict,2990809088,908
1790685688.508745,1947239,326.085,predict,2990809088,908
1790685689.5307245,1947239,327.107,predict,2990809088,908
1790685690.5529578,1947239,328.129,predict,2990809088,908
1790685691.5787802,1947239,329.155,predict,2990809088,908
1790685692.6024554,1947239,330.179,predict,2990809088,908
1790685693.6251802,1947239,331.201,predict,2990809088,908
1790685694.6505854,1947239,332.227,predict,2990809088,908
1790685695.6768005,1947239,333.253,predict,2990809088,908
1790685696.7056148,1947239,334.282,predict,2990809088,908
1790685697.731114,1947239,335.307,predict,2990809088,908
1790685698.7526572,1947239,336.329,predict,2990809088,908
1790685699.7751086,1947239,337.351,predict,2990809088,908
1790685700.7949104,1947239,338.371,predict,2990809088,908
1790685701.815381,1947239,339.392,predict,2990809088,908
1790685702.8383844,1947239,340.415,predict,2990809088,908
1790685703.8645427,1947239,341.441,predict,2990809088,908
1790685704.885481,1947239,342.462,predict,2990809088,908
1790685705.9055824,1947239,343.482,predict,2990809088,908
1790685706.927458,1947239,344.504,predict,2990809088,908
1790685707.9500797,1947239,345.526,predict,2990809088,908
1790685708.9778042,1947239,346.554,predict,2990809088,908
1790685710.0036664,1947239,347.58,predict,2990809088,908
1790685711.028073,1947239,348.604,predict,2990809088,908
1790685712.0540154,1947239,349.63,predict,2990809088,908
1790685713.0806172,1947239,350.657,predict,2990809088,908
1790685714.111169,1947239,351.687,predict,3263418368,908
1790685715.1400297,1947239,352.716,predict,2990809088,908
1790685716.1664305,1947239,353.743,predict,2990809088,908
1790685717.1885188,1947239,354.765,predict,2990809088,908
1790685718.2144077,1947239,355.791,predict,2990809088,908
1790685719.2374167,1947239,356.814,predict,2990809088,908
1790685720.2645535,1947239,357.841,predict,2990809088,908
1790685721.284783,1947239,358.861,predict,2990809088,908
1790685722.307617,1947239,359.884,predict,2990809088,908
1790685723.3299,1947239,360.906,predict,2990809088,908
1790685724.3526163,1947239,361.929,predict,2990809088,908
1790685725.3781097,1947239,362.954,predict,2990809088,908
1790685726.405232,1947239,363.981,predict,2990809088,908
1790685727.4281883,1947239,365.004,predict,2990809088,908
1790685728.4502766,1947239,366.026,predict,2990809088,908
1790685729.4766302,1947239,367.053,predict,2990809088,908
1790685730.5004826,1947239,368.077,predict,2990809088,908
1790685731.5223958,1947239,369.099,predict,2990809088,908
1790685732.5450866,1947239,370.121,predict,2990809088,908
1790685733.5744412,1947239,371.151,predict,2990809088,908
1790685734.6019633,1947239,372.178,predict,2990809088,908
1790685735.6257162,1947239,373.202,predict,2990809088,908
1790685736.6479473,1947239,374.224,predict,2990809088,908
1790685737.6704633,1947239,375.247,predict,2990809088,908
1790685738.6961298,1947239,376.272,predict,2990809088,908
1790685739.7216814,1947239,377.298,predict,2990809088,908
1790685740.745774,1947239,378.322,predict,2990809088,908
1790685741.7693048,1947239,379.346,predict,2990809088,908
1790685742.7918274,1947239,380.368,predict,2990809088,908
1790685743.814159,1947239,381.39,predict,2990809088,908
1790685744.839273,1947239,382.415,predict,2990809088,908
1790685745.8662226,1947239,383.442,predict,2990809088,908
1790685746.8940039,1947239,384.47,predict,2990809088,908
1790685747.919457,1947239,385.496,predict,3172548608,908
1790685748.9421268,1947239,386.518,predict,2990809088,908
1790685749.967295,1947239,387.543,predict,2990809088,908
1790685750.9894247,1947239,388.566,predict,2990809088,908
1790685752.0158641,1947239,389.592,predict,2990809088,908
1790685753.0417025,1947239,390.618,predict,2990809088,908
1790685754.065493,1947239,391.642,predict,2990809088,908
1790685755.090651,1947239,392.667,predict,2990809088,908
1790685756.1114492,1947239,393.688,predict,2990809088,908
1790685757.133889,1947239,394.71,predict,2990809088,908
1790685758.1579878,1947239,395.734,predict,2990809088,908
1790685759.1883507,1947239,396.765,predict,2990809088,908
1790685760.2160385,1947239,397.792,predict,2990809088,908
1790685761.244222,1947239,398.82,predict,2990809088,908
1790685762.2708573,1947239,399.847,predict,2990809088,908
1790685763.298571,1947239,400.875,predict,2990809088,908
1790685764.325792,1947239,401.902,predict,2990809088,908
1790685765.355335,1947239,402.932,predict,2990809088,908
1790685766.382107,1947239,403.958,predict,2990809088,908
1790685767.407785,1947239,404.984,predict,2990809088,908
1790685768.4381652,1947239,406.014,predict,2990809088,908
1790685769.4634397,1947239,407.04,predict,2990809088,908
1790685770.4870257,1947239,408.063,predict,2990809088,908
1790685771.5106606,1947239,409.087,predict,2990809088,908
1790685772.532583,1947239,410.109,predict,2990809088,908
1790685773.5573294,1947239,411.134,predict,2990809088,908
1790685774.5774078,1947239,412.154,predict,2990809088,908
1790685775.5986705,1947239,413.175,predict,2990809088,908
1790685776.623936,1947239,414.2,predict,2990809088,908
1790685777.6453674,1947239,415.222,predict,2990809088,908
1790685778.665487,1947239,416.242,predict,2990809088,908
1790685779.6858253,1947239,417.262,predict,2990809088,908
1790685780.7060728,1947239,418.282,predict,2990809088,908
1790685781.7261388,1947239,419.302,predict,2990809088,908
1790685782.7521951,1947239,420.328,predict,2991104000,908
1790685783.7769678,1947239,421.353,predict,2991104000,908
1790685784.8031075,1947239,422.379,predict,2991104000,908
1790685785.8261144,1947239,423.402,predict,2991104000,908
1790685786.8485034,1947239,424.425,predict,2991104000,908
1790685787.8685637,1947239,425.445,predict,2991104000,908
1790685788.8896277,1947239,426.466,predict,2991104000,908
1790685789.9103904,1947239,427.487,predict,2991104000,908
1790685790.9329176,1947239,428.509,predict,2991104000,908
1790685791.9561167,1947239,429.532,predict,2991104000,908
1790685792.981739,1947239,430.558,predict,2991104000,908
1790685794.008414,1947239,431.585,predict,2991104000,908
1790685795.0311964,1947239,432.607,predict,2991104000,908
1790685796.0616589,1947239,433.638,predict,2991104000,908
1790685797.0910676,1947239,434.667,predict,2991104000,908
1790685798.112329,1947239,435.689,predict,2991104000,908
1790685799.1367462,1947239,436.713,predict,2991104000,908
1790685800.1604083,1947239,437.737,predict,2991104000,908
1790685801.1821234,1947239,438.758,predict,2991104000,908
1790685802.2084434,1947239,439.785,predict,2991104000,908
1790685803.2325892,1947239,440.809,predict,2991104000,908
1790685804.257986,1947239,441.834,predict,2991104000,908
1790685805.2841852,1947239,442.86,predict,2991104000,908
1790685806.3083436,1947239,443.885,predict,2991104000,908
1790685807.3281682,1947239,444.904,predict,2991104000,908
1790685808.3502755,1947239,445.926,predict,2991104000,908
1790685809.375148,1947239,446.951,predict,2991104000,908
1790685810.4005458,1947239,447.977,predict,2991104000,908
1790685811.427226,1947239,449.003,predict,2991104000,908
1790685812.4538982,1947239,450.03,predict,2991104000,908
1790685813.4817972,1947239,451.058,predict,2991104000,908
1790685814.5112925,1947239,452.087,predict,2991104000,908
1790685815.5374265,1947239,453.114,predict,2991104000,908
1790685816.5596702,1947239,454.136,predict,2991104000,908
1790685817.5832584,1947239,455.159,predict,2991104000,908
1790685818.6071854,1947239,456.183,predict,2991104000,908
1790685819.6341684,1947239,457.21,predict,2991104000,908
1790685820.6620872,1947239,458.238,predict,2991104000,908
1790685821.6870031,1947239,459.263,predict,2991104000,908
1790685822.7092018,1947239,460.285,predict,2991104000,908
1790685823.7329643,1947239,461.309,predict,2991104000,908
1790685824.7557175,1947239,462.332,predict,2991104000,908
1790685825.7770522,1947239,463.353,predict,2991104000,908
1790685826.8033931,1947239,464.38,predict,2991104000,908
1790685827.8263974,1947239,465.403,predict,2991104000,908
1790685828.8517118,1947239,466.428,predict,2991104000,908
1790685829.8732896,1947239,467.449,predict,2991104000,908
1790685830.9009275,1947239,468.477,predict,2991104000,908
1790685831.9257936,1947239,469.502,predict,2991104000,908
1790685832.9518843,1947239,470.528,predict,2991104000,908
1790685833.977234,1947239,471.553,predict,2991104000,908
1790685835.0001779,1947239,472.576,predict,2991104000,908
1790685836.0226996,1947239,473.599,predict,2991104000,908
1790685837.045454,1947239,474.622,predict,2991104000,908
1790685838.067266,1947239,475.643,predict,2991104000,908
1790685839.093881,1947239,476.67,predict,2991104000,908
1790685840.121376,1947239,477.698,predict,2991104000,908
1790685841.1487541,1947239,478.725,predict,2991104000,908
1790685842.1698244,1947239,479.746,predict,2991104000,908
1790685843.1903193,1947239,480.767,predict,2991104000,908
1790685844.2093241,1947239,481.786,predict,2991104000,908
1790685845.2319248,1947239,482.808,predict,2991104000,908
1790685846.2586854,1947239,483.835,predict,2991104000,908
1790685847.2890217,1947239,484.865,predict,2991104000,908
1790685848.3180757,1947239,485.894,predict,2991104000,908
1790685849.3466523,1947239,486.923,predict,2991104000,908
1790685850.3719745,1947239,487.948,predict,2991104000,908
1790685851.3940046,1947239,488.97,predict,2991431680,908
1790685852.4158497,1947239,489.992,predict,2991431680,908
1790685853.4389675,1947239,491.015,predict,2991431680,908
1790685854.4617188,1947239,492.038,predict,2991431680,908
1790685855.4899957,1947239,493.066,predict,2991431680,908
1790685856.5123253,1947239,494.089,predict,2991431680,908
1790685857.5400696,1947239,495.116,predict,2991431680,908
1790685858.564877,1947239,496.141,predict,2991431680,908
1790685859.590112,1947239,497.166,predict,2991431680,908
1790685860.6181667,1947239,498.194,predict,2991431680,908
1790685861.6455505,1947239,499.222,predict,2991431680,908
1790685862.679248,1947239,500.255,predict,2991431680,908
1790685863.7080142,1947239,501.284,predict,2991431680,908
1790685864.736469,1947239,502.313,predict,2991431680,908
1790685865.7664616,1947239,503.343,predict,2991431680,908
1790685866.795158,1947239,504.371,predict,2991431680,908
1790685867.8255937,1947239,505.402,predict,2991431680,908
1790685868.8519895,1947239,506.428,predict,2991431680,908
1790685869.8805752,1947239,507.457,predict,2991431680,908
1790685870.9091485,1947239,508.485,predict,2991431680,908
1790685871.9373724,1947239,509.514,predict,2991431680,908
1790685872.9666812,1947239,510.543,predict,2991431680,908
1790685873.990355,1947239,511.567,predict,2991431680,908
1790685875.0131195,1947239,512.589,predict,2991431680,908
1790685876.0346885,1947239,513.611,predict,2991431680,908
1790685877.0558214,1947239,514.632,predict,2991431680,908
1790685878.0765977,1947239,515.653,predict,2991431680,908
1790685879.0941906,1947239,516.67,predict,2991431680,908
1790685880.1133978,1947239,517.69,predict,2991431680,908
1790685881.1342652,1947239,518.71,predict,2991431680,908
1790685882.1581519,1947239,519.734,predict,2991431680,908
1790685883.1832922,1947239,520.759,predict,2991431680,908
1790685884.2076197,1947239,521.784,predict,2991431680,908
1790685885.2284107,1947239,522.805,predict,2991431680,908
1790685886.2501128,1947239,523.826,predict,2991431680,908
1790685887.2741742,1947239,524.85,predict,2991431680,908
1790685888.2935371,1947239,525.87,predict,2991431680,908
1790685889.3153305,1947239,526.892,predict,2991431680,908
1790685890.335365,1947239,527.912,predict,2991431680,908
1790685891.3540814,1947239,528.93,predict,2991431680,908
1790685892.3725274,1947239,529.949,predict,2991431680,908
1790685893.3920856,1947239,530.968,predict,2991431680,908
1790685894.4167776,1947239,531.993,predict,2991431680,908
1790685895.4461725,1947239,533.022,predict,2991431680,908
1790685896.4686337,1947239,534.045,predict,2991431680,908
1790685897.4934154,1947239,535.07,predict,2991431680,908
1790685898.5197887,1947239,536.096,predict,2991431680,908
1790685899.5428193,1947239,537.119,predict,2991431680,908
1790685900.5666199,1947239,538.143,predict,2991431680,908
1790685901.595281,1947239,539.171,predict,2991431680,908
1790685902.6199384,1947239,540.196,predict,2991431680,908
1790685903.6467705,1947239,541.223,predict,2991431680,908
1790685904.6743312,1947239,542.251,predict,2991431680,908
1790685905.699174,1947239,543.275,predict,2991431680,908
1790685906.7273936,1947239,544.304,predict,2991431680,908
1790685907.7520323,1947239,545.328,predict,2991431680,908
1790685908.7764113,1947239,546.353,predict,2991431680,908
1790685909.802736,1947239,547.379,predict,2991431680,908
1790685910.8283992,1947239,548.405,predict,2991431680,908
1790685911.8518918,1947239,549.428,predict,2991431680,908
1790685912.8769267,1947239,550.453,predict,2991431680,908
1790685913.8973289,1947239,551.474,predict,2991431680,908
1790685914.9165156,1947239,552.493,predict,2991431680,908
1790685915.941042,1947239,553.517,predict,2991431680,908
1790685916.9646873,1947239,554.541,predict,2991431680,908
1790685917.988584,1947239,555.565,predict,2991431680,908
1790685919.0103776,1947239,556.587,predict,2991431680,908
1790685920.0372667,1947239,557.613,predict,2991431680,908
1790685921.0661964,1947239,558.642,predict,2991431680,908
1790685922.0921445,1947239,559.668,predict,2991431680,908
1790685923.1163254,1947239,560.693,predict,2991431680,908
1790685924.146952,1947239,561.723,predict,2991431680,908
1790685925.1728563,1947239,562.749,predict,2991431680,908
1790685926.1997814,1947239,563.776,predict,2991431680,908
1790685927.2242785,1947239,564.8,predict,2991431680,908
1790685928.2471623,1947239,565.823,predict,2991431680,908
1790685929.2707138,1947239,566.847,predict,2991431680,908
1790685930.2971835,1947239,567.873,predict,2991431680,908
1790685931.323225,1947239,568.899,predict,2991431680,908
1790685932.346385,1947239,569.923,predict,2991431680,908
1790685933.3704464,1947239,570.947,predict,2991431680,908
1790685934.3974512,1947239,571.974,predict,2991431680,908
1790685935.4243498,1947239,573.001,predict,2991431680,908
1790685936.4524908,1947239,574.029,predict,2991431680,908
1790685937.4784327,1947239,575.055,predict,2991431680,908
1790685938.5065594,1947239,576.083,predict,2991431680,908
1790685939.5322776,1947239,577.108,predict,2991431680,908
1790685940.557053,1947239,578.133,predict,2991431680,908
1790685941.5792756,1947239,579.155,predict,2991431680,908
1790685942.598896,1947239,580.175,predict,2991431680,908
1790685943.6215885,1947239,581.198,predict,2991431680,908
1790685944.643512,1947239,582.22,predict,2991431680,908
1790685945.6645277,1947239,583.241,predict,2991431680,908
1790685946.6857836,1947239,584.262,predict,2991431680,908
1790685947.7088308,1947239,585.285,predict,2991431680,908
1790685948.736074,1947239,586.312,predict,2991431680,908
1790685949.7599366,1947239,587.336,predict,2991431680,908
1790685950.785467,1947239,588.362,predict,2991431680,908
1790685951.8151913,1947239,589.391,predict,2991431680,908
1790685952.8391602,1947239,590.415,predict,2991431680,908
1790685953.862113,1947239,591.438,predict,2991431680,908
1790685954.8877165,1947239,592.464,predict,2991431680,908
1790685955.9110582,1947239,593.487,predict,2991431680,908
1790685956.9348433,1947239,594.511,predict,2991431680,908
1790685957.9643922,1947239,595.541,predict,2991431680,908
1790685958.9897149,1947239,596.566,predict,2991431680,908
1790685960.016316,1947239,597.593,predict,2991431680,908
1790685961.0426233,1947239,598.619,predict,2991431680,908
1790685962.0651948,1947239,599.641,predict,2991431680,908
1790685963.0903027,1947239,600.667,predict,2991431680,908
1790685964.1119313,1947239,601.688,predict,2991431680,908
1790685965.1396937,1947239,602.716,predict,2991431680,908
1790685966.1664405,1947239,603.743,predict,2991431680,908
1790685967.1919975,1947239,604.768,predict,2991431680,908
1790685968.2174182,1947239,605.794,predict,2991431680,908
1790685969.2436414,1947239,606.82,predict,2991431680,908
1790685970.2716925,1947239,607.848,predict,2991431680,908
1790685971.294988,1947239,608.871,predict,2991431680,908
1790685972.3162937,1947239,609.892,predict,2991431680,908
1790685973.3376713,1947239,610.914,predict,2991431680,908
1790685974.3621259,1947239,611.938,predict,2991431680,908
1790685975.388214,1947239,612.964,predict,2991431680,908
1790685976.4161828,1947239,613.992,predict,2991431680,908
1790685977.4388227,1947239,615.015,predict,2991431680,908
1790685978.4610617,1947239,616.037,predict,2991431680,908
1790685979.4840822,1947239,617.06,predict,2991431680,908
1790685980.510202,1947239,618.086,predict,2991431680,908
1790685981.533796,1947239,619.11,predict,2991431680,908
1790685982.5602245,1947239,620.136,predict,2991431680,908
1790685983.5873404,1947239,621.164,predict,2991431680,908
1790685984.6143055,1947239,622.191,predict,2991431680,908
1790685985.6391106,1947239,623.215,predict,2991431680,908
1790685986.6641421,1947239,624.24,predict,2991431680,908
1790685987.6890273,1947239,625.265,predict,2991431680,908
1790685988.7114832,1947239,626.288,predict,2991431680,908
1790685989.7333832,1947239,627.31,predict,2991431680,908
1790685990.7601814,1947239,628.336,predict,2991431680,908
1790685991.7904658,1947239,629.367,predict,2991431680,908
1790685992.8161721,1947239,630.392,predict,2991431680,908
1790685993.8370829,1947239,631.413,predict,2991431680,908
1790685994.8613894,1947239,632.438,predict,2991431680,908
1790685995.8873782,1947239,633.464,predict,2991431680,908
1790685996.9118986,1947239,634.488,predict,2991431680,908
1790685997.9377007,1947239,635.514,predict,2991431680,908
1790685998.9667575,1947239,636.543,predict,2991431680,908
1790685999.9961123,1947239,637.572,predict,2991431680,908
1790686001.0242481,1947239,638.6,predict,2991431680,908
1790686002.0502079,1947239,639.626,predict,2991431680,908
1790686003.0764828,1947239,640.653,predict,2991431680,908
1790686004.104657,1947239,641.681,predict,2991431680,908
1790686005.1337557,1947239,642.71,predict,2991431680,908
1790686006.1664805,1947239,643.743,predict,2991431680,908
1790686007.19196,1947239,644.768,predict,2991431680,908
1790686008.2277827,1947239,645.804,predict,2991431680,908
1790686009.2563298,1947239,646.833,predict,2991431680,908
1790686010.2805839,1947239,647.857,predict,2991431680,908
1790686011.3019912,1947239,648.878,predict,2991431680,908
1790686012.323174,1947239,649.899,predict,2991431680,908
1790686013.3440697,1947239,650.92,predict,2991431680,908
1790686014.3669138,1947239,651.943,predict,2991431680,908
1790686015.391359,1947239,652.968,predict,2991431680,908
1790686016.415306,1947239,653.992,predict,2991431680,908
1790686017.4400084,1947239,655.016,predict,2991431680,908
1790686018.46132,1947239,656.038,predict,2991431680,908
1790686019.4832835,1947239,657.059,predict,2991431680,908
1790686020.5034673,1947239,658.08,predict,2991431680,908
1790686021.5239465,1947239,659.1,predict,2991431680,908
1790686022.5477655,1947239,660.124,predict,2991431680,908
1790686023.5725005,1947239,661.149,predict,2991431680,908
1790686024.6002948,1947239,662.176,predict,3133304832,908
1790686025.627095,1947239,663.203,predict,2991431680,908
1790686026.6537485,1947239,664.23,predict,2991431680,908
1790686027.680557,1947239,665.257,predict,2991431680,908
1790686028.7064004,1947239,666.283,predict,2991431680,908
1790686029.734078,1947239,667.31,predict,2991431680,908
1790686030.7582219,1947239,668.334,predict,2991431680,908
1790686031.7801313,1947239,669.356,predict,2991431680,908
1790686032.8061268,1947239,670.382,predict,2991431680,908
1790686033.8257425,1947239,671.402,predict,2991431680,908
1790686034.845552,1947239,672.422,predict,2991431680,908
1790686035.8673494,1947239,673.444,predict,2991431680,908
1790686036.8926005,1947239,674.469,predict,2991431680,908
1790686037.9124966,1947239,675.489,predict,2991431680,908
1790686038.9350643,1947239,676.511,predict,2991431680,908
1790686039.9630477,1947239,677.539,predict,2991431680,908
1790686040.996152,1947239,678.572,predict,2991431680,908
1790686042.0293145,1947239,679.606,predict,2991431680,908
1790686043.0605187,1947239,680.637,predict,2991431680,908
1790686044.0864608,1947239,681.663,predict,2991431680,908
1790686045.111226,1947239,682.687,predict,2991431680,908
1790686046.1371386,1947239,683.713,predict,2991431680,908
1790686047.1630454,1947239,684.739,predict,2991431680,908
1790686048.1890204,1947239,685.765,predict,2991431680,908
1790686049.2148893,1947239,686.791,predict,2991431680,908
1790686050.2405598,1947239,687.817,predict,2991431680,908
1790686051.2632146,1947239,688.839,predict,2991431680,908
1790686052.288651,1947239,689.865,predict,2991431680,908
1790686053.314911,1947239,690.891,predict,2991431680,908
1790686054.339865,1947239,691.916,predict,2991431680,908
1790686055.3593733,1947239,692.936,predict,2991431680,908
1790686056.3824189,1947239,693.959,predict,2991431680,908
1790686057.4094558,1947239,694.986,predict,2991431680,908
1790686058.4347787,1947239,696.011,predict,2991431680,908
1790686059.4622078,1947239,697.038,predict,2991431680,908
1790686060.4859328,1947239,698.062,predict,2991431680,908
1790686061.5089297,1947239,699.085,predict,2991431680,908
1790686062.533955,1947239,700.11,predict,2991431680,908
1790686063.5569823,1947239,701.133,predict,2991431680,908
1790686064.5803041,1947239,702.157,predict,2991431680,908
1790686065.6048527,1947239,703.181,predict,2991431680,908
1790686066.6299872,1947239,704.206,predict,2991431680,908
1790686067.6529303,1947239,705.229,predict,2991431680,908
1790686068.6755643,1947239,706.252,predict,2991431680,908
1790686069.699672,1947239,707.276,predict,2991431680,908
1790686070.7223413,1947239,708.299,predict,2991431680,908
1790686071.7460265,1947239,709.322,predict,2991431680,908
1790686072.7671418,1947239,710.343,predict,2991431680,908
1790686073.7928731,1947239,711.369,predict,2991431680,908
1790686074.816094,1947239,712.392,predict,2991431680,908
1790686075.8412478,1947239,713.417,predict,2991431680,908
1790686076.8663545,1947239,714.443,predict,2991431680,908
1790686077.8919063,1947239,715.468,predict,2991431680,908
1790686078.9160109,1947239,716.492,predict,2991431680,908
1790686079.9392364,1947239,717.515,predict,2991431680,908
1790686080.9632602,1947239,718.539,predict,2991431680,908
1790686081.9882247,1947239,719.564,predict,2991431680,908
1790686083.0110154,1947239,720.587,predict,2991431680,908
1790686084.038559,1947239,721.615,predict,2991431680,908
1790686085.0636015,1947239,722.64,predict,2991431680,908
1790686086.0901961,1947239,723.666,predict,2991431680,908
1790686087.1163604,1947239,724.693,predict,2991431680,908
1790686088.1370034,1947239,725.713,predict,2991431680,908
1790686089.16125,1947239,726.737,predict,2991431680,908
1790686090.1859956,1947239,727.762,predict,2991431680,908
1790686091.2079942,1947239,728.784,predict,2991431680,908
1790686092.230221,1947239,729.806,predict,2991431680,908
1790686093.256503,1947239,730.833,predict,2991431680,908
1790686094.2805605,1947239,731.857,predict,2991431680,908
1790686095.306058,1947239,732.882,predict,3173171200,908
1790686096.329364,1947239,733.906,predict,2991431680,908
1790686097.3513908,1947239,734.928,predict,2991431680,908
1790686098.3761423,1947239,735.952,predict,2991431680,908
1790686099.401334,1947239,736.978,predict,2991431680,908
1790686100.426362,1947239,738.003,predict,2991431680,908
1790686101.446259,1947239,739.022,predict,2991431680,908
1790686102.468704,1947239,740.045,predict,2991431680,908
1790686103.496129,1947239,741.072,predict,2991431680,908
1790686104.5160992,1947239,742.092,predict,2991431680,908
1790686105.536578,1947239,743.113,predict,2991431680,908
1790686106.562736,1947239,744.139,predict,2991431680,908
1790686107.5854034,1947239,745.162,predict,2991431680,908
1790686108.6062205,1947239,746.182,predict,2991431680,908
1790686109.6264985,1947239,747.203,predict,2991431680,908
1790686110.648977,1947239,748.225,predict,2991431680,908
1790686111.6750357,1947239,749.251,predict,2991431680,908
1790686112.7017143,1947239,750.278,predict,2991431680,908
1790686113.7246587,1947239,751.301,predict,2991431680,908
1790686114.7474787,1947239,752.324,predict,2991431680,908
1790686115.773176,1947239,753.349,predict,2991431680,908
1790686116.8000865,1947239,754.376,predict,2991431680,908
1790686117.8283813,1947239,755.405,predict,2991431680,908
1790686118.8544092,1947239,756.431,predict,2991431680,908
1790686119.8798745,1947239,757.456,predict,2991431680,908
1790686120.9060154,1947239,758.482,predict,2991431680,908
1790686121.9314795,1947239,759.508,predict,2991431680,908
1790686122.9569616,1947239,760.533,predict,2991431680,908
1790686123.9815416,1947239,761.558,predict,2991431680,908
1790686125.005797,1947239,762.582,predict,2991431680,908
1790686126.0291717,1947239,763.605,predict,2991431680,908
1790686127.0544674,1947239,764.631,predict,2991431680,908
1790686128.0783808,1947239,765.655,predict,2991431680,908
1790686129.099385,1947239,766.676,predict,2991431680,908
1790686130.1222236,1947239,767.698,predict,2991431680,908
1790686131.1438708,1947239,768.72,predict,2991431680,908
1790686132.1672242,1947239,769.743,predict,2991431680,908
1790686133.191342,1947239,770.768,predict,2991431680,908
1790686134.220563,1947239,771.797,predict,2991431680,908
1790686135.2428017,1947239,772.819,predict,2991431680,908
1790686136.269131,1947239,773.845,predict,2991431680,908
1790686137.2940097,1947239,774.87,predict,2991431680,908
1790686138.3157356,1947239,775.892,predict,2991431680,908
1790686139.337035,1947239,776.913,predict,2991431680,908
1790686140.3584132,1947239,777.935,predict,2991431680,908
1790686141.3862917,1947239,778.962,predict,2991431680,908
1790686142.410219,1947239,779.986,predict,2991431680,908
1790686143.4341784,1947239,781.01,predict,2991431680,908
1790686144.4566722,1947239,782.033,predict,2991431680,908
1790686145.4793797,1947239,783.056,predict,2991431680,908
1790686146.5025885,1947239,784.079,predict,2991431680,908
1790686147.529846,1947239,785.106,predict,2991431680,908
1790686148.558777,1947239,786.135,predict,2991431680,908
1790686149.5944295,1947239,787.171,predict,2991431680,908
1790686150.6225357,1947239,788.199,predict,2991431680,908
1790686151.6503716,1947239,789.227,predict,2991431680,908
1790686152.6755464,1947239,790.252,predict,2991431680,908
1790686153.7027318,1947239,791.279,predict,2991431680,908
1790686154.7269306,1947239,792.303,predict,2991431680,908
1790686155.749733,1947239,793.326,predict,2991431680,908
1790686156.7724192,1947239,794.349,predict,2991431680,908
1790686157.7988071,1947239,795.375,predict,2991431680,908
1790686158.826347,1947239,796.403,predict,2991431680,908
1790686159.8550212,1947239,797.431,predict,2991431680,908
1790686160.8827581,1947239,798.459,predict,2991431680,908
1790686161.9114747,1947239,799.488,predict,2991431680,908
1790686162.9401317,1947239,800.516,predict,2991431680,908
1790686163.965604,1947239,801.542,predict,2991431680,908
1790686164.9930418,1947239,802.569,predict,3173171200,908
1790686166.0205598,1947239,803.597,predict,2991431680,908
1790686167.04529,1947239,804.621,predict,2991431680,908
1790686168.070607,1947239,805.647,predict,2991431680,908
1790686169.094193,1947239,806.67,predict,2991431680,908
1790686170.1212175,1947239,807.697,predict,2991431680,908
1790686171.1468828,1947239,808.723,predict,2991431680,908
1790686172.1706686,1947239,809.747,predict,2991431680,908
1790686173.1930175,1947239,810.769,predict,2991431680,908
1790686174.2161858,1947239,811.792,predict,2991431680,908
1790686175.2423372,1947239,812.819,predict,2991431680,908
1790686176.2664394,1947239,813.843,predict,2991431680,908
1790686177.2909975,1947239,814.867,predict,2991431680,908
1790686178.3132584,1947239,815.889,predict,2991431680,908
1790686179.33333,1947239,816.91,predict,2991431680,908
1790686180.3550482,1947239,817.931,predict,2991431680,908
1790686181.3750186,1947239,818.951,predict,2991431680,908
1790686182.399137,1947239,819.975,predict,2991431680,908
1790686183.4214535,1947239,820.998,predict,2991431680,908
1790686184.447844,1947239,822.024,predict,2991431680,908
1790686185.4695864,1947239,823.046,predict,2991431680,908
1790686186.49341,1947239,824.07,predict,2991431680,908
1790686187.5141299,1947239,825.09,predict,2991431680,908
1790686188.5361779,1947239,826.112,predict,2991431680,908
1790686189.5609899,1947239,827.137,predict,2991431680,908
1790686190.5917234,1947239,828.168,predict,2991431680,908
1790686191.6217406,1947239,829.198,predict,2991431680,908
1790686192.6474922,1947239,830.224,predict,2991431680,908
1790686193.6722317,1947239,831.248,predict,2991431680,908
1790686194.700437,1947239,832.277,predict,2991431680,908
1790686195.7244287,1947239,833.301,predict,2991431680,908
1790686196.7469504,1947239,834.323,predict,2991431680,908
1790686197.767327,1947239,835.344,predict,2991431680,908
1790686198.791672,1947239,836.368,predict,2991431680,908
1790686199.8181732,1947239,837.394,predict,2991431680,908
1790686200.8457735,1947239,838.422,predict,2991431680,908
1790686201.870855,1947239,839.447,predict,2991431680,908
1790686202.895763,1947239,840.472,predict,2991431680,908
1790686203.9201608,1947239,841.496,predict,2991431680,908
1790686204.94475,1947239,842.521,predict,2991431680,908
1790686205.973536,1947239,843.55,predict,2991431680,908
1790686206.997426,1947239,844.574,predict,2991431680,908
1790686208.0223398,1947239,845.599,predict,2991431680,908
1790686209.0487132,1947239,846.625,predict,2991431680,908
1790686210.071548,1947239,847.648,predict,2991431680,908
1790686211.0936313,1947239,848.67,predict,2991431680,908
1790686212.1171937,1947239,849.693,predict,2991431680,908
1790686213.1442552,1947239,850.72,predict,2991431680,908
1790686214.169787,1947239,851.746,predict,2991431680,908
1790686215.19873,1947239,852.775,predict,2991431680,908
1790686216.2255578,1947239,853.802,predict,2991431680,908
1790686217.2491713,1947239,854.825,predict,2991431680,908
1790686218.275008,1947239,855.851,predict,2991431680,908
1790686219.2967155,1947239,856.873,predict,2991431680,908
1790686220.3224835,1947239,857.899,predict,2991431680,908
1790686221.350272,1947239,858.926,predict,2991431680,908
1790686222.3748047,1947239,859.951,predict,2991431680,908
1790686223.39504,1947239,860.971,predict,2991431680,908
1790686224.4176192,1947239,861.994,predict,2991431680,908
1790686225.438629,1947239,863.015,predict,2991431680,908
1790686226.4591708,1947239,864.035,predict,2991431680,908
1790686227.4813113,1947239,865.058,predict,2991431680,908
1790686228.5078552,1947239,866.084,predict,2991431680,908
1790686229.5344522,1947239,867.111,predict,2991431680,908
1790686230.561392,1947239,868.138,predict,2991431680,908
1790686231.5871372,1947239,869.163,predict,2991431680,908
1790686232.6149445,1947239,870.191,predict,2991431680,908
1790686233.643057,1947239,871.219,predict,3076681728,908
1790686234.6668644,1947239,872.243,predict,2991431680,908
1790686235.6909835,1947239,873.267,predict,2991431680,908
1790686236.715994,1947239,874.292,predict,2991431680,908
1790686237.73948,1947239,875.316,predict,2991431680,908
1790686238.7588322,1947239,876.335,predict,2991431680,908
1790686239.7816744,1947239,877.358,predict,2991431680,908
1790686240.806624,1947239,878.383,predict,2991431680,908
1790686241.8283172,1947239,879.405,predict,2991431680,908
1790686242.849134,1947239,880.425,predict,2991431680,908
1790686243.8706172,1947239,881.447,predict,2991431680,908
1790686244.8928766,1947239,882.469,predict,2991431680,908
1790686245.9152873,1947239,883.491,predict,2991431680,908
1790686246.9381578,1947239,884.514,predict,2991431680,908
1790686247.9651804,1947239,885.541,predict,2991431680,908
1790686248.989676,1947239,886.566,predict,2991431680,908
1790686250.011588,1947239,887.588,predict,2991431680,908
1790686251.031441,1947239,888.608,predict,2991431680,908
1790686252.0545201,1947239,889.631,predict,2991431680,908
1790686253.0783033,1947239,890.655,predict,2991431680,908
1790686254.103143,1947239,891.679,predict,2991431680,908
1790686255.1254983,1947239,892.702,predict,2991431680,908
1790686256.151735,1947239,893.728,predict,2991431680,908
1790686257.1763518,1947239,894.753,predict,2991431680,908
1790686258.1996386,1947239,895.776,predict,2991431680,908
1790686259.2212663,1947239,896.797,predict,2991431680,908
1790686260.2464707,1947239,897.823,predict,2991431680,908
1790686261.2725003,1947239,898.849,predict,2991431680,908
1790686262.2998304,1947239,899.876,predict,2991431680,908
1790686263.325289,1947239,900.901,predict,2991431680,908
1790686264.3491178,1947239,901.925,predict,2991431680,908
1790686265.3724358,1947239,902.949,predict,2991431680,908
1790686266.4022663,1947239,903.978,predict,2991431680,908
1790686267.4285383,1947239,905.005,predict,2991431680,908
1790686268.4532256,1947239,906.029,predict,2991431680,908
1790686269.4828742,1947239,907.059,predict,2991431680,908
1790686270.5098643,1947239,908.086,predict,2991431680,908
1790686271.5352516,1947239,909.111,predict,2991431680,908
1790686272.5585575,1947239,910.135,predict,2991431680,908
1790686273.5855532,1947239,911.162,predict,2991431680,908
1790686274.616381,1947239,912.193,predict,2991431680,908
1790686275.6420677,1947239,913.218,predict,2991431680,908
1790686276.6634946,1947239,914.24,predict,2991431680,908
1790686277.6872146,1947239,915.263,predict,2991431680,908
1790686278.7090602,1947239,916.285,predict,2991431680,908
1790686279.7302797,1947239,917.306,predict,2991431680,908
1790686280.753078,1947239,918.329,predict,2991431680,908
1790686281.7808883,1947239,919.357,predict,2991431680,908
1790686282.8060923,1947239,920.382,predict,2991431680,908
1790686283.8319488,1947239,921.408,predict,2991431680,908
1790686284.8593724,1947239,922.436,predict,2991431680,908
1790686285.8842666,1947239,923.46,predict,2991431680,908
1790686286.909312,1947239,924.486,predict,2991431680,908
1790686287.9341257,1947239,925.51,predict,2991431680,908
1790686288.9603167,1947239,926.537,predict,2991431680,908
1790686289.9878712,1947239,927.564,predict,2991431680,908
1790686291.0107002,1947239,928.587,predict,2991431680,908
1790686292.0353382,1947239,929.612,predict,2991431680,908
1790686293.0587919,1947239,930.635,predict,2991431680,908
1790686294.0862956,1947239,931.662,predict,2991431680,908
1790686295.1124024,1947239,932.689,predict,2991431680,908
1790686296.1400917,1947239,933.716,predict,2991431680,908
1790686297.1640909,1947239,934.74,predict,2991431680,908
1790686298.1888232,1947239,935.765,predict,2991431680,908
1790686299.2149723,1947239,936.791,predict,2991431680,908
1790686300.2388422,1947239,937.815,predict,2991431680,908
1790686301.2671387,1947239,938.843,predict,2991431680,908
1790686302.2944372,1947239,939.871,predict,3173171200,908
1790686303.3212829,1947239,940.897,predict,2991431680,908
1790686304.3446429,1947239,941.921,predict,2991431680,908
1790686305.371743,1947239,942.948,predict,2991431680,908
1790686306.3938885,1947239,943.97,predict,2991431680,908
1790686307.4199643,1947239,944.996,predict,2991431680,908
1790686308.4428742,1947239,946.019,predict,2991431680,908
1790686309.4674757,1947239,947.044,predict,2991431680,908
1790686310.4905336,1947239,948.067,predict,2991431680,908
1790686311.5139837,1947239,949.09,predict,2991431680,908
1790686312.5412242,1947239,950.117,predict,2991431680,908
1790686313.5624516,1947239,951.139,predict,2991431680,908
1790686314.588465,1947239,952.165,predict,2991431680,908
1790686315.6140108,1947239,953.19,predict,2991431680,908
1790686316.6410484,1947239,954.217,predict,2991431680,908
1790686317.6680386,1947239,955.244,predict,2991431680,908
1790686318.6899996,1947239,956.266,predict,2991431680,908
1790686319.7129593,1947239,957.289,predict,2991431680,908
1790686320.7355485,1947239,958.312,predict,2991431680,908
1790686321.756349,1947239,959.333,predict,2991431680,908
1790686322.7857866,1947239,960.362,predict,2991431680,908
1790686323.813303,1947239,961.39,predict,2991431680,908
1790686324.8452666,1947239,962.421,predict,2991431680,908
1790686325.8720064,1947239,963.448,predict,2991431680,908
1790686326.9006553,1947239,964.477,predict,2991431680,908
1790686327.9279997,1947239,965.504,predict,2991431680,908
1790686328.9583242,1947239,966.535,predict,2991431680,908
1790686329.9945242,1947239,967.571,predict,2991431680,908
1790686331.0234272,1947239,968.6,predict,2991431680,908
1790686332.053189,1947239,969.629,predict,2991431680,908
1790686333.0780196,1947239,970.654,predict,2991431680,908
1790686334.102702,1947239,971.679,predict,2991431680,908
1790686335.1289904,1947239,972.705,predict,2991431680,908
1790686336.1561143,1947239,973.732,predict,2991431680,908
1790686337.1843958,1947239,974.761,predict,2991431680,908
1790686338.2152858,1947239,975.791,predict,2991431680,908
1790686339.2426116,1947239,976.819,predict,2991431680,908
1790686340.2687285,1947239,977.845,predict,2991431680,908
1790686341.3008902,1947239,978.877,predict,2991431680,908
1790686342.329607,1947239,979.906,predict,2991431680,908
1790686343.3594048,1947239,980.936,predict,2991431680,908
1790686344.3876154,1947239,981.964,predict,2991431680,908
1790686345.4174082,1947239,982.994,predict,2991431680,908
1790686346.4443636,1947239,984.021,predict,2991431680,908
1790686347.4770033,1947239,985.053,predict,2991431680,908
1790686348.505338,1947239,986.082,predict,2991431680,908
1790686349.531388,1947239,987.108,predict,2991431680,908
1790686350.5592117,1947239,988.135,predict,2991431680,908
1790686351.5879016,1947239,989.164,predict,2991431680,908
1790686352.6137526,1947239,990.19,predict,2991431680,908
1790686353.6401985,1947239,991.216,predict,2991431680,908
1790686354.6700413,1947239,992.246,predict,2991431680,908
1790686355.695997,1947239,993.272,predict,2991431680,908
1790686356.7215037,1947239,994.298,predict,2991431680,908
1790686357.7497811,1947239,995.326,predict,2991431680,908
1790686358.77833,1947239,996.355,predict,2991431680,908
1790686359.8055742,1947239,997.382,predict,2991431680,908
1790686360.832126,1947239,998.408,predict,2991431680,908
1790686361.8584642,1947239,999.435,predict,2991431680,908
1790686362.8818417,1947239,1000.458,predict,2991431680,908
1790686363.9017787,1947239,1001.478,predict,2991431680,908
1790686364.9233634,1947239,1002.5,predict,2991431680,908
1790686365.9490612,1947239,1003.525,predict,2991431680,908
1790686366.969811,1947239,1004.546,predict,2991431680,908
1790686367.9903834,1947239,1005.567,predict,2991431680,908
1790686369.0119348,1947239,1006.588,predict,2991431680,908
1790686370.037596,1947239,1007.614,predict,2991431680,908
1790686371.0590622,1947239,1008.635,predict,2991431680,908
1790686372.0827024,1947239,1009.659,predict,2991431680,908
1790686373.1020656,1947239,1010.678,predict,2991431680,908
1790686374.1225395,1947239,1011.699,predict,2991431680,908
1790686375.1456149,1947239,1012.722,predict,2991431680,908
1790686376.1643429,1947239,1013.741,predict,2991431680,908
1790686377.1839705,1947239,1014.76,predict,2991431680,908
1790686378.2054625,1947239,1015.782,predict,2991431680,908
1790686379.2236216,1947239,1016.8,predict,2991431680,908
1790686380.2429986,1947239,1017.819,predict,2991431680,908
1790686381.2639472,1947239,1018.84,predict,2991431680,908
1790686382.288931,1947239,1019.865,predict,2991431680,908
1790686383.3147452,1947239,1020.891,predict,2991431680,908
1790686384.3413484,1947239,1021.918,predict,2991431680,908
1790686385.3655427,1947239,1022.942,predict,2991431680,908
1790686386.3898823,1947239,1023.966,predict,2991431680,908
1790686387.4128406,1947239,1024.989,predict,2991431680,908
1790686388.4392323,1947239,1026.015,predict,2991431680,908
1790686389.4636147,1947239,1027.04,predict,2991431680,908
1790686390.486986,1947239,1028.063,predict,2991431680,908
1790686391.509449,1947239,1029.086,predict,2991431680,908
1790686392.531556,1947239,1030.108,predict,2991431680,908
1790686393.5534394,1947239,1031.13,predict,2991431680,908
1790686394.5755928,1947239,1032.152,predict,2991431680,908
1790686395.597685,1947239,1033.174,predict,2991431680,908
1790686396.6195462,1947239,1034.196,predict,2991431680,908
1790686397.642407,1947239,1035.219,predict,2991431680,908
1790686398.6628416,1947239,1036.239,predict,2991431680,908
1790686399.6880634,1947239,1037.264,predict,2991431680,908
1790686400.7154016,1947239,1038.292,predict,2991431680,908
1790686401.7415974,1947239,1039.318,predict,2991431680,908
1790686402.7668192,1947239,1040.343,predict,2991431680,908
1790686403.7895865,1947239,1041.366,predict,2991431680,908
1790686404.8111472,1947239,1042.387,predict,2991431680,908
1790686405.8355453,1947239,1043.412,predict,2991431680,908
1790686406.8626006,1947239,1044.439,predict,2991431680,908
1790686407.881723,1947239,1045.458,predict,2991431680,908
1790686408.9040964,1947239,1046.48,predict,2991431680,908
1790686409.9240322,1947239,1047.5,predict,2991431680,908
1790686410.9487379,1947239,1048.525,predict,2991431680,908
1790686411.9745214,1947239,1049.551,predict,2991431680,908
1790686412.9959323,1947239,1050.572,predict,2991431680,908
1790686414.0208511,1947239,1051.597,predict,2991431680,908
1790686415.0453823,1947239,1052.622,predict,2991431680,908
1790686416.069845,1947239,1053.646,predict,2991431680,908
1790686417.0938394,1947239,1054.67,predict,2991431680,908
1790686418.1166227,1947239,1055.693,predict,2991431680,908
1790686419.1389275,1947239,1056.715,predict,2991431680,908
1790686420.16022,1947239,1057.736,predict,2991431680,908
1790686421.1808891,1947239,1058.757,predict,2991431680,908
1790686422.2056134,1947239,1059.782,predict,2991431680,908
1790686423.2297194,1947239,1060.806,predict,2991431680,908
1790686424.249723,1947239,1061.826,predict,2991431680,908
1790686425.2695467,1947239,1062.846,predict,2991431680,908
1790686426.292911,1947239,1063.869,predict,2991431680,908
1790686427.3156278,1947239,1064.892,predict,2991431680,908
1790686428.3411136,1947239,1065.917,predict,2991431680,908
1790686429.3667479,1947239,1066.943,predict,2991431680,908
1790686430.393853,1947239,1067.97,predict,2991431680,908
1790686431.4151871,1947239,1068.991,predict,2991431680,908
1790686432.4389338,1947239,1070.015,predict,2991431680,908
1790686433.4613209,1947239,1071.038,predict,2991431680,908
1790686434.4870021,1947239,1072.063,predict,2991431680,908
1790686435.5142744,1947239,1073.09,predict,2991431680,908
1790686436.5418975,1947239,1074.118,predict,2991431680,908
1790686437.5613637,1947239,1075.138,predict,2991431680,908
1790686438.5840843,1947239,1076.16,predict,2991431680,908
1790686439.6089857,1947239,1077.185,predict,2991431680,908
1790686440.6357908,1947239,1078.212,predict,2991431680,908
1790686441.6624463,1947239,1079.239,predict,2991431680,908
1790686442.6861727,1947239,1080.262,predict,2991431680,908
1790686443.711758,1947239,1081.288,predict,2991431680,908
1790686444.7338693,1947239,1082.31,predict,2991431680,908
1790686445.7556732,1947239,1083.332,predict,2991431680,908
1790686446.7803736,1947239,1084.357,predict,2991431680,908
1790686447.8030245,1947239,1085.379,predict,2991431680,908
1790686448.8301177,1947239,1086.406,predict,2991431680,908
1790686449.8562548,1947239,1087.432,predict,2991431680,908
1790686450.881728,1947239,1088.458,predict,2991431680,908
1790686451.9005654,1947239,1089.477,predict,2991431680,908
1790686452.9206922,1947239,1090.497,predict,2991431680,908
1790686453.941667,1947239,1091.518,predict,2991431680,908
1790686454.967218,1947239,1092.543,predict,2991431680,908
1790686455.988446,1947239,1093.565,predict,2991431680,908
1790686457.0150375,1947239,1094.591,predict,2991431680,908
1790686458.040097,1947239,1095.616,predict,2991431680,908
1790686459.064839,1947239,1096.641,predict,2991431680,908
1790686460.0931268,1947239,1097.669,predict,2991431680,908
1790686461.1220891,1947239,1098.698,predict,2991431680,908
1790686462.1493187,1947239,1099.726,predict,2991431680,908
1790686463.174488,1947239,1100.751,predict,2991431680,908
1790686464.203725,1947239,1101.78,predict,2991431680,908
1790686465.2364545,1947239,1102.813,predict,2991431680,908
1790686466.263031,1947239,1103.839,predict,2991431680,908
1790686467.2889993,1947239,1104.865,predict,2991431680,908
1790686468.3134036,1947239,1105.89,predict,2991431680,908
1790686469.3359728,1947239,1106.912,predict,2991431680,908
1790686470.3628807,1947239,1107.939,predict,2991431680,908
1790686471.3920233,1947239,1108.968,predict,2991431680,908
1790686472.4170883,1947239,1109.993,predict,2991431680,908
1790686473.444261,1947239,1111.02,predict,2991431680,908
1790686474.4723203,1947239,1112.049,predict,2991431680,908
1790686475.4986074,1947239,1113.075,predict,2991431680,908
1790686476.5222185,1947239,1114.098,predict,2991431680,908
1790686477.5442855,1947239,1115.12,predict,2991431680,908
1790686478.5681367,1947239,1116.144,predict,2991431680,908
1790686479.590594,1947239,1117.167,predict,2991431680,908
1790686480.6194398,1947239,1118.196,predict,2991431680,908
1790686481.6449752,1947239,1119.221,predict,2991431680,908
1790686482.673229,1947239,1120.249,predict,2991431680,908
1790686483.6976624,1947239,1121.274,predict,2991431680,908
1790686484.723438,1947239,1122.3,predict,2991431680,908
1790686485.7524357,1947239,1123.329,predict,2991431680,908
1790686486.780624,1947239,1124.357,predict,2991431680,908
1790686487.8105726,1947239,1125.387,predict,2991431680,908
1790686488.8389513,1947239,1126.415,predict,2991431680,908
1790686489.8629568,1947239,1127.439,predict,2991431680,908
1790686490.8883543,1947239,1128.465,predict,2991431680,908
1790686491.9114583,1947239,1129.488,predict,2991431680,908
1790686492.9350955,1947239,1130.511,predict,2991431680,908
1790686493.9599688,1947239,1131.536,predict,2991431680,908
1790686494.9815748,1947239,1132.558,predict,2991431680,908
1790686496.0028877,1947239,1133.579,predict,2991431680,908
1790686497.0249882,1947239,1134.601,predict,2991431680,908
1790686498.047112,1947239,1135.623,predict,2991431680,908
1790686499.070282,1947239,1136.646,predict,2991431680,908
1790686500.0939095,1947239,1137.67,predict,2991431680,908
1790686501.1153421,1947239,1138.692,predict,2991431680,908
1790686502.137496,1947239,1139.714,predict,2991431680,908
1790686503.1650007,1947239,1140.741,predict,2991431680,908
1790686504.1894953,1947239,1141.766,predict,2991431680,908
1790686505.2123048,1947239,1142.789,predict,2991431680,908
1790686506.236402,1947239,1143.813,predict,2991431680,908
1790686507.256854,1947239,1144.833,predict,2991431680,908
1790686508.2800941,1947239,1145.856,predict,2991431680,908
1790686509.3055618,1947239,1146.882,predict,2991431680,908
1790686510.3292453,1947239,1147.905,predict,2991431680,908
1790686511.3503406,1947239,1148.927,predict,2991431680,908
1790686512.3758578,1947239,1149.952,predict,2991431680,908
1790686513.4017115,1947239,1150.978,predict,2991431680,908
1790686514.423493,1947239,1152.0,predict,2991431680,908
1790686515.4490452,1947239,1153.025,predict,2991431680,908
1790686516.4684222,1947239,1154.045,predict,2991431680,908
1790686517.4894726,1947239,1155.066,predict,2991431680,908
1790686518.5107787,1947239,1156.087,predict,2991431680,908
1790686519.5336769,1947239,1157.11,predict,2991431680,908
1790686520.560429,1947239,1158.137,predict,2991431680,908
1790686521.5829058,1947239,1159.159,predict,2991431680,908
1790686522.608946,1947239,1160.185,predict,2991431680,908
1790686523.6291096,1947239,1161.205,predict,2991431680,908
1790686524.6517777,1947239,1162.228,predict,2991431680,908
1790686525.6732767,1947239,1163.249,predict,2991431680,908
1790686526.6980333,1947239,1164.274,predict,2991431680,908
1790686527.7197802,1947239,1165.296,predict,2991431680,908
1790686528.740446,1947239,1166.317,predict,2991431680,908
1790686529.7627702,1947239,1167.339,predict,2991431680,908
1790686530.7844508,1947239,1168.361,predict,2991431680,908
1790686531.8104167,1947239,1169.387,predict,2991431680,908
1790686532.8360224,1947239,1170.412,predict,2991431680,908
1790686533.8621795,1947239,1171.438,predict,2991431680,908
1790686534.8898823,1947239,1172.466,predict,2991431680,908
1790686535.9118896,1947239,1173.488,predict,2991431680,908
1790686536.933328,1947239,1174.51,predict,2991431680,908
1790686537.9554877,1947239,1175.532,predict,2991431680,908
1790686538.9772618,1947239,1176.553,predict,2991431680,908
1790686540.002941,1947239,1177.579,predict,2991431680,908
1790686541.0329022,1947239,1178.609,predict,2991431680,908
1790686542.0584738,1947239,1179.635,predict,2991431680,908
1790686543.0875854,1947239,1180.664,predict,2991431680,908
1790686544.113149,1947239,1181.689,predict,2991431680,908
1790686545.139596,1947239,1182.716,predict,2991431680,908
1790686546.1632166,1947239,1183.739,predict,2991431680,908
1790686547.1880739,1947239,1184.764,predict,2991431680,908
1790686548.2108681,1947239,1185.787,predict,2991431680,908
1790686549.2369275,1947239,1186.813,predict,2991431680,908
1790686550.264882,1947239,1187.841,predict,2991431680,908
1790686551.289318,1947239,1188.866,predict,2991431680,908
1790686552.3108752,1947239,1189.887,predict,2991431680,908
1790686553.331183,1947239,1190.907,predict,2991431680,908
1790686554.3539865,1947239,1191.93,predict,2991431680,908
1790686555.377746,1947239,1192.954,predict,2991431680,908
1790686556.3970463,1947239,1193.973,predict,2991431680,908
1790686557.4198933,1947239,1194.996,predict,2991431680,908
1790686558.4438927,1947239,1196.02,predict,2991431680,908
1790686559.4692101,1947239,1197.045,predict,2991431680,908
1790686560.498564,1947239,1198.075,predict,2991431680,908
1790686561.523065,1947239,1199.099,predict,2991431680,908
1790686562.5532248,1947239,1200.129,predict,2991431680,908
1790686563.5834203,1947239,1201.16,predict,2991431680,908
1790686564.6060724,1947239,1202.182,predict,2991431680,908
1790686565.6290927,1947239,1203.205,predict,2991431680,908
1790686566.6522682,1947239,1204.228,predict,2991431680,908
1790686567.6784403,1947239,1205.255,predict,2991431680,908
1790686568.7026436,1947239,1206.279,predict,2991431680,908
1790686569.7250187,1947239,1207.301,predict,2991431680,908
1790686570.7470846,1947239,1208.323,predict,2991431680,908
1790686571.769263,1947239,1209.345,predict,2991431680,908
1790686572.792094,1947239,1210.368,predict,2991431680,908
1790686573.8139105,1947239,1211.39,predict,2991431680,908
1790686574.8347394,1947239,1212.411,predict,2991431680,908
1790686575.857318,1947239,1213.434,predict,2991431680,908
1790686576.8905869,1947239,1214.467,predict,2991431680,908
1790686577.9238782,1947239,1215.5,predict,2991431680,908
1790686578.951053,1947239,1216.527,predict,2991431680,908
1790686579.97863,1947239,1217.555,predict,2991431680,908
1790686581.0015206,1947239,1218.578,predict,2991431680,908
1790686582.0300457,1947239,1219.606,predict,2991431680,908
1790686583.0566537,1947239,1220.633,predict,2991431680,908
1790686584.082894,1947239,1221.659,predict,2991431680,908
1790686585.1086602,1947239,1222.685,predict,2991431680,908
1790686586.136136,1947239,1223.712,predict,2991431680,908
1790686587.166122,1947239,1224.742,predict,2991431680,908
1790686588.193168,1947239,1225.769,predict,2991431680,908
1790686589.2139032,1947239,1226.79,predict,2991431680,908
1790686590.2371676,1947239,1227.813,predict,2991431680,908
1790686591.2575753,1947239,1228.834,predict,2991431680,908
1790686592.279406,1947239,1229.856,predict,2991431680,908
1790686593.2995105,1947239,1230.876,predict,2991431680,908
1790686594.3224058,1947239,1231.899,predict,2991431680,908
1790686595.3473454,1947239,1232.924,predict,2991431680,908
1790686596.373545,1947239,1233.95,predict,2991431680,908
1790686597.3947294,1947239,1234.971,predict,2991431680,908
1790686598.4194086,1947239,1235.996,predict,2991431680,908
1790686599.4409773,1947239,1237.017,predict,2991431680,908
1790686600.462174,1947239,1238.038,predict,2991431680,908
1790686601.4845853,1947239,1239.061,predict,2991431680,908
1790686602.5078351,1947239,1240.084,predict,2991431680,908
1790686603.5314665,1947239,1241.108,predict,2991431680,908
1790686604.5523813,1947239,1242.129,predict,2991431680,908
1790686605.5768754,1947239,1243.153,predict,2991431680,908
1790686606.5988345,1947239,1244.175,predict,2991431680,908
1790686607.6192153,1947239,1245.195,predict,2991431680,908
1790686608.6438773,1947239,1246.22,predict,2991431680,908
1790686609.668902,1947239,1247.245,predict,2991431680,908
1790686610.6898968,1947239,1248.266,predict,2991431680,908
1790686611.7168057,1947239,1249.293,predict,2991431680,908
1790686612.7401035,1947239,1250.316,predict,2991431680,908
1790686613.7648318,1947239,1251.341,predict,2991431680,908
1790686614.7922955,1947239,1252.368,predict,3173171200,908
1790686615.813693,1947239,1253.39,predict,2991431680,908
1790686616.8385596,1947239,1254.415,predict,2991431680,908
1790686617.8655334,1947239,1255.442,predict,2991431680,908
1790686618.8899603,1947239,1256.466,predict,2991431680,908
1790686619.9128835,1947239,1257.489,predict,2991431680,908
1790686620.9389675,1947239,1258.515,predict,2991431680,908
1790686621.9617395,1947239,1259.538,predict,2991431680,908
1790686622.9824827,1947239,1260.559,predict,2991431680,908
1790686624.0046663,1947239,1261.581,predict,2991431680,908
1790686625.0254083,1947239,1262.602,predict,2991431680,908
1790686626.047271,1947239,1263.623,predict,2991431680,908
1790686627.0688996,1947239,1264.645,predict,2991431680,908
1790686628.093438,1947239,1265.67,predict,2991431680,908
1790686629.114097,1947239,1266.69,predict,2991431680,908
1790686630.135839,1947239,1267.712,predict,2991431680,908
1790686631.1585333,1947239,1268.735,predict,2991431680,908
1790686632.1824853,1947239,1269.759,predict,2991431680,908
1790686633.20582,1947239,1270.782,predict,2991431680,908
1790686634.2255409,1947239,1271.802,predict,2991431680,908
1790686635.245491,1947239,1272.822,predict,2991431680,908
1790686636.2644494,1947239,1273.841,predict,2991431680,908
1790686637.2850313,1947239,1274.861,predict,2991431680,908
1790686638.3122623,1947239,1275.888,predict,2991431680,908
1790686639.3360693,1947239,1276.912,predict,2991431680,908
1790686640.357377,1947239,1277.934,predict,2991431680,908
1790686641.3788292,1947239,1278.955,predict,2991431680,908
1790686642.404956,1947239,1279.981,predict,2991431680,908
1790686643.4263644,1947239,1281.003,predict,2991431680,908
1790686644.4508789,1947239,1282.027,predict,2991431680,908
1790686645.4773536,1947239,1283.054,predict,2991431680,908
1790686646.5017266,1947239,1284.078,predict,2991431680,908
1790686647.5240693,1947239,1285.1,predict,2991431680,908
1790686648.5485053,1947239,1286.125,predict,2991431680,908
1790686649.5703478,1947239,1287.147,predict,2991431680,908
1790686650.5963454,1947239,1288.173,predict,2991431680,908
1790686651.6215668,1947239,1289.198,predict,2991431680,908
1790686652.642544,1947239,1290.219,predict,2991431680,908
1790686653.6661599,1947239,1291.242,predict,2991431680,908
1790686654.686479,1947239,1292.263,predict,2991431680,908
1790686655.7063262,1947239,1293.283,predict,2991431680,908
1790686656.7270136,1947239,1294.303,predict,2991431680,908
1790686657.750535,1947239,1295.327,predict,2991431680,908
1790686658.7766795,1947239,1296.353,predict,2991431680,908
1790686659.7973032,1947239,1297.374,predict,2991431680,908
1790686660.8203452,1947239,1298.397,predict,2991431680,908
1790686661.8416784,1947239,1299.418,predict,2991431680,908
1790686662.865174,1947239,1300.441,predict,2991431680,908
1790686663.8850415,1947239,1301.461,predict,2991431680,908
1790686664.9078786,1947239,1302.484,predict,2991431680,908
1790686665.9305854,1947239,1303.507,predict,2991431680,908
1790686666.955011,1947239,1304.531,predict,2991431680,908
1790686667.9785533,1947239,1305.555,predict,2991431680,908
1790686668.9995513,1947239,1306.576,predict,2991431680,908
1790686670.0249493,1947239,1307.601,predict,2991431680,908
1790686671.050273,1947239,1308.626,predict,2991431680,908
1790686672.072108,1947239,1309.648,predict,2991431680,908
1790686673.0956044,1947239,1310.672,predict,2991431680,908
1790686674.1168337,1947239,1311.693,predict,2991431680,908
1790686675.1383603,1947239,1312.715,predict,2991431680,908
1790686676.1606305,1947239,1313.737,predict,2991431680,908
1790686677.17934,1947239,1314.756,predict,2991431680,908
1790686678.2021852,1947239,1315.778,predict,2991431680,908
1790686679.2232547,1947239,1316.799,predict,2991431680,908
1790686680.2450483,1947239,1317.821,predict,2991431680,908
1790686681.2699027,1947239,1318.846,predict,2991431680,908
1790686682.2954962,1947239,1319.872,predict,2991431680,908
1790686683.3204532,1947239,1320.897,predict,2991431680,908
1790686684.3469882,1947239,1321.923,predict,2991431680,908
1790686685.3697608,1947239,1322.946,predict,2991431680,908
1790686686.3938732,1947239,1323.97,predict,2991431680,908
1790686687.4186318,1947239,1324.995,predict,2991431680,908
1790686688.4432483,1947239,1326.019,predict,2991431680,908
1790686689.4659677,1947239,1327.042,predict,2991431680,908
1790686690.489208,1947239,1328.065,predict,2991431680,908
1790686691.5089557,1947239,1329.085,predict,2991431680,908
1790686692.5298162,1947239,1330.106,predict,2991431680,908
1790686693.5519314,1947239,1331.128,predict,2991431680,908
1790686694.577006,1947239,1332.153,predict,2991431680,908
1790686695.599087,1947239,1333.175,predict,2991431680,908
1790686696.6241271,1947239,1334.2,predict,2991431680,908
1790686697.6452026,1947239,1335.221,predict,2991431680,908
1790686698.671495,1947239,1336.248,predict,2991431680,908
1790686699.6964974,1947239,1337.273,predict,2991431680,908
1790686700.7195282,1947239,1338.296,predict,2991431680,908
1790686701.73978,1947239,1339.316,predict,2991431680,908
1790686702.760942,1947239,1340.337,predict,2991431680,908
1790686703.7825513,1947239,1341.359,predict,2991431680,908
1790686704.802126,1947239,1342.378,predict,2991431680,908
1790686705.8242838,1947239,1343.4,predict,2991431680,908
1790686706.8474677,1947239,1344.424,predict,2991431680,908
1790686707.872542,1947239,1345.449,predict,2991431680,908
1790686708.895146,1947239,1346.471,predict,2991431680,908
1790686709.9182327,1947239,1347.494,predict,2991431680,908
1790686710.9416285,1947239,1348.518,predict,2991431680,908
1790686711.967264,1947239,1349.543,predict,2991431680,908
1790686712.9900565,1947239,1350.566,predict,2991431680,908
1790686714.0160553,1947239,1351.592,predict,2991431680,908
1790686715.0403304,1947239,1352.617,predict,2991431680,908
1790686716.0630255,1947239,1353.639,predict,2991431680,908
1790686717.095609,1947239,1354.672,predict,2991431680,908
1790686718.1158915,1947239,1355.692,predict,2991431680,908
1790686719.1383266,1947239,1356.715,predict,2991431680,908
1790686720.1611536,1947239,1357.737,predict,2991431680,908
1790686721.1874888,1947239,1358.764,predict,3173171200,908
1790686722.206871,1947239,1359.783,predict,2991431680,908
1790686723.2299013,1947239,1360.806,predict,2991431680,908
1790686724.25529,1947239,1361.831,predict,2991431680,908
1790686725.2771215,1947239,1362.853,predict,2991431680,908
1790686726.304861,1947239,1363.881,predict,2991431680,908
1790686727.3300674,1947239,1364.906,predict,2991431680,908
1790686728.3526447,1947239,1365.929,predict,2991431680,908
1790686729.3756635,1947239,1366.952,predict,2991431680,908
1790686730.3998675,1947239,1367.976,predict,2991431680,908
1790686731.4210248,1947239,1368.997,predict,2991431680,908
1790686732.4415748,1947239,1370.018,predict,2991431680,908
1790686733.4607024,1947239,1371.037,predict,2991431680,908
1790686734.4800143,1947239,1372.056,predict,2991431680,908
1790686735.4992578,1947239,1373.075,predict,2991431680,908
1790686736.5201235,1947239,1374.096,predict,2991431680,908
1790686737.5393517,1947239,1375.116,predict,2991431680,908
1790686738.5604496,1947239,1376.137,predict,2991431680,908
1790686739.5853631,1947239,1377.162,predict,2991431680,908
1790686740.6109002,1947239,1378.187,predict,2991431680,908
1790686741.6350896,1947239,1379.211,predict,2991431680,908
1790686742.6592095,1947239,1380.235,predict,2991431680,908
1790686743.6809213,1947239,1381.257,predict,2991431680,908
1790686744.7031217,1947239,1382.279,predict,2991431680,908
1790686745.7249928,1947239,1383.301,predict,2991431680,908
1790686746.7484467,1947239,1384.325,predict,2991431680,908
1790686747.7749696,1947239,1385.351,predict,2991431680,908
1790686748.801824,1947239,1386.378,predict,2991431680,908
1790686749.829814,1947239,1387.406,predict,2991431680,908
1790686750.8568826,1947239,1388.433,predict,2991431680,908
1790686751.8818386,1947239,1389.458,predict,2991431680,908
1790686752.9068427,1947239,1390.483,predict,2991431680,908
1790686753.9303298,1947239,1391.507,predict,2991431680,908
1790686754.950367,1947239,1392.527,predict,2991431680,908
1790686755.9724536,1947239,1393.549,predict,2991431680,908
1790686756.9965417,1947239,1394.573,predict,2991431680,908
1790686758.0192847,1947239,1395.595,predict,2991431680,908
1790686759.0453012,1947239,1396.622,predict,2991431680,908
1790686760.0722532,1947239,1397.648,predict,2991431680,908
1790686761.096158,1947239,1398.672,predict,2991431680,908
1790686762.121937,1947239,1399.698,predict,2991431680,908
1790686763.1450737,1947239,1400.721,predict,2991431680,908
1790686764.1645076,1947239,1401.741,predict,2991431680,908
1790686765.186825,1947239,1402.763,predict,2991431680,908
1790686766.2123706,1947239,1403.789,predict,2991431680,908
1790686767.232675,1947239,1404.809,predict,2991431680,908
1790686768.2539423,1947239,1405.83,predict,2991431680,908
1790686769.2750142,1947239,1406.851,predict,2991431680,908
1790686770.3080115,1947239,1407.884,predict,2991431680,908
1790686771.331723,1947239,1408.908,predict,2991431680,908
1790686772.355969,1947239,1409.932,predict,2991431680,908
1790686773.378789,1947239,1410.955,predict,2991431680,908
1790686774.4054713,1947239,1411.982,predict,2991431680,908
1790686775.4312623,1947239,1413.007,predict,2991431680,908
1790686776.453459,1947239,1414.03,predict,2991431680,908
1790686777.4798265,1947239,1415.056,predict,2991431680,908
1790686778.5046532,1947239,1416.081,predict,2991431680,908
1790686779.5269403,1947239,1417.103,predict,2991431680,908
1790686780.5488055,1947239,1418.125,predict,2991431680,908
1790686781.5706825,1947239,1419.147,predict,2991431680,908
1790686782.5933344,1947239,1420.17,predict,2991431680,908
1790686783.6213107,1947239,1421.198,predict,2991431680,908
1790686784.6437745,1947239,1422.22,predict,2991431680,908
1790686785.6664262,1947239,1423.243,predict,2991431680,908
1790686786.6879578,1947239,1424.264,predict,2991431680,908
1790686787.709949,1947239,1425.286,predict,2991431680,908
1790686788.732858,1947239,1426.309,predict,2991431680,908
1790686789.75415,1947239,1427.33,predict,2991431680,908
1790686790.7768464,1947239,1428.353,predict,2991431680,908
1790686791.8020184,1947239,1429.378,predict,3162664960,908
1790686792.8282697,1947239,1430.404,predict,2991431680,908
1790686793.8541157,1947239,1431.43,predict,2991431680,908
1790686794.8781328,1947239,1432.454,predict,2991431680,908
1790686795.9016361,1947239,1433.478,predict,2991431680,908
1790686796.9242709,1947239,1434.5,predict,2991431680,908
1790686797.9511814,1947239,1435.527,predict,2991431680,908
1790686798.9800153,1947239,1436.556,predict,2991431680,908
1790686800.008963,1947239,1437.585,predict,2991431680,908
1790686801.0378494,1947239,1438.614,predict,2991431680,908
1790686802.069869,1947239,1439.646,predict,2991431680,908
1790686803.096153,1947239,1440.672,predict,2991431680,908
1790686804.1214335,1947239,1441.698,predict,2991431680,908
1790686805.147098,1947239,1442.723,predict,2991431680,908
1790686806.1728559,1947239,1443.749,predict,2991431680,908
1790686807.1983786,1947239,1444.775,predict,2991431680,908
1790686808.2208638,1947239,1445.797,predict,2991431680,908
1790686809.2509844,1947239,1446.827,predict,2991431680,908
1790686810.2711518,1947239,1447.847,predict,2991431680,908
1790686811.2943108,1947239,1448.871,predict,2991431680,908
1790686812.319542,1947239,1449.896,predict,2991431680,908
1790686813.344522,1947239,1450.921,predict,2991431680,908
1790686814.3701665,1947239,1451.946,predict,2991431680,908
1790686815.3944223,1947239,1452.971,predict,2991431680,908
1790686816.4199662,1947239,1453.996,predict,2991431680,908
1790686817.4453146,1947239,1455.022,predict,2991431680,908
1790686818.4666154,1947239,1456.043,predict,2991431680,908
1790686819.487075,1947239,1457.063,predict,2991431680,908
1790686820.509536,1947239,1458.086,predict,2991431680,908
1790686821.5313337,1947239,1459.108,predict,2991431680,908
1790686822.5522623,1947239,1460.128,predict,2991431680,908
1790686823.5728405,1947239,1461.149,predict,2991431680,908
1790686824.5975225,1947239,1462.174,predict,2991431680,908
1790686825.6205716,1947239,1463.197,predict,2991431680,908
1790686826.646456,1947239,1464.223,predict,2991431680,908
1790686827.6760874,1947239,1465.252,predict,2991431680,908
1790686828.7059996,1947239,1466.282,predict,2991431680,908
1790686829.730959,1947239,1467.307,predict,2991431680,908
1790686830.7608547,1947239,1468.337,predict,2991431680,908
1790686831.788291,1947239,1469.364,predict,2991431680,908
1790686832.8141513,1947239,1470.39,predict,2991431680,908
1790686833.8437226,1947239,1471.42,predict,2991431680,908
1790686834.8733442,1947239,1472.45,predict,2991431680,908
1790686835.902651,1947239,1473.479,predict,2991431680,908
1790686836.9274652,1947239,1474.504,predict,2991431680,908
1790686837.9581165,1947239,1475.534,predict,2991431680,908
1790686838.9834163,1947239,1476.56,predict,2991431680,908
1790686840.0138009,1947239,1477.59,predict,2991431680,908
1790686841.0369523,1947239,1478.613,predict,2991431680,908
1790686842.0600154,1947239,1479.636,predict,2991431680,908
1790686843.0884492,1947239,1480.665,predict,2991431680,908
1790686844.1210282,1947239,1481.697,predict,2991431680,908
1790686845.1485152,1947239,1482.725,predict,2991431680,908
1790686846.173613,1947239,1483.75,predict,2991431680,908
1790686847.19715,1947239,1484.773,predict,2991431680,908
1790686848.2227275,1947239,1485.799,predict,2991431680,908
1790686849.2460117,1947239,1486.822,predict,2991431680,908
1790686850.2719705,1947239,1487.848,predict,2991431680,908
1790686851.2981277,1947239,1488.874,predict,2991431680,908
1790686852.3221693,1947239,1489.898,predict,2991431680,908
1790686853.3477604,1947239,1490.924,predict,2991431680,908
1790686854.3700607,1947239,1491.946,predict,2991431680,908
1790686855.3962197,1947239,1492.972,predict,2991431680,908
1790686856.4173486,1947239,1493.994,predict,2991431680,908
1790686857.4403472,1947239,1495.017,predict,2991431680,908
1790686858.4608378,1947239,1496.037,predict,2991431680,908
1790686859.4814186,1947239,1497.058,predict,2991431680,908
1790686860.5049894,1947239,1498.081,predict,2991431680,908
1790686861.5311453,1947239,1499.107,predict,3141693440,908
1790686862.553836,1947239,1500.13,predict,2991431680,908
1790686863.580365,1947239,1501.157,predict,2991431680,908
1790686864.6095045,1947239,1502.186,predict,2991431680,908
1790686865.6368663,1947239,1503.213,predict,2991431680,908
1790686866.657676,1947239,1504.234,predict,2991431680,908
1790686867.6822097,1947239,1505.258,predict,2991431680,908
1790686868.7041988,1947239,1506.28,predict,2991431680,908
1790686869.725287,1947239,1507.301,predict,2991431680,908
1790686870.7481558,1947239,1508.324,predict,2991431680,908
1790686871.7699594,1947239,1509.346,predict,2991431680,908
1790686872.7948184,1947239,1510.371,predict,2991431680,908
1790686873.820625,1947239,1511.397,predict,2991431680,908
1790686874.8420482,1947239,1512.418,predict,2991431680,908
1790686875.8637178,1947239,1513.44,predict,2991431680,908
1790686876.8868997,1947239,1514.463,predict,2991431680,908
1790686877.909506,1947239,1515.486,predict,2991431680,908
1790686878.9333112,1947239,1516.51,predict,2991431680,908
1790686879.9557865,1947239,1517.532,predict,2991431680,908
1790686880.982133,1947239,1518.558,predict,2991431680,908
1790686882.0086777,1947239,1519.585,predict,2991431680,908
1790686883.0328426,1947239,1520.609,predict,2991431680,908
1790686884.0578399,1947239,1521.634,predict,2991431680,908
1790686885.0869825,1947239,1522.663,predict,2991431680,908
1790686886.1131773,1947239,1523.689,predict,2991431680,908
1790686887.138577,1947239,1524.715,predict,2991431680,908
1790686888.1655812,1947239,1525.742,predict,2991431680,908
1790686889.187796,1947239,1526.764,predict,2991431680,908
1790686890.2189927,1947239,1527.795,predict,2991431680,908
1790686891.2478905,1947239,1528.824,predict,2991431680,908
1790686892.2727702,1947239,1529.849,predict,2991431680,908
1790686893.2970495,1947239,1530.873,predict,2991431680,908
1790686894.3214507,1947239,1531.898,predict,2991431680,908
1790686895.3474455,1947239,1532.924,predict,2991431680,908
1790686896.3760664,1947239,1533.952,predict,2991431680,908
1790686897.4045348,1947239,1534.981,predict,2991431680,908
1790686898.4340613,1947239,1536.01,predict,2991431680,908
1790686899.46289,1947239,1537.039,predict,2991431680,908
1790686900.4901445,1947239,1538.066,predict,2991431680,908
1790686901.5164003,1947239,1539.093,predict,2991431680,908
1790686902.541766,1947239,1540.118,predict,2991431680,908
1790686903.564773,1947239,1541.141,predict,2991431680,908
1790686904.5901566,1947239,1542.166,predict,2991431680,908
1790686905.6148949,1947239,1543.191,predict,2991431680,908
1790686906.642252,1947239,1544.218,predict,2991431680,908
1790686907.665293,1947239,1545.241,predict,2991431680,908
1790686908.687925,1947239,1546.264,predict,2991431680,908
1790686909.71144,1947239,1547.288,predict,2991431680,908
1790686910.7339454,1947239,1548.31,predict,2991431680,908
1790686911.7612402,1947239,1549.337,predict,2991431680,908
1790686912.7862017,1947239,1550.362,predict,2991431680,908
1790686913.8113368,1947239,1551.388,predict,2991431680,908
1790686914.8331096,1947239,1552.409,predict,2991431680,908
1790686915.8561404,1947239,1553.432,predict,2991431680,908
1790686916.8807452,1947239,1554.457,predict,2991431680,908
1790686917.9068844,1947239,1555.483,predict,2991431680,908
1790686918.9279177,1947239,1556.504,predict,2991431680,908
1790686919.9492302,1947239,1557.525,predict,2991431680,908
1790686920.9721258,1947239,1558.548,predict,2991431680,908
1790686921.9930704,1947239,1559.569,predict,2991431680,908
1790686923.0150013,1947239,1560.591,predict,2991431680,908
1790686924.0409467,1947239,1561.617,predict,2991431680,908
1790686925.0651612,1947239,1562.641,predict,2991431680,908
1790686926.089116,1947239,1563.665,predict,2991431680,908
1790686927.116342,1947239,1564.693,predict,2991431680,908
1790686928.1412554,1947239,1565.717,predict,2991431680,908
1790686929.1668258,1947239,1566.743,predict,2991431680,908
1790686930.1919122,1947239,1567.768,predict,2991431680,908
1790686931.213561,1947239,1568.79,predict,2991431680,908
1790686932.2379255,1947239,1569.814,predict,2991431680,908
1790686933.259127,1947239,1570.835,predict,2991431680,908
1790686934.2811203,1947239,1571.857,predict,2991431680,908
1790686935.303654,1947239,1572.88,predict,2991431680,908
1790686936.3265934,1947239,1573.903,predict,2991431680,908
1790686937.347844,1947239,1574.924,predict,2991431680,908
1790686938.3691564,1947239,1575.945,predict,2991431680,908
1790686939.3898013,1947239,1576.966,predict,2991431680,908
1790686940.4105859,1947239,1577.987,predict,2991431680,908
1790686941.431231,1947239,1579.007,predict,2991431680,908
1790686942.452474,1947239,1580.029,predict,2991431680,908
1790686943.4745545,1947239,1581.051,predict,2991431680,908
1790686944.499639,1947239,1582.076,predict,2991431680,908
1790686945.5253239,1947239,1583.102,predict,2991431680,908
1790686946.547032,1947239,1584.123,predict,2991431680,908
1790686947.5666661,1947239,1585.143,predict,2991431680,908
1790686948.589303,1947239,1586.166,predict,2991431680,908
1790686949.6107867,1947239,1587.187,predict,2991431680,908
1790686950.6338077,1947239,1588.21,predict,2991431680,908
1790686951.6574674,1947239,1589.234,predict,2991431680,908
1790686952.6788003,1947239,1590.255,predict,2991431680,908
1790686953.7040324,1947239,1591.28,predict,2991431680,908
1790686954.7318683,1947239,1592.308,predict,2991431680,908
1790686955.7560184,1947239,1593.332,predict,2991431680,908
1790686956.775981,1947239,1594.352,predict,2991431680,908
1790686957.7975104,1947239,1595.374,predict,2991431680,908
1790686958.8215702,1947239,1596.398,predict,2991431680,908
1790686959.8428667,1947239,1597.419,predict,2991431680,908
1790686960.86585,1947239,1598.442,predict,2991431680,908
1790686961.8888822,1947239,1599.465,predict,2991431680,908
1790686962.910791,1947239,1600.487,predict,2991431680,908
1790686963.9326305,1947239,1601.509,predict,2991431680,908
1790686964.9578931,1947239,1602.534,predict,2991431680,908
1790686965.9838464,1947239,1603.56,predict,2991431680,908
1790686967.0045173,1947239,1604.581,predict,2991431680,908
1790686968.0255425,1947239,1605.602,predict,2991431680,908
1790686969.0487454,1947239,1606.625,predict,2991431680,908
1790686970.0690386,1947239,1607.645,predict,2991431680,908
1790686971.0971165,1947239,1608.673,predict,2991431680,908
1790686972.1234777,1947239,1609.7,predict,2991431680,908
1790686973.1483264,1947239,1610.725,predict,2991431680,908
1790686974.1744006,1947239,1611.751,predict,2991431680,908
1790686975.1972,1947239,1612.773,predict,2991431680,908
1790686976.2250607,1947239,1613.801,predict,2991431680,908
1790686977.2470953,1947239,1614.823,predict,2991431680,908
1790686978.2693672,1947239,1615.846,predict,2991431680,908
1790686979.2910223,1947239,1616.867,predict,2991431680,908
1790686980.3145635,1947239,1617.891,predict,2991431680,908
1790686981.3360431,1947239,1618.912,predict,2991431680,908
1790686982.3590336,1947239,1619.935,predict,2991431680,908
1790686983.3867648,1947239,1620.963,predict,2991431680,908
1790686984.4088824,1947239,1621.985,predict,2991431680,908
1790686985.4339783,1947239,1623.01,predict,2991431680,908
1790686986.459139,1947239,1624.035,predict,2991431680,908
1790686987.4867156,1947239,1625.063,predict,2991431680,908
1790686988.5106657,1947239,1626.087,predict,2991431680,908
1790686989.5341554,1947239,1627.11,predict,2991431680,908
1790686990.5561504,1947239,1628.132,predict,2991431680,908
1790686991.5808816,1947239,1629.157,predict,2991431680,908
1790686992.6032977,1947239,1630.179,predict,2991431680,908
1790686993.626767,1947239,1631.203,predict,2991431680,908
1790686994.6471143,1947239,1632.223,predict,2991431680,908
1790686995.6692626,1947239,1633.245,predict,2991431680,908
1790686996.690988,1947239,1634.267,predict,2991431680,908
1790686997.7152777,1947239,1635.291,predict,2991431680,908
1790686998.739278,1947239,1636.315,predict,2991431680,908
1790686999.7608054,1947239,1637.337,predict,2991431680,908
1790687000.786199,1947239,1638.362,predict,2991431680,908
1790687001.80697,1947239,1639.383,predict,2991431680,908
1790687002.8274498,1947239,1640.404,predict,2991431680,908
1790687003.851169,1947239,1641.427,predict,2991431680,908
1790687004.8768163,1947239,1642.453,predict,2991431680,908
1790687005.901446,1947239,1643.478,predict,2991431680,908
1790687006.9233208,1947239,1644.5,predict,2991431680,908
1790687007.9488451,1947239,1645.525,predict,2991431680,908
1790687008.969529,1947239,1646.546,predict,2991431680,908
1790687009.9965062,1947239,1647.573,predict,2991431680,908
1790687011.0180507,1947239,1648.594,predict,2991431680,908
1790687012.042765,1947239,1649.619,predict,2991431680,908
1790687013.0648441,1947239,1650.641,predict,2991431680,908
1790687014.08862,1947239,1651.665,predict,2991431680,908
1790687015.1098957,1947239,1652.686,predict,2991431680,908
1790687016.1319306,1947239,1653.708,predict,2991431680,908
1790687017.155225,1947239,1654.731,predict,2991431680,908
1790687018.1757085,1947239,1655.752,predict,2991431680,908
1790687019.196436,1947239,1656.773,predict,2991431680,908
1790687020.2150462,1947239,1657.791,predict,2991431680,908
1790687021.2345855,1947239,1658.811,predict,2991431680,908
1790687022.2596145,1947239,1659.836,predict,2991431680,908
1790687023.2835739,1947239,1660.86,predict,2991431680,908
1790687024.3069391,1947239,1661.883,predict,2991431680,908
1790687025.3327994,1947239,1662.909,predict,2991431680,908
1790687026.3571055,1947239,1663.933,predict,2991431680,908
1790687027.3841002,1947239,1664.96,predict,2991431680,908
1790687028.4114046,1947239,1665.988,predict,2991431680,908
1790687029.4349318,1947239,1667.011,predict,2991431680,908
1790687030.460801,1947239,1668.037,predict,2991431680,908
1790687031.4841483,1947239,1669.06,predict,2991431680,908
1790687032.5105395,1947239,1670.087,predict,2991431680,908
1790687033.5361183,1947239,1671.112,predict,2991431680,908
1790687034.559261,1947239,1672.135,predict,2991431680,908
1790687035.588949,1947239,1673.165,predict,2991431680,908
1790687036.6126556,1947239,1674.189,predict,2991431680,908
1790687037.6415305,1947239,1675.218,predict,2991431680,908
1790687038.668947,1947239,1676.245,predict,2991431680,908
1790687039.6922913,1947239,1677.268,predict,2991431680,908
1790687040.719377,1947239,1678.296,predict,2991431680,908
1790687041.7440734,1947239,1679.32,predict,2991431680,908
1790687042.7662923,1947239,1680.342,predict,2991431680,908
1790687043.7920563,1947239,1681.368,predict,2991431680,908
1790687044.8171413,1947239,1682.393,predict,2991431680,908
1790687045.8399,1947239,1683.416,predict,2991431680,908
1790687046.862751,1947239,1684.439,predict,2991431680,908
1790687047.8865573,1947239,1685.463,predict,2991431680,908
1790687048.9130785,1947239,1686.489,predict,2991431680,908
1790687049.9397788,1947239,1687.516,predict,2991431680,908
1790687050.9660456,1947239,1688.542,predict,2991431680,908
1790687051.991793,1947239,1689.568,predict,2991431680,908
1790687053.012538,1947239,1690.589,predict,2991431680,908
1790687054.0365322,1947239,1691.613,predict,2991431680,908
1790687055.0629363,1947239,1692.639,predict,2991431680,908
1790687056.0865734,1947239,1693.663,predict,2991431680,908
1790687057.1082013,1947239,1694.684,predict,2991431680,908
1790687058.1313527,1947239,1695.708,predict,2991431680,908
1790687059.1555693,1947239,1696.732,predict,2991431680,908
1790687060.1811824,1947239,1697.757,predict,2991431680,908
1790687061.2055607,1947239,1698.782,predict,2991431680,908
1790687062.228238,1947239,1699.804,predict,2991431680,908
1790687063.2530923,1947239,1700.829,predict,2991431680,908
1790687064.2737691,1947239,1701.85,predict,2991431680,908
1790687065.2956648,1947239,1702.872,predict,2991431680,908
1790687066.3180137,1947239,1703.894,predict,2991431680,908
1790687067.3385308,1947239,1704.915,predict,2991431680,908
1790687068.3606844,1947239,1705.937,predict,2991431680,908
1790687069.3821678,1947239,1706.958,predict,2991431680,908
1790687070.4091866,1947239,1707.985,predict,2991431680,908
1790687071.4410212,1947239,1709.017,predict,2991431680,908
1790687072.4690235,1947239,1710.045,predict,2991431680,908
1790687073.4950576,1947239,1711.071,predict,2991431680,908
1790687074.5258462,1947239,1712.102,predict,2991431680,908
1790687075.550874,1947239,1713.127,predict,2991431680,908
1790687076.5810273,1947239,1714.157,predict,2991431680,908
1790687077.6065912,1947239,1715.183,predict,2991431680,908
1790687078.6357658,1947239,1716.212,predict,2991431680,908
1790687079.6653101,1947239,1717.242,predict,2991431680,908
1790687080.6936247,1947239,1718.27,predict,2991431680,908
1790687081.7201593,1947239,1719.296,predict,2991431680,908
1790687082.7482104,1947239,1720.324,predict,2991431680,908
1790687083.7800884,1947239,1721.356,predict,2991431680,908
1790687084.8056846,1947239,1722.382,predict,2991431680,908
1790687085.8305476,1947239,1723.407,predict,2991431680,908
1790687086.8569596,1947239,1724.433,predict,2991431680,908
1790687087.879251,1947239,1725.455,predict,2991431680,908
1790687088.9007509,1947239,1726.477,predict,2991431680,908
1790687089.9221556,1947239,1727.498,predict,2991431680,908
1790687090.9421048,1947239,1728.518,predict,2991431680,908
1790687091.9627876,1947239,1729.539,predict,2991431680,908
1790687092.9861212,1947239,1730.562,predict,2991431680,908
1790687094.01119,1947239,1731.587,predict,2991431680,908
1790687095.0388877,1947239,1732.615,predict,2991431680,908
1790687096.0663738,1947239,1733.643,predict,2991431680,908
1790687097.0976846,1947239,1734.674,predict,2991431680,908
1790687098.125897,1947239,1735.702,predict,2991431680,908
1790687099.1543221,1947239,1736.731,predict,2991431680,908
1790687100.1781125,1947239,1737.754,predict,2991431680,908
1790687101.205554,1947239,1738.782,predict,2991431680,908
1790687102.2345805,1947239,1739.811,predict,2991431680,908
1790687103.2578745,1947239,1740.834,predict,2991431680,908
1790687104.2817528,1947239,1741.858,predict,2991431680,908
1790687105.3093216,1947239,1742.886,predict,2991431680,908
1790687106.3360815,1947239,1743.912,predict,2991431680,908
1790687107.3608131,1947239,1744.937,predict,2991431680,908
1790687108.385001,1947239,1745.961,predict,2991431680,908
1790687109.4093037,1947239,1746.986,predict,2991431680,908
1790687110.4317386,1947239,1748.008,predict,2991431680,908
1790687111.4542928,1947239,1749.03,predict,2991431680,908
1790687112.4774776,1947239,1750.054,predict,2991431680,908
1790687113.498291,1947239,1751.074,predict,2991431680,908
1790687114.5189517,1947239,1752.095,predict,2991431680,908
1790687115.5420437,1947239,1753.118,predict,2991431680,908
1790687116.569073,1947239,1754.145,predict,2991431680,908
1790687117.5961561,1947239,1755.172,predict,2991431680,908
1790687118.6250334,1947239,1756.201,predict,2991431680,908
1790687119.652459,1947239,1757.229,predict,2991431680,908
1790687120.677689,1947239,1758.254,predict,2991431680,908
1790687121.7000625,1947239,1759.276,predict,2991431680,908
1790687122.7266412,1947239,1760.303,predict,2991431680,908
1790687123.753632,1947239,1761.33,predict,2991431680,908
1790687124.7791102,1947239,1762.355,predict,2991431680,908
1790687125.8035498,1947239,1763.38,predict,2991431680,908
1790687126.8286738,1947239,1764.405,predict,2991431680,908
1790687127.849941,1947239,1765.426,predict,2991431680,908
1790687128.8749948,1947239,1766.451,predict,2991431680,908
1790687129.898895,1947239,1767.475,predict,2991431680,908
1790687130.9211714,1947239,1768.497,predict,2991431680,908
1790687131.9463372,1947239,1769.523,predict,2991431680,908
1790687132.9676661,1947239,1770.544,predict,2991431680,908
1790687133.991345,1947239,1771.568,predict,2991431680,908
1790687135.016367,1947239,1772.593,predict,2991431680,908
1790687136.042051,1947239,1773.618,predict,2991431680,908
1790687137.0691054,1947239,1774.645,predict,2991431680,908
1790687138.092284,1947239,1775.668,predict,2991431680,908
1790687139.1169155,1947239,1776.693,predict,2991431680,908
1790687140.137263,1947239,1777.713,predict,2991431680,908
1790687141.1591578,1947239,1778.735,predict,2991431680,908
1790687142.180548,1947239,1779.757,predict,2991431680,908
1790687143.2036674,1947239,1780.78,predict,2991431680,908
1790687144.2301648,1947239,1781.806,predict,2991431680,908
1790687145.2563083,1947239,1782.833,predict,2991431680,908
1790687146.2824779,1947239,1783.859,predict,2991431680,908
1790687147.3050122,1947239,1784.881,predict,2991431680,908
1790687148.3265398,1947239,1785.903,predict,2991431680,908
1790687149.350343,1947239,1786.927,predict,2991431680,908
1790687150.3703084,1947239,1787.947,predict,2991431680,908
1790687151.3944526,1947239,1788.971,predict,2991431680,908
1790687152.4155247,1947239,1789.992,predict,2991431680,908
1790687153.439074,1947239,1791.015,predict,2991431680,908
1790687154.4627235,1947239,1792.039,predict,2991431680,908
1790687155.487292,1947239,1793.063,predict,2991431680,908
1790687156.5113719,1947239,1794.088,predict,2991431680,908
1790687157.5345745,1947239,1795.111,predict,2991431680,908
1790687158.5561402,1947239,1796.132,predict,2991431680,908
1790687159.5782976,1947239,1797.154,predict,2991431680,908
1790687160.6030269,1947239,1798.179,predict,2991431680,908
1790687161.6241398,1947239,1799.2,predict,2991431680,908
1790687162.646334,1947239,1800.223,predict,2991431680,908
1790687163.6679466,1947239,1801.244,predict,2991431680,908
1790687164.6951115,1947239,1802.271,predict,2991431680,908
1790687165.7175949,1947239,1803.294,predict,2991431680,908
1790687166.7435384,1947239,1804.32,predict,2991431680,908
1790687167.76572,1947239,1805.342,predict,2991431680,908
1790687168.7875004,1947239,1806.364,predict,2991431680,908
1790687169.8080661,1947239,1807.384,predict,2991431680,908
1790687170.830997,1947239,1808.407,predict,2991431680,908
1790687171.854787,1947239,1809.431,predict,2991431680,908
1790687172.874989,1947239,1810.451,predict,2991431680,908
1790687173.8976333,1947239,1811.474,predict,2991431680,908
1790687174.9182642,1947239,1812.494,predict,2991431680,908
1790687175.9381804,1947239,1813.514,predict,2991431680,908
1790687176.9597604,1947239,1814.536,predict,2991431680,908
1790687177.9830215,1947239,1815.559,predict,2991431680,908
1790687179.0050464,1947239,1816.581,predict,2991431680,908
1790687180.0316787,1947239,1817.608,predict,2991431680,908
1790687181.0551984,1947239,1818.631,predict,2991431680,908
1790687182.0767128,1947239,1819.653,predict,2991431680,908
1790687183.1011999,1947239,1820.677,predict,2991431680,908
1790687184.1229036,1947239,1821.699,predict,2991431680,908
1790687185.1450036,1947239,1822.721,predict,2991431680,908
1790687186.1674438,1947239,1823.744,predict,2991431680,908
1790687187.1928625,1947239,1824.769,predict,2991431680,908
1790687188.2165935,1947239,1825.793,predict,2991431680,908
1790687189.2399938,1947239,1826.816,predict,2991431680,908
1790687190.2623174,1947239,1827.839,predict,2991431680,908
1790687191.2855337,1947239,1828.862,predict,2991431680,908
1790687192.310008,1947239,1829.886,predict,2991431680,908
1790687193.3316321,1947239,1830.908,predict,2991431680,908
1790687194.3525803,1947239,1831.929,predict,2991431680,908
1790687195.3750298,1947239,1832.951,predict,2991431680,908
1790687196.3991616,1947239,1833.975,predict,2991431680,908
1790687197.4224215,1947239,1834.999,predict,2991431680,908
1790687198.448458,1947239,1836.025,predict,2991431680,908
1790687199.4707413,1947239,1837.047,predict,2991431680,908
1790687200.4938717,1947239,1838.07,predict,2991431680,908
1790687201.5189297,1947239,1839.095,predict,2991431680,908
1790687202.5440512,1947239,1840.12,predict,2991431680,908
1790687203.567983,1947239,1841.144,predict,2991431680,908
1790687204.5928757,1947239,1842.169,predict,2991431680,908
1790687205.6156902,1947239,1843.192,predict,2991431680,908
1790687206.6349142,1947239,1844.211,predict,2991431680,908
1790687207.6533945,1947239,1845.23,predict,2991431680,908
1790687208.6739507,1947239,1846.25,predict,2991431680,908
1790687209.703113,1947239,1847.279,predict,2991431680,908
1790687210.730718,1947239,1848.307,predict,2991431680,908
1790687211.755115,1947239,1849.331,predict,2991431680,908
1790687212.7810695,1947239,1850.357,predict,2991431680,908
1790687213.8088255,1947239,1851.385,predict,2991431680,908
1790687214.8364277,1947239,1852.413,predict,2991431680,908
1790687215.86374,1947239,1853.44,predict,2991431680,908
1790687216.892479,1947239,1854.469,predict,2991431680,908
1790687217.9234967,1947239,1855.5,predict,2991431680,908
1790687218.9484754,1947239,1856.525,predict,2991431680,908
1790687219.9710226,1947239,1857.547,predict,2991431680,908
1790687220.9928975,1947239,1858.569,predict,2991431680,908
1790687222.0162323,1947239,1859.592,predict,2991431680,908
1790687223.0435324,1947239,1860.62,predict,2991431680,908
1790687224.069203,1947239,1861.645,predict,2991431680,908
1790687225.0941005,1947239,1862.67,predict,2991431680,908
1790687226.1205251,1947239,1863.697,predict,2991431680,908
1790687227.1439059,1947239,1864.72,predict,2991431680,908
1790687228.1678762,1947239,1865.744,predict,2991431680,908
1790687229.193914,1947239,1866.77,predict,2991431680,908
1790687230.2169077,1947239,1867.793,predict,2991431680,908
1790687231.2428768,1947239,1868.819,predict,2991431680,908
1790687232.2662172,1947239,1869.842,predict,2991431680,908
1790687233.287562,1947239,1870.864,predict,2991431680,908
1790687234.3121662,1947239,1871.888,predict,2991431680,908
1790687235.3363228,1947239,1872.913,predict,2991431680,908
1790687236.3625743,1947239,1873.939,predict,2991431680,908
1790687237.385219,1947239,1874.961,predict,2991431680,908
1790687238.4069662,1947239,1875.983,predict,2991431680,908
1790687239.4325578,1947239,1877.009,predict,2991431680,908
1790687240.45523,1947239,1878.031,predict,2991431680,908
1790687241.4809866,1947239,1879.057,predict,2991431680,908
1790687242.5090399,1947239,1880.085,predict,2991431680,908
